Post_ID,n_words_clean,n_sentences,fk_grade,flesch_ease,gunning_fog,pron_i,pron_we,pron_you,pron_they,direct_address,n_imperatives,imperative_rate,n_questions,n_numbers,num_per100w,has_percent,has_year,has_currency,long_word_ratio,ttr,nrc_anger,nrc_fear,nrc_joy,nrc_trust,nrc_anticipation,nrc_sadness,nrc_disgust,nrc_surprise,nrc_positive,nrc_negative,mfd_care,mfd_fairness,mfd_loyalty,mfd_authority,mfd_sanctity,mfd_total,n_emoji,n_emoji_unique,emoji_per100c,emoji_nature_animal,emoji_face_emotion,emoji_heart,emoji_hand_gesture,emoji_symbol_other,n_hashtags,n_hashtags_unique,n_mentions,hashtag_trailing_ratio,lang,lang_prob
DWbxil5DMTW,27,7,4.53,78.63,5.08,0.0,0.0,0.0,0.0,0.0,3,0.429,0,0,0.0,0,0,0,0.148,0.852,0.0,0.0,0.0,0.0,0.0,0.0,0.0,0.0,1.0,0.0,3.7,0.0,0.0,0.0,0.0,3.7,0,0,0.0,0,0,0,0,0,3,3,0,0.748,en,1.0
DXbu79iDCnX,60,4,7.57,67.53,10.0,0.0,11.67,0.0,0.0,0.0,0,0.0,0,0,0.0,0,0,0,0.25,0.75,0.0,0.0,0.2308,0.2308,0.0769,0.0,0.0,0.0,0.4615,0.0,5.0,1.67,0.0,0.0,3.33,10.0,1,1,0.28,1,0,0,0,0,0,0,0,,en,1.0
DWjdIZtjHgI,100,4,18.59,6.34,19.2,0.0,0.0,0.0,1.0,0.0,0,0.0,0,3,3.0,0,0,0,0.44,0.8,0.0,0.0,0.0556,0.2778,0.1667,0.0,0.0,0.0,0.5,0.0,2.0,0.0,4.0,3.0,4.0,13.0,3,1,0.33,0,0,0,0,3,4,4,5,0.946,en,1.0
DWbAAoijFTa,59,9,5.99,67.62,6.76,0.0,0.0,1.69,0.0,1.69,3,0.333,0,2,3.39,0,0,0,0.119,0.78,0.1538,0.1538,0.0769,0.0769,0.1538,0.0,0.0769,0.0,0.2308,0.0769,1.69,1.69,0.0,0.0,3.39,6.77,2,2,0.56,2,0,0,0,0,0,0,0,,en,1.0
DWW4P-5CLtE,33,2,24.1,-18.93,31.38,0.0,0.0,0.0,0.0,0.0,0,0.0,0,0,0.0,0,0,0,0.455,0.788,0.0,0.0,0.0,0.25,0.25,0.0,0.0,0.0,0.5,0.0,0.0,0.0,12.12,0.0,0.0,12.12,0,0,0.0,0,0,0,0,0,5,5,5,0.576,en,1.0
DWUhj7VjtYE,60,5,14.89,14.17,20.97,0.0,0.0,0.0,0.0,0.0,0,0.0,0,0,0.0,0,0,0,0.517,0.717,0.0,0.0,0.0,0.1429,0.1429,0.0,0.0,0.0,0.5714,0.1429,0.0,0.0,3.33,5.0,1.67,10.0,0,0,0.0,0,0,0,0,0,5,5,5,0.716,en,1.0
DRUGF9ajCli,229,7,24.26,-12.08,27.98,0.0,0.87,0.0,0.44,0.0,1,0.143,0,5,2.18,0,1,0,0.485,0.642,0.0879,0.0989,0.1429,0.1099,0.1209,0.0,0.011,0.0769,0.3187,0.033,0.0,0.0,1.31,3.93,0.0,5.24,0,0,0.0,0,0,0,0,0,0,0,0,,en,1.0
DXceVTokb5e,76,6,7.57,67.53,8.13,0.0,9.21,2.63,0.0,2.63,0,0.0,1,1,1.32,0,0,0,0.132,0.645,0.0,0.0,0.0,0.0,0.0,0.0,0.0,0.0,1.0,0.0,2.63,0.0,0.0,0.0,0.0,2.63,8,7,1.31,4,0,0,0,4,9,9,2,0.761,en,1.0
DUxWaDAiHXN,84,4,15.22,21.57,17.0,0.0,1.19,0.0,1.19,0.0,1,0.25,0,0,0.0,0,0,0,0.333,0.762,0.037,0.1111,0.0741,0.2593,0.1481,0.0,0.037,0.0,0.3333,0.0,4.76,1.19,1.19,0.0,0.0,7.14,1,1,0.15,1,0,0,0,0,5,5,0,0.876,en,1.0
DXbU3-0DCwx,47,2,11.76,49.91,13.35,0.0,8.51,0.0,0.0,0.0,0,0.0,0,0,0.0,0,0,0,0.234,0.851,0.0,0.1429,0.0,0.0,0.1429,0.0,0.0,0.0,0.7143,0.0,2.13,0.0,0.0,0.0,0.0,2.13,1,1,0.3,1,0,0,0,0,4,4,0,0.849,en,1.0
DXuf7d6EZeD,59,3,13.28,34.88,16.68,0.0,5.08,0.0,0.0,0.0,0,0.0,0,0,0.0,0,0,0,0.339,0.814,0.0,0.0,0.1111,0.3333,0.1667,0.0,0.0,0.0,0.3889,0.0,1.69,0.0,3.39,5.08,1.69,11.85,3,3,0.56,2,0,0,1,0,7,7,0,0.741,en,1.0
DVAe29YCKEl,93,5,13.49,30.02,14.76,0.0,5.38,0.0,1.08,0.0,1,0.2,0,1,1.08,0,0,0,0.409,0.731,0.075,0.075,0.025,0.15,0.075,0.05,0.025,0.025,0.425,0.075,8.6,0.0,2.15,3.23,3.23,17.21,1,1,0.14,1,0,0,0,0,5,5,0,0.888,en,1.0
DXhn93Tjbxw,21,8,1.2,96.58,2.27,4.76,4.76,4.76,0.0,4.76,0,0.0,0,0,0.0,0,0,0,0.095,0.905,0.0,0.0,0.0,0.0,0.0,0.0,0.0,0.0,0.0,0.0,0.0,0.0,0.0,0.0,0.0,0.0,3,3,1.24,1,0,0,1,1,7,7,1,0.523,en,1.0
DXgfcC4CBh-,82,3,18.1,13.36,22.65,0.0,0.0,0.0,0.0,0.0,0,0.0,0,0,0.0,0,0,0,0.451,0.744,0.0,0.0,0.0,0.25,0.0,0.0,0.0,0.0,0.75,0.0,1.22,1.22,2.44,4.88,0.0,9.76,0,0,0.0,0,0,0,0,0,0,0,0,,en,1.0
DUx-o2qCL2l,84,4,14.52,26.16,17.52,0.0,4.76,0.0,0.0,0.0,1,0.25,0,0,0.0,0,0,0,0.333,0.75,0.0256,0.1026,0.1026,0.2051,0.0769,0.0,0.0256,0.0769,0.359,0.0256,5.95,0.0,1.19,1.19,4.76,13.09,2,2,0.31,1,0,0,0,1,5,5,0,0.877,en,1.0
DXmxhmVDVZm,58,5,8.78,57.92,11.32,0.0,5.17,0.0,0.0,0.0,0,0.0,1,0,0.0,0,0,0,0.259,0.845,0.0,0.0,0.0769,0.1538,0.1538,0.0,0.0,0.0769,0.4615,0.0769,0.0,0.0,0.0,0.0,0.0,0.0,3,3,0.79,1,0,0,0,2,0,0,1,,en,1.0
DVGf_p2iJ72,84,5,18.24,1.28,20.83,0.0,2.38,0.0,0.0,0.0,0,0.0,0,0,0.0,0,0,0,0.5,0.81,0.0,0.027,0.0811,0.2703,0.0811,0.0,0.0,0.027,0.5135,0.0,2.38,1.19,5.95,7.14,3.57,20.23,3,3,0.41,2,0,0,0,1,5,5,0,0.872,en,1.0
DXqj3iSiA-v,106,4,19.17,3.92,21.94,0.0,0.0,0.0,0.94,0.0,0,0.0,0,0,0.0,0,0,0,0.443,0.689,0.0,0.0,0.0,0.2222,0.3333,0.0,0.0,0.0,0.4444,0.0,0.94,0.0,0.0,3.77,2.83,7.54,0,0,0.0,0,0,0,0,0,0,0,0,,en,1.0
DXivehMRBFx,15,2,2.28,92.06,3.0,0.0,0.0,0.0,0.0,0.0,0,0.0,0,0,0.0,0,0,0,0.067,1.0,0.0,0.0,0.0,0.5,0.0,0.0,0.0,0.0,0.0,0.5,0.0,0.0,0.0,0.0,6.67,6.67,0,0,0.0,0,0,0,0,0,0,0,0,,en,1.0
DVvS2FYjO4c,76,5,12.57,36.99,16.09,0.0,0.0,0.0,0.0,0.0,1,0.2,0,0,0.0,0,0,0,0.342,0.789,0.129,0.0968,0.0968,0.129,0.0968,0.0323,0.0645,0.0,0.2581,0.0968,2.63,0.0,6.58,0.0,0.0,9.21,0,0,0.0,0,0,0,0,0,0,0,1,,en,1.0
DXhEfFxiKkR,113,5,16.22,18.68,21.46,0.0,0.0,0.0,0.0,0.0,0,0.0,0,0,0.0,0,0,0,0.425,0.646,0.0,0.0,0.0435,0.3913,0.0435,0.0,0.0,0.0,0.5217,0.0,0.0,0.0,0.0,9.73,3.54,13.27,0,0,0.0,0,0,0,0,0,0,0,0,,en,1.0
DU2f6MXjhAG,62,5,8.73,59.6,10.03,0.0,0.0,0.0,0.0,0.0,1,0.2,0,0,0.0,0,0,0,0.29,0.871,0.0385,0.0,0.0385,0.2308,0.1538,0.0769,0.0,0.0,0.3462,0.1154,1.61,0.0,0.0,1.61,0.0,3.22,0,0,0.0,0,0,0,0,0,3,3,1,0.921,en,1.0
DUh5k2lAUk4,60,3,10.45,53.97,9.71,0.0,0.0,0.0,1.67,0.0,1,0.333,0,0,0.0,0,0,0,0.25,0.9,0.0667,0.0667,0.0667,0.1333,0.2,0.0667,0.1333,0.0,0.2667,0.0,5.0,0.0,0.0,0.0,1.67,6.67,0,0,0.0,0,0,0,0,0,3,3,0,0.916,en,1.0
DVIyH5WjD2M,88,6,10.03,48.66,10.85,0.0,7.95,2.27,0.0,2.27,1,0.167,1,0,0.0,0,0,0,0.341,0.682,0.0,0.0556,0.0556,0.2222,0.2778,0.0,0.0,0.0,0.3889,0.0,2.27,0.0,3.41,0.0,4.55,10.23,2,2,0.32,0,0,0,0,2,4,4,0,0.874,en,1.0
DXtx6MkCJiI,34,2,16.18,10.2,21.86,0.0,0.0,0.0,2.94,0.0,0,0.0,0,1,2.94,0,0,0,0.5,0.765,0.0,0.0,0.1429,0.1429,0.1429,0.0,0.0,0.1429,0.4286,0.0,0.0,0.0,0.0,5.88,0.0,5.88,0,0,0.0,0,0,0,0,0,0,0,0,,en,1.0
DVYvpYOjOdh,93,5,12.36,39.19,16.06,0.0,7.53,2.15,0.0,2.15,1,0.2,0,2,2.15,0,1,0,0.333,0.753,0.027,0.027,0.1081,0.2162,0.2162,0.0,0.027,0.0541,0.3243,0.0,0.0,0.0,2.15,0.0,2.15,4.3,0,0,0.0,0,0,0,0,0,0,0,0,,en,1.0
DV8qrmUDGoW,76,3,17.73,13.03,21.19,0.0,3.95,0.0,0.0,0.0,0,0.0,0,1,1.32,0,0,0,0.461,0.697,0.0,0.0,0.0588,0.2941,0.1765,0.0,0.0,0.0,0.4706,0.0,2.63,0.0,3.95,0.0,0.0,6.58,0,0,0.0,0,0,0,0,0,3,3,0,0.958,en,1.0
DVa3opXjgA4,42,6,7.18,58.2,10.11,0.0,4.76,0.0,4.76,0.0,0,0.0,0,0,0.0,0,0,0,0.333,0.905,0.0833,0.0833,0.0417,0.1667,0.0833,0.125,0.0833,0.0417,0.1667,0.125,2.38,0.0,4.76,0.0,2.38,9.52,0,0,0.0,0,0,0,0,0,2,2,1,0.886,en,1.0
DVF8oQhjpcp,77,4,14.12,37.75,15.81,0.0,0.0,0.0,1.3,0.0,0,0.0,0,0,0.0,0,0,0,0.182,0.831,0.1538,0.1154,0.0,0.1923,0.0385,0.1154,0.1154,0.0,0.0769,0.1923,0.0,0.0,0.0,0.0,1.3,1.3,0,0,0.0,0,0,0,0,0,3,3,1,0.933,en,1.0
DUP4CreEVt1,58,3,10.26,55.94,13.25,0.0,3.45,0.0,0.0,0.0,1,0.333,0,0,0.0,0,0,0,0.224,0.862,0.0,0.0,0.0833,0.4167,0.1667,0.0,0.0,0.0,0.3333,0.0,0.0,0.0,1.72,0.0,3.45,5.17,0,0,0.0,0,0,0,0,0,2,2,0,0.904,en,1.0
DWny2u3DoHP,85,8,11.29,44.77,14.32,0.0,0.0,0.0,0.0,0.0,1,0.125,0,2,2.35,0,1,0,0.306,0.729,0.0,0.0,0.0,0.5,0.0556,0.0,0.0,0.0,0.4444,0.0,1.18,0.0,2.35,0.0,0.0,3.53,0,0,0.0,0,0,0,0,0,2,2,1,0.936,en,1.0
DWBK6wwjrgc,44,3,12.23,32.92,15.97,0.0,0.0,0.0,0.0,0.0,0,0.0,0,0,0.0,0,0,0,0.409,0.886,0.0,0.0,0.0556,0.2778,0.0556,0.0,0.0,0.1111,0.5,0.0,6.82,0.0,0.0,2.27,0.0,9.09,0,0,0.0,0,0,0,0,0,3,3,1,0.874,en,1.0
DVskknKErzC,44,3,14.43,31.72,16.11,0.0,0.0,0.0,0.0,0.0,0,0.0,0,1,2.27,0,0,0,0.273,0.932,0.0,0.0,0.0,0.3125,0.0625,0.0625,0.0,0.0,0.5,0.0625,2.27,0.0,0.0,0.0,0.0,2.27,0,0,0.0,0,0,0,0,0,3,3,1,0.894,en,1.0
DXJwT-bjkEW,87,5,10.71,46.78,13.4,1.15,2.3,0.0,0.0,0.0,1,0.2,0,0,0.0,0,0,0,0.276,0.77,0.0,0.0,0.125,0.25,0.125,0.0,0.0,0.125,0.375,0.0,1.15,0.0,1.15,0.0,0.0,2.3,0,0,0.0,0,0,0,0,0,0,0,0,,en,1.0
DWQnsyXjpjb,98,8,7.84,63.04,10.06,0.0,0.0,0.0,1.02,0.0,0,0.0,0,0,0.0,0,0,0,0.255,0.796,0.04,0.0,0.08,0.2,0.04,0.12,0.0,0.04,0.32,0.16,0.0,0.0,0.0,0.0,0.0,0.0,0,0,0.0,0,0,0,0,0,2,2,1,0.953,en,1.0
DWws0QXjeph,48,6,8.13,57.23,8.08,0.0,8.33,0.0,0.0,0.0,1,0.167,0,1,2.08,0,1,0,0.25,0.833,0.1429,0.1429,0.0,0.0,0.0,0.1429,0.0,0.0,0.2857,0.2857,0.0,0.0,2.08,0.0,2.08,4.16,7,7,1.17,1,0,1,1,4,12,12,5,0.68,en,1.0
DVX-MaIDs-A,18,3,4.96,75.5,5.82,0.0,0.0,0.0,0.0,0.0,0,0.0,0,0,0.0,0,0,0,0.111,0.889,0.0,0.0,0.0,0.1429,0.0,0.1429,0.0,0.1429,0.2857,0.2857,0.0,0.0,0.0,0.0,5.56,5.56,0,0,0.0,0,0,0,0,0,3,3,1,0.793,en,1.0
DU8LQZCDHZD,45,2,14.98,26.84,16.07,0.0,4.44,0.0,0.0,0.0,0,0.0,0,0,0.0,0,0,0,0.422,0.867,0.0714,0.0714,0.0714,0.1429,0.1429,0.0,0.0714,0.0,0.4286,0.0,2.22,0.0,8.89,0.0,2.22,13.33,3,3,0.79,0,0,0,0,3,4,4,0,0.0,en,1.0
DWgEfuPDuiu,49,3,11.79,39.02,13.07,0.0,0.0,0.0,0.0,0.0,0,0.0,0,0,0.0,0,0,0,0.347,0.878,0.0,0.0,0.0,0.6667,0.0,0.0,0.0,0.0,0.3333,0.0,0.0,0.0,0.0,0.0,0.0,0.0,0,0,0.0,0,0,0,0,0,3,3,1,0.87,en,1.0
DW4bUExGWiB,76,6,7.18,66.74,9.3,0.0,6.58,1.32,1.32,1.32,0,0.0,1,4,5.26,0,0,0,0.237,0.737,0.0667,0.1333,0.0,0.2,0.0,0.0,0.0,0.0667,0.4,0.1333,2.63,0.0,1.32,0.0,1.32,5.27,7,6,1.09,3,0,0,0,4,10,10,0,0.741,en,1.0
DXMoBOzDnXM,123,5,16.58,18.92,19.93,0.0,0.81,0.81,0.0,0.81,0,0.0,0,1,0.81,0,0,0,0.35,0.756,0.0526,0.0526,0.0789,0.1053,0.1579,0.0789,0.0526,0.0263,0.2895,0.1053,0.0,0.0,0.81,0.0,0.0,0.81,0,0,0.0,0,0,0,0,0,0,0,1,,en,1.0
DXWs260ldFZ,78,5,14.64,23.92,18.65,0.0,1.28,0.0,0.0,0.0,0,0.0,0,2,2.56,0,1,0,0.372,0.769,0.0,0.0,0.0,0.3077,0.1538,0.0,0.0,0.0,0.5385,0.0,0.0,0.0,2.56,0.0,0.0,2.56,0,0,0.0,0,0,0,0,0,0,0,0,,en,1.0
DWrjZFUDvNu,23,8,4.89,71.28,4.64,4.35,0.0,4.35,0.0,4.35,0,0.0,0,0,0.0,0,0,0,0.261,0.87,0.0,0.0,0.0,0.0,0.25,0.25,0.0,0.0,0.5,0.0,0.0,0.0,0.0,0.0,0.0,0.0,6,3,1.73,4,0,0,1,1,12,12,1,0.451,en,1.0
DWmZr1-Ewni,37,4,10.0,43.55,15.12,0.0,2.7,0.0,5.41,0.0,0,0.0,0,0,0.0,0,0,0,0.324,0.946,0.0,0.0,0.2222,0.2222,0.2222,0.1111,0.0,0.0,0.2222,0.0,0.0,0.0,0.0,0.0,0.0,0.0,6,6,1.47,1,0,0,0,5,7,7,2,0.714,en,1.0
DTfkmjZiIqB,126,4,22.06,-6.08,25.61,0.0,2.38,1.59,0.0,1.59,0,0.0,0,7,5.56,0,1,0,0.476,0.754,0.0,0.0,0.04,0.4,0.08,0.0,0.0,0.04,0.44,0.0,0.0,0.79,2.38,6.35,0.79,10.31,8,8,0.73,2,0,0,0,6,5,5,1,0.941,en,1.0
DTxc-x1iMoN,142,10,9.63,50.6,12.19,0.0,4.23,0.7,0.7,0.7,1,0.1,1,0,0.0,0,0,0,0.246,0.662,0.0,0.0,0.1053,0.2632,0.2632,0.0,0.0,0.0,0.3684,0.0,0.0,0.7,4.23,0.7,0.0,5.63,7,5,0.68,4,0,0,0,3,11,11,0,0.829,en,1.0
DW4hFLgDm7x,117,5,15.94,22.11,18.59,0.0,0.85,0.0,0.0,0.0,0,0.0,0,0,0.0,0,0,0,0.436,0.709,0.0417,0.1667,0.0417,0.2917,0.125,0.0,0.0,0.0,0.2917,0.0417,1.71,0.0,0.85,6.84,2.56,11.96,0,0,0.0,0,0,0,0,0,0,0,0,,en,1.0
DRe7J7VjG1W,107,3,22.11,-1.11,26.95,0.0,0.93,0.0,0.93,0.0,0,0.0,0,2,1.87,0,0,0,0.486,0.832,0.0488,0.0732,0.0732,0.2927,0.0488,0.0488,0.0244,0.0244,0.2927,0.0732,0.0,0.0,1.87,5.61,0.0,7.48,10,7,1.07,1,0,0,1,8,5,5,0,0.903,en,1.0
DRb4AbSDIld,114,4,19.67,3.93,24.06,0.0,0.0,0.0,0.0,0.0,0,0.0,0,1,0.88,0,0,0,0.491,0.746,0.0286,0.0857,0.1143,0.2,0.2286,0.0,0.0286,0.0,0.3143,0.0,0.0,0.0,0.88,6.14,0.0,7.02,4,4,0.42,2,0,0,0,2,5,5,0,0.917,en,1.0
DXHaZrliNMl,137,7,15.15,21.03,20.12,0.0,0.0,0.0,0.73,0.0,0,0.0,0,4,2.92,1,1,0,0.416,0.584,0.0,0.0,0.0,0.3333,0.0,0.0,0.0,0.0,0.6667,0.0,2.19,0.73,1.46,1.46,0.0,5.84,0,0,0.0,0,0,0,0,0,0,0,0,,en,1.0
DXCNPQDCMkN,108,7,13.17,32.68,17.57,0.0,0.0,0.0,0.0,0.0,0,0.0,0,8,7.41,0,1,1,0.454,0.648,0.125,0.0833,0.0,0.1667,0.2083,0.0417,0.0,0.0,0.25,0.125,0.0,0.0,2.78,1.85,1.85,6.48,0,0,0.0,0,0,0,0,0,0,0,0,,en,1.0
DXMfT__iL4g,65,4,19.65,-7.81,24.78,0.0,0.0,0.0,0.0,0.0,0,0.0,0,0,0.0,0,0,0,0.477,0.677,0.0,0.1,0.1,0.2,0.1,0.0,0.0,0.1,0.4,0.0,0.0,0.0,1.54,6.15,0.0,7.69,0,0,0.0,0,0,0,0,0,0,0,0,,en,1.0
DXHih5GiFjt,2,1,,,,0.0,0.0,0.0,0.0,0.0,0,0.0,0,0,0.0,0,0,0,0.0,1.0,0.0,0.0,0.0,0.0,0.0,0.0,0.0,0.0,0.0,0.0,0.0,0.0,0.0,0.0,0.0,0.0,0,0,0.0,0,0,0,0,0,0,0,0,,und,
DXCM5WvCK1G,119,4,20.63,-0.73,26.4,0.0,0.0,0.0,0.0,0.0,0,0.0,0,0,0.0,0,0,0,0.437,0.647,0.0312,0.0312,0.0625,0.25,0.1875,0.0,0.0625,0.0625,0.2812,0.0312,1.68,0.0,0.0,3.36,4.2,9.24,0,0,0.0,0,0,0,0,0,0,0,0,,en,1.0
DSJ-pEaCZpG,42,3,12.03,32.56,13.33,0.0,2.38,0.0,0.0,0.0,0,0.0,0,0,0.0,0,0,0,0.333,0.929,0.0,0.0,0.1,0.15,0.2,0.05,0.0,0.05,0.4,0.05,0.0,0.0,7.14,0.0,2.38,9.52,0,0,0.0,0,0,0,0,0,3,3,0,0.842,en,1.0
DXOusaviOJN,80,4,18.73,7.69,21.67,0.0,0.0,0.0,0.0,0.0,0,0.0,0,0,0.0,0,0,0,0.562,0.825,0.1579,0.1053,0.0,0.1053,0.0526,0.0526,0.0,0.0,0.3684,0.1579,0.0,0.0,1.25,0.0,1.25,2.5,0,0,0.0,0,0,0,0,0,0,0,0,,en,1.0
DSRtCbRj9Wv,60,4,10.26,46.92,11.31,0.0,0.0,0.0,5.0,0.0,1,0.25,0,1,1.67,0,0,0,0.3,0.85,0.0,0.0667,0.0,0.0667,0.0667,0.2,0.0,0.0,0.3333,0.2667,3.33,0.0,1.67,0.0,1.67,6.67,0,0,0.0,0,0,0,0,0,2,2,0,0.922,en,1.0
DSJ-qKtlVzK,23,5,9.86,43.09,11.82,0.0,0.0,4.35,0.0,4.35,1,0.2,0,0,0.0,0,0,0,0.348,0.957,0.0,0.0,0.0,0.3333,0.2222,0.1111,0.0,0.0,0.2222,0.1111,8.7,0.0,0.0,0.0,0.0,8.7,0,0,0.0,0,0,0,0,0,0,0,0,,en,1.0
DXcTP6pCFgr,99,4,15.87,25.33,20.41,0.0,1.01,0.0,0.0,0.0,0,0.0,0,0,0.0,0,0,0,0.394,0.768,0.0769,0.0513,0.1026,0.1026,0.1282,0.0256,0.1026,0.0769,0.2564,0.0769,0.0,0.0,0.0,2.02,1.01,3.03,0,0,0.0,0,0,0,0,0,0,0,0,,en,1.0
DSetnWpEdUz,78,5,14.51,17.02,18.99,0.0,3.85,0.0,0.0,0.0,0,0.0,0,0,0.0,0,0,0,0.423,0.821,0.0,0.0,0.0,0.3333,0.2,0.0,0.0,0.0,0.4667,0.0,2.56,0.0,1.28,0.0,2.56,6.4,0,0,0.0,0,0,0,0,0,0,0,0,,en,1.0
DXLzm_7CPil,139,5,20.68,-4.38,24.68,0.0,0.0,0.0,0.0,0.0,0,0.0,0,2,1.44,0,1,1,0.46,0.633,0.037,0.0741,0.037,0.1852,0.1481,0.037,0.0,0.0,0.4074,0.0741,0.72,0.0,4.32,1.44,0.0,6.48,0,0,0.0,0,0,0,0,0,0,0,0,,en,1.0
DXb9mmtiBmy,127,5,17.16,18.01,21.17,0.0,0.0,0.0,0.0,0.0,0,0.0,0,4,3.15,0,1,0,0.409,0.748,0.0,0.1053,0.0526,0.2105,0.1053,0.0,0.0,0.1053,0.3684,0.0526,0.0,0.79,0.0,0.79,0.0,1.58,0,0,0.0,0,0,0,0,0,0,0,0,,en,1.0
DXPSz7wCFzY,88,5,15.41,15.93,18.4,0.0,0.0,1.14,2.27,1.14,0,0.0,0,0,0.0,0,0,0,0.409,0.739,0.0,0.0,0.1875,0.1875,0.1875,0.0,0.0,0.0625,0.375,0.0,3.41,0.0,1.14,1.14,0.0,5.69,0,0,0.0,0,0,0,0,0,0,0,0,,en,1.0
DRPdL0MjNdg,38,2,15.47,24.2,21.44,0.0,0.0,0.0,0.0,0.0,0,0.0,0,7,18.42,0,0,0,0.342,0.763,0.0,0.0,0.0,0.0,0.0,0.0,0.0,0.0,0.0,0.0,0.0,0.0,0.0,0.0,0.0,0.0,0,0,0.0,0,0,0,0,0,0,0,0,,en,1.0
DXfEn4XjoXB,21,2,5.31,77.46,8.08,0.0,0.0,0.0,0.0,0.0,1,0.5,1,3,14.29,0,0,0,0.143,0.952,0.0,0.0,0.0,0.0,0.0,0.0,0.0,0.0,0.0,0.0,0.0,0.0,0.0,0.0,0.0,0.0,0,0,0.0,0,0,0,0,0,0,0,0,,en,1.0
DWI5Bgrijl6,8,1,5.23,71.82,8.2,0.0,0.0,0.0,0.0,0.0,0,0.0,0,1,12.5,0,0,0,0.125,1.0,0.0,0.0,0.0,0.0,0.0,0.0,0.0,0.0,0.0,0.0,0.0,0.0,0.0,0.0,0.0,0.0,1,1,2.08,0,0,0,0,1,0,0,0,,en,1.0
DQrx5BLD64o,161,5,19.69,11.26,22.57,0.0,2.48,0.0,0.0,0.0,0,0.0,0,2,1.24,0,0,0,0.373,0.621,0.0408,0.0816,0.0816,0.2449,0.0612,0.0612,0.0,0.0408,0.3265,0.0612,0.62,0.0,1.24,1.86,1.86,5.58,2,1,0.17,0,0,0,2,0,5,5,1,0.939,en,1.0
DWoX4BUCpCZ,23,4,4.79,70.51,9.47,0.0,0.0,0.0,4.35,0.0,1,0.25,0,0,0.0,0,0,0,0.217,0.913,0.0,0.0,0.2,0.2,0.2,0.0,0.0,0.2,0.2,0.0,4.35,0.0,0.0,0.0,4.35,8.7,1,1,0.68,0,1,0,0,0,0,0,0,,en,1.0
DWlbimAChbY,62,8,5.94,68.22,7.41,0.0,9.68,3.23,0.0,3.23,0,0.0,0,0,0.0,0,0,0,0.194,0.79,0.0,0.0,0.1818,0.1818,0.1818,0.0,0.0,0.0909,0.2727,0.0909,0.0,0.0,0.0,0.0,1.61,1.61,0,0,0.0,0,0,0,0,0,0,0,0,,en,1.0
DWLzna6im7B,18,3,3.03,84.64,4.64,0.0,0.0,0.0,0.0,0.0,0,0.0,0,1,5.56,0,0,0,0.167,0.944,0.0,0.0,0.2,0.2,0.0,0.0,0.0,0.0,0.6,0.0,5.56,0.0,0.0,0.0,0.0,5.56,2,2,1.71,1,0,0,0,1,0,0,0,,en,1.0
DRJmoBPDER3,61,5,11.8,32.19,15.37,0.0,1.64,0.0,0.0,0.0,0,0.0,0,2,3.28,0,1,0,0.361,0.869,0.0667,0.0667,0.0667,0.1333,0.1333,0.0,0.0667,0.0,0.4667,0.0,1.64,0.0,3.28,1.64,0.0,6.56,4,2,0.78,2,0,0,0,2,4,4,0,0.829,en,1.0
DWYsdYrCvaE,82,9,9.56,44.77,10.93,0.0,7.32,2.44,0.0,2.44,0,0.0,0,0,0.0,0,0,0,0.329,0.72,0.0,0.0,0.2069,0.069,0.1724,0.0,0.0,0.1379,0.4138,0.0,0.0,0.0,1.22,1.22,0.0,2.44,0,0,0.0,0,0,0,0,0,0,0,0,,en,1.0
DWOYeqICgEF,47,3,10.86,45.13,12.22,0.0,6.38,0.0,0.0,0.0,0,0.0,0,0,0.0,0,0,0,0.34,0.936,0.0,0.0,0.0,0.0,0.2857,0.0,0.0,0.0,0.5714,0.1429,0.0,0.0,0.0,0.0,0.0,0.0,0,0,0.0,0,0,0,0,0,0,0,0,,en,1.0
DWV5l8TCp7a,44,5,6.67,66.85,7.13,0.0,6.82,0.0,0.0,0.0,1,0.2,0,0,0.0,0,0,0,0.273,0.864,0.0,0.125,0.0,0.125,0.125,0.0,0.125,0.0,0.375,0.125,0.0,0.0,0.0,2.27,2.27,4.54,0,0,0.0,0,0,0,0,0,0,0,0,,en,1.0
DQmoSzej7Cs,125,6,9.72,62.51,11.53,0.0,3.2,0.0,0.8,0.0,0,0.0,0,1,0.8,0,0,0,0.168,0.72,0.0,0.0488,0.1463,0.2683,0.0732,0.0244,0.0488,0.0732,0.2439,0.0732,0.8,0.0,2.4,0.0,0.0,3.2,4,2,0.56,0,3,0,1,0,0,0,0,,en,1.0
DRKRMspjOJr,71,5,12.38,31.56,16.38,0.0,1.41,0.0,1.41,0.0,0,0.0,0,1,1.41,0,0,0,0.366,0.775,0.0435,0.0435,0.0435,0.2174,0.087,0.0,0.0435,0.0435,0.4348,0.0435,0.0,0.0,7.04,1.41,0.0,8.45,5,4,0.88,1,0,0,1,3,4,4,0,0.882,en,1.0
DQmVJK-ji6U,8,1,10.74,30.53,8.51,0.0,0.0,0.0,0.0,0.0,0,0.0,0,0,0.0,0,0,0,0.25,1.0,0.0,0.0,0.0,1.0,0.0,0.0,0.0,0.0,0.0,0.0,0.0,0.0,12.5,0.0,0.0,12.5,1,1,1.92,0,0,0,0,1,0,0,0,,en,1.0
DRPZSnICLAt,134,6,20.51,-5.67,24.86,0.0,0.75,0.0,0.0,0.0,0,0.0,0,0,0.0,0,0,0,0.552,0.694,0.0476,0.0238,0.0476,0.2381,0.0714,0.0238,0.0,0.0,0.5,0.0476,0.75,0.0,5.97,5.97,3.73,16.42,3,3,0.26,1,0,0,0,2,3,3,1,0.966,en,1.0
DXJOpNMFqRt,74,4,11.57,44.61,13.33,0.0,0.0,0.0,1.35,0.0,0,0.0,0,0,0.0,0,0,0,0.378,0.743,0.0,0.0,0.1667,0.1667,0.0556,0.0,0.0,0.0,0.5556,0.0556,1.35,0.0,5.41,0.0,4.05,10.81,0,0,0.0,0,0,0,0,0,2,2,0,0.964,en,1.0
DXwfTUBjkcO,57,6,7.59,56.7,9.53,0.0,0.0,0.0,0.0,0.0,0,0.0,1,0,0.0,0,0,0,0.211,0.789,0.0,0.0,0.0,0.1818,0.1818,0.0,0.0,0.0909,0.5455,0.0,0.0,1.75,1.75,0.0,0.0,3.5,0,0,0.0,0,0,0,0,0,5,5,1,0.825,en,1.0
DQ8u1Tdjfxy,0,0,,,,0.0,0.0,0.0,0.0,0.0,0,0.0,0,0,0.0,0,0,0,0.0,0.0,0.0,0.0,0.0,0.0,0.0,0.0,0.0,0.0,0.0,0.0,0.0,0.0,0.0,0.0,0.0,0.0,0,0,0.0,0,0,0,0,0,0,0,0,,und,
DW1KVyzCmTL,33,2,13.47,25.23,15.33,0.0,3.03,0.0,0.0,0.0,0,0.0,0,0,0.0,0,0,0,0.394,1.0,0.0,0.0,0.0,0.0,0.3333,0.0,0.0,0.0,0.6667,0.0,0.0,0.0,3.03,0.0,0.0,3.03,0,0,0.0,0,0,0,0,0,0,0,3,,en,1.0
DQvufAaFCLQ,0,0,,,,0.0,0.0,0.0,0.0,0.0,0,0.0,0,0,0.0,0,0,0,0.0,0.0,0.0,0.0,0.0,0.0,0.0,0.0,0.0,0.0,0.0,0.0,0.0,0.0,0.0,0.0,0.0,0.0,0,0,0.0,0,0,0,0,0,0,0,0,,und,
DROvNLoDNmc,148,2,38.17,-55.7,44.12,0.0,0.0,0.0,0.0,0.0,0,0.0,0,0,0.0,0,0,0,0.561,0.736,0.04,0.04,0.02,0.24,0.1,0.02,0.0,0.02,0.48,0.04,1.35,0.0,4.73,3.38,1.35,10.81,8,1,0.65,0,0,0,0,8,1,1,1,0.255,en,1.0
DQoIHPqDDxC,46,3,12.33,46.76,13.44,0.0,2.17,0.0,2.17,0.0,0,0.0,1,0,0.0,0,0,0,0.348,0.848,0.0,0.125,0.125,0.25,0.125,0.0,0.0,0.0,0.375,0.0,6.52,0.0,0.0,0.0,0.0,6.52,2,2,0.58,0,0,0,0,2,3,3,0,0.862,en,1.0
DW9k8REk6pa,76,3,12.15,53.11,14.34,0.0,5.26,2.63,0.0,2.63,1,0.333,0,4,5.26,0,0,0,0.25,0.855,0.0741,0.0741,0.1481,0.0741,0.1111,0.0,0.0741,0.0741,0.2593,0.1111,1.32,0.0,0.0,1.32,0.0,2.64,8,8,1.39,2,1,1,0,4,6,6,0,0.871,en,1.0
DW-3Ni3gdfG,85,3,14.15,43.46,17.39,0.0,1.18,2.35,1.18,2.35,0,0.0,0,0,0.0,0,0,0,0.294,0.729,0.0,0.0,0.2273,0.1364,0.1818,0.0455,0.0,0.0,0.4091,0.0,1.18,0.0,2.35,0.0,0.0,3.53,0,0,0.0,0,0,0,0,0,0,0,0,,en,1.0
DRC9C5yCNUK,40,3,8.84,54.81,12.38,0.0,7.5,0.0,0.0,0.0,0,0.0,0,0,0.0,0,0,0,0.25,0.825,0.0,0.1111,0.1111,0.3333,0.1111,0.0,0.0,0.1111,0.2222,0.0,0.0,0.0,2.5,2.5,0.0,5.0,1,1,0.33,0,0,0,1,0,4,4,0,0.78,en,1.0
DRNXF-BgS9b,215,9,11.84,51.93,14.31,0.0,5.12,0.47,0.0,0.47,0,0.0,0,1,0.47,0,0,0,0.181,0.66,0.037,0.0556,0.1296,0.2778,0.1111,0.037,0.0185,0.0,0.2963,0.037,1.4,0.47,0.93,0.0,0.47,3.27,0,0,0.0,0,0,0,0,0,4,4,1,0.937,en,1.0
DXxKLyiGcYl,233,16,8.3,62.4,8.86,0.0,1.72,0.43,4.29,0.43,1,0.062,1,0,0.0,0,0,0,0.223,0.661,0.0,0.0,0.1231,0.2,0.2154,0.0,0.0,0.0154,0.3538,0.0923,2.15,0.43,0.86,0.0,0.86,4.3,0,0,0.0,0,0,0,0,0,5,5,0,0.957,en,1.0
DXGjtBPFtcW,91,5,9.66,58.21,11.68,0.0,2.2,1.1,1.1,1.1,0,0.0,0,1,1.1,0,0,0,0.275,0.835,0.0,0.0,0.2308,0.0769,0.1923,0.0385,0.0,0.0385,0.3846,0.0385,1.1,0.0,1.1,0.0,0.0,2.2,0,0,0.0,0,0,0,0,0,2,2,0,0.957,en,1.0
DXEY-ltlqzA,343,25,7.47,66.53,9.6,10.79,1.46,0.58,0.58,0.58,0,0.0,0,14,4.08,0,1,0,0.257,0.569,0.0156,0.0625,0.1094,0.1719,0.1562,0.0,0.0,0.0156,0.4219,0.0469,0.0,0.0,0.29,0.29,0.58,1.16,0,0,0.0,0,0,0,0,0,0,0,0,,en,1.0
DWn1ukqCqP6,63,6,5.9,71.75,8.64,0.0,3.17,6.35,0.0,6.35,0,0.0,0,1,1.59,0,1,0,0.19,0.857,0.0,0.0,0.125,0.0,0.25,0.0,0.0,0.0,0.375,0.25,0.0,0.0,1.59,0.0,0.0,1.59,0,0,0.0,0,0,0,0,0,0,0,0,,en,1.0
DXO2wrHFpDS,42,3,8.97,55.65,12.27,0.0,4.76,0.0,2.38,0.0,0,0.0,0,0,0.0,0,0,0,0.357,0.857,0.0,0.0,0.15,0.15,0.1,0.15,0.0,0.05,0.3,0.1,0.0,0.0,9.52,4.76,0.0,14.28,0,0,0.0,0,0,0,0,0,1,1,0,0.971,en,1.0
DXbYa58lhWu,120,7,9.08,59.72,9.76,0.0,2.5,0.0,5.83,0.0,0,0.0,0,2,1.67,0,1,0,0.225,0.783,0.0333,0.0667,0.1333,0.1,0.1667,0.0333,0.0333,0.1,0.2,0.1333,2.5,0.0,0.83,0.0,5.0,8.33,3,3,0.42,1,0,1,0,1,0,0,0,,en,1.0
DXWIgNFloaI,81,3,15.29,32.32,18.13,0.0,4.94,0.0,0.0,0.0,0,0.0,0,0,0.0,0,0,0,0.346,0.753,0.0,0.0,0.0909,0.2273,0.1818,0.0,0.0,0.0,0.4545,0.0455,1.23,0.0,2.47,0.0,1.23,4.93,0,0,0.0,0,0,0,0,0,1,1,0,0.982,en,1.0
DXMHXGjlv3g,87,4,9.32,65.67,11.73,0.0,0.0,0.0,0.0,0.0,0,0.0,0,0,0.0,0,0,0,0.184,0.701,0.0,0.0556,0.2778,0.1111,0.1667,0.0,0.0,0.0,0.2778,0.1111,2.3,0.0,0.0,0.0,0.0,2.3,1,1,0.19,0,0,1,0,0,2,2,0,0.931,en,1.0
DVwU7pzDM_m,99,7,8.64,58.32,10.91,0.0,3.03,1.01,1.01,1.01,0,0.0,0,2,2.02,0,1,0,0.242,0.687,0.0,0.0,0.1667,0.2083,0.2083,0.0,0.0,0.0833,0.3333,0.0,1.01,0.0,3.03,0.0,0.0,4.04,10,8,1.26,5,0,1,1,3,8,8,2,0.809,en,1.0
DV6oG8iDJKi,78,5,11.56,39.58,14.47,0.0,3.85,0.0,0.0,0.0,0,0.0,1,2,2.56,0,1,0,0.359,0.821,0.0,0.0588,0.1176,0.1765,0.1765,0.0,0.0,0.1176,0.3529,0.0,0.0,0.0,5.13,1.28,0.0,6.41,10,7,1.41,3,0,1,0,6,10,10,1,0.758,en,1.0
DVomlnGjA8A,85,9,6.35,65.99,8.03,0.0,1.18,1.18,0.0,1.18,0,0.0,1,0,0.0,0,0,0,0.235,0.788,0.0286,0.0571,0.1429,0.1429,0.0571,0.0571,0.0286,0.0571,0.3143,0.1143,0.0,0.0,0.0,0.0,1.18,1.18,7,7,1.06,2,0,1,1,3,8,8,0,0.78,en,1.0
DWHgHlgj4h3,29,8,4.25,78.87,4.87,3.45,3.45,10.34,0.0,10.34,1,0.125,0,0,0.0,0,0,0,0.172,0.862,0.0,0.0,0.0,0.0,0.0,0.0,0.0,0.0,1.0,0.0,0.0,0.0,0.0,0.0,0.0,0.0,4,4,1.22,1,1,0,1,1,10,10,1,0.538,en,1.0
DWCWeXDDvpY,92,7,9.64,49.62,11.34,0.0,9.78,2.17,1.09,2.17,2,0.286,1,2,2.17,0,0,0,0.304,0.783,0.0,0.05,0.0,0.3,0.15,0.0,0.0,0.0,0.45,0.05,1.09,0.0,0.0,0.0,0.0,1.09,10,9,1.27,3,0,1,0,6,10,10,0,0.756,en,1.0
DWUYKewCPZI,123,6,12.94,38.84,15.68,0.0,4.07,0.0,2.44,0.0,1,0.167,0,1,0.81,0,0,0,0.325,0.732,0.0857,0.0857,0.0571,0.1429,0.1143,0.0286,0.0286,0.0571,0.3143,0.0857,0.0,0.0,0.81,0.0,0.0,0.81,9,8,0.83,4,0,0,1,4,13,13,3,0.78,en,1.0
DV1ejcrjD4w,22,7,5.62,70.8,5.82,4.55,0.0,4.55,0.0,4.55,0,0.0,0,0,0.0,0,0,0,0.227,0.864,0.0,0.0,0.3333,0.0,0.0,0.0,0.0,0.0,0.6667,0.0,0.0,0.0,0.0,0.0,0.0,0.0,4,4,1.36,1,0,0,1,2,10,10,1,0.505,en,1.0
DWZhpaAj9mI,15,7,1.57,93.58,2.2,6.67,0.0,6.67,0.0,6.67,0,0.0,0,0,0.0,0,0,0,0.133,0.933,0.0,0.0,0.0,0.0,0.0,0.0,0.0,0.0,0.0,0.0,0.0,0.0,0.0,0.0,0.0,0.0,4,4,1.61,1,0,0,1,2,11,11,1,0.383,en,1.0
DWMpye-jTwn,88,6,8.54,59.09,8.96,0.0,3.41,2.27,1.14,2.27,0,0.0,0,3,3.41,0,1,0,0.205,0.852,0.0,0.0714,0.1071,0.1071,0.1786,0.0357,0.0357,0.0714,0.2857,0.1071,0.0,1.14,0.0,0.0,1.14,2.28,8,8,0.95,2,1,1,0,4,11,11,5,0.772,en,1.0
DR2Pq0aDO16,105,6,18.4,-0.49,21.89,0.0,0.0,0.0,0.0,0.0,0,0.0,0,2,1.9,0,0,0,0.571,0.752,0.05,0.1,0.0,0.2,0.075,0.075,0.025,0.0,0.375,0.1,3.81,0.0,2.86,0.95,3.81,11.43,2,2,0.22,0,0,0,0,2,5,5,2,0.895,en,1.0
DSpvIk3DMXZ,242,10,15.86,23.57,18.93,0.0,0.41,0.0,0.83,0.0,0,0.0,0,1,0.41,0,1,0,0.368,0.636,0.0263,0.0526,0.0526,0.1842,0.1053,0.0263,0.0,0.0789,0.4474,0.0263,0.0,0.0,2.48,0.0,0.41,2.89,1,1,0.06,0,0,0,0,1,5,5,1,0.97,en,1.0
DXe7m2rEo4m,123,7,11.05,46.66,13.86,0.0,0.81,0.81,0.0,0.81,2,0.286,0,5,4.07,0,1,0,0.341,0.724,0.0294,0.0882,0.0588,0.1471,0.1176,0.0588,0.0,0.1471,0.3235,0.0294,0.81,0.0,2.44,0.0,1.63,4.88,0,0,0.0,0,0,0,0,0,5,5,0,0.946,en,1.0
DXr5rGXmV5m,78,9,6.88,68.91,7.76,0.0,0.0,2.56,0.0,2.56,1,0.111,2,10,12.82,1,1,0,0.231,0.679,0.1538,0.1538,0.0,0.0769,0.1538,0.0,0.0,0.0,0.3077,0.1538,0.0,0.0,0.0,0.0,1.28,1.28,3,3,0.49,2,0,0,0,1,5,5,0,0.883,en,1.0
DWqKBa7j5v4,20,1,8.47,66.37,9.42,0.0,0.0,0.0,0.0,0.0,0,0.0,0,0,0.0,0,0,0,0.05,0.85,0.0,0.0,0.125,0.125,0.125,0.0,0.0,0.25,0.25,0.125,0.0,0.0,5.0,0.0,5.0,10.0,1,1,1.04,1,0,0,0,0,0,0,0,,en,1.0
DW3oE3qFjbF,160,8,12.84,37.32,14.97,0.0,0.0,0.0,0.0,0.0,0,0.0,0,0,0.0,0,0,0,0.294,0.731,0.037,0.037,0.1111,0.1481,0.1481,0.0,0.037,0.0,0.4815,0.0,1.25,0.0,1.25,0.0,3.12,5.62,0,0,0.0,0,0,0,0,0,2,2,0,0.982,en,1.0
DWjZfpulh0r,148,14,8.74,55.22,11.08,0.0,2.03,0.0,2.03,0.0,1,0.071,0,1,0.68,0,0,0,0.25,0.75,0.0,0.0769,0.0513,0.2051,0.0769,0.0513,0.0,0.1282,0.2051,0.2051,2.7,0.68,1.35,0.0,3.38,8.11,0,0,0.0,0,0,0,0,0,2,2,0,0.967,en,1.0
DSVJ6XUDP5G,247,12,16.93,9.77,20.28,0.0,0.0,0.0,0.0,0.0,0,0.0,0,0,0.0,0,0,0,0.482,0.713,0.0476,0.0317,0.0635,0.1429,0.1429,0.0,0.0476,0.0794,0.3651,0.0794,0.0,0.81,0.0,0.0,0.4,1.21,0,0,0.0,0,0,0,0,0,6,6,0,0.963,en,1.0
DWZose4CUA7,86,5,9.81,53.57,10.43,0.0,0.0,1.16,1.16,1.16,0,0.0,0,5,5.81,0,0,0,0.174,0.837,0.0,0.0,0.0,0.2308,0.2308,0.0,0.0,0.0769,0.3846,0.0769,0.0,0.0,0.0,0.0,1.16,1.16,7,7,1.13,1,0,0,0,6,5,5,0,0.777,en,1.0
DWs8j4KATCm,43,3,10.38,45.58,11.31,0.0,0.0,0.0,0.0,0.0,0,0.0,0,1,2.33,0,0,0,0.256,0.884,0.1111,0.0556,0.0556,0.1667,0.0,0.1667,0.0556,0.0,0.2222,0.1667,0.0,0.0,0.0,0.0,0.0,0.0,0,0,0.0,0,0,0,0,0,2,2,0,0.902,en,1.0
DS2oMpeDIjB,44,3,17.05,12.92,20.56,0.0,0.0,0.0,0.0,0.0,0,0.0,0,0,0.0,0,0,0,0.477,0.864,0.0,0.0,0.0,0.2857,0.0,0.0,0.0,0.1429,0.4286,0.1429,0.0,0.0,0.0,0.0,6.82,6.82,2,2,0.49,0,0,0,0,2,6,6,1,0.802,en,1.0
DVeTWHdlzyU,95,7,8.6,57.31,10.9,0.0,1.05,0.0,7.37,0.0,0,0.0,0,0,0.0,0,0,0,0.295,0.737,0.0556,0.1111,0.0556,0.1667,0.0,0.0,0.0556,0.0556,0.2778,0.2222,3.16,0.0,0.0,0.0,0.0,3.16,8,7,1.04,5,0,0,0,3,9,9,0,0.805,en,1.0
DTGPqHUjOPo,77,5,16.11,12.96,20.3,0.0,1.3,0.0,0.0,0.0,0,0.0,0,0,0.0,0,0,0,0.468,0.74,0.0,0.0,0.0,0.3,0.2,0.0,0.0,0.0,0.5,0.0,7.79,0.0,0.0,1.3,3.9,12.99,1,1,0.16,0,0,0,0,1,5,5,1,0.863,en,1.0
DW6aWEHllsp,79,5,10.74,46.23,13.41,0.0,3.8,3.8,0.0,3.8,0,0.0,0,2,2.53,0,1,0,0.253,0.81,0.0,0.0,0.05,0.35,0.15,0.0,0.0,0.0,0.45,0.0,0.0,1.27,2.53,1.27,0.0,5.07,0,0,0.0,0,0,0,0,0,0,0,0,,en,1.0
DU-bZq3inWr,55,4,7.58,65.21,8.41,0.0,1.82,1.82,0.0,1.82,1,0.25,1,0,0.0,0,0,0,0.182,0.873,0.0323,0.0645,0.1935,0.0968,0.0968,0.0323,0.0645,0.129,0.2258,0.0645,0.0,0.0,0.0,0.0,0.0,0.0,0,0,0.0,0,0,0,0,0,0,0,0,,en,1.0
DUtYO6nDaS4,17,7,3.28,83.1,2.6,5.88,0.0,5.88,0.0,5.88,0,0.0,0,0,0.0,0,0,0,0.176,0.882,0.0667,0.0667,0.1333,0.1333,0.1333,0.0667,0.0667,0.1333,0.1333,0.0667,0.0,0.0,0.0,0.0,0.0,0.0,4,4,1.59,1,0,0,1,2,9,9,2,0.51,en,0.857
DWn5r-flixF,86,7,9.88,45.6,13.37,0.0,1.16,0.0,4.65,0.0,0,0.0,0,1,1.16,0,0,0,0.36,0.791,0.0513,0.1538,0.0769,0.1538,0.0513,0.0769,0.0256,0.0513,0.2308,0.1282,3.49,0.0,0.0,0.0,2.33,5.82,2,2,0.33,1,0,0,0,1,2,2,0,0.97,en,1.0
DWa0GEIgUev,59,5,9.3,52.9,12.05,0.0,3.39,3.39,0.0,3.39,0,0.0,1,0,0.0,0,0,0,0.203,0.831,0.0769,0.0769,0.0,0.0769,0.1538,0.0,0.0,0.0769,0.3846,0.1538,0.0,0.0,3.39,0.0,0.0,3.39,3,2,0.65,0,0,0,1,2,5,5,0,0.833,en,1.0
DXpWrXrDEJt,92,6,10.71,49.99,12.96,0.0,0.0,0.0,0.0,0.0,1,0.167,1,1,1.09,0,1,0,0.261,0.674,0.0625,0.0625,0.0625,0.0625,0.125,0.125,0.0625,0.0625,0.25,0.125,3.26,0.0,0.0,2.17,2.17,7.6,0,0,0.0,0,0,0,0,0,5,5,0,0.905,en,1.0
DW5xIWgllJY,225,23,6.82,64.31,8.0,0.0,0.44,0.44,0.89,0.44,1,0.043,0,3,1.33,0,0,0,0.258,0.671,0.0519,0.1558,0.1169,0.0909,0.0909,0.1299,0.013,0.039,0.1558,0.1558,0.44,0.44,0.44,0.0,0.0,1.32,1,1,0.07,0,0,0,0,1,2,2,0,0.983,en,1.0
DU_ZzNqDJmc,20,7,4.49,77.1,3.2,5.0,0.0,5.0,0.0,5.0,0,0.0,0,0,0.0,0,0,0,0.2,0.95,0.1667,0.1667,0.0,0.0,0.1667,0.1667,0.1667,0.0,0.0,0.1667,0.0,5.0,0.0,0.0,0.0,5.0,4,4,1.33,1,0,0,1,2,12,12,2,0.475,en,1.0
DVMRx8yCMbB,80,5,11.15,43.6,12.9,0.0,6.25,0.0,3.75,0.0,0,0.0,0,2,2.5,0,1,0,0.375,0.787,0.0,0.0,0.0,0.1818,0.0909,0.0,0.0,0.0909,0.5455,0.0909,2.5,0.0,2.5,0.0,1.25,6.25,6,6,0.75,2,0,0,0,4,11,11,4,0.771,en,1.0
DWrjZUMCXX9,95,4,10.23,63.16,12.74,0.0,1.05,0.0,1.05,0.0,0,0.0,1,4,4.21,0,0,0,0.158,0.758,0.1,0.2,0.05,0.1,0.1,0.15,0.0,0.1,0.1,0.1,0.0,0.0,1.05,0.0,4.21,5.26,7,6,1.08,2,1,0,0,4,6,6,0,0.887,en,1.0
DVRbYULjY8q,23,7,2.3,93.7,3.4,4.35,4.35,4.35,0.0,4.35,0,0.0,0,0,0.0,0,0,0,0.043,0.826,0.1429,0.1429,0.0,0.1429,0.0,0.0,0.1429,0.1429,0.1429,0.1429,0.0,0.0,0.0,0.0,0.0,0.0,3,3,1.04,1,0,0,1,1,11,11,2,0.497,en,1.0
DVjc9hvjaPy,18,7,3.15,84.92,2.8,5.56,0.0,5.56,0.0,5.56,0,0.0,0,0,0.0,0,0,0,0.167,0.944,0.0,0.0,0.0,0.0,0.0,0.0,0.0,0.0,0.0,0.0,0.0,0.0,0.0,0.0,0.0,0.0,4,4,1.4,1,0,0,1,2,12,12,1,0.425,en,1.0
DXZhne-jWEN,101,6,11.08,50.87,13.98,0.0,0.0,0.0,1.98,0.0,1,0.167,1,0,0.0,0,0,0,0.228,0.673,0.0,0.0625,0.0625,0.1875,0.0625,0.125,0.0,0.125,0.25,0.125,1.98,0.0,1.98,0.99,0.0,4.95,0,0,0.0,0,0,0,0,0,5,5,0,0.891,en,1.0
DVa5zYsCm_O,53,4,6.5,72.07,6.81,0.0,5.66,3.77,0.0,3.77,0,0.0,0,0,0.0,0,0,0,0.151,0.811,0.0909,0.0909,0.1818,0.1364,0.0909,0.0455,0.0455,0.0909,0.1818,0.0455,0.0,0.0,0.0,0.0,9.43,9.43,1,1,0.34,0,1,0,0,0,0,0,0,,en,1.0
DSAiXtljEJ3,52,3,19.65,-1.28,22.8,0.0,1.92,0.0,0.0,0.0,0,0.0,0,0,0.0,0,0,0,0.538,0.846,0.0,0.0,0.0,0.0909,0.0,0.0,0.0,0.0909,0.5455,0.2727,0.0,0.0,1.92,0.0,1.92,3.84,1,1,0.22,0,0,0,0,1,5,5,1,0.821,en,1.0
DVWk_9XDbv8,83,7,9.27,49.47,11.03,0.0,4.82,0.0,1.2,0.0,0,0.0,0,1,1.2,0,0,0,0.361,0.723,0.04,0.08,0.12,0.16,0.2,0.0,0.04,0.04,0.28,0.04,2.41,1.2,4.82,0.0,1.2,9.63,7,6,0.88,3,0,0,0,4,11,11,1,0.727,en,1.0
DTQXoYHDNgM,27,3,5.88,77.81,8.46,0.0,3.7,0.0,0.0,0.0,0,0.0,0,0,0.0,0,0,0,0.185,0.852,0.0,0.0,0.0,0.4,0.2,0.0,0.0,0.0,0.0,0.4,0.0,0.0,3.7,0.0,3.7,7.4,2,2,0.83,0,1,0,0,1,6,6,1,0.616,en,1.0
DVEjcvgj1xY,92,8,8.17,56.77,8.51,0.0,4.35,0.0,0.0,0.0,0,0.0,1,3,3.26,0,0,0,0.293,0.761,0.0,0.0556,0.0556,0.1667,0.1111,0.0,0.0,0.0,0.6111,0.0,1.09,0.0,0.0,0.0,0.0,1.09,8,6,1.02,4,0,1,0,3,11,11,0,0.748,en,1.0
DU6QOvFk9xX,91,9,9.73,53.23,10.95,0.0,4.4,0.0,1.1,0.0,0,0.0,1,3,3.3,0,0,0,0.308,0.758,0.0,0.0625,0.0625,0.25,0.25,0.0625,0.0,0.0,0.3125,0.0,0.0,0.0,1.1,0.0,2.2,3.3,7,6,0.65,4,0,0,0,3,11,11,18,0.818,en,1.0
DXuRr8pGfJ_,68,4,13.25,30.33,17.39,0.0,0.0,0.0,0.0,0.0,0,0.0,0,1,1.47,0,0,0,0.338,0.765,0.0,0.1,0.0,0.1,0.2,0.0,0.0,0.1,0.5,0.0,0.0,0.0,2.94,0.0,0.0,2.94,0,0,0.0,0,0,0,0,0,5,5,0,0.868,en,1.0
DViTTw0CueE,49,7,2.07,92.69,4.43,0.0,6.12,4.08,0.0,4.08,0,0.0,0,0,0.0,0,0,0,0.102,0.796,0.0,0.0,0.2105,0.2105,0.1579,0.0,0.0,0.1579,0.2632,0.0,0.0,0.0,0.0,0.0,2.04,2.04,0,0,0.0,0,0,0,0,0,0,0,0,,en,1.0
DXca0cil6Mk,116,9,10.03,49.91,11.67,0.0,0.86,1.72,0.0,1.72,3,0.333,1,7,6.03,0,0,0,0.371,0.75,0.0536,0.0714,0.0714,0.1607,0.1607,0.0179,0.0179,0.0714,0.2679,0.1071,4.31,0.0,0.0,0.86,4.31,9.48,0,0,0.0,0,0,0,0,0,5,5,0,0.933,en,1.0
DXVdVqvGBrZ,161,10,10.3,52.48,11.07,0.0,2.48,0.0,1.86,0.0,1,0.1,1,0,0.0,0,0,0,0.317,0.714,0.013,0.013,0.1299,0.2338,0.1948,0.013,0.0,0.039,0.3117,0.0519,3.11,0.0,1.86,0.0,3.11,8.08,0,0,0.0,0,0,0,0,0,5,5,0,0.943,en,1.0
DSFsknpDGEy,117,5,16.45,18.46,19.97,0.0,0.0,0.0,1.71,0.0,0,0.0,0,0,0.0,0,0,0,0.35,0.744,0.0,0.0,0.0,0.2308,0.3077,0.0,0.0,0.0,0.4615,0.0,0.0,0.0,0.0,0.0,0.0,0.0,0,0,0.0,0,0,0,0,0,7,7,0,0.917,en,1.0
DVtL7Z1Cgjg,75,3,12.46,50.88,13.82,0.0,6.67,1.33,0.0,1.33,1,0.333,0,5,6.67,0,0,0,0.253,0.813,0.0,0.0,0.125,0.1875,0.1875,0.0,0.0,0.125,0.375,0.0,1.33,0.0,0.0,0.0,0.0,1.33,4,4,0.77,1,1,1,0,1,0,0,0,,en,1.0
DVtRIKfigl2,66,6,10.24,44.47,12.0,0.0,3.03,1.52,1.52,1.52,0,0.0,0,0,0.0,0,0,0,0.318,0.788,0.0,0.0476,0.1429,0.2381,0.1429,0.0,0.0,0.0952,0.3333,0.0,1.52,0.0,6.06,0.0,0.0,7.58,1,1,0.23,0,0,0,0,1,0,0,0,,en,1.0
DWnyV1Wls37,95,8,8.83,52.71,10.66,0.0,1.05,0.0,2.11,0.0,0,0.0,0,0,0.0,0,0,0,0.305,0.811,0.0,0.0,0.0,0.1818,0.1818,0.0,0.0,0.0,0.6364,0.0,3.16,1.05,2.11,0.0,0.0,6.32,0,0,0.0,0,0,0,0,0,2,2,0,0.956,en,1.0
DWcGfdLjB95,105,5,14.34,36.79,16.4,0.0,2.86,0.0,0.95,0.0,0,0.0,0,0,0.0,0,0,0,0.324,0.819,0.0385,0.0769,0.0769,0.1154,0.0769,0.0,0.0,0.0385,0.4231,0.1538,1.9,0.0,4.76,0.95,0.0,7.61,2,2,0.26,0,0,1,0,1,5,5,0,0.902,en,1.0
DVgLvVmipRs,8,1,2.28,92.97,3.2,0.0,25.0,0.0,0.0,0.0,1,1.0,0,0,0.0,0,0,0,0.0,1.0,0.0,0.0,0.0,0.0,0.0,0.0,0.0,0.0,1.0,0.0,0.0,0.0,0.0,0.0,0.0,0.0,1,1,2.44,0,1,0,0,0,0,0,0,,en,0.714
DV1elZ8D0VV,80,5,8.35,63.02,11.88,0.0,1.25,2.5,1.25,2.5,0,0.0,0,5,6.25,0,0,0,0.212,0.85,0.04,0.0,0.08,0.2,0.24,0.0,0.04,0.08,0.32,0.0,2.5,1.25,0.0,0.0,0.0,3.75,10,10,1.61,4,0,1,0,5,7,7,0,0.855,en,1.0
DT-JQYiimAB,95,10,8.98,56.13,11.71,0.0,3.16,1.05,0.0,1.05,0,0.0,0,7,7.37,0,0,0,0.263,0.789,0.1154,0.1538,0.0769,0.1538,0.0385,0.0385,0.1154,0.0385,0.1923,0.0769,1.05,0.0,2.11,0.0,0.0,3.16,0,0,0.0,0,0,0,0,0,2,2,1,0.023,en,1.0
DUX_wPFCgIs,118,5,11.08,55.87,12.23,0.0,3.39,0.85,2.54,0.85,1,0.2,0,0,0.0,0,0,0,0.229,0.754,0.0303,0.0303,0.1818,0.1515,0.0909,0.0,0.0303,0.0303,0.3636,0.0909,3.39,0.85,0.0,0.0,1.69,5.93,3,3,0.43,0,2,1,0,0,0,0,0,,en,1.0
DT98qQrCBCZ,90,5,11.62,43.81,12.98,0.0,5.56,1.11,1.11,1.11,1,0.2,0,0,0.0,0,0,0,0.356,0.744,0.037,0.0,0.1111,0.1481,0.2222,0.037,0.0,0.0,0.4074,0.037,0.0,1.11,0.0,0.0,2.22,3.33,0,0,0.0,0,0,0,0,0,1,1,0,0.0,en,1.0
DWMpxKqjnAZ,85,3,14.25,42.17,15.89,0.0,3.53,3.53,0.0,3.53,0,0.0,0,0,0.0,0,0,0,0.282,0.812,0.0,0.0,0.1667,0.25,0.0833,0.0833,0.0,0.0,0.375,0.0417,0.0,0.0,2.35,0.0,0.0,2.35,1,1,0.16,0,0,1,0,0,6,6,0,0.865,en,1.0
DUQylVEiPWw,70,3,14.75,30.87,16.76,0.0,2.86,1.43,0.0,1.43,0,0.0,0,0,0.0,0,0,0,0.4,0.786,0.0,0.0,0.2222,0.1111,0.0,0.0,0.0,0.0,0.6667,0.0,0.0,0.0,1.43,1.43,0.0,2.86,0,0,0.0,0,0,0,0,0,1,1,1,0.012,en,1.0
DV9M4tnAc73,112,7,9.98,50.96,10.62,0.0,1.79,0.0,0.0,0.0,0,0.0,0,1,0.89,0,0,0,0.277,0.768,0.0303,0.0909,0.1212,0.2424,0.0909,0.0,0.0303,0.0,0.3939,0.0,3.57,0.0,3.57,0.0,0.0,7.14,2,2,0.25,0,0,2,0,0,6,6,0,0.892,en,1.0
DV4Db60iEI4,93,8,8.07,57.24,11.17,0.0,5.38,0.0,1.08,0.0,0,0.0,0,2,2.15,0,0,0,0.29,0.731,0.0625,0.0625,0.1562,0.25,0.1562,0.0,0.0,0.0312,0.2188,0.0625,1.08,0.0,4.3,0.0,1.08,6.46,5,3,0.74,0,0,0,0,5,6,6,0,0.887,en,1.0
DUELhjJjd7D,109,6,11.63,44.03,12.77,0.0,6.42,0.0,1.83,0.0,0,0.0,0,0,0.0,0,0,0,0.275,0.697,0.0,0.0385,0.0385,0.3462,0.1923,0.0,0.0,0.0769,0.2692,0.0385,0.0,0.0,4.59,0.92,0.0,5.51,7,6,0.82,3,0,0,1,3,7,7,0,0.836,en,1.0
DTugAKuirZm,60,5,7.97,61.41,9.52,0.0,1.67,1.67,3.33,1.67,0,0.0,1,6,10.0,1,1,0,0.333,0.85,0.0,0.5,0.0,0.0,0.0,0.0,0.0,0.0,0.25,0.25,1.67,0.0,0.0,0.0,0.0,1.67,2,2,0.5,1,0,1,0,0,0,0,0,,en,1.0
DV6hPrUj1sO,84,4,12.43,41.15,15.49,0.0,1.19,3.57,0.0,3.57,0,0.0,0,0,0.0,0,0,0,0.357,0.714,0.0,0.0,0.1724,0.2414,0.069,0.0345,0.0,0.069,0.4138,0.0,1.19,0.0,0.0,0.0,2.38,3.57,3,3,0.46,0,0,1,0,2,6,6,0,0.836,en,1.0
DUOesl5jXwq,99,9,7.2,62.84,8.44,0.0,4.04,1.01,2.02,1.01,2,0.222,1,0,0.0,0,0,0,0.242,0.808,0.025,0.05,0.125,0.15,0.125,0.025,0.025,0.075,0.3,0.1,1.01,1.01,0.0,0.0,2.02,4.04,8,8,0.97,3,0,0,1,4,14,13,1,0.733,en,1.0
DT8dIW2iCC3,76,7,8.21,55.56,10.66,0.0,5.26,2.63,0.0,2.63,1,0.143,0,1,1.32,0,1,0,0.303,0.816,0.0,0.0,0.0588,0.2941,0.1176,0.0,0.0,0.0,0.5294,0.0,2.63,0.0,3.95,1.32,0.0,7.9,9,9,1.38,2,0,1,3,3,7,7,1,0.778,en,1.0
DUbWq9sk2fR,21,7,3.69,83.75,3.4,4.76,0.0,4.76,0.0,4.76,0,0.0,0,0,0.0,0,0,0,0.19,0.952,0.0,0.0,0.0,0.0,0.0,0.0,0.0,0.0,1.0,0.0,0.0,0.0,0.0,0.0,0.0,0.0,4,4,1.36,1,0,0,1,2,10,10,1,0.446,en,1.0
DUWNHNmDsUE,64,6,9.87,51.92,10.72,0.0,9.38,0.0,0.0,0.0,1,0.167,1,1,1.56,0,0,0,0.203,0.812,0.0,0.0,0.1111,0.1111,0.1111,0.0,0.0,0.0,0.6667,0.0,1.56,0.0,3.12,0.0,0.0,4.68,8,8,1.44,2,0,0,2,4,9,9,0,0.711,en,1.0
DTqbkOCjdCj,51,7,7.5,54.5,9.13,0.0,1.96,0.0,0.0,0.0,0,0.0,0,3,5.88,0,1,0,0.275,0.804,0.0,0.0,0.1,0.2,0.4,0.0,0.0,0.0,0.2,0.1,0.0,0.0,0.0,0.0,0.0,0.0,6,6,1.58,1,0,0,1,4,1,1,1,0.761,en,1.0
DT3TiZ9DdmI,19,6,2.28,92.06,3.0,5.26,0.0,0.0,0.0,0.0,0,0.0,0,0,0.0,0,0,0,0.053,1.0,0.0,0.0,0.0,0.0,0.0,0.0,0.0,0.0,0.0,0.0,0.0,0.0,0.0,0.0,0.0,0.0,3,3,1.4,1,0,0,1,1,8,8,0,0.425,en,1.0
DTyJ9OpgXzm,30,3,4.83,78.25,6.67,0.0,0.0,0.0,3.33,0.0,1,0.333,0,2,6.67,0,0,0,0.2,0.9,0.0,0.0,0.0,0.0,0.8,0.0,0.0,0.0,0.2,0.0,0.0,0.0,0.0,0.0,0.0,0.0,6,4,1.75,3,0,0,0,3,9,9,0,0.561,en,1.0
DWE0qc5Evit,140,10,11.34,54.75,14.13,0.0,4.29,2.14,0.0,2.14,0,0.0,2,6,4.29,0,1,0,0.214,0.671,0.0213,0.0213,0.234,0.2128,0.1489,0.0,0.0,0.0638,0.2553,0.0426,0.0,0.71,3.57,0.71,0.0,4.99,12,11,1.27,0,0,3,0,9,5,5,0,0.916,en,1.0
DU5v6CKCn_O,79,4,8.88,67.04,11.0,0.0,1.27,1.27,0.0,1.27,0,0.0,1,1,1.27,0,0,0,0.165,0.772,0.0,0.0,0.0,0.4,0.2,0.0,0.0,0.0,0.2,0.2,0.0,0.0,0.0,0.0,0.0,0.0,1,1,0.2,0,1,0,0,0,0,0,0,,en,1.0
DWHgK_VkmUt,92,6,9.36,55.56,12.22,0.0,0.0,0.0,2.17,0.0,0,0.0,0,5,5.43,0,1,0,0.293,0.772,0.1042,0.125,0.0833,0.125,0.125,0.0208,0.0417,0.0625,0.2083,0.1042,2.17,1.09,1.09,0.0,3.26,7.61,6,6,0.84,2,0,0,1,3,6,6,0,0.883,en,1.0
DWI5bFigUef,86,5,9.5,56.84,11.48,0.0,8.14,0.0,0.0,0.0,0,0.0,0,1,1.16,0,0,0,0.221,0.721,0.0,0.0,0.24,0.2,0.14,0.0,0.0,0.1,0.32,0.0,0.0,0.0,1.16,0.0,2.33,3.49,3,3,0.53,0,1,0,0,2,3,3,0,0.926,en,1.0
DUoOpqdjEUM,93,6,10.01,50.58,12.22,0.0,4.3,0.0,1.08,0.0,1,0.167,0,1,1.08,0,0,0,0.269,0.828,0.0741,0.0741,0.037,0.1111,0.0741,0.037,0.0741,0.0741,0.3704,0.0741,0.0,0.0,0.0,0.0,1.08,1.08,9,8,1.11,4,0,0,1,4,12,12,1,0.737,en,1.0
DWCWecbj-kV,62,4,8.58,59.38,7.87,0.0,1.61,0.0,3.23,0.0,0,0.0,0,0,0.0,0,0,0,0.29,0.871,0.0,0.1,0.1,0.2,0.1,0.0,0.0,0.0,0.4,0.1,1.61,1.61,0.0,0.0,0.0,3.22,3,3,0.63,0,0,1,0,2,5,5,0,0.861,en,1.0
DUggSmvjmH0,58,4,14.02,19.06,17.86,0.0,6.9,0.0,0.0,0.0,0,0.0,0,1,1.72,0,0,0,0.431,0.879,0.0,0.0435,0.0,0.3043,0.2174,0.0,0.0435,0.0,0.3478,0.0435,1.72,0.0,3.45,0.0,0.0,5.17,5,5,0.73,2,0,0,1,2,11,11,4,0.714,en,1.0
DV_xrwzjCSH,76,6,8.01,59.92,9.27,0.0,2.63,0.0,3.95,0.0,0,0.0,0,1,1.32,0,0,0,0.382,0.816,0.0,0.0833,0.2083,0.2083,0.0833,0.0,0.0,0.0,0.375,0.0417,1.32,1.32,3.95,0.0,0.0,6.59,3,3,0.51,0,0,1,0,2,6,6,0,0.861,en,1.0
DV1RBwxDDEe,19,2,2.4,94.78,3.8,0.0,5.26,0.0,0.0,0.0,1,0.5,0,0,0.0,0,0,0,0.105,0.947,0.0,0.0,0.1429,0.0,0.1429,0.0,0.0,0.1429,0.4286,0.1429,0.0,0.0,0.0,0.0,5.26,5.26,0,0,0.0,0,0,0,0,0,5,5,0,0.669,en,1.0
DW4VErZEjmD,282,15,10.74,50.96,12.87,2.13,1.42,0.35,0.35,0.35,0,0.0,0,2,0.71,0,0,0,0.259,0.578,0.0172,0.1379,0.1034,0.2241,0.0862,0.069,0.0172,0.0172,0.2586,0.069,1.42,0.35,0.35,0.0,0.0,2.12,0,0,0.0,0,0,0,0,0,5,5,0,0.961,en,1.0
DXFDkC8EZUF,55,5,6.1,70.54,8.02,0.0,0.0,3.64,0.0,3.64,1,0.2,0,4,7.27,0,1,0,0.218,0.8,0.1667,0.1667,0.0,0.1667,0.0,0.0,0.0,0.0,0.3333,0.1667,0.0,0.0,3.64,0.0,1.82,5.46,1,1,0.23,1,0,0,0,0,5,5,0,0.812,en,1.0
DXB-DjOjmZ2,68,5,10.82,47.75,12.68,0.0,2.94,0.0,0.0,0.0,1,0.2,1,0,0.0,0,0,0,0.324,0.882,0.0385,0.0769,0.0385,0.1538,0.1154,0.0769,0.0,0.0385,0.3846,0.0769,5.88,0.0,0.0,0.0,1.47,7.35,0,0,0.0,0,0,0,0,0,5,5,0,0.87,en,1.0
DXMiL7jjXgk,98,5,11.82,44.18,11.81,0.0,1.02,0.0,2.04,0.0,0,0.0,0,1,1.02,0,0,0,0.306,0.735,0.0,0.1,0.0,0.0,0.1,0.0,0.0,0.3,0.2,0.3,1.02,0.0,0.0,0.0,3.06,4.08,1,1,0.16,1,0,0,0,0,3,3,0,0.944,en,1.0
DRFUHr8DPls,29,3,8.37,52.87,10.67,0.0,3.45,0.0,0.0,0.0,0,0.0,0,0,0.0,0,0,0,0.379,0.862,0.0,0.0,0.1667,0.1667,0.1667,0.0,0.0,0.1667,0.3333,0.0,3.45,0.0,3.45,0.0,0.0,6.9,3,3,1.12,0,0,0,0,3,6,6,1,0.694,en,1.0
DQuKrLZDCfh,306,11,14.3,41.42,16.68,0.0,1.31,0.0,0.33,0.0,0,0.0,0,0,0.0,0,0,0,0.258,0.601,0.0839,0.1097,0.0968,0.1161,0.0968,0.0516,0.0452,0.0323,0.2194,0.1484,2.94,0.0,0.0,0.0,0.65,3.59,1,1,0.05,0,0,0,0,1,5,5,0,0.973,en,1.0
DRkL8DrjBZz,134,8,13.13,33.21,15.45,0.0,7.46,0.75,0.0,0.75,0,0.0,0,0,0.0,0,0,0,0.373,0.709,0.0,0.037,0.0741,0.2593,0.2222,0.0,0.0,0.0,0.3704,0.037,0.0,0.0,0.0,0.0,0.75,0.75,1,1,0.1,0,0,0,0,1,8,8,1,0.893,en,1.0
DW69EwJESBc,216,13,11.2,45.47,12.89,0.0,0.46,0.0,0.0,0.0,2,0.154,1,1,0.46,0,1,0,0.25,0.569,0.0455,0.0682,0.0682,0.2045,0.1136,0.0909,0.0227,0.0455,0.2727,0.0682,3.7,0.0,0.46,0.93,0.93,6.02,1,1,0.07,1,0,0,0,0,5,5,1,0.964,en,1.0
DW2bF8jjNJE,181,9,11.36,49.82,14.91,0.0,0.0,0.0,0.55,0.0,1,0.111,1,3,1.66,0,1,0,0.287,0.58,0.0746,0.0896,0.0597,0.1791,0.0597,0.0746,0.0448,0.0896,0.194,0.1343,2.76,0.0,1.66,2.21,3.31,9.94,1,1,0.08,1,0,0,0,0,5,5,0,0.955,en,1.0
DVvyBh7Csmj,65,6,10.11,44.99,11.39,0.0,3.08,1.54,1.54,1.54,0,0.0,0,0,0.0,0,0,0,0.308,0.785,0.0,0.0476,0.1429,0.2381,0.1429,0.0,0.0,0.0952,0.3333,0.0,1.54,0.0,6.15,0.0,0.0,7.69,1,1,0.23,0,0,0,0,1,0,0,0,,en,1.0
DWBU3t0ilGW,88,8,6.62,69.75,9.11,0.0,1.14,9.09,1.14,9.09,4,0.5,3,0,0.0,0,0,0,0.159,0.682,0.0909,0.0,0.0909,0.0909,0.2727,0.0,0.0,0.0909,0.3636,0.0,0.0,0.0,2.27,0.0,0.0,2.27,0,0,0.0,0,0,0,0,0,0,0,0,,en,1.0
DWD7q9hijMg,9,3,3.21,80.07,6.24,0.0,0.0,0.0,0.0,0.0,0,0.0,0,0,0.0,0,0,0,0.111,0.778,0.0,0.0,0.0,0.0,0.0,0.0,0.0,0.0,1.0,0.0,0.0,0.0,0.0,0.0,0.0,0.0,0,0,0.0,0,0,0,0,0,0,0,0,,en,1.0
DVyHG_Jijrz,66,6,10.05,45.79,11.37,0.0,3.03,1.52,1.52,1.52,0,0.0,0,0,0.0,0,0,0,0.318,0.788,0.0,0.0476,0.1429,0.2381,0.1429,0.0,0.0,0.0952,0.3333,0.0,1.52,0.0,6.06,0.0,0.0,7.58,1,1,0.22,0,0,0,0,1,0,0,0,,en,1.0
DTibOjAjHCe,176,11,10.25,52.55,13.17,0.0,0.0,0.0,0.0,0.0,0,0.0,0,1,0.57,0,1,0,0.227,0.665,0.0323,0.0645,0.0968,0.0968,0.2581,0.0323,0.0,0.0968,0.2258,0.0968,0.57,0.0,0.0,0.0,0.0,0.57,1,1,0.09,0,0,0,0,1,5,5,1,0.93,en,1.0
DV0so-eCkJk,77,9,8.45,51.37,10.12,0.0,2.6,0.0,1.3,0.0,0,0.0,0,0,0.0,0,0,0,0.286,0.779,0.0,0.04,0.2,0.24,0.16,0.0,0.0,0.04,0.32,0.0,1.3,0.0,5.19,0.0,0.0,6.49,5,4,0.84,0,1,0,0,4,0,0,0,,en,1.0
DRhp-g_DJMg,139,9,14.24,34.21,15.31,0.0,6.47,0.0,0.0,0.0,1,0.111,0,0,0.0,0,0,0,0.36,0.719,0.0312,0.0312,0.0938,0.25,0.1562,0.0625,0.0,0.0312,0.3125,0.0312,2.16,0.0,0.72,0.0,1.44,4.32,1,1,0.1,0,0,0,0,1,8,8,1,0.885,en,1.0
DUJVGkOjxSn,22,8,3.28,81.65,4.62,4.55,0.0,4.55,0.0,4.55,0,0.0,1,0,0.0,0,0,0,0.182,0.909,0.0,0.0,0.0,0.0,1.0,0.0,0.0,0.0,0.0,0.0,0.0,0.0,0.0,0.0,0.0,0.0,3,3,1.11,1,0,0,1,1,8,8,1,0.544,en,1.0
DVimfKujWUT,32,5,4.86,71.95,6.28,0.0,6.25,3.12,0.0,3.12,3,0.6,1,1,3.12,0,1,0,0.219,0.844,0.0,0.0,0.0,0.25,0.25,0.0,0.0,0.0,0.5,0.0,0.0,0.0,3.12,0.0,0.0,3.12,0,0,0.0,0,0,0,0,0,4,4,0,0.773,en,1.0
DQ4iGjBjLUz,45,3,13.07,28.05,18.44,0.0,0.0,0.0,2.22,0.0,1,0.333,2,0,0.0,0,0,0,0.444,0.889,0.0,0.0,0.0,0.5,0.25,0.0,0.0,0.0,0.25,0.0,2.22,0.0,0.0,2.22,4.44,8.88,1,1,0.24,0,1,0,0,0,0,0,0,,en,1.0
DRP35sUjLR6,47,6,11.35,33.74,12.5,0.0,4.26,2.13,0.0,2.13,1,0.167,0,1,2.13,0,0,0,0.34,0.915,0.0,0.2,0.0,0.0,0.4,0.0,0.0,0.2,0.0,0.2,0.0,0.0,2.13,2.13,0.0,4.26,1,1,0.33,0,0,0,0,1,0,0,0,,en,1.0
DQ87jsuDEw5,26,1,10.89,63.31,15.02,0.0,0.0,0.0,0.0,0.0,0,0.0,0,0,0.0,0,0,0,0.231,0.846,0.1429,0.0,0.1429,0.1429,0.1429,0.0,0.1429,0.1429,0.1429,0.0,0.0,0.0,0.0,0.0,0.0,0.0,1,1,0.67,1,0,0,0,0,0,0,0,,en,1.0
DWURr-cDbzB,3,1,,,,0.0,0.0,33.33,0.0,33.33,1,1.0,0,0,0.0,0,0,0,0.0,1.0,0.0,0.0,0.0,0.0,0.0,0.0,0.0,0.0,0.0,0.0,0.0,0.0,0.0,0.0,0.0,0.0,0,0,0.0,0,0,0,0,0,5,5,0,0.189,en,1.0
DTamIGPCnjn,38,3,14.5,13.65,17.7,0.0,0.0,0.0,0.0,0.0,0,0.0,0,0,0.0,0,0,0,0.474,0.789,0.0,0.0,0.1,0.4,0.1,0.0,0.0,0.0,0.4,0.0,0.0,0.0,0.0,0.0,0.0,0.0,1,1,0.3,0,0,0,0,1,0,0,0,,en,1.0
DVen7U1DDSX,63,4,7.58,68.3,8.78,0.0,6.35,0.0,3.17,0.0,0,0.0,1,0,0.0,0,0,0,0.27,0.841,0.0,0.0588,0.1765,0.1176,0.1765,0.0294,0.0,0.0588,0.3235,0.0588,1.59,1.59,0.0,0.0,1.59,4.77,3,3,0.62,0,1,1,0,1,6,6,0,0.817,en,1.0
DVl64BGCPgg,53,3,13.57,27.49,13.87,0.0,0.0,0.0,0.0,0.0,0,0.0,0,0,0.0,0,0,0,0.264,0.887,0.0,0.0,0.1765,0.2353,0.2353,0.0,0.0,0.0588,0.2941,0.0,1.89,0.0,0.0,0.0,5.66,7.55,2,2,0.44,1,0,0,0,1,6,6,0,0.817,en,1.0
DWW44aTDSt2,225,10,11.52,52.18,12.87,0.0,2.22,0.0,4.0,0.0,0,0.0,0,0,0.0,0,0,0,0.253,0.604,0.0517,0.0,0.1379,0.1034,0.1379,0.0,0.0517,0.0345,0.4483,0.0345,0.44,0.0,2.67,0.0,0.0,3.11,1,1,0.07,1,0,0,0,0,5,5,0,0.949,en,1.0
DWouAPSEVB9,296,18,11.18,44.39,13.07,0.0,1.01,0.0,0.68,0.0,1,0.056,1,7,2.36,1,1,0,0.348,0.605,0.0978,0.1304,0.0217,0.0761,0.0761,0.087,0.0652,0.0326,0.1957,0.2174,3.38,0.0,1.01,0.68,2.03,7.1,0,0,0.0,0,0,0,0,0,5,5,1,0.964,en,1.0
DWl7H61DbCB,129,9,9.36,53.86,11.32,0.0,0.0,0.0,0.0,0.0,1,0.111,0,3,2.33,0,1,0,0.248,0.682,0.1034,0.1034,0.0345,0.0345,0.0,0.069,0.069,0.1034,0.2414,0.2414,0.78,0.0,0.78,0.78,0.78,3.12,1,1,0.11,1,0,0,0,0,5,5,1,0.928,en,1.0
DRj_EEGDNma,91,5,10.7,50.39,13.87,0.0,3.3,0.0,0.0,0.0,0,0.0,0,1,1.1,0,0,0,0.308,0.714,0.0526,0.0,0.1579,0.1579,0.1579,0.0526,0.0526,0.0526,0.2632,0.0526,0.0,0.0,2.2,0.0,0.0,2.2,1,1,0.18,1,0,0,0,0,0,0,0,,en,1.0
DWhFSe_Epwk,62,4,11.68,47.51,14.69,0.0,0.0,1.61,0.0,1.61,1,0.25,1,0,0.0,0,0,0,0.29,0.742,0.0833,0.125,0.0417,0.125,0.0417,0.1667,0.0417,0.0,0.25,0.125,3.23,0.0,0.0,1.61,3.23,8.07,0,0,0.0,0,0,0,0,0,5,5,0,0.862,en,1.0
DV1dpcLjf4m,87,5,8.82,62.48,10.6,0.0,2.3,0.0,1.15,0.0,1,0.2,0,1,1.15,0,0,0,0.195,0.793,0.0,0.0,0.3333,0.0,0.1333,0.0,0.0,0.0,0.5333,0.0,0.0,1.15,2.3,0.0,1.15,4.6,2,2,0.33,1,0,1,0,0,6,6,0,0.844,en,1.0
DWaZbb-D-L5,151,9,10.37,54.33,12.05,0.0,1.99,0.0,0.0,0.0,1,0.111,1,2,1.32,0,1,0,0.311,0.702,0.0408,0.0408,0.0816,0.2041,0.1633,0.0204,0.0,0.0204,0.3469,0.0816,4.64,0.0,0.66,0.0,2.65,7.95,0,0,0.0,0,0,0,0,0,5,5,0,0.934,en,1.0
DVqo_9BgVKV,119,6,11.68,46.04,13.61,0.0,0.84,0.0,5.88,0.0,0,0.0,0,0,0.0,0,0,0,0.311,0.714,0.0,0.093,0.093,0.2093,0.1163,0.0,0.0,0.0465,0.3953,0.0465,1.68,0.0,1.68,0.0,0.84,4.2,2,2,0.23,1,0,1,0,0,6,6,0,0.905,en,1.0
DWsMJvfjOo5,95,7,7.56,67.26,9.98,0.0,0.0,0.0,0.0,0.0,1,0.143,1,1,1.05,0,1,0,0.189,0.747,0.0,0.0,0.2,0.1333,0.0667,0.0667,0.0667,0.0667,0.3333,0.0667,3.16,2.11,0.0,0.0,1.05,6.32,2,2,0.33,1,0,1,0,0,5,5,0,0.9,en,1.0
DVtwG76oLp5,99,6,10.23,49.63,13.93,0.0,4.04,1.01,1.01,1.01,1,0.167,0,0,0.0,0,0,0,0.242,0.737,0.0,0.0,0.1613,0.2258,0.1935,0.0,0.0,0.0,0.4194,0.0,0.0,1.01,0.0,0.0,0.0,1.01,3,3,0.42,1,0,0,1,1,7,7,0,0.848,en,1.0
DVqcuKHmK2G,55,4,7.17,67.28,7.56,0.0,3.64,5.45,0.0,5.45,0,0.0,1,0,0.0,0,0,0,0.164,0.873,0.0,0.0,0.0909,0.3636,0.0909,0.0,0.0,0.0,0.3636,0.0909,0.0,0.0,1.82,0.0,0.0,1.82,3,3,0.68,0,0,0,1,2,6,6,0,0.796,en,1.0
DRKInR5DE1a,93,4,13.52,39.51,15.32,0.0,5.38,0.0,0.0,0.0,0,0.0,0,0,0.0,0,0,0,0.333,0.763,0.05,0.05,0.15,0.2,0.15,0.0,0.0,0.05,0.35,0.0,0.0,0.0,4.3,1.08,2.15,7.53,1,1,0.16,0,0,0,0,1,0,0,1,,en,1.0
DUDf5d4DUm_,38,3,9.31,52.65,12.3,0.0,0.0,2.63,0.0,2.63,1,0.333,0,4,10.53,0,0,0,0.316,0.921,0.0,0.0,0.0,0.0,0.3333,0.0,0.0,0.0,0.6667,0.0,0.0,0.0,2.63,0.0,0.0,2.63,1,1,0.39,1,0,0,0,0,0,0,1,,en,1.0
DVjdARTD6tT,119,6,9.11,63.62,11.81,0.0,1.68,1.68,1.68,1.68,1,0.167,0,5,4.2,0,0,0,0.176,0.849,0.04,0.08,0.12,0.16,0.16,0.04,0.0,0.12,0.24,0.04,1.68,0.84,0.0,0.0,1.68,4.2,5,4,0.62,3,0,0,0,2,7,7,0,0.897,en,1.0
DVyJnZlDMPe,15,1,9.14,56.25,8.67,0.0,6.67,6.67,0.0,6.67,1,1.0,0,0,0.0,0,0,0,0.267,1.0,0.0,0.0,0.2727,0.1818,0.1818,0.0,0.0,0.0909,0.2727,0.0,6.67,0.0,0.0,0.0,6.67,13.34,0,0,0.0,0,0,0,0,0,5,5,0,0.69,en,1.0
DVmCpq8jAER,9,1,4.96,75.5,3.6,0.0,11.11,0.0,0.0,0.0,0,0.0,0,0,0.0,0,0,0,0.333,1.0,0.0,0.0,0.0,0.0,0.0,0.0,0.0,0.0,0.0,0.0,0.0,0.0,0.0,0.0,0.0,0.0,0,0,0.0,0,0,0,0,0,5,5,0,0.515,en,1.0
DWWv0b4kmFB,318,15,14.79,28.21,19.06,0.63,0.0,0.0,0.0,0.0,1,0.067,1,10,3.14,1,1,0,0.371,0.472,0.0,0.05,0.05,0.1167,0.0833,0.0,0.0,0.05,0.6,0.05,1.57,0.0,0.31,0.0,0.63,2.51,0,0,0.0,0,0,0,0,0,5,5,0,0.975,en,1.0
DReQDwTDOOM,53,6,7.72,56.02,8.76,0.0,1.89,3.77,1.89,3.77,3,0.5,0,2,3.77,0,1,0,0.226,0.868,0.2,0.0,0.0,0.2,0.0,0.2,0.0,0.0,0.2,0.2,0.0,0.0,3.77,0.0,0.0,3.77,0,0,0.0,0,0,0,0,0,0,0,0,,en,1.0
DSvNTG6DxNi,38,8,5.49,75.9,8.06,2.63,0.0,2.63,0.0,2.63,0,0.0,0,0,0.0,0,0,0,0.132,0.895,0.0,0.0,0.25,0.25,0.25,0.0,0.0,0.0,0.25,0.0,0.0,0.0,0.0,0.0,0.0,0.0,5,5,1.19,2,0,1,1,1,11,11,2,0.61,en,1.0
DVrBQE7jEWE,13,2,4.19,76.59,5.68,0.0,0.0,7.69,0.0,7.69,0,0.0,0,0,0.0,0,0,0,0.231,1.0,0.0,0.0,0.0,0.0,0.0,0.5,0.0,0.0,0.5,0.0,0.0,0.0,0.0,0.0,0.0,0.0,0,0,0.0,0,0,0,0,0,5,5,0,0.583,en,1.0
DVwVD1GjiEL,81,4,11.23,49.72,12.46,0.0,0.0,0.0,0.0,0.0,1,0.25,1,0,0.0,0,0,0,0.309,0.815,0.0385,0.0769,0.1923,0.1154,0.1538,0.0,0.0385,0.0,0.3846,0.0,1.23,1.23,0.0,0.0,2.47,4.93,3,3,0.48,2,0,1,0,0,6,6,0,0.857,en,1.0
DVy5ucnCAYI,77,5,7.89,65.95,9.28,0.0,2.6,0.0,0.0,0.0,0,0.0,0,0,0.0,0,0,0,0.169,0.805,0.129,0.0645,0.129,0.0968,0.0968,0.0,0.0323,0.0323,0.2903,0.129,0.0,1.3,0.0,0.0,7.79,9.09,4,4,0.72,1,0,0,0,3,6,6,0,0.859,en,1.0
DS0W5kkD2zk,80,6,7.02,70.57,8.56,0.0,3.75,3.75,0.0,3.75,0,0.0,0,9,11.25,0,1,0,0.225,0.775,0.0,0.0,0.1176,0.2941,0.1176,0.0,0.0,0.0,0.4118,0.0588,0.0,0.0,2.5,0.0,2.5,5.0,6,6,0.91,2,0,1,0,3,8,8,0,0.795,en,1.0
DVthvBkjAAF,5,1,5.24,66.4,2.0,20.0,0.0,0.0,0.0,0.0,0,0.0,0,0,0.0,0,0,0,0.4,1.0,0.0,0.0,0.0,0.0,0.0,0.0,0.0,0.0,1.0,0.0,0.0,0.0,0.0,0.0,0.0,0.0,1,1,1.16,0,0,1,0,0,5,5,0,0.349,en,1.0
DU-ncR0jTOc,40,4,7.98,56.12,9.95,0.0,7.5,7.5,0.0,7.5,0,0.0,0,1,2.5,0,0,0,0.35,0.95,0.0,0.0,0.0,0.0,0.2,0.0,0.0,0.0,0.8,0.0,0.0,0.0,7.5,2.5,0.0,10.0,1,1,0.3,1,0,0,0,0,5,5,0,0.793,en,1.0
DS8FQVIjdpH,75,6,9.69,51.22,11.32,0.0,2.67,1.33,0.0,1.33,0,0.0,0,0,0.0,0,0,0,0.293,0.76,0.0,0.0571,0.0857,0.1429,0.1429,0.0,0.0286,0.0286,0.4571,0.0571,1.33,0.0,2.67,2.67,0.0,6.67,12,10,1.78,3,0,1,3,5,7,7,2,0.812,en,1.0
DTGYcjdjeVp,65,4,10.59,47.16,10.74,0.0,0.0,0.0,0.0,0.0,0,0.0,0,0,0.0,0,0,0,0.338,0.831,0.0526,0.1053,0.0526,0.1579,0.1053,0.1053,0.0,0.0,0.3158,0.1053,0.0,0.0,4.62,0.0,1.54,6.16,6,6,0.99,2,0,0,2,2,9,9,0,0.706,en,1.0
DS-qEVPADma,19,2,4.24,82.48,4.0,0.0,0.0,5.26,0.0,5.26,0,0.0,0,1,5.26,0,1,0,0.211,0.895,0.0,0.0,0.0,0.0,0.0,0.0,0.0,0.0,1.0,0.0,5.26,0.0,0.0,0.0,0.0,5.26,6,5,2.4,2,0,0,0,4,7,7,1,0.556,en,1.0
DTBO21Djf01,18,7,1.47,97.0,2.8,5.56,0.0,5.56,0.0,5.56,0,0.0,0,0,0.0,0,0,0,0.111,0.944,0.0,0.0,0.1667,0.1667,0.1667,0.1667,0.0,0.0,0.1667,0.1667,0.0,0.0,0.0,0.0,0.0,0.0,5,4,2.07,2,0,1,1,1,8,8,1,0.444,en,1.0
DTgIY48D2Bx,60,4,13.26,25.83,14.08,0.0,3.33,0.0,0.0,0.0,0,0.0,0,0,0.0,0,0,0,0.417,0.9,0.0,0.0455,0.0,0.2727,0.0909,0.0,0.0,0.0,0.5455,0.0455,0.0,0.0,5.0,1.67,1.67,8.34,8,8,1.39,2,0,0,1,5,6,6,1,0.807,en,1.0
DTYZ__3jMEy,47,4,11.98,29.64,16.77,0.0,2.13,0.0,2.13,0.0,0,0.0,0,1,2.13,0,0,0,0.404,0.894,0.0,0.0,0.0,0.3333,0.25,0.0,0.0,0.0,0.4167,0.0,0.0,0.0,2.13,0.0,0.0,2.13,5,5,0.88,1,0,0,1,3,8,8,3,0.731,en,1.0
DTOG1rZj1Wf,38,3,14.81,11.42,19.8,0.0,2.63,0.0,2.63,0.0,0,0.0,0,0,0.0,0,0,0,0.579,0.868,0.0,0.0,0.0,0.25,0.0,0.0,0.0,0.0,0.75,0.0,10.53,0.0,2.63,0.0,0.0,13.16,5,5,0.88,3,0,0,1,1,9,9,4,0.703,en,1.0
DT8Hxp4DMQV,100,4,19.27,16.87,23.37,0.0,2.0,0.0,3.0,0.0,0,0.0,0,0,0.0,0,0,0,0.32,0.7,0.0,0.087,0.0435,0.1739,0.087,0.1304,0.0435,0.087,0.1304,0.2174,1.0,0.0,0.0,1.0,0.0,2.0,2,2,0.27,0,0,0,0,2,6,6,1,0.892,en,1.0
DTTQcXSDwcQ,26,7,5.33,76.46,8.04,3.85,0.0,7.69,0.0,7.69,0,0.0,0,0,0.0,0,0,0,0.154,0.923,0.0,0.0,0.25,0.25,0.25,0.0,0.0,0.0,0.25,0.0,0.0,0.0,0.0,0.0,0.0,0.0,4,4,1.29,1,0,0,1,2,8,8,2,0.587,en,1.0
DTlR_2oEp9y,22,7,6.93,61.4,10.27,4.55,0.0,0.0,4.55,0.0,0,0.0,0,0,0.0,0,0,0,0.182,1.0,0.0,0.0,0.0,0.0,0.5,0.0,0.0,0.0,0.5,0.0,0.0,0.0,0.0,0.0,0.0,0.0,4,4,1.42,1,0,0,1,2,8,8,1,0.562,en,1.0
DU59lkXjDeX,171,8,16.77,16.79,19.37,0.0,0.0,0.0,0.58,0.0,0,0.0,0,1,0.58,0,1,0,0.398,0.643,0.0,0.0,0.1053,0.1579,0.0789,0.0263,0.0,0.0263,0.5789,0.0263,0.58,0.0,1.17,0.0,0.58,2.33,2,2,0.16,0,0,0,1,1,5,5,1,0.942,en,1.0
DUlV2iNCOB0,171,12,11.06,43.95,13.68,0.0,0.58,0.58,0.58,0.58,0,0.0,0,3,1.75,0,1,0,0.404,0.754,0.0943,0.1132,0.0,0.0943,0.1132,0.0943,0.0189,0.0,0.2642,0.2075,1.17,0.58,0.0,0.0,0.0,1.75,2,2,0.16,0,0,0,0,2,5,5,2,0.931,en,1.0
DUGbxzVDE1m,205,8,17.13,25.72,19.24,0.0,0.98,0.0,0.0,0.0,0,0.0,0,6,2.93,0,1,0,0.395,0.717,0.0444,0.1111,0.0889,0.1333,0.1111,0.0222,0.0222,0.0889,0.2889,0.0889,1.46,0.0,0.49,0.49,1.46,3.9,3,3,0.19,0,0,0,1,2,5,5,3,0.066,en,1.0
DSGA6a6gTQ3,63,5,12.77,25.25,14.72,0.0,4.76,0.0,0.0,0.0,1,0.2,0,0,0.0,0,0,0,0.381,0.857,0.0625,0.1875,0.0,0.1875,0.0625,0.0,0.0,0.0,0.375,0.125,6.35,0.0,4.76,0.0,0.0,11.11,5,5,0.75,1,0,0,2,2,11,10,2,0.709,en,1.0
DVJlhV9DD_m,21,1,9.46,64.66,12.21,0.0,4.76,0.0,0.0,0.0,0,0.0,0,0,0.0,0,0,0,0.286,1.0,0.0909,0.1818,0.1818,0.0909,0.1818,0.0,0.0,0.0,0.1818,0.0909,0.0,0.0,0.0,0.0,0.0,0.0,1,1,0.6,0,1,0,0,0,5,5,0,0.708,en,1.0
DWOuG89jwy0,151,9,13.17,33.37,15.51,0.0,0.66,0.0,0.66,0.0,1,0.111,1,1,0.66,0,0,0,0.371,0.603,0.0,0.0227,0.0455,0.1818,0.25,0.0,0.0,0.0455,0.4318,0.0227,1.32,0.0,0.0,0.0,1.32,2.64,0,0,0.0,0,0,0,0,0,5,5,0,0.927,en,1.0
DVWk_muDRUJ,143,8,8.85,62.78,11.0,0.0,1.4,0.0,2.8,0.0,0,0.0,0,0,0.0,0,0,0,0.231,0.699,0.0,0.1,0.15,0.1,0.075,0.0,0.0,0.125,0.35,0.1,1.4,0.0,0.7,0.0,4.2,6.3,6,6,0.62,2,0,2,0,2,5,5,0,0.926,en,1.0
DVCCqirFE2-,110,9,7.41,65.11,8.66,0.0,7.27,1.82,0.0,1.82,3,0.333,1,11,10.0,0,0,0,0.236,0.727,0.1,0.1,0.0,0.0,0.1,0.1,0.1,0.1,0.2,0.2,0.0,0.0,0.0,0.0,1.82,1.82,13,11,1.66,4,0,0,0,9,6,6,0,0.895,en,1.0
DVBDGWRjKFU,24,2,7.77,60.71,9.8,0.0,4.17,0.0,0.0,0.0,1,0.5,0,0,0.0,0,0,0,0.25,0.875,0.0,0.1429,0.2857,0.1429,0.1429,0.0,0.0,0.0,0.2857,0.0,0.0,0.0,0.0,0.0,4.17,4.17,0,0,0.0,0,0,0,0,0,5,5,0,0.717,en,1.0
DVeTYKBDDi-,124,14,6.82,70.73,8.09,0.0,0.0,0.81,0.0,0.81,0,0.0,0,0,0.0,0,0,0,0.234,0.726,0.0244,0.0488,0.122,0.1707,0.0976,0.0732,0.0244,0.122,0.2195,0.0976,2.42,0.0,0.81,0.0,4.84,8.07,2,2,0.23,0,0,1,0,1,6,6,0,0.888,en,1.0
DRwcckvjYNV,70,7,6.0,72.55,7.5,0.0,4.29,4.29,1.43,4.29,3,0.429,0,0,0.0,0,0,0,0.186,0.786,0.0,0.0,0.1053,0.2105,0.1579,0.0,0.0,0.1053,0.3684,0.0526,4.29,0.0,1.43,0.0,2.86,8.58,9,8,1.6,2,0,2,2,3,8,7,1,0.077,en,1.0
DR5IqOsiJb_,71,9,7.29,72.16,9.63,1.41,0.0,1.41,1.41,1.41,0,0.0,0,0,0.0,0,0,0,0.225,0.901,0.0952,0.1429,0.0952,0.0952,0.1429,0.0,0.0952,0.0476,0.1429,0.1429,0.0,1.41,0.0,0.0,1.41,2.82,6,5,1.04,2,0,0,1,3,10,10,1,0.729,en,1.0
DVZeWt7AodX,132,7,13.55,30.73,16.67,0.0,3.03,0.0,3.03,0.0,0,0.0,0,0,0.0,0,0,0,0.303,0.735,0.0196,0.0784,0.1569,0.2549,0.1176,0.0,0.0196,0.0392,0.3137,0.0,6.06,0.0,0.76,0.0,1.52,8.34,6,4,0.61,3,0,1,0,2,6,6,0,0.901,en,1.0
DV99gHxDCdy,51,5,5.94,71.01,8.01,0.0,0.0,1.96,0.0,1.96,0,0.0,1,1,1.96,0,0,0,0.255,0.804,0.0,0.2,0.0,0.0,0.2,0.0,0.0,0.2,0.4,0.0,0.0,0.0,0.0,0.0,0.0,0.0,1,1,0.26,1,0,0,0,0,5,5,0,0.829,en,1.0
DVZJxG8gdBv,108,14,7.47,60.4,9.9,0.0,2.78,0.0,0.0,0.0,0,0.0,0,0,0.0,0,0,0,0.306,0.824,0.04,0.1,0.06,0.2,0.1,0.06,0.04,0.08,0.22,0.1,1.85,0.0,0.93,0.93,3.7,7.41,2,2,0.25,0,0,0,0,2,7,7,0,0.878,en,1.0
DVHILyij3Ej,106,5,12.04,46.13,11.83,0.0,1.89,0.0,2.83,0.0,0,0.0,0,2,1.89,0,0,0,0.274,0.774,0.0,0.0,0.2105,0.1579,0.1053,0.0,0.0526,0.1053,0.3158,0.0526,0.0,0.0,0.0,0.0,0.94,0.94,3,3,0.38,2,0,1,0,0,6,6,0,0.884,en,1.0
DRz_BrsjG0U,64,4,9.7,52.67,11.35,0.0,1.56,0.0,1.56,0.0,0,0.0,1,0,0.0,0,0,0,0.266,0.859,0.0,0.0,0.0833,0.3333,0.0833,0.0,0.0,0.0,0.5,0.0,0.0,0.0,1.56,0.0,1.56,3.12,6,6,1.07,2,0,0,1,3,8,8,0,0.749,en,1.0
DSiVUl0gTF5,80,7,7.75,59.88,10.07,0.0,7.5,2.5,0.0,2.5,0,0.0,2,1,1.25,0,0,0,0.275,0.812,0.0556,0.0556,0.0556,0.1667,0.1667,0.0,0.0556,0.0,0.4444,0.0,0.0,0.0,1.25,0.0,0.0,1.25,5,5,0.79,2,1,0,1,1,7,7,0,0.791,en,1.0
DSQTzsPDRJ6,40,4,9.55,44.41,11.0,0.0,2.5,0.0,0.0,0.0,0,0.0,0,0,0.0,0,0,0,0.25,0.925,0.0,0.0,0.0,0.3333,0.1667,0.0,0.0,0.0,0.5,0.0,0.0,0.0,2.5,0.0,0.0,2.5,4,4,0.88,2,0,0,0,2,8,8,3,0.665,en,1.0
DSdLvtCiO9N,19,7,3.07,86.42,3.0,5.26,0.0,10.53,0.0,10.53,0,0.0,1,0,0.0,0,0,0,0.158,0.895,0.0,0.0,0.0,0.0,1.0,0.0,0.0,0.0,0.0,0.0,0.0,0.0,0.0,0.0,0.0,0.0,3,3,1.05,1,0,0,1,1,10,10,2,0.491,en,1.0
DVT5VGnDVSk,189,15,6.96,67.02,8.6,0.0,1.59,0.0,5.82,0.0,1,0.067,0,0,0.0,0,0,0,0.243,0.656,0.0377,0.0566,0.1132,0.1887,0.1321,0.0377,0.0189,0.0566,0.2642,0.0943,2.65,0.53,1.06,0.0,3.7,7.94,1,1,0.08,1,0,0,0,0,6,6,0,0.926,en,1.0
DSqDr_mAgXH,59,7,7.16,60.65,8.71,0.0,3.39,3.39,1.69,3.39,2,0.286,0,0,0.0,0,0,0,0.288,0.949,0.0,0.0,0.1667,0.1667,0.1667,0.0,0.0,0.0417,0.4583,0.0,1.69,0.0,3.39,0.0,0.0,5.08,13,11,2.38,4,0,2,2,5,8,8,1,0.762,en,1.0
DSLMZorAZyc,17,7,5.1,70.08,5.68,5.88,0.0,5.88,5.88,5.88,1,0.143,0,0,0.0,0,0,0,0.118,0.882,0.0,0.0,0.0,0.0,0.6667,0.0,0.0,0.0,0.3333,0.0,0.0,0.0,0.0,0.0,0.0,0.0,4,4,1.43,1,0,0,1,2,9,9,2,0.516,en,1.0
DVv5Vyeje89,191,9,12.39,43.81,14.34,0.0,1.05,0.0,0.52,0.0,0,0.0,0,4,2.09,0,1,0,0.309,0.602,0.0448,0.0597,0.1045,0.1791,0.0896,0.0448,0.0149,0.0597,0.3134,0.0896,3.66,0.0,1.05,0.0,3.66,8.37,0,0,0.0,0,0,0,0,0,5,5,1,0.946,en,1.0
DR-SMDzDZx2,77,4,12.0,42.84,14.44,0.0,3.9,0.0,2.6,0.0,0,0.0,0,0,0.0,0,0,0,0.377,0.753,0.0,0.0,0.0588,0.2353,0.1176,0.0,0.0,0.0588,0.5294,0.0,1.3,0.0,2.6,0.0,0.0,3.9,5,5,0.68,2,0,0,1,2,9,9,2,0.762,en,1.0
DSYCJfoj4ik,63,3,12.27,42.72,14.0,0.0,6.35,0.0,4.76,0.0,0,0.0,0,1,1.59,0,0,0,0.27,0.873,0.1111,0.1111,0.0,0.0,0.0,0.0,0.0,0.1111,0.5556,0.1111,3.17,0.0,0.0,0.0,0.0,3.17,5,4,0.83,2,0,0,0,3,7,7,4,0.799,en,1.0
DVavhOlDFHe,24,2,8.27,57.18,11.47,0.0,4.17,0.0,0.0,0.0,1,0.5,0,0,0.0,0,0,0,0.333,0.917,0.0,0.1111,0.2222,0.2222,0.1111,0.0,0.0,0.1111,0.2222,0.0,0.0,0.0,0.0,0.0,4.17,4.17,0,0,0.0,0,0,0,0,0,5,5,0,0.741,en,1.0
DRsQo-BARQL,79,7,7.06,66.68,9.8,0.0,3.8,0.0,1.27,0.0,0,0.0,1,0,0.0,0,0,0,0.203,0.785,0.0435,0.0435,0.1304,0.0435,0.1304,0.0435,0.0,0.087,0.3913,0.087,0.0,2.53,0.0,0.0,1.27,3.8,5,5,0.79,2,0,0,1,2,8,8,3,0.722,en,1.0
DXtaDoijIT_,101,7,8.86,56.98,10.11,0.0,0.0,0.0,4.95,0.0,0,0.0,0,0,0.0,0,0,0,0.267,0.792,0.0385,0.0385,0.1538,0.1538,0.0385,0.0385,0.0385,0.0385,0.4231,0.0385,0.99,0.0,0.0,0.0,0.0,0.99,1,1,0.16,1,0,0,0,0,0,0,0,,en,1.0
DVO3p9GDGew,41,2,7.25,78.67,9.0,0.0,7.32,2.44,4.88,2.44,0,0.0,0,0,0.0,0,0,0,0.073,0.927,0.0,0.1667,0.0,0.1667,0.1667,0.0,0.0,0.0,0.5,0.0,2.44,0.0,0.0,0.0,0.0,2.44,0,0,0.0,0,0,0,0,0,5,5,0,0.785,en,1.0
DWAqKGpkuSD,315,18,13.05,34.19,17.08,0.0,1.27,0.0,0.32,0.0,1,0.056,1,4,1.27,0,1,0,0.359,0.556,0.0678,0.0678,0.0508,0.1356,0.0678,0.0339,0.0169,0.0847,0.322,0.1525,0.63,0.32,0.95,0.0,3.17,5.07,0,0,0.0,0,0,0,0,0,4,4,0,0.977,en,1.0
DWFHDlUj2ZX,224,15,11.02,44.2,14.46,0.0,0.0,0.0,0.0,0.0,1,0.067,2,3,1.34,0,0,0,0.335,0.531,0.0444,0.0889,0.0222,0.1778,0.0,0.0222,0.0222,0.0667,0.4222,0.1333,0.89,0.89,0.0,0.0,1.34,3.12,0,0,0.0,0,0,0,0,0,5,5,0,0.957,en,1.0
DV7XJOljNi_,42,4,10.1,47.6,11.31,0.0,0.0,0.0,0.0,0.0,1,0.25,1,1,2.38,0,1,0,0.333,0.881,0.1667,0.1667,0.0,0.0833,0.0,0.1667,0.0833,0.0,0.1667,0.1667,4.76,0.0,0.0,2.38,4.76,11.9,0,0,0.0,0,0,0,0,0,5,5,0,0.811,en,1.0
DWCI-u-Ee46,85,5,10.61,49.24,11.98,0.0,0.0,0.0,0.0,0.0,1,0.2,0,1,1.18,0,0,0,0.294,0.741,0.0,0.0909,0.2273,0.1364,0.1364,0.0,0.0,0.0455,0.3636,0.0,1.18,0.0,0.0,0.0,2.35,3.53,0,0,0.0,0,0,0,0,0,5,5,1,0.896,en,1.0
DXJ6PfWFpCF,47,5,7.66,56.89,13.12,0.0,4.26,0.0,0.0,0.0,1,0.2,0,0,0.0,0,0,0,0.255,0.809,0.0,0.0,0.1,0.3,0.1,0.0,0.0,0.0,0.5,0.0,0.0,0.0,0.0,0.0,0.0,0.0,0,0,0.0,0,0,0,0,0,1,1,0,0.947,en,1.0
DXUHBZnltwo,45,5,9.93,50.61,13.11,0.0,0.0,0.0,0.0,0.0,0,0.0,0,0,0.0,0,0,0,0.244,0.889,0.0,0.0,0.2,0.2,0.0,0.0,0.0,0.0,0.6,0.0,2.22,0.0,0.0,0.0,4.44,6.66,0,0,0.0,0,0,0,0,0,1,1,0,0.948,en,1.0
DWHfqggD7KW,282,16,14.17,26.1,17.95,0.0,0.71,0.0,1.77,0.0,1,0.062,1,0,0.0,0,0,0,0.426,0.642,0.0909,0.1169,0.0,0.0909,0.013,0.0649,0.039,0.0519,0.3506,0.1818,3.19,0.0,0.71,0.71,2.13,6.74,0,0,0.0,0,0,0,0,0,5,5,0,0.969,en,1.0
DXMYTYjlr_q,47,4,6.57,68.91,8.96,0.0,2.13,0.0,0.0,0.0,1,0.25,0,0,0.0,0,0,0,0.17,0.83,0.0,0.0,0.0,0.0,0.3333,0.3333,0.0,0.0,0.3333,0.0,0.0,0.0,0.0,0.0,0.0,0.0,0,0,0.0,0,0,0,0,0,1,1,0,0.945,en,1.0
DXQx2jFFrjg,48,3,6.88,74.27,9.73,0.0,0.0,0.0,2.08,0.0,0,0.0,0,0,0.0,0,0,0,0.125,0.75,0.0,0.0833,0.0,0.0,0.3333,0.0,0.0,0.0833,0.3333,0.1667,0.0,0.0,0.0,0.0,2.08,2.08,0,0,0.0,0,0,0,0,0,1,1,0,0.943,en,1.0
DXG8IUMDeZj,106,7,11.02,43.02,15.49,0.0,2.83,0.0,0.0,0.0,1,0.143,0,0,0.0,0,0,0,0.311,0.736,0.0,0.0,0.0952,0.2381,0.1429,0.0,0.0,0.0,0.5238,0.0,0.0,0.0,0.0,0.0,0.0,0.0,0,0,0.0,0,0,0,0,0,3,3,0,0.955,en,1.0
DXEcMZZDgY7,37,2,9.8,57.73,12.81,0.0,0.0,0.0,0.0,0.0,0,0.0,0,0,0.0,0,0,0,0.243,0.892,0.0,0.1,0.1,0.2,0.1,0.2,0.0,0.0,0.3,0.0,2.7,0.0,0.0,0.0,2.7,5.4,0,0,0.0,0,0,0,0,0,0,0,0,,en,1.0
DXO2QOUln2I,50,4,11.1,37.29,16.33,0.0,4.0,0.0,0.0,0.0,1,0.25,0,0,0.0,0,0,0,0.36,0.84,0.0,0.0,0.0,0.3,0.2,0.0,0.0,0.1,0.3,0.1,0.0,0.0,0.0,2.0,2.0,4.0,0,0,0.0,0,0,0,0,0,1,1,0,0.953,en,1.0
DW9CcE-D6SX,74,3,12.45,48.53,15.16,0.0,0.0,1.35,4.05,1.35,1,0.333,0,0,0.0,0,0,0,0.27,0.865,0.0,0.1053,0.1053,0.1053,0.1053,0.0526,0.0526,0.0526,0.3158,0.1053,1.35,0.0,0.0,0.0,0.0,1.35,0,0,0.0,0,0,0,0,0,0,0,0,,en,1.0
DXWQDv-iRp8,60,6,5.88,70.12,8.0,0.0,0.0,3.33,0.0,3.33,0,0.0,0,0,0.0,0,0,0,0.183,0.8,0.0,0.0,0.0667,0.2667,0.0667,0.0,0.0,0.1333,0.4,0.0667,0.0,1.67,1.67,0.0,5.0,8.34,0,0,0.0,0,0,0,0,0,0,0,0,,en,1.0
DXJnfgRDJCq,201,10,11.08,50.38,14.16,0.0,1.49,2.49,0.0,2.49,1,0.1,0,6,2.99,0,1,0,0.219,0.627,0.0333,0.1333,0.1333,0.1833,0.1167,0.05,0.0,0.05,0.2333,0.0667,1.0,0.5,1.49,0.0,0.5,3.49,2,2,0.17,1,0,0,0,1,0,0,0,,en,1.0
DWgtt_SgXiB,83,4,9.39,62.04,10.82,0.0,0.0,1.2,0.0,1.2,0,0.0,0,0,0.0,0,0,0,0.169,0.819,0.0476,0.0,0.1429,0.1429,0.1905,0.0,0.0476,0.1429,0.1905,0.0952,0.0,0.0,0.0,0.0,1.2,1.2,0,0,0.0,0,0,0,0,0,0,0,0,,en,1.0
DWWoOTkjmc6,22,1,12.3,46.07,16.07,0.0,9.09,0.0,0.0,0.0,0,0.0,0,0,0.0,0,0,0,0.182,0.773,0.0,0.0,0.25,0.125,0.125,0.0,0.125,0.0,0.25,0.125,0.0,0.0,0.0,0.0,13.64,13.64,0,0,0.0,0,0,0,0,0,0,0,0,,en,1.0
DW0itq8DiiZ,32,4,7.01,63.82,8.02,0.0,3.12,0.0,0.0,0.0,0,0.0,0,0,0.0,0,0,0,0.281,0.969,0.0,0.2,0.0,0.0,0.0,0.4,0.0,0.0,0.4,0.0,0.0,0.0,0.0,0.0,3.12,3.12,0,0,0.0,0,0,0,0,0,0,0,0,,en,1.0
DWnsHF-DQxD,55,3,8.89,62.8,9.33,0.0,1.82,1.82,0.0,1.82,0,0.0,0,0,0.0,0,0,0,0.145,0.8,0.05,0.05,0.15,0.15,0.05,0.05,0.05,0.05,0.35,0.05,1.82,1.82,1.82,0.0,5.45,10.91,0,0,0.0,0,0,0,0,0,0,0,0,,en,1.0
DUtRbGeCDvW,76,7,7.9,57.78,9.08,0.0,1.32,0.0,2.63,0.0,1,0.143,0,4,5.26,0,0,0,0.263,0.855,0.0714,0.0952,0.0952,0.1667,0.1667,0.0238,0.0238,0.0476,0.2619,0.0476,0.0,3.95,0.0,0.0,1.32,5.27,7,7,1.21,2,0,1,0,4,4,4,0,0.894,en,1.0
DXWUuVLiluH,177,10,13.44,37.2,16.97,0.0,1.13,0.0,0.0,0.0,0,0.0,0,0,0.0,0,0,0,0.384,0.605,0.1351,0.1081,0.0541,0.0811,0.0,0.1081,0.0811,0.0,0.1892,0.2432,1.13,0.0,2.82,6.78,5.08,15.81,7,5,0.52,0,0,0,0,7,0,0,11,,en,1.0
DXLyjUAjZ73,84,4,14.13,30.24,16.0,0.0,5.95,0.0,0.0,0.0,1,0.25,0,2,2.38,0,0,0,0.333,0.821,0.0,0.0,0.0,0.2667,0.1333,0.0,0.0,0.0,0.6,0.0,0.0,0.0,5.95,0.0,1.19,7.14,3,3,0.51,0,0,0,0,3,0,0,1,,en,1.0
DWELR2UDkdM,41,2,11.4,49.84,13.08,0.0,0.0,0.0,0.0,0.0,0,0.0,0,0,0.0,0,0,0,0.293,0.805,0.0,0.0,0.1538,0.1538,0.0769,0.0,0.0,0.0,0.5385,0.0769,0.0,0.0,0.0,0.0,2.44,2.44,0,0,0.0,0,0,0,0,0,0,0,0,,en,1.0
DXPE5MbDHp0,178,3,27.64,-0.36,31.62,0.0,1.12,1.12,0.0,1.12,2,0.667,0,1,0.56,0,0,0,0.303,0.719,0.0227,0.0909,0.0682,0.1591,0.1364,0.0455,0.0,0.0682,0.3182,0.0909,2.81,0.56,1.12,0.0,1.69,6.18,2,2,0.17,1,0,0,0,1,0,0,1,,en,1.0
DWatI5sjiv8,21,3,2.87,86.93,4.7,0.0,0.0,0.0,0.0,0.0,0,0.0,0,0,0.0,0,0,0,0.143,1.0,0.0,0.0,0.25,0.0,0.25,0.125,0.0,0.125,0.25,0.0,0.0,0.0,0.0,0.0,0.0,0.0,0,0,0.0,0,0,0,0,0,0,0,0,,en,1.0
DXbe6nYCnwx,93,4,14.41,33.14,17.9,0.0,5.38,0.0,0.0,0.0,0,0.0,0,0,0.0,0,0,0,0.28,0.72,0.1667,0.1111,0.0,0.1111,0.0556,0.0556,0.0556,0.0,0.2778,0.1667,1.08,0.0,1.08,1.08,1.08,4.32,5,2,0.72,2,0,0,0,3,7,6,0,0.0,en,1.0
DWlb0sNDFI2,83,6,9.2,53.18,10.83,0.0,4.82,0.0,3.61,0.0,0,0.0,0,0,0.0,0,0,0,0.289,0.807,0.0909,0.1364,0.0455,0.2273,0.0455,0.0909,0.0,0.0455,0.2273,0.0909,1.2,0.0,2.41,1.2,0.0,4.81,1,1,0.19,1,0,0,0,0,0,0,0,,en,1.0
DW3daffjCif,83,11,6.09,66.37,6.69,0.0,1.2,0.0,2.41,0.0,0,0.0,0,4,4.82,0,1,0,0.241,0.831,0.0606,0.1515,0.0606,0.0606,0.0909,0.0606,0.0606,0.0606,0.2424,0.1515,0.0,0.0,1.2,0.0,2.41,3.61,2,2,0.34,0,0,0,0,2,0,0,0,,en,1.0
DXoz26sjP1a,73,6,7.77,60.71,10.36,0.0,2.74,2.74,0.0,2.74,0,0.0,1,1,1.37,0,0,0,0.233,0.795,0.125,0.125,0.0,0.25,0.0,0.0,0.0,0.0,0.375,0.125,0.0,0.0,0.0,0.0,0.0,0.0,2,2,0.39,1,0,0,0,1,0,0,0,,en,1.0
DWtKKg3jMKm,77,6,7.69,62.17,9.8,0.0,1.3,2.6,0.0,2.6,0,0.0,1,0,0.0,0,0,0,0.247,0.818,0.1053,0.1579,0.0526,0.1053,0.0526,0.1053,0.0526,0.0,0.2632,0.1053,2.6,0.0,1.3,0.0,0.0,3.9,1,1,0.22,1,0,0,0,0,0,0,1,,en,1.0
DXWhPTbE16s,249,9,20.2,4.6,23.51,0.0,0.4,0.0,0.0,0.0,0,0.0,0,0,0.0,0,0,0,0.41,0.651,0.1404,0.1404,0.0351,0.0877,0.0175,0.0702,0.1228,0.0175,0.1754,0.193,1.2,0.0,2.01,6.02,0.4,9.63,7,7,0.37,0,0,0,1,6,0,0,6,,en,1.0
DUi-O5xmKYK,93,5,10.83,50.22,13.01,0.0,1.08,1.08,4.3,1.08,0,0.0,0,1,1.08,0,0,0,0.28,0.828,0.0263,0.0263,0.2368,0.1579,0.1579,0.0263,0.0,0.0,0.3421,0.0263,3.23,1.08,0.0,0.0,3.23,7.54,4,4,0.58,2,0,1,0,1,5,5,1,0.9,en,1.0
DWODCFVDkCp,17,1,8.35,63.7,8.9,0.0,0.0,5.88,0.0,5.88,0,0.0,0,0,0.0,0,0,0,0.235,0.941,0.0833,0.0833,0.0833,0.0833,0.0833,0.0833,0.0833,0.1667,0.1667,0.0833,0.0,5.88,0.0,0.0,0.0,5.88,0,0,0.0,0,0,0,0,0,0,0,0,,en,1.0
DXTqzuxjCXj,160,8,14.41,25.59,17.86,0.0,0.62,0.0,0.62,0.0,0,0.0,0,0,0.0,0,0,0,0.344,0.8,0.0566,0.0755,0.0755,0.1509,0.0943,0.0377,0.0189,0.0566,0.3585,0.0755,2.5,0.62,4.38,0.0,0.0,7.5,3,2,0.27,2,0,0,0,1,0,0,0,,en,1.0
DXgjOMjoc5M,61,2,11.65,65.0,14.67,0.0,8.2,4.92,0.0,4.92,0,0.0,0,1,1.64,0,1,0,0.098,0.803,0.0,0.0833,0.25,0.1667,0.1667,0.0,0.0,0.0833,0.25,0.0,0.0,0.0,0.0,0.0,0.0,0.0,2,2,0.65,1,0,1,0,0,0,0,0,,en,1.0
DUqspAglZWX,105,7,7.34,66.9,10.49,0.0,1.9,0.95,1.9,0.95,0,0.0,2,0,0.0,0,0,0,0.181,0.848,0.0357,0.0357,0.2143,0.1429,0.1429,0.0357,0.0,0.0357,0.2857,0.0714,1.9,0.95,0.95,0.0,1.9,5.7,5,5,0.75,1,1,2,0,1,5,5,0,0.904,en,1.0
DV_Pa2ujuyN,92,5,10.97,48.51,12.98,0.0,0.0,1.09,0.0,1.09,0,0.0,0,0,0.0,0,0,0,0.217,0.717,0.0,0.0476,0.1905,0.1429,0.1429,0.0476,0.0,0.0476,0.381,0.0,1.09,0.0,0.0,0.0,3.26,4.35,0,0,0.0,0,0,0,0,0,0,0,0,,en,1.0
DW3IxVCjip9,34,2,11.86,40.29,16.21,0.0,0.0,0.0,0.0,0.0,0,0.0,0,0,0.0,0,0,0,0.294,0.941,0.0,0.1429,0.2143,0.1429,0.1429,0.0,0.0,0.0,0.3571,0.0,5.88,0.0,2.94,2.94,2.94,14.7,0,0,0.0,0,0,0,0,0,0,0,0,,en,1.0
DU0pr3KjK2K,10,1,3.65,86.71,4.0,0.0,10.0,0.0,0.0,0.0,0,0.0,0,0,0.0,0,0,0,0.2,1.0,0.0,0.0,0.0,0.0,0.0,0.0,0.0,0.0,0.0,0.0,0.0,0.0,0.0,0.0,10.0,10.0,1,1,0.95,0,0,0,0,1,5,5,0,0.533,en,1.0
DUv9CdXiIPB,125,5,11.5,55.72,13.65,0.0,4.8,0.0,0.8,0.0,0,0.0,0,0,0.0,0,0,0,0.192,0.68,0.0208,0.0208,0.2708,0.125,0.125,0.0208,0.0,0.0208,0.3542,0.0417,0.8,2.4,0.0,0.0,2.4,5.6,2,2,0.25,0,0,2,0,0,6,6,0,0.896,en,1.0
DUk1QjjDDWR,11,1,4.79,80.31,4.4,0.0,9.09,0.0,0.0,0.0,0,0.0,0,0,0.0,0,0,0,0.0,1.0,0.0,0.0,0.1667,0.1667,0.1667,0.0,0.0,0.1667,0.1667,0.1667,9.09,0.0,0.0,0.0,9.09,18.18,0,0,0.0,0,0,0,0,0,5,5,0,0.544,en,1.0
DUoHy9SjDWf,137,16,6.98,65.07,9.54,0.0,2.19,0.0,2.19,0.0,0,0.0,1,0,0.0,0,0,0,0.219,0.73,0.0462,0.1077,0.0769,0.1231,0.0615,0.1077,0.0615,0.0615,0.2,0.1538,6.57,0.0,0.0,0.0,3.65,10.22,4,4,0.43,2,0,1,0,1,6,6,1,0.912,en,1.0
DXbqi4PDIfu,89,7,7.7,66.01,9.96,0.0,0.0,2.25,0.0,2.25,0,0.0,2,2,2.25,0,0,0,0.225,0.809,0.0625,0.0625,0.0625,0.375,0.0625,0.0,0.0,0.0,0.3125,0.0625,0.0,0.0,0.0,0.0,0.0,0.0,1,1,0.17,1,0,0,0,0,0,0,0,,en,1.0
DWp8LUSDnGz,39,2,9.21,62.88,10.76,0.0,0.0,2.56,0.0,2.56,0,0.0,0,0,0.0,0,0,0,0.205,0.923,0.0,0.1,0.2,0.2,0.1,0.1,0.0,0.0,0.3,0.0,5.13,0.0,0.0,0.0,5.13,10.26,0,0,0.0,0,0,0,0,0,0,0,0,,en,1.0
DWyTxceDHN1,150,8,10.29,54.89,11.79,0.0,4.67,0.0,0.67,0.0,0,0.0,0,5,3.33,0,0,0,0.26,0.767,0.0,0.1429,0.1429,0.2381,0.0952,0.0,0.0,0.0952,0.2857,0.0,0.0,0.67,0.67,0.67,0.0,2.01,1,1,0.11,1,0,0,0,0,0,0,0,,en,1.0
DU81AbnCf5j,75,4,8.85,64.59,10.64,0.0,2.67,0.0,1.33,0.0,0,0.0,0,0,0.0,0,0,0,0.227,0.827,0.0,0.0698,0.2326,0.1628,0.1395,0.0,0.0,0.093,0.2326,0.0698,0.0,0.0,1.33,0.0,2.67,4.0,3,3,0.55,0,1,1,0,1,5,5,0,0.88,en,1.0
DU_MJCCghr8,99,6,7.19,70.81,9.18,0.0,1.01,4.04,0.0,4.04,1,0.167,0,4,4.04,0,0,0,0.141,0.778,0.0556,0.1667,0.0833,0.1111,0.1667,0.0278,0.0278,0.0833,0.1944,0.0833,1.01,0.0,0.0,1.01,2.02,4.04,4,4,0.62,2,0,1,0,1,6,6,0,0.886,en,1.0
DU0kTVJiYGd,121,8,10.16,48.47,12.34,0.0,1.65,1.65,0.83,1.65,0,0.0,0,1,0.83,0,0,0,0.347,0.785,0.0,0.0,0.129,0.1613,0.0968,0.0323,0.0323,0.0645,0.4516,0.0323,0.83,0.83,2.48,0.0,0.83,4.97,5,4,0.55,0,0,1,0,4,6,6,0,0.902,en,1.0
DU8KNrLDLWc,20,2,4.24,82.48,6.0,0.0,15.0,0.0,0.0,0.0,1,0.5,0,0,0.0,0,0,0,0.25,0.95,0.0,0.0,0.25,0.25,0.0,0.0,0.0,0.125,0.375,0.0,0.0,0.0,0.0,0.0,0.0,0.0,0,0,0.0,0,0,0,0,0,5,5,0,0.68,en,1.0
DRDKx7WjEV0,75,9,8.92,56.06,11.89,1.33,1.33,0.0,0.0,0.0,0,0.0,0,0,0.0,0,0,0,0.24,0.787,0.0,0.0769,0.1923,0.1923,0.1538,0.0385,0.0,0.0,0.2692,0.0769,2.67,0.0,0.0,0.0,1.33,4.0,7,6,1.07,2,0,1,1,3,11,11,3,0.753,en,1.0
DVZ3LZRElaC,28,4,4.86,77.42,5.25,0.0,0.0,0.0,0.0,0.0,1,0.25,1,1,3.57,0,0,0,0.25,0.929,0.0,0.0,0.2,0.0,0.0,0.0,0.0,0.2,0.6,0.0,0.0,0.0,0.0,0.0,0.0,0.0,0,0,0.0,0,0,0,0,0,5,5,0,0.726,en,1.0
DVXZSXLDLb0,109,7,11.26,41.92,12.65,0.0,0.0,0.0,0.0,0.0,0,0.0,0,1,0.92,0,0,0,0.211,0.642,0.0,0.0714,0.1429,0.2143,0.1429,0.0,0.0,0.0714,0.3571,0.0,0.0,0.0,2.75,0.0,0.0,2.75,1,1,0.14,0,0,0,0,1,5,5,1,0.906,en,1.0
DVoFl_YDezG,40,3,12.47,28.78,13.41,0.0,2.5,0.0,2.5,0.0,0,0.0,0,0,0.0,0,0,0,0.325,0.8,0.0,0.0,0.0909,0.1818,0.2727,0.0,0.0,0.0,0.4545,0.0,0.0,0.0,0.0,0.0,0.0,0.0,0,0,0.0,0,0,0,0,0,4,4,0,0.807,en,1.0
DVghGJuDbWD,111,9,9.17,52.92,10.58,0.0,1.8,0.9,0.0,0.9,2,0.222,2,0,0.0,0,0,0,0.27,0.775,0.0,0.0,0.1905,0.2381,0.1429,0.0,0.0,0.0,0.4286,0.0,1.8,0.9,0.0,0.0,0.0,2.7,2,2,0.27,1,0,0,0,1,5,5,0,0.915,en,1.0
DVeHLEsEZn4,52,4,9.22,52.1,10.58,0.0,0.0,0.0,0.0,0.0,2,0.5,0,1,1.92,0,0,0,0.288,0.788,0.0,0.0,0.2222,0.1111,0.1111,0.0,0.0,0.0,0.5556,0.0,0.0,0.0,0.0,0.0,1.92,1.92,0,0,0.0,0,0,0,0,0,5,5,2,0.04,en,1.0
DVteIrHkpr9,216,11,12.72,42.67,14.96,0.0,0.46,0.0,0.0,0.0,1,0.091,1,5,2.31,1,1,0,0.306,0.593,0.0444,0.0222,0.1333,0.2,0.1556,0.0667,0.0,0.0667,0.2222,0.0889,4.63,0.46,0.0,0.0,1.39,6.48,0,0,0.0,0,0,0,0,0,5,5,0,0.958,en,1.0
DQ2L-kBgaVr,80,6,9.52,50.54,11.33,0.0,6.25,5.0,0.0,5.0,0,0.0,1,3,3.75,0,0,0,0.3,0.787,0.0,0.0,0.0,0.125,0.25,0.0,0.0,0.125,0.375,0.125,0.0,0.0,2.5,0.0,1.25,3.75,8,7,1.13,3,0,0,1,4,8,8,1,0.733,en,1.0
DQ96W0vD9A5,120,6,12.79,38.09,16.01,0.0,2.5,0.83,0.83,0.83,0,0.0,0,1,0.83,0,0,0,0.3,0.808,0.0,0.0,0.0,0.2609,0.1304,0.0,0.0,0.0435,0.5217,0.0435,0.83,0.83,1.67,0.0,0.0,3.33,7,7,0.7,2,0,0,1,4,8,8,5,0.856,en,1.0
DVqtQN1Deaf,132,7,13.97,27.21,16.39,0.0,6.06,0.0,0.0,0.0,0,0.0,0,0,0.0,0,0,0,0.356,0.636,0.0,0.0,0.1429,0.1071,0.1071,0.0,0.0,0.0357,0.6071,0.0,0.0,0.0,3.03,0.0,1.52,4.55,1,1,0.11,1,0,0,0,0,5,5,2,0.947,en,1.0
DVe15yLj6YW,80,5,10.44,53.15,11.18,0.0,0.0,2.5,0.0,2.5,1,0.2,1,1,1.25,0,1,0,0.25,0.688,0.0909,0.1364,0.0455,0.1364,0.0455,0.1364,0.0455,0.0455,0.1818,0.1364,5.0,0.0,1.25,1.25,2.5,10.0,0,0,0.0,0,0,0,0,0,5,5,0,0.886,en,1.0
DRVFd6ziFlp,17,6,3.15,84.92,2.8,5.88,0.0,0.0,0.0,0.0,0,0.0,0,1,5.88,1,0,0,0.235,0.941,0.0,0.0,0.125,0.25,0.25,0.0,0.0,0.25,0.125,0.0,0.0,0.0,0.0,0.0,0.0,0.0,4,3,1.45,2,0,0,1,1,11,11,0,0.378,en,1.0
DRaPEBQjOK7,74,4,12.41,38.17,13.31,0.0,6.76,0.0,0.0,0.0,0,0.0,1,0,0.0,0,0,0,0.297,0.865,0.0,0.0,0.1667,0.2083,0.1667,0.0417,0.0,0.0417,0.3333,0.0417,1.35,0.0,0.0,0.0,0.0,1.35,3,3,0.51,2,0,0,0,1,7,7,0,0.789,en,1.0
DRIGtULDGKm,147,9,10.64,47.25,13.07,0.0,0.0,0.0,2.04,0.0,1,0.111,0,2,1.36,0,0,0,0.272,0.769,0.1091,0.1091,0.0182,0.1091,0.1091,0.0909,0.0545,0.0545,0.1636,0.1818,3.4,0.0,0.68,0.0,2.72,6.8,11,11,0.94,1,0,0,2,8,8,8,3,0.866,en,1.0
DXWaGU2DI8-,57,4,9.13,61.67,9.42,0.0,3.51,0.0,0.0,0.0,0,0.0,0,0,0.0,0,0,0,0.193,0.895,0.0,0.0,0.0,0.5,0.0,0.0,0.0,0.0,0.3333,0.1667,0.0,0.0,0.0,0.0,0.0,0.0,2,2,0.56,1,0,0,0,1,0,0,1,,en,1.0
DVRbbXIiHaN,104,7,10.0,54.82,12.35,0.0,0.0,0.0,2.88,0.0,1,0.143,1,6,5.77,0,1,0,0.221,0.788,0.0571,0.1143,0.0571,0.1143,0.1143,0.0286,0.0,0.0857,0.2857,0.1429,0.96,0.0,0.0,0.0,2.88,3.84,6,6,0.78,2,0,0,0,4,7,7,0,0.904,en,1.0
DV8V_PjFMlT,40,4,5.42,74.02,7.0,0.0,2.5,0.0,0.0,0.0,0,0.0,0,0,0.0,0,0,0,0.15,0.925,0.0,0.0,0.0,0.1429,0.0,0.1429,0.0,0.1429,0.4286,0.1429,0.0,0.0,0.0,0.0,0.0,0.0,0,0,0.0,0,0,0,0,0,0,0,0,,en,1.0
DVgPtlCDbl3,34,2,19.09,16.96,20.47,0.0,0.0,0.0,0.0,0.0,0,0.0,0,0,0.0,0,0,0,0.353,0.941,0.0,0.0833,0.1667,0.1667,0.1667,0.0,0.0,0.0833,0.25,0.0833,0.0,0.0,2.94,0.0,5.88,8.82,1,1,0.43,0,0,0,0,1,0,0,0,,en,1.0
DVSdPEfDGlm,110,7,7.7,67.62,9.9,0.0,0.91,0.0,0.0,0.0,0,0.0,0,0,0.0,0,0,0,0.173,0.627,0.0,0.0435,0.0435,0.3043,0.1304,0.0,0.0,0.087,0.3478,0.0435,0.0,0.91,4.55,0.0,0.91,6.37,1,1,0.15,1,0,0,0,0,5,5,0,0.915,en,1.0
DVTW8GMjZim,46,3,9.14,56.25,12.22,0.0,0.0,2.17,0.0,2.17,0,0.0,0,0,0.0,0,0,0,0.304,0.891,0.0,0.0,0.0,0.0,0.0,0.0,0.0,0.5,0.5,0.0,0.0,2.17,2.17,0.0,0.0,4.34,0,0,0.0,0,0,0,0,0,0,0,0,,en,1.0
DQpT_FHjeeA,49,3,11.05,44.31,13.07,0.0,2.04,0.0,0.0,0.0,0,0.0,0,0,0.0,0,0,0,0.224,0.878,0.1333,0.2667,0.0667,0.1333,0.0,0.0667,0.0667,0.0667,0.0667,0.1333,0.0,2.04,2.04,0.0,2.04,6.12,6,6,1.37,2,0,0,0,4,8,8,0,0.739,en,1.0
DVmWaukkpqC,39,3,8.24,59.15,9.3,0.0,0.0,0.0,0.0,0.0,0,0.0,0,0,0.0,0,0,0,0.308,0.923,0.0667,0.0,0.0667,0.0667,0.1333,0.0,0.0667,0.1333,0.3333,0.1333,0.0,0.0,0.0,0.0,2.56,2.56,0,0,0.0,0,0,0,0,0,0,0,0,,en,1.0
DVo7FqKjnUw,36,3,7.45,63.06,9.24,0.0,0.0,0.0,0.0,0.0,0,0.0,0,0,0.0,0,0,0,0.25,0.917,0.0,0.0833,0.0833,0.0833,0.3333,0.0,0.0,0.0,0.4167,0.0,0.0,0.0,0.0,0.0,0.0,0.0,0,0,0.0,0,0,0,0,0,0,0,0,,en,1.0
DQr4xc2jBxf,116,5,15.54,24.59,18.59,0.0,0.86,0.0,0.0,0.0,0,0.0,0,5,4.31,0,1,0,0.362,0.724,0.0,0.0,0.0357,0.3571,0.25,0.0,0.0,0.0,0.3571,0.0,1.72,0.0,3.45,0.0,0.86,6.03,5,5,0.54,3,0,0,0,2,7,7,0,0.872,en,1.0
DVbLx5hjV9r,33,5,7.65,54.9,10.57,0.0,0.0,0.0,3.03,0.0,0,0.0,0,0,0.0,0,0,0,0.333,0.909,0.0455,0.0909,0.1364,0.1364,0.2727,0.0,0.0455,0.0455,0.1818,0.0455,0.0,3.03,0.0,3.03,3.03,9.09,0,0,0.0,0,0,0,0,0,0,0,0,,en,1.0
DV8bdWGGfP1,121,8,8.91,56.57,12.02,0.0,2.48,6.61,0.83,6.61,2,0.25,2,2,1.65,0,0,0,0.256,0.694,0.0606,0.0909,0.0909,0.1515,0.1515,0.0,0.0,0.0606,0.3333,0.0606,0.83,0.83,1.65,0.0,0.83,4.14,3,3,0.41,1,0,0,0,2,0,0,0,,en,1.0
DVdps8pDG1E,83,5,14.26,22.02,16.32,0.0,2.41,0.0,1.2,0.0,0,0.0,0,0,0.0,0,0,0,0.386,0.843,0.0,0.0455,0.0455,0.4091,0.0909,0.0,0.0,0.0,0.4091,0.0,0.0,0.0,6.02,1.2,0.0,7.22,1,1,0.17,1,0,0,0,0,0,0,0,,en,1.0
DV3ir46kge2,82,5,11.71,39.99,15.86,0.0,0.0,0.0,2.44,0.0,0,0.0,0,0,0.0,0,0,0,0.39,0.793,0.0769,0.1154,0.0769,0.1154,0.0769,0.1154,0.0385,0.0,0.2692,0.1154,1.22,1.22,2.44,0.0,0.0,4.88,1,1,0.18,1,0,0,0,0,0,0,0,,en,1.0
DVHpOKMj7dH,43,4,8.66,58.5,10.38,0.0,0.0,0.0,0.0,0.0,1,0.25,1,1,2.33,0,1,0,0.233,0.86,0.125,0.1875,0.0,0.0625,0.0625,0.1875,0.0625,0.0,0.125,0.1875,4.65,2.33,0.0,2.33,4.65,13.96,0,0,0.0,0,0,0,0,0,5,5,0,0.82,en,1.0
DWRTGNGlQCt,119,5,11.87,51.28,15.14,0.0,0.0,0.0,3.36,0.0,1,0.2,0,0,0.0,0,0,0,0.176,0.689,0.0278,0.0556,0.1389,0.1667,0.1389,0.0556,0.0278,0.0556,0.2778,0.0556,0.0,0.84,0.0,0.0,0.84,1.68,0,0,0.0,0,0,0,0,0,0,0,0,,en,1.0
DVLlSpkFEpk,41,8,3.19,84.35,5.66,0.0,0.0,2.44,19.51,2.44,0,0.0,0,0,0.0,0,0,0,0.122,0.732,0.0,0.0,0.0,0.0,1.0,0.0,0.0,0.0,0.0,0.0,0.0,0.0,0.0,0.0,0.0,0.0,0,0,0.0,0,0,0,0,0,0,0,0,,en,1.0
DWGywKJiuW1,112,6,15.92,14.16,18.9,0.0,0.89,0.0,0.89,0.0,0,0.0,0,0,0.0,0,0,0,0.438,0.821,0.0256,0.0513,0.0256,0.2308,0.0769,0.0256,0.0513,0.0256,0.4103,0.0769,1.79,0.89,2.68,0.89,0.0,6.25,2,2,0.24,0,0,0,0,2,0,0,1,,en,1.0
DWgSNwADO1W,103,7,9.88,50.22,12.1,0.0,2.91,0.0,0.97,0.0,0,0.0,0,0,0.0,0,0,0,0.282,0.748,0.1667,0.1111,0.0,0.1111,0.0556,0.1667,0.0556,0.0,0.1111,0.2222,4.85,0.0,0.97,0.0,0.0,5.82,1,1,0.15,1,0,0,0,0,1,1,0,0.001,en,1.0
DUtUiVNjyqn,160,10,10.53,50.64,12.84,0.0,1.25,1.25,1.88,1.25,1,0.1,1,5,3.12,1,1,0,0.331,0.644,0.069,0.0345,0.069,0.2069,0.069,0.0345,0.0,0.1034,0.2414,0.1724,5.0,0.0,0.0,0.0,2.5,7.5,0,0,0.0,0,0,0,0,0,5,5,0,0.949,en,1.0
DVnOjbSjT6J,89,5,12.59,36.11,14.77,0.0,1.12,0.0,4.49,0.0,0,0.0,0,0,0.0,0,0,0,0.236,0.697,0.0,0.0,0.069,0.2759,0.1379,0.0345,0.0,0.0345,0.4483,0.0,0.0,0.0,0.0,1.12,1.12,2.24,0,0,0.0,0,0,0,0,0,0,0,0,,en,1.0
DVyb81qEv7Z,93,6,8.35,62.84,9.21,0.0,3.23,1.08,1.08,1.08,0,0.0,1,0,0.0,0,0,0,0.258,0.763,0.0,0.0,0.0,0.0909,0.1818,0.0,0.0,0.0,0.7273,0.0,1.08,1.08,0.0,0.0,0.0,2.16,1,1,0.17,0,0,0,0,1,0,0,1,,en,1.0
DWQ_vNvDHIN,38,2,10.45,53.97,10.76,0.0,7.89,7.89,0.0,7.89,0,0.0,0,0,0.0,0,0,0,0.211,0.921,0.0,0.0,0.1667,0.2222,0.1667,0.0556,0.0,0.1667,0.2222,0.0,0.0,0.0,2.63,2.63,0.0,5.26,2,2,0.91,1,0,0,0,1,0,0,0,,en,1.0
DVGseIDDyuy,198,12,12.72,35.78,15.08,0.0,0.0,0.0,1.52,0.0,1,0.083,1,3,1.52,0,1,0,0.369,0.545,0.0,0.0312,0.0469,0.2188,0.2188,0.0156,0.0156,0.0625,0.375,0.0156,1.01,0.0,1.52,0.0,0.51,3.04,0,0,0.0,0,0,0,0,0,5,5,0,0.955,en,1.0
DWMOLvjI0E1,169,12,9.17,53.68,10.83,1.18,1.18,0.59,2.37,0.59,0,0.0,0,0,0.0,0,0,0,0.296,0.71,0.1224,0.1633,0.0,0.1224,0.102,0.102,0.0,0.0204,0.1837,0.1837,2.37,0.59,0.0,0.0,0.0,2.96,0,0,0.0,0,0,0,0,0,0,0,0,,en,1.0
DViwwfADNh2,59,4,9.41,64.42,12.14,0.0,0.0,1.69,3.39,1.69,0,0.0,1,3,5.08,0,0,0,0.169,0.763,0.0,0.25,0.0,0.25,0.0,0.0,0.0,0.0,0.25,0.25,0.0,0.0,0.0,0.0,0.0,0.0,2,2,0.56,1,0,0,0,1,0,0,1,,en,1.0
DVPx65yjFAk,149,7,12.37,41.24,13.08,0.0,1.34,0.67,0.0,0.67,0,0.0,1,0,0.0,0,0,0,0.235,0.651,0.0256,0.1026,0.0769,0.1538,0.1538,0.0769,0.0513,0.0769,0.2051,0.0769,3.36,0.0,0.0,1.34,1.34,6.04,1,1,0.1,1,0,0,0,0,5,5,0,0.922,en,1.0
DWHAQoDDCFJ,70,5,10.02,47.47,12.5,0.0,1.43,0.0,1.43,0.0,0,0.0,0,0,0.0,0,0,0,0.2,0.843,0.2,0.2,0.0,0.0667,0.1333,0.0667,0.0,0.0,0.1333,0.2,2.86,0.0,0.0,0.0,0.0,2.86,1,1,0.23,1,0,0,0,0,0,0,0,,en,1.0
DU--e3nDTLy,243,12,12.29,41.53,14.12,0.0,1.23,0.41,1.23,0.41,1,0.083,1,4,1.65,1,1,0,0.288,0.634,0.0526,0.0526,0.1053,0.1754,0.1404,0.0877,0.0,0.0526,0.2281,0.1053,4.12,0.41,0.0,0.41,0.82,5.76,1,1,0.06,1,0,0,0,0,5,5,0,0.965,en,1.0
DWYj25RjKBe,15,2,5.43,69.5,3.0,0.0,0.0,0.0,6.67,0.0,0,0.0,0,0,0.0,0,0,0,0.267,0.933,0.1333,0.1333,0.0,0.1333,0.0,0.1333,0.1333,0.0667,0.1333,0.1333,0.0,0.0,0.0,0.0,0.0,0.0,1,1,1.12,1,0,0,0,0,0,0,0,,en,1.0
DUwbUUNj_NO,90,5,11.85,47.54,13.16,0.0,0.0,1.11,0.0,1.11,1,0.2,1,1,1.11,0,1,0,0.233,0.7,0.0882,0.1176,0.0882,0.0882,0.0882,0.1176,0.0588,0.0294,0.2059,0.1176,4.44,0.0,1.11,1.11,2.22,8.88,1,1,0.16,1,0,0,0,0,5,5,0,0.043,en,1.0
DWOp8pRgrY-,165,8,13.94,31.18,16.0,0.0,1.82,0.61,0.0,0.61,0,0.0,1,0,0.0,0,0,0,0.358,0.673,0.0,0.0,0.0323,0.1935,0.0645,0.0,0.0,0.0323,0.6774,0.0,0.61,0.0,5.45,0.0,0.0,6.06,1,1,0.09,0,0,0,0,1,4,4,0,0.941,en,1.0
DVKnOCFkeoh,265,15,12.25,38.95,13.86,0.0,1.13,0.0,0.75,0.0,0,0.0,1,7,2.64,0,1,0,0.332,0.57,0.0615,0.0923,0.0308,0.1077,0.0769,0.0615,0.0462,0.0615,0.2154,0.2462,3.4,0.0,0.75,0.0,1.51,5.66,0,0,0.0,0,0,0,0,0,5,5,1,0.963,en,1.0
DWI1jSjCECU,4,1,,,,0.0,0.0,0.0,0.0,0.0,0,0.0,0,0,0.0,0,0,0,0.5,1.0,0.0,0.0,0.0,0.0,0.0,0.0,0.0,0.0,0.0,0.0,0.0,0.0,0.0,0.0,25.0,25.0,1,1,1.82,0,0,0,0,1,1,1,0,0.636,en,1.0
DVRh1txjwyW,80,6,10.01,51.09,12.39,0.0,2.5,0.0,0.0,0.0,1,0.167,1,0,0.0,0,0,0,0.287,0.775,0.0,0.15,0.1,0.15,0.05,0.0,0.0,0.1,0.45,0.0,2.5,0.0,2.5,0.0,1.25,6.25,0,0,0.0,0,0,0,0,0,5,5,0,0.867,en,1.0
DWlx5zxDR9z,71,4,14.66,31.78,19.19,0.0,2.82,0.0,0.0,0.0,1,0.25,1,0,0.0,0,0,0,0.352,0.732,0.0,0.0,0.1818,0.1818,0.0909,0.0,0.0,0.0,0.5455,0.0,0.0,0.0,1.41,1.41,0.0,2.82,1,1,0.15,0,0,0,0,1,0,0,2,,en,1.0
DWW2_T3iBZt,139,4,18.0,27.93,21.67,0.0,2.16,0.72,1.44,0.72,0,0.0,0,0,0.0,0,0,0,0.302,0.705,0.0714,0.1071,0.0,0.2857,0.0,0.0,0.0,0.0,0.4286,0.1071,0.72,0.72,0.72,1.44,0.0,3.6,0,0,0.0,0,0,0,0,0,0,0,5,,en,1.0
DXJDgC_j8QH,107,4,20.61,-5.93,23.45,0.0,3.74,0.0,0.0,0.0,0,0.0,0,2,1.87,0,0,0,0.495,0.794,0.0,0.0,0.0,0.3438,0.125,0.0,0.0,0.0,0.5312,0.0,1.87,0.0,6.54,0.93,0.93,10.27,0,0,0.0,0,0,0,0,0,0,0,0,,en,1.0
DXG_Rg6gKjW,104,3,25.09,-24.25,30.85,0.0,0.96,0.0,0.96,0.0,0,0.0,0,0,0.0,0,0,0,0.606,0.76,0.0,0.0,0.0833,0.1944,0.1389,0.0,0.0,0.0,0.5833,0.0,0.0,0.0,9.62,2.88,0.96,13.46,0,0,0.0,0,0,0,0,0,6,6,1,0.884,en,1.0
DXGuQgdClUM,118,4,17.69,19.87,20.57,0.0,1.69,0.0,1.69,0.0,0,0.0,0,1,0.85,0,1,0,0.339,0.712,0.0444,0.0222,0.0667,0.2222,0.1778,0.0444,0.0444,0.0,0.3333,0.0444,0.0,0.0,3.39,0.85,2.54,6.78,2,2,0.23,0,0,0,1,1,3,3,1,0.941,en,1.0
DRh9fYtF7oD,106,5,14.42,28.72,15.63,0.0,0.94,0.0,1.89,0.0,0,0.0,0,1,0.94,0,0,0,0.396,0.802,0.0625,0.0938,0.0625,0.1875,0.125,0.0625,0.0625,0.0312,0.2188,0.0938,2.83,0.0,0.94,0.94,2.83,7.54,6,5,0.64,3,0,0,0,3,9,9,3,0.853,en,1.0
DWIr7PTE4-T,139,8,17.22,2.35,23.13,0.0,1.44,0.0,1.44,0.0,0,0.0,0,0,0.0,0,0,0,0.496,0.705,0.04,0.02,0.08,0.2,0.12,0.0,0.04,0.02,0.46,0.02,1.44,0.0,2.88,0.0,1.44,5.76,1,1,0.09,1,0,0,0,0,3,3,0,0.002,en,1.0
DQkKY5FCLco,74,6,7.22,65.56,8.73,0.0,2.7,0.0,0.0,0.0,1,0.167,0,3,4.05,0,1,0,0.176,0.811,0.0,0.0,0.0,0.3,0.1,0.0,0.0,0.0,0.6,0.0,1.35,0.0,2.7,0.0,0.0,4.05,6,6,1.0,2,0,0,2,2,9,8,0,0.755,en,1.0
DRnHDGCDVEp,45,8,4.83,78.25,7.0,2.22,0.0,2.22,0.0,2.22,0,0.0,0,0,0.0,0,0,0,0.244,0.844,0.0,0.0,0.2,0.2,0.2,0.0,0.0,0.1,0.3,0.0,0.0,2.22,0.0,0.0,0.0,2.22,5,5,1.17,2,0,1,1,1,10,10,0,0.631,en,1.0
DXhaLKmlu0M,21,1,10.02,60.63,10.3,0.0,0.0,0.0,0.0,0.0,0,0.0,0,0,0.0,0,0,0,0.19,0.952,0.0,0.0,0.1429,0.1429,0.0714,0.0714,0.0,0.1429,0.3571,0.0714,0.0,0.0,0.0,0.0,4.76,4.76,0,0,0.0,0,0,0,0,0,0,0,0,,en,1.0
DVDHgPFCJDL,37,5,4.84,73.57,6.2,0.0,0.0,0.0,0.0,0.0,0,0.0,0,0,0.0,0,0,0,0.216,0.865,0.0,0.0,0.1111,0.1111,0.1111,0.0,0.0,0.1111,0.4444,0.1111,0.0,0.0,0.0,0.0,2.7,2.7,0,0,0.0,0,0,0,0,0,0,0,0,,en,1.0
DV3ClNUjpXi,54,3,5.92,83.49,7.7,0.0,0.0,0.0,0.0,0.0,0,0.0,0,0,0.0,0,0,0,0.13,0.796,0.0435,0.0,0.087,0.087,0.1304,0.087,0.0435,0.1739,0.2609,0.087,0.0,0.0,0.0,0.0,1.85,1.85,0,0,0.0,0,0,0,0,0,0,0,0,,en,1.0
DWOMpv0ipjl,200,6,18.47,21.99,20.93,0.0,3.5,0.0,0.0,0.0,1,0.167,1,0,0.0,0,0,0,0.305,0.66,0.0339,0.0508,0.0678,0.1864,0.1525,0.0169,0.0169,0.0678,0.3559,0.0508,0.0,0.5,0.5,0.0,0.0,1.0,0,0,0.0,0,0,0,0,0,0,0,0,,en,1.0
DRjkb12glvq,65,5,8.02,60.33,8.25,0.0,6.15,9.23,0.0,9.23,0,0.0,0,0,0.0,0,0,0,0.246,0.754,0.0,0.0556,0.1667,0.1667,0.0556,0.0,0.0,0.0556,0.5,0.0,3.08,0.0,3.08,0.0,0.0,6.16,6,5,1.13,3,0,0,1,2,7,7,1,0.79,en,1.0
DU5pU_UjQsQ,167,7,12.65,46.85,14.81,0.0,0.0,0.0,5.39,0.0,0,0.0,0,0,0.0,0,0,0,0.275,0.557,0.0152,0.0606,0.1364,0.1515,0.1364,0.0455,0.0,0.0606,0.2879,0.1061,0.0,0.0,0.0,0.0,0.6,0.6,0,0,0.0,0,0,0,0,0,5,5,0,0.946,en,1.0
DWYWQYjjZtc,84,6,10.09,51.94,12.41,0.0,0.0,0.0,0.0,0.0,0,0.0,0,0,0.0,0,0,0,0.274,0.821,0.0,0.0,0.25,0.25,0.0,0.0,0.0,0.0,0.5,0.0,0.0,0.0,0.0,0.0,0.0,0.0,0,0,0.0,0,0,0,0,0,0,0,0,,en,1.0
DWa67ppjZEz,43,2,11.23,53.76,12.44,0.0,4.65,0.0,0.0,0.0,0,0.0,0,1,2.33,0,1,0,0.326,0.884,0.0,0.0,0.1333,0.2,0.1333,0.0,0.0667,0.0667,0.2667,0.1333,0.0,0.0,6.98,2.33,0.0,9.31,0,0,0.0,0,0,0,0,0,0,0,0,,en,1.0
DWipTbxDK8S,108,5,13.6,35.68,16.41,0.0,1.85,0.0,0.0,0.0,1,0.2,0,0,0.0,0,0,0,0.343,0.778,0.0625,0.0625,0.0625,0.0625,0.125,0.0,0.0,0.125,0.375,0.125,0.0,0.0,0.0,0.0,0.0,0.0,0,0,0.0,0,0,0,0,0,0,0,0,,en,1.0
DWgIriWDQxg,82,4,10.23,57.81,12.54,0.0,2.44,0.0,1.22,0.0,0,0.0,0,0,0.0,0,0,0,0.256,0.805,0.1,0.1,0.05,0.15,0.05,0.05,0.1,0.15,0.1,0.15,2.44,0.0,1.22,0.0,1.22,4.88,0,0,0.0,0,0,0,0,0,0,0,0,,en,1.0
DWlOT-GDX6g,88,8,10.69,37.54,12.67,0.0,0.0,0.0,0.0,0.0,0,0.0,0,1,1.14,0,1,0,0.409,0.864,0.0,0.0,0.0455,0.0909,0.0909,0.0,0.0,0.0909,0.6818,0.0,0.0,1.14,2.27,0.0,0.0,3.41,0,0,0.0,0,0,0,0,0,0,0,0,,en,1.0
DVgC6V2ioa5,153,8,12.78,37.27,17.07,0.0,1.96,0.0,1.96,0.0,0,0.0,0,1,0.65,0,0,0,0.366,0.66,0.0189,0.0943,0.0377,0.1509,0.0566,0.1509,0.0,0.0943,0.2075,0.1887,0.0,0.0,1.96,3.27,0.0,5.23,0,0,0.0,0,0,0,0,0,0,0,0,,en,1.0
DVTDeXjjmMZ,55,3,14.3,25.18,16.79,0.0,3.64,0.0,0.0,0.0,1,0.333,0,0,0.0,0,0,0,0.418,0.855,0.0,0.0909,0.0909,0.2727,0.0909,0.0,0.0,0.1818,0.2727,0.0,0.0,0.0,1.82,0.0,0.0,1.82,0,0,0.0,0,0,0,0,0,0,0,0,,en,1.0
DU50x96jR1d,45,3,8.86,58.85,10.48,0.0,2.22,0.0,0.0,0.0,0,0.0,0,4,8.89,0,1,0,0.178,0.933,0.0,0.0,0.1429,0.1429,0.1429,0.1429,0.0,0.1429,0.1429,0.1429,0.0,0.0,0.0,0.0,0.0,0.0,0,0,0.0,0,0,0,0,0,0,0,0,,en,1.0
DVyESaDDdiT,137,8,11.23,45.26,15.02,0.0,2.19,1.46,0.73,1.46,0,0.0,0,6,4.38,0,1,0,0.263,0.701,0.2045,0.0455,0.0227,0.0909,0.0682,0.0909,0.0682,0.0227,0.1818,0.2045,0.0,0.0,0.73,0.0,0.0,0.73,0,0,0.0,0,0,0,0,0,1,1,0,0.988,en,1.0
DVI864ZjNsa,70,4,9.43,57.7,12.09,0.0,4.29,0.0,0.0,0.0,1,0.25,0,2,2.86,0,0,0,0.286,0.843,0.0909,0.0909,0.0,0.0909,0.0909,0.0909,0.0909,0.0,0.3636,0.0909,0.0,0.0,1.43,0.0,0.0,1.43,0,0,0.0,0,0,0,0,0,0,0,0,,en,1.0
DVLjRgJDs5J,41,2,13.16,36.37,15.0,0.0,4.88,0.0,0.0,0.0,0,0.0,0,0,0.0,0,0,0,0.317,0.951,0.0,0.0,0.05,0.1,0.1,0.05,0.1,0.05,0.3,0.25,0.0,0.0,0.0,0.0,0.0,0.0,0,0,0.0,0,0,0,0,0,0,0,0,,en,1.0
DR1lAl1DNyj,103,5,11.2,49.34,13.95,0.0,1.94,0.97,0.0,0.97,0,0.0,0,0,0.0,0,0,0,0.272,0.748,0.0714,0.0714,0.1071,0.1786,0.0357,0.0357,0.0,0.0357,0.3571,0.1071,5.83,0.0,0.97,0.0,2.91,9.71,2,2,0.31,0,0,0,0,2,1,1,0,0.0,en,1.0
DVtYmYXDoF9,79,4,12.57,40.6,14.0,0.0,0.0,0.0,2.53,0.0,0,0.0,0,1,1.27,0,0,0,0.354,0.797,0.1,0.1,0.0667,0.0667,0.0333,0.0667,0.1,0.0667,0.3,0.1,1.27,0.0,0.0,0.0,1.27,2.54,0,0,0.0,0,0,0,0,0,0,0,0,,en,1.0
DRoh4CgjIdg,57,3,11.69,45.07,13.21,0.0,12.28,0.0,0.0,0.0,0,0.0,0,0,0.0,0,0,0,0.298,0.754,0.0,0.0,0.0909,0.2727,0.1818,0.0,0.0,0.0455,0.4091,0.0,0.0,0.0,7.02,1.75,0.0,8.77,1,1,0.29,0,0,0,0,1,0,0,0,,en,1.0
DV1DmH0CkLB,61,2,15.65,37.19,18.76,0.0,0.0,1.64,1.64,1.64,0,0.0,0,1,1.64,0,0,0,0.262,0.836,0.0,0.0,0.0,0.3333,0.6667,0.0,0.0,0.0,0.0,0.0,0.0,0.0,0.0,0.0,0.0,0.0,0,0,0.0,0,0,0,0,0,0,0,0,,en,1.0
DSSZ_zZjCkl,74,3,15.08,30.89,17.43,0.0,4.05,1.35,0.0,1.35,1,0.333,0,1,1.35,0,1,0,0.378,0.797,0.0,0.0,0.1176,0.2353,0.1765,0.0,0.0,0.0,0.4706,0.0,0.0,0.0,0.0,0.0,0.0,0.0,5,2,0.98,0,0,0,1,4,0,0,0,,en,1.0
DSVAuMcDEaR,95,5,13.08,34.75,16.03,0.0,2.11,0.0,2.11,0.0,1,0.2,0,1,1.05,0,1,0,0.337,0.726,0.0417,0.0417,0.0,0.1667,0.0417,0.0417,0.0417,0.0417,0.4583,0.125,3.16,1.05,2.11,0.0,6.32,12.64,1,1,0.14,1,0,0,0,0,4,4,0,0.901,en,1.0
DVOUUsFiHNk,103,6,16.61,6.28,19.74,0.0,0.0,0.0,0.0,0.0,0,0.0,1,0,0.0,0,0,0,0.466,0.777,0.0,0.0,0.0,0.2381,0.2857,0.0,0.0,0.0476,0.4286,0.0,0.97,0.0,2.91,0.0,0.0,3.88,6,6,0.58,2,0,0,0,4,14,14,1,0.068,en,1.0
DVYvl7RiVL5,66,4,18.34,-7.49,23.12,0.0,1.52,0.0,0.0,0.0,0,0.0,0,0,0.0,0,0,0,0.47,0.803,0.1,0.1,0.0,0.1,0.0,0.1,0.0,0.0,0.4,0.2,0.0,0.0,0.0,0.0,0.0,0.0,0,0,0.0,0,0,0,0,0,0,0,0,,en,1.0
DRZpsCYDKQo,82,5,13.96,23.51,17.4,0.0,1.22,0.0,0.0,0.0,1,0.2,1,1,1.22,0,1,0,0.402,0.78,0.0909,0.0909,0.0909,0.1818,0.1364,0.0,0.0455,0.0455,0.3182,0.0,0.0,0.0,1.22,0.0,6.1,7.32,1,1,0.16,0,0,0,0,1,4,4,0,0.879,en,1.0
DU0iQhODA9h,164,13,8.79,54.23,11.16,0.0,1.83,0.0,0.61,0.0,0,0.0,0,0,0.0,0,0,0,0.287,0.75,0.0566,0.0943,0.1132,0.1321,0.0566,0.0377,0.0,0.0189,0.3396,0.1509,2.44,0.0,0.61,0.61,0.0,3.66,2,2,0.19,1,0,0,0,1,0,0,1,,en,1.0
DRjpDiHjHFV,81,5,12.58,32.65,15.47,0.0,0.0,0.0,2.47,0.0,1,0.2,0,1,1.23,0,0,0,0.358,0.827,0.0667,0.1667,0.1,0.1333,0.1333,0.0333,0.0,0.0,0.3333,0.0333,2.47,1.23,1.23,1.23,1.23,7.39,4,4,0.64,2,0,0,0,2,3,3,0,0.912,en,1.0
DVlOuZXjkcq,72,4,11.92,41.69,14.98,0.0,0.0,0.0,0.0,0.0,0,0.0,0,0,0.0,0,0,0,0.347,0.75,0.0,0.05,0.15,0.1,0.15,0.0,0.0,0.0,0.5,0.05,0.0,0.0,0.0,0.0,1.39,1.39,0,0,0.0,0,0,0,0,0,0,0,0,,en,1.0
DVOGgyQDCdJ,79,3,15.43,30.77,17.58,0.0,0.0,0.0,1.27,0.0,0,0.0,0,0,0.0,0,0,0,0.342,0.797,0.0,0.05,0.1,0.35,0.2,0.0,0.0,0.05,0.2,0.05,0.0,0.0,2.53,0.0,0.0,2.53,0,0,0.0,0,0,0,0,0,0,0,0,,en,1.0
DUi1DKFEswt,67,5,10.24,45.5,11.93,0.0,1.49,0.0,0.0,0.0,0,0.0,0,1,1.49,0,1,0,0.269,0.821,0.0952,0.1429,0.0,0.0952,0.0,0.1429,0.0476,0.0476,0.2857,0.1429,4.48,0.0,1.49,1.49,2.99,10.45,0,0,0.0,0,0,0,0,0,5,5,1,0.843,en,1.0
DVTacFEDDjq,89,6,11.18,41.01,14.05,0.0,2.25,1.12,0.0,1.12,0,0.0,0,5,5.62,0,0,0,0.326,0.865,0.125,0.125,0.0,0.1667,0.0833,0.0833,0.0417,0.0417,0.1667,0.1667,1.12,0.0,0.0,0.0,0.0,1.12,1,1,0.17,0,0,0,0,1,0,0,0,,en,1.0
DRbhlL9jFj-,58,3,12.31,40.61,13.92,0.0,1.72,1.72,0.0,1.72,0,0.0,1,0,0.0,0,0,0,0.362,0.914,0.0769,0.1538,0.0769,0.1538,0.0,0.0769,0.0,0.0,0.3077,0.1538,3.45,0.0,5.17,0.0,0.0,8.62,0,0,0.0,0,0,0,0,0,2,2,0,0.914,en,1.0
DUamruyjIvp,164,7,14.35,32.67,15.88,0.0,3.66,0.61,1.22,0.61,0,0.0,0,0,0.0,0,0,0,0.329,0.756,0.0244,0.0732,0.0976,0.2927,0.1463,0.0244,0.0,0.0244,0.2927,0.0244,0.61,0.0,3.66,0.0,0.0,4.27,1,1,0.09,1,0,0,0,0,0,0,0,,en,1.0
DU8Q-V6Eh8X,77,5,11.41,40.68,11.87,0.0,5.19,0.0,1.3,0.0,0,0.0,0,0,0.0,0,0,0,0.377,0.792,0.0,0.1905,0.0476,0.1905,0.1429,0.0,0.0,0.0952,0.2381,0.0952,1.3,0.0,2.6,0.0,1.3,5.2,1,1,0.2,1,0,0,0,0,0,0,0,,en,1.0
DVakVfSCFgS,83,4,17.06,7.95,19.04,0.0,1.2,1.2,1.2,1.2,0,0.0,1,0,0.0,0,0,0,0.41,0.783,0.0,0.0,0.0588,0.2353,0.1176,0.0,0.0,0.0,0.5882,0.0,3.61,0.0,1.2,1.2,4.82,10.83,0,0,0.0,0,0,0,0,0,5,5,0,0.857,en,1.0
DUq4ZLtj73l,100,5,13.71,32.07,15.19,1.0,1.0,0.0,0.0,0.0,1,0.2,0,1,1.0,0,0,0,0.3,0.62,0.0,0.0,0.0526,0.2105,0.2105,0.0,0.0,0.0,0.5263,0.0,0.0,0.0,0.0,0.0,0.0,0.0,2,1,0.27,2,0,0,0,0,5,5,1,0.9,en,1.0
DVOQ3h4DCqP,127,5,13.19,44.31,15.69,0.0,1.57,0.0,1.57,0.0,1,0.2,1,0,0.0,0,0,0,0.236,0.724,0.0625,0.0938,0.0625,0.0625,0.0625,0.0938,0.0625,0.0312,0.3438,0.125,1.57,0.0,1.57,0.0,0.0,3.14,2,2,0.26,1,0,0,0,1,0,0,1,,en,1.0
DVIvSh2jPbB,69,7,7.87,55.7,9.2,0.0,2.9,0.0,0.0,0.0,0,0.0,1,0,0.0,0,0,0,0.275,0.87,0.1,0.125,0.05,0.175,0.025,0.125,0.025,0.05,0.175,0.15,1.45,0.0,0.0,0.0,0.0,1.45,1,1,0.22,1,0,0,0,0,0,0,1,,en,1.0
DU-1O9BCJ5U,14,2,13.34,13.65,13.2,0.0,0.0,0.0,0.0,0.0,0,0.0,0,3,21.43,0,1,0,0.5,1.0,0.0,0.0,0.0,0.0,0.0,0.0,0.0,0.0,0.0,0.0,0.0,0.0,0.0,0.0,0.0,0.0,0,0,0.0,0,0,0,0,0,0,0,0,,en,1.0
DU_BedZDHK_,323,16,12.53,40.61,15.25,0.0,0.93,0.0,1.24,0.0,0,0.0,0,0,0.0,0,0,0,0.334,0.604,0.068,0.1068,0.068,0.1359,0.1262,0.0583,0.0097,0.0485,0.2427,0.1359,2.48,0.0,1.24,0.0,0.31,4.03,0,0,0.0,0,0,0,0,0,0,0,0,,en,1.0
DUlJ-T9DMsS,134,7,9.94,58.17,13.05,0.0,0.75,0.75,0.0,0.75,0,0.0,0,2,1.49,0,0,0,0.254,0.679,0.0,0.0294,0.0882,0.2059,0.2059,0.0,0.0,0.0294,0.4412,0.0,0.0,0.0,3.73,0.0,0.0,3.73,1,1,0.12,1,0,0,0,0,0,0,1,,en,1.0
DVan0V-iFrF,63,3,20.97,-19.06,25.18,0.0,0.0,0.0,0.0,0.0,0,0.0,0,0,0.0,0,0,0,0.667,0.841,0.0385,0.1538,0.0,0.0769,0.0769,0.0769,0.0385,0.0,0.3077,0.2308,0.0,0.0,1.59,1.59,1.59,4.77,0,0,0.0,0,0,0,0,0,0,0,0,,en,1.0
DU-z_9ziHyK,4,1,,,,0.0,0.0,0.0,0.0,0.0,0,0.0,0,0,0.0,0,0,0,0.25,1.0,0.0,0.0,0.0,0.0,0.0,0.0,0.0,0.0,0.0,0.0,0.0,0.0,0.0,0.0,0.0,0.0,0,0,0.0,0,0,0,0,0,5,5,0,0.413,en,1.0
DUVa739DPUG,45,5,7.68,60.06,11.61,0.0,0.0,2.22,6.67,2.22,0,0.0,1,1,2.22,0,0,0,0.222,0.889,0.0,0.0769,0.0,0.2308,0.0769,0.1538,0.0,0.0,0.3077,0.1538,2.22,0.0,0.0,0.0,0.0,2.22,2,2,0.65,0,0,0,0,2,0,0,1,,en,1.0
DTe7EkljNLD,52,2,17.05,17.34,20.4,0.0,1.92,0.0,0.0,0.0,0,0.0,0,0,0.0,0,0,0,0.404,0.865,0.0,0.0,0.0,0.5,0.0,0.0,0.0,0.0,0.5,0.0,3.85,0.0,1.92,0.0,0.0,5.77,2,2,0.46,1,0,0,0,1,4,4,0,0.836,en,1.0
DWB8QHqjWrn,149,6,17.87,10.88,22.57,0.0,0.0,0.0,0.67,0.0,0,0.0,0,0,0.0,0,0,0,0.45,0.631,0.0,0.0,0.0,0.3636,0.0606,0.0,0.0,0.0,0.5455,0.0303,0.0,0.0,6.04,1.34,0.0,7.38,1,1,0.09,0,0,0,0,1,0,0,0,,en,1.0
DVdH45gAVk4,121,6,15.36,18.52,18.15,0.0,0.0,0.0,0.0,0.0,0,0.0,0,0,0.0,0,0,0,0.405,0.76,0.0571,0.0286,0.0286,0.2,0.1143,0.0286,0.0,0.0,0.4286,0.1143,0.83,0.0,2.48,0.83,2.48,6.62,1,1,0.11,0,0,0,0,1,5,5,2,0.935,en,1.0
DUQkt2iDA7P,136,7,14.89,22.17,18.13,0.0,2.21,0.74,0.0,0.74,1,0.143,1,2,1.47,0,1,0,0.382,0.735,0.027,0.0811,0.0811,0.0811,0.1622,0.0541,0.0,0.0541,0.4054,0.0541,0.74,0.74,2.21,1.47,1.47,6.63,3,3,0.32,0,0,0,0,3,0,0,1,,en,1.0
DUGHK9qjPW3,146,6,17.84,17.41,20.07,0.0,2.05,0.68,0.68,0.68,0,0.0,0,0,0.0,0,0,0,0.377,0.76,0.0294,0.1471,0.0294,0.4118,0.0588,0.0294,0.0,0.0,0.2647,0.0294,1.37,0.0,1.37,0.0,0.0,2.74,1,1,0.1,0,0,0,0,1,0,0,1,,en,1.0
DVslJUkiCXw,113,4,22.86,-20.29,26.31,0.0,0.0,0.0,0.0,0.0,0,0.0,0,0,0.0,0,0,0,0.504,0.699,0.0,0.0417,0.0,0.3333,0.0,0.0,0.0,0.0,0.5833,0.0417,0.88,0.0,2.65,4.42,0.88,8.83,1,1,0.09,0,0,0,0,1,14,14,0,0.772,en,1.0
DUDUlzWDmzd,30,2,9.14,56.25,12.67,0.0,0.0,0.0,3.33,0.0,0,0.0,0,0,0.0,0,0,0,0.233,0.833,0.0,0.0,0.0,0.0,0.0,0.4,0.0,0.0,0.6,0.0,0.0,3.33,0.0,0.0,0.0,3.33,0,0,0.0,0,0,0,0,0,0,0,0,,en,1.0
DWGMzA5iEYq,158,6,18.49,7.88,22.23,0.0,0.63,0.0,0.0,0.0,0,0.0,0,0,0.0,0,0,0,0.475,0.671,0.0,0.0455,0.1136,0.2273,0.0909,0.0227,0.0,0.0,0.4773,0.0227,0.63,0.0,8.86,3.16,0.63,13.28,0,0,0.0,0,0,0,0,0,8,8,0,0.904,en,1.0
DULC8MvjkTx,28,2,11.78,35.51,12.74,0.0,0.0,0.0,3.57,0.0,0,0.0,0,0,0.0,0,0,0,0.321,0.929,0.0,0.0,0.1667,0.1667,0.0,0.0,0.0,0.0,0.6667,0.0,3.57,0.0,0.0,0.0,0.0,3.57,0,0,0.0,0,0,0,0,0,0,0,0,,en,1.0
DUQMkcKCKzR,49,3,9.8,53.86,11.43,0.0,4.08,0.0,0.0,0.0,0,0.0,0,0,0.0,0,0,0,0.204,0.898,0.0,0.0,0.0,0.1667,0.0,0.1667,0.0,0.0,0.6667,0.0,0.0,0.0,0.0,0.0,2.04,2.04,0,0,0.0,0,0,0,0,0,0,0,0,,en,1.0
DVqFzwkiKC1,116,3,21.73,5.78,24.22,0.0,0.0,0.0,0.0,0.0,0,0.0,0,1,0.86,0,0,0,0.448,0.733,0.0488,0.0244,0.1463,0.2195,0.0976,0.0,0.0488,0.0488,0.3659,0.0,1.72,0.0,0.86,0.86,0.0,3.44,0,0,0.0,0,0,0,0,0,13,13,0,0.168,en,1.0
DQ33W_MDIWT,52,3,13.87,28.26,18.97,0.0,0.0,0.0,0.0,0.0,0,0.0,0,5,9.62,0,1,0,0.385,0.942,0.0,0.0,0.1429,0.3571,0.0714,0.0,0.0,0.0714,0.3571,0.0,0.0,0.0,1.92,1.92,1.92,5.76,3,3,0.79,1,0,0,1,1,0,0,0,,en,1.0
DQwc21VjCay,86,6,13.13,24.98,16.76,0.0,1.16,0.0,0.0,0.0,0,0.0,0,0,0.0,0,0,0,0.442,0.756,0.0,0.087,0.087,0.2174,0.087,0.0,0.0,0.087,0.3913,0.0435,2.33,0.0,4.65,1.16,2.33,10.47,0,0,0.0,0,0,0,0,0,5,5,0,0.868,en,1.0
DTrtFpEjvQr,30,2,5.21,84.45,7.33,0.0,0.0,0.0,0.0,0.0,0,0.0,0,0,0.0,0,0,0,0.1,0.833,0.0,0.0,0.0,0.0,0.6,0.0,0.0,0.2,0.2,0.0,0.0,0.0,0.0,0.0,0.0,0.0,0,0,0.0,0,0,0,0,0,0,0,0,,en,1.0
DSrIVS5jgIs,32,2,7.98,66.34,8.9,0.0,3.12,3.12,0.0,3.12,0,0.0,0,0,0.0,0,0,0,0.125,0.812,0.0,0.0,0.1111,0.1111,0.0,0.1111,0.0,0.2222,0.2222,0.2222,3.12,0.0,0.0,0.0,12.5,15.62,0,0,0.0,0,0,0,0,0,0,0,0,,en,1.0
DT2qXbkDhAW,28,2,7.57,65.73,11.31,0.0,0.0,0.0,0.0,0.0,0,0.0,0,0,0.0,0,0,0,0.214,0.857,0.0,0.0769,0.1538,0.1538,0.0769,0.0,0.0,0.0769,0.3846,0.0769,3.57,0.0,0.0,0.0,0.0,3.57,0,0,0.0,0,0,0,0,0,0,0,0,,en,1.0
DTHj9wWDrOW,15,2,6.73,71.77,8.46,0.0,0.0,0.0,0.0,0.0,0,0.0,0,0,0.0,0,0,0,0.2,0.933,0.0,0.0,0.0,0.3333,0.0,0.0,0.0,0.0,0.0,0.6667,0.0,0.0,0.0,0.0,6.67,6.67,0,0,0.0,0,0,0,0,0,0,0,0,,en,1.0
DTz6o0ADgsG,126,6,11.11,51.91,13.4,0.0,0.79,0.0,1.59,0.0,0,0.0,0,0,0.0,0,0,0,0.246,0.762,0.0364,0.1091,0.1091,0.0909,0.0364,0.0545,0.0909,0.0545,0.3091,0.1091,0.79,0.79,0.0,0.0,0.79,2.37,0,0,0.0,0,0,0,0,0,0,0,0,,en,1.0
DROlo6ODMZ2,26,4,9.64,37.55,10.29,0.0,3.85,3.85,0.0,3.85,0,0.0,1,2,7.69,0,1,0,0.308,0.962,0.0,0.0,0.125,0.25,0.25,0.0,0.0,0.0,0.375,0.0,3.85,0.0,3.85,0.0,3.85,11.55,2,2,1.12,1,0,0,0,1,0,0,0,,en,1.0
DTMth9CDqsA,18,2,5.62,70.8,5.82,0.0,0.0,0.0,0.0,0.0,0,0.0,0,0,0.0,0,0,0,0.111,1.0,0.0,0.1429,0.1429,0.0,0.2857,0.1429,0.0,0.0,0.2857,0.0,0.0,0.0,0.0,0.0,0.0,0.0,0,0,0.0,0,0,0,0,0,0,0,0,,en,1.0
DS1iZTWjqdX,17,2,10.48,50.24,13.86,0.0,0.0,0.0,0.0,0.0,0,0.0,0,0,0.0,0,0,0,0.294,0.941,0.0,0.0,0.0,0.3333,0.0,0.0,0.0,0.0,0.6667,0.0,5.88,0.0,0.0,0.0,0.0,5.88,0,0,0.0,0,0,0,0,0,0,0,0,,en,1.0
DTCaWV3DqXt,21,4,1.75,94.99,2.8,0.0,0.0,9.52,0.0,9.52,1,0.25,1,0,0.0,0,0,0,0.143,1.0,0.0,0.0,0.0,0.0,0.0,0.0,0.0,1.0,0.0,0.0,0.0,0.0,0.0,0.0,0.0,0.0,1,1,0.81,0,0,0,1,0,0,0,0,,en,1.0
DSRfVglE9R7,106,6,18.35,-5.04,21.78,0.0,0.0,0.0,0.0,0.0,0,0.0,0,1,0.94,0,0,0,0.547,0.679,0.0,0.0,0.0,0.2778,0.1667,0.0,0.0,0.0,0.5,0.0556,0.0,0.0,2.83,1.89,1.89,6.61,0,0,0.0,0,0,0,0,0,18,16,1,0.039,en,1.0
DSUdHpljhNG,122,11,8.56,55.07,11.13,0.0,5.74,4.92,0.0,4.92,1,0.091,2,1,0.82,0,0,0,0.287,0.713,0.0625,0.125,0.0,0.1875,0.1875,0.0,0.0,0.0,0.25,0.1875,1.64,2.46,2.46,0.82,0.0,7.38,2,2,0.25,0,0,0,1,1,1,1,0,0.831,en,1.0
DTu6OvXDGvb,186,7,14.66,36.53,17.01,0.0,1.08,0.0,1.08,0.0,0,0.0,0,2,1.08,0,0,0,0.296,0.64,0.093,0.093,0.1163,0.1395,0.0233,0.0233,0.0233,0.0233,0.4186,0.0465,2.15,0.0,2.15,0.0,0.0,4.3,0,0,0.0,0,0,0,0,0,0,0,1,,en,1.0
DUak3CWihKh,156,7,18.37,1.27,22.21,0.0,0.0,0.0,0.0,0.0,0,0.0,0,0,0.0,0,0,0,0.5,0.712,0.02,0.02,0.08,0.16,0.14,0.0,0.0,0.04,0.54,0.0,0.64,0.0,5.13,1.92,0.0,7.69,0,0,0.0,0,0,0,0,0,1,1,2,0.106,en,1.0
DTc2Yz7FK4g,52,7,8.17,58.79,12.2,0.0,0.0,1.92,0.0,1.92,0,0.0,0,0,0.0,0,0,0,0.192,0.885,0.0357,0.0,0.1786,0.1429,0.1071,0.0357,0.0357,0.1071,0.3214,0.0357,0.0,0.0,0.0,0.0,1.92,1.92,0,0,0.0,0,0,0,0,0,0,0,0,,en,1.0
DTpriFKDEoy,82,4,13.72,32.75,16.0,0.0,1.22,0.0,0.0,0.0,0,0.0,0,3,3.66,0,1,0,0.293,0.78,0.0606,0.0909,0.0606,0.1212,0.2121,0.0909,0.0303,0.0,0.2121,0.1212,0.0,0.0,1.22,0.0,1.22,2.44,3,3,0.49,0,0,0,0,3,0,0,1,,en,1.0
DUAvy1HCrdK,59,5,6.75,72.51,9.94,0.0,0.0,3.39,0.0,3.39,0,0.0,0,0,0.0,0,0,0,0.136,0.78,0.0,0.25,0.0,0.0,0.25,0.125,0.0,0.0,0.375,0.0,0.0,0.0,0.0,0.0,1.69,1.69,0,0,0.0,0,0,0,0,0,0,0,0,,en,1.0
DTpkqRcjKoI,54,3,11.82,41.19,15.39,0.0,5.56,1.85,0.0,1.85,0,0.0,0,1,1.85,0,1,0,0.296,0.833,0.0,0.0625,0.0625,0.1875,0.3125,0.0,0.0,0.0,0.3125,0.0625,0.0,0.0,1.85,0.0,0.0,1.85,1,1,0.28,1,0,0,0,0,0,0,1,,en,1.0
DUDwkx3CoSw,123,4,18.62,14.55,21.31,0.0,1.63,0.0,0.0,0.0,0,0.0,0,0,0.0,0,0,0,0.407,0.699,0.037,0.0741,0.0926,0.1296,0.1667,0.0741,0.0556,0.037,0.2593,0.0741,0.81,0.0,1.63,0.0,0.81,3.25,0,0,0.0,0,0,0,0,0,0,0,0,,en,1.0
DTdBVo0DE80,32,3,7.7,70.14,9.15,0.0,0.0,0.0,0.0,0.0,0,0.0,0,2,6.25,1,0,0,0.156,0.938,0.0,0.0,0.0,0.0,0.0,0.0,0.0,0.0,1.0,0.0,0.0,0.0,0.0,0.0,3.12,3.12,1,1,0.45,0,0,0,0,1,0,0,1,,en,1.0
DU-z0VTCIDD,166,7,16.47,17.97,19.88,0.0,0.0,0.0,0.0,0.0,0,0.0,0,1,0.6,0,0,0,0.416,0.741,0.0233,0.0698,0.0465,0.2558,0.0,0.0233,0.0465,0.0,0.3721,0.1628,0.6,0.0,4.82,1.81,0.6,7.83,0,0,0.0,0,0,0,0,0,0,0,0,,en,1.0
DTQJTa4DCHb,26,1,13.44,41.48,16.27,0.0,3.85,0.0,3.85,0.0,0,0.0,0,0,0.0,0,0,0,0.269,0.885,0.0,0.0,0.0,0.0,0.0,0.0,0.0,0.0,0.0,0.0,0.0,0.0,0.0,0.0,0.0,0.0,2,2,1.04,1,0,0,0,1,0,0,2,,en,1.0
DT-LDRWDLjo,113,7,13.48,36.86,15.31,0.0,0.88,0.88,1.77,0.88,0,0.0,0,0,0.0,0,0,0,0.327,0.761,0.0,0.0,0.0,0.5385,0.1538,0.0,0.0,0.0,0.3077,0.0,0.88,0.0,0.0,0.88,0.0,1.76,1,1,0.14,1,0,0,0,0,0,0,0,,en,1.0
DUYS-aeDTbR,49,3,9.8,53.86,11.43,0.0,8.16,0.0,0.0,0.0,1,0.333,0,0,0.0,0,0,0,0.224,0.878,0.0,0.0,0.0,0.25,0.0,0.0,0.0,0.0,0.75,0.0,0.0,0.0,2.04,0.0,0.0,2.04,0,0,0.0,0,0,0,0,0,0,0,0,,en,1.0
DUIs9smjU9U,178,14,7.53,68.98,10.31,0.0,0.56,0.56,0.0,0.56,0,0.0,3,11,6.18,0,1,0,0.208,0.522,0.0,0.05,0.1,0.45,0.1,0.05,0.0,0.0,0.15,0.1,0.56,0.0,0.0,0.0,0.0,0.56,0,0,0.0,0,0,0,0,0,2,2,1,0.965,en,1.0
DUFkxsrAbe6,48,3,15.7,23.49,18.77,0.0,0.0,0.0,2.08,0.0,0,0.0,0,0,0.0,0,0,0,0.312,0.896,0.0,0.0,0.1429,0.2857,0.0,0.0,0.0,0.0,0.5714,0.0,2.08,0.0,2.08,0.0,0.0,4.16,0,0,0.0,0,0,0,0,0,0,0,0,,en,1.0
DTZwVuyDPzv,68,4,11.86,40.29,12.68,0.0,2.94,1.47,0.0,1.47,0,0.0,0,1,1.47,0,0,0,0.279,0.838,0.0769,0.0769,0.0769,0.1538,0.2308,0.0,0.0,0.0769,0.3077,0.0,1.47,0.0,2.94,0.0,0.0,4.41,1,1,0.22,1,0,0,0,0,0,0,0,,en,1.0
DS8gr-cjs7N,55,4,7.79,63.67,11.32,0.0,1.82,1.82,0.0,1.82,0,0.0,0,1,1.82,0,1,0,0.255,0.818,0.0,0.0,0.0714,0.1429,0.0714,0.0,0.0,0.1429,0.4286,0.1429,1.82,0.0,0.0,0.0,5.45,7.27,0,0,0.0,0,0,0,0,0,0,0,0,,en,1.0
DQ_R3ppjGei,35,2,15.17,17.46,19.57,0.0,5.71,0.0,2.86,0.0,0,0.0,0,0,0.0,0,0,0,0.4,0.829,0.0769,0.1538,0.1538,0.0769,0.1538,0.0,0.0,0.0769,0.3077,0.0,0.0,0.0,0.0,0.0,0.0,0.0,0,0,0.0,0,0,0,0,0,4,4,0,0.0,en,1.0
DUlFFvqlza-,104,7,12.69,29.26,14.95,0.0,0.96,0.0,1.92,0.0,0,0.0,0,0,0.0,0,0,0,0.394,0.721,0.08,0.08,0.0,0.2,0.04,0.08,0.16,0.04,0.12,0.2,0.0,0.0,2.88,0.0,0.0,2.88,2,2,0.29,1,0,0,0,1,0,0,0,,en,1.0
DUu_PDljEOn,81,4,9.85,58.75,11.86,0.0,1.23,1.23,1.23,1.23,0,0.0,0,0,0.0,0,0,0,0.185,0.802,0.0357,0.0714,0.1786,0.1071,0.0357,0.0357,0.0714,0.1071,0.25,0.1071,1.23,0.0,0.0,0.0,1.23,2.46,1,1,0.21,0,0,1,0,0,0,0,0,,en,1.0
DUsTl7-CLzI,76,4,10.44,52.72,11.68,0.0,3.95,0.0,2.63,0.0,0,0.0,0,0,0.0,0,0,0,0.289,0.882,0.0,0.1304,0.1304,0.087,0.0435,0.087,0.0,0.087,0.2609,0.1739,6.58,0.0,0.0,0.0,2.63,9.21,0,0,0.0,0,0,0,0,0,0,0,0,,en,1.0
DUirI8jCpq9,44,3,8.37,61.2,11.32,0.0,0.0,4.55,0.0,4.55,0,0.0,0,0,0.0,0,0,0,0.182,0.909,0.0625,0.125,0.0625,0.0,0.125,0.1875,0.125,0.0625,0.0625,0.1875,0.0,0.0,0.0,0.0,0.0,0.0,0,0,0.0,0,0,0,0,0,0,0,0,,en,1.0
DUm4LN7ij2P,41,4,8.84,49.93,9.95,0.0,2.44,0.0,0.0,0.0,0,0.0,0,0,0.0,0,0,0,0.317,0.854,0.1111,0.1111,0.1111,0.1111,0.0,0.1111,0.0,0.1111,0.2222,0.1111,0.0,0.0,0.0,0.0,0.0,0.0,0,0,0.0,0,0,0,0,0,0,0,0,,en,1.0
DUxWVHkkQKe,16,2,2.28,92.97,3.2,0.0,0.0,0.0,0.0,0.0,0,0.0,0,0,0.0,0,0,0,0.062,1.0,0.1667,0.1667,0.0,0.1667,0.1667,0.0,0.0,0.0,0.1667,0.1667,0.0,0.0,0.0,0.0,0.0,0.0,0,0,0.0,0,0,0,0,0,0,0,0,,en,1.0
DTz7HPojK0l,32,3,10.48,50.24,13.86,0.0,0.0,0.0,0.0,0.0,0,0.0,1,2,6.25,0,0,0,0.281,0.75,0.1,0.1,0.0,0.0,0.1,0.1,0.1,0.2,0.0,0.3,0.0,0.0,0.0,0.0,9.38,9.38,2,2,0.85,1,0,0,0,1,0,0,1,,en,1.0
DUSPBlNAdD2,111,5,18.03,4.64,22.3,0.0,2.7,0.0,0.0,0.0,0,0.0,0,0,0.0,0,0,0,0.432,0.784,0.0244,0.0488,0.122,0.1463,0.1707,0.0244,0.0244,0.0732,0.3415,0.0244,0.0,0.0,0.9,0.0,0.0,0.9,0,0,0.0,0,0,0,0,0,0,0,0,,en,1.0
DUz7IcljPlu,19,1,16.66,9.44,18.13,0.0,5.26,0.0,0.0,0.0,0,0.0,0,0,0.0,0,0,0,0.526,0.895,0.0,0.0,0.2,0.1,0.3,0.0,0.0,0.0,0.4,0.0,0.0,0.0,0.0,0.0,0.0,0.0,0,0,0.0,0,0,0,0,0,0,0,0,,en,1.0
DR_9tu4DEa9,81,4,12.59,39.53,13.95,0.0,2.47,0.0,0.0,0.0,1,0.25,0,0,0.0,0,0,0,0.395,0.753,0.0,0.0,0.1364,0.1818,0.1364,0.0,0.0,0.0,0.5,0.0455,4.94,0.0,3.7,0.0,8.64,17.28,3,3,0.47,2,0,1,0,0,3,3,2,0.942,en,1.0
DTSSRVGDovn,17,2,7.85,53.89,10.46,0.0,0.0,5.88,0.0,5.88,0,0.0,0,1,5.88,0,0,0,0.294,1.0,0.0,0.0,0.0,0.0,0.0,0.3333,0.3333,0.0,0.3333,0.0,0.0,0.0,0.0,0.0,0.0,0.0,0,0,0.0,0,0,0,0,0,0,0,0,,en,1.0
DSAAY7CCL0h,151,7,13.61,35.63,17.1,0.0,1.32,0.0,0.0,0.0,0,0.0,0,1,0.66,0,1,0,0.411,0.616,0.1351,0.1081,0.0541,0.0811,0.0,0.1081,0.0811,0.0,0.1892,0.2432,1.32,0.0,3.31,6.62,5.96,17.21,2,2,0.17,1,0,0,0,1,0,0,11,,en,1.0
DRUoRnVip6U,150,6,17.5,12.94,22.61,0.0,2.0,0.0,0.0,0.0,0,0.0,1,0,0.0,0,0,0,0.433,0.733,0.0286,0.0286,0.0857,0.2286,0.0857,0.0,0.0,0.0,0.5143,0.0286,2.67,0.0,2.0,2.0,0.0,6.67,4,1,0.37,0,0,0,0,4,1,1,0,0.007,en,1.0
DTkwKMyDiTL,72,2,19.03,21.86,23.21,0.0,0.0,0.0,0.0,0.0,0,0.0,0,1,1.39,0,1,0,0.292,0.722,0.0,0.0,0.1852,0.1481,0.1852,0.0,0.037,0.037,0.3704,0.037,0.0,0.0,0.0,0.0,0.0,0.0,0,0,0.0,0,0,0,0,0,0,0,0,,en,1.0
DRwLY29iqCu,243,7,21.2,4.64,24.74,0.0,0.0,0.0,1.65,0.0,0,0.0,0,1,0.41,0,0,0,0.387,0.683,0.0323,0.0645,0.0645,0.2258,0.1129,0.0484,0.0323,0.0161,0.3387,0.0645,2.47,0.0,3.29,0.41,1.23,7.4,4,1,0.22,4,0,0,0,0,0,0,8,,en,1.0
DRysmMAjjkE,20,1,10.5,55.41,16.0,0.0,5.0,0.0,0.0,0.0,0,0.0,0,0,0.0,0,0,0,0.25,1.0,0.0,0.0,0.2,0.2,0.2,0.0,0.0,0.0,0.3,0.1,0.0,0.0,0.0,0.0,0.0,0.0,0,0,0.0,0,0,0,0,0,0,0,0,,en,1.0
DTZ8t_rjf0K,157,17,8.7,52.66,10.86,0.0,0.0,0.0,1.91,0.0,0,0.0,0,3,1.91,0,1,0,0.293,0.771,0.1562,0.125,0.0,0.125,0.0,0.1875,0.0625,0.0,0.125,0.2188,0.0,0.0,0.0,0.0,0.0,0.0,0,0,0.0,0,0,0,0,0,0,0,0,,en,1.0
DRkD-f8ChaE,155,4,24.84,-15.81,29.14,0.0,1.94,0.0,0.0,0.0,0,0.0,0,0,0.0,0,0,0,0.503,0.658,0.0,0.0222,0.0889,0.2889,0.1111,0.0222,0.0,0.0,0.4444,0.0222,1.29,0.0,3.87,2.58,0.0,7.74,0,0,0.0,0,0,0,0,0,0,0,0,,en,1.0
DTP7j3RDHLk,104,3,17.45,31.73,19.25,0.0,5.77,0.0,0.0,0.0,0,0.0,0,2,1.92,0,0,0,0.25,0.76,0.0,0.0,0.1053,0.1053,0.2105,0.0,0.0,0.0526,0.5263,0.0,0.0,0.0,1.92,0.0,0.0,1.92,0,0,0.0,0,0,0,0,0,0,0,0,,en,1.0
DRyly-3Elxh,112,6,18.17,-1.69,22.75,0.0,0.89,0.0,0.0,0.0,0,0.0,0,2,1.79,0,1,0,0.491,0.768,0.0,0.0,0.0833,0.1667,0.0833,0.0833,0.0,0.0,0.5,0.0833,0.89,0.0,1.79,2.68,0.89,6.25,0,0,0.0,0,0,0,0,0,9,8,0,0.391,en,1.0
DSRmHo9jktf,31,3,10.14,40.79,13.17,0.0,0.0,0.0,0.0,0.0,0,0.0,0,0,0.0,0,0,0,0.258,0.935,0.0667,0.0667,0.1333,0.1,0.1333,0.0667,0.0333,0.0667,0.2667,0.0667,0.0,0.0,0.0,0.0,0.0,0.0,0,0,0.0,0,0,0,0,0,0,0,0,,en,1.0
DT0Ic-vDqZS,51,2,16.1,25.02,21.18,0.0,0.0,0.0,0.0,0.0,1,0.5,0,0,0.0,0,0,0,0.373,0.882,0.0,0.0,0.0,0.0,0.0,0.0,0.0,0.0,1.0,0.0,0.0,0.0,0.0,0.0,0.0,0.0,0,0,0.0,0,0,0,0,0,0,0,0,,en,1.0
DRoZZFWDisZ,35,3,10.0,43.55,11.59,0.0,0.0,0.0,0.0,0.0,0,0.0,0,0,0.0,0,0,0,0.314,0.914,0.0,0.0,0.2,0.3,0.1,0.0,0.0,0.0,0.4,0.0,2.86,0.0,0.0,0.0,0.0,2.86,0,0,0.0,0,0,0,0,0,0,0,0,,en,1.0
DUafvG0Dt8S,20,2,8.37,52.87,12.0,0.0,0.0,0.0,0.0,0.0,0,0.0,0,0,0.0,0,0,0,0.25,0.9,0.0,0.0,0.0,0.0,0.0,0.0,0.0,0.0,1.0,0.0,0.0,0.0,0.0,0.0,0.0,0.0,0,0,0.0,0,0,0,0,0,0,0,0,,en,1.0
DTczhoqCMi3,55,5,14.8,12.97,17.25,0.0,1.82,1.82,3.64,1.82,0,0.0,0,0,0.0,0,0,0,0.545,0.927,0.0714,0.0714,0.0714,0.1429,0.1429,0.0714,0.0714,0.0714,0.2143,0.0714,0.0,0.0,1.82,0.0,0.0,1.82,0,0,0.0,0,0,0,0,0,0,0,0,,en,1.0
DTxbld2jk4g,26,2,8.09,60.23,9.82,0.0,0.0,0.0,3.85,0.0,0,0.0,0,0,0.0,0,0,0,0.269,0.962,0.0,0.0,0.0,0.0,0.3333,0.0,0.0,0.3333,0.3333,0.0,0.0,0.0,0.0,0.0,0.0,0.0,0,0,0.0,0,0,0,0,0,0,0,0,,en,1.0
DSjumFdDrHH,17,2,8.39,65.17,9.15,0.0,0.0,0.0,0.0,0.0,0,0.0,0,0,0.0,0,0,0,0.176,1.0,0.0,0.0,0.0,0.25,0.0,0.25,0.0,0.0,0.5,0.0,0.0,0.0,0.0,0.0,0.0,0.0,0,0,0.0,0,0,0,0,0,0,0,0,,en,1.0
DTsjxydDrqm,41,3,12.76,27.89,16.2,0.0,0.0,0.0,0.0,0.0,0,0.0,0,0,0.0,0,0,0,0.512,0.805,0.0,0.1,0.0,0.5,0.1,0.0,0.0,0.0,0.2,0.1,0.0,0.0,0.0,0.0,2.44,2.44,0,0,0.0,0,0,0,0,0,0,0,0,,en,1.0
DSWvw0ojpo2,13,1,8.76,53.66,11.47,0.0,0.0,0.0,0.0,0.0,0,0.0,0,0,0.0,0,0,0,0.308,0.846,0.0,0.0,0.25,0.25,0.25,0.0,0.0,0.0,0.25,0.0,0.0,0.0,0.0,0.0,7.69,7.69,0,0,0.0,0,0,0,0,0,0,0,0,,en,1.0
DRUeLV4kVdA,74,5,11.99,34.77,13.54,0.0,1.35,0.0,0.0,0.0,1,0.2,1,0,0.0,0,0,0,0.365,0.851,0.125,0.125,0.0625,0.0625,0.125,0.0,0.0625,0.0625,0.3125,0.0625,1.35,1.35,4.05,1.35,0.0,8.1,1,1,0.15,0,0,0,0,1,10,10,0,0.751,en,1.0
DRti-4hkrSH,13,2,6.01,63.58,5.68,0.0,7.69,0.0,0.0,0.0,1,0.5,0,0,0.0,0,0,0,0.231,1.0,0.0,0.0,0.0,0.0,0.0,0.0,0.0,0.0,0.0,0.0,0.0,0.0,0.0,0.0,0.0,0.0,0,0,0.0,0,0,0,0,0,0,0,0,,en,1.0
DSANRZ7Csag,53,5,10.36,43.96,11.35,0.0,5.66,3.77,0.0,3.77,1,0.2,1,0,0.0,0,0,0,0.283,0.83,0.0909,0.0,0.0909,0.1818,0.1818,0.0,0.0,0.0,0.2727,0.1818,0.0,0.0,0.0,0.0,0.0,0.0,2,2,0.61,1,0,0,0,1,0,0,0,,en,1.0
DRylxXvCGVv,162,8,16.13,13.7,18.61,0.0,0.62,0.0,0.0,0.0,0,0.0,0,1,0.62,1,0,0,0.395,0.698,0.0,0.0638,0.0638,0.1915,0.1277,0.0213,0.0213,0.0,0.383,0.1277,1.23,0.62,1.85,3.7,1.23,8.63,0,0,0.0,0,0,0,0,0,14,11,1,0.024,en,1.0
DUVWG6IDlEW,25,2,11.94,31.72,17.8,0.0,0.0,0.0,0.0,0.0,0,0.0,0,0,0.0,0,0,0,0.4,0.88,0.0,0.0,0.0,0.0,0.0,0.0,0.0,0.0,1.0,0.0,0.0,0.0,0.0,0.0,0.0,0.0,0,0,0.0,0,0,0,0,0,0,0,0,,en,1.0
DSHS8tCjoMU,34,2,9.08,59.34,10.24,0.0,0.0,0.0,2.94,0.0,0,0.0,0,0,0.0,0,0,0,0.265,0.853,0.0,0.0,0.1667,0.3333,0.1667,0.0,0.0,0.0,0.3333,0.0,0.0,2.94,0.0,0.0,0.0,2.94,0,0,0.0,0,0,0,0,0,0,0,0,,en,1.0
DSo4McVCYZ-,73,3,10.98,59.1,12.93,0.0,1.37,0.0,2.74,0.0,0,0.0,0,0,0.0,0,0,0,0.192,0.836,0.0312,0.0312,0.0938,0.25,0.0938,0.0625,0.0312,0.0312,0.3125,0.0625,2.74,1.37,0.0,1.37,1.37,6.85,0,0,0.0,0,0,0,0,0,0,0,0,,en,1.0
DTxnqemDkJW,165,11,15.56,25.5,17.43,0.0,0.0,0.0,0.0,0.0,0,0.0,0,5,3.03,0,1,0,0.345,0.636,0.0,0.069,0.069,0.1379,0.069,0.0345,0.0345,0.0,0.5517,0.0345,1.21,0.0,0.0,0.0,0.0,1.21,0,0,0.0,0,0,0,0,0,2,2,2,0.981,en,1.0
DScAMoqDGfB,54,3,10.69,49.33,11.55,0.0,0.0,0.0,1.85,0.0,0,0.0,0,0,0.0,0,0,0,0.241,0.87,0.0,0.0625,0.0625,0.125,0.125,0.0625,0.0625,0.0,0.5,0.0,0.0,0.0,0.0,0.0,0.0,0.0,0,0,0.0,0,0,0,0,0,0,0,0,,en,1.0
DR32LTpDqq9,58,3,10.87,50.41,12.47,0.0,0.0,0.0,0.0,0.0,0,0.0,0,0,0.0,0,0,0,0.241,0.862,0.0833,0.0833,0.0,0.25,0.1667,0.0833,0.0,0.0,0.25,0.0833,0.0,0.0,0.0,0.0,3.45,3.45,0,0,0.0,0,0,0,0,0,0,0,0,,en,1.0
DSMjgNigije,67,3,11.96,49.06,15.5,0.0,0.0,0.0,0.0,0.0,0,0.0,1,0,0.0,0,0,0,0.284,0.821,0.1,0.0,0.0,0.0,0.1,0.1,0.1,0.1,0.3,0.2,0.0,0.0,1.49,0.0,4.48,5.97,0,0,0.0,0,0,0,0,0,0,0,0,,en,1.0
DUl-h-iDtVF,33,3,9.22,47.96,14.27,0.0,0.0,0.0,0.0,0.0,0,0.0,0,0,0.0,0,0,0,0.303,0.939,0.0,0.0556,0.2222,0.1111,0.1667,0.0556,0.0,0.1111,0.2778,0.0,0.0,0.0,0.0,0.0,3.03,3.03,0,0,0.0,0,0,0,0,0,0,0,0,,en,1.0
DWn0BodDtvi,16,3,3.28,81.65,6.97,0.0,6.25,0.0,0.0,0.0,0,0.0,0,1,6.25,0,0,0,0.312,1.0,0.0,0.0,0.0,0.0,0.0,0.0,0.0,0.0,1.0,0.0,0.0,6.25,0.0,0.0,0.0,6.25,0,0,0.0,0,0,0,0,0,0,0,0,,en,1.0
DU2k5TgCEm4,27,2,11.53,36.47,17.25,0.0,0.0,0.0,0.0,0.0,0,0.0,0,0,0.0,0,0,0,0.333,0.852,0.0,0.0,0.0,0.0,0.0,0.0,0.0,0.0,1.0,0.0,0.0,0.0,0.0,0.0,3.7,3.7,0,0,0.0,0,0,0,0,0,0,0,0,,en,1.0
DRkDGmqil3i,96,5,15.62,17.27,20.6,0.0,0.0,0.0,0.0,0.0,0,0.0,0,1,1.04,0,1,0,0.438,0.688,0.0,0.0,0.0,0.2222,0.1111,0.0,0.0,0.0,0.6667,0.0,0.0,0.0,2.08,4.17,0.0,6.25,0,0,0.0,0,0,0,0,0,2,2,2,0.26,en,1.0
DUvBEwdiOJq,58,8,6.16,63.82,9.11,0.0,0.0,0.0,0.0,0.0,0,0.0,0,0,0.0,0,0,0,0.241,0.724,0.0,0.0769,0.0769,0.1538,0.0769,0.0,0.0769,0.0769,0.3077,0.1538,0.0,0.0,0.0,0.0,3.45,3.45,0,0,0.0,0,0,0,0,0,0,0,0,,en,1.0
DU-uqVPiIUw,24,1,19.03,-0.42,24.85,0.0,0.0,0.0,0.0,0.0,0,0.0,0,0,0.0,0,0,0,0.458,0.875,0.0,0.3333,0.0,0.0,0.3333,0.3333,0.0,0.0,0.0,0.0,0.0,0.0,0.0,0.0,4.17,4.17,0,0,0.0,0,0,0,0,0,0,0,0,,en,1.0
DU0deWyDr98,29,2,12.44,31.67,16.83,0.0,0.0,0.0,0.0,0.0,0,0.0,0,0,0.0,0,0,0,0.31,0.828,0.0,0.0,0.125,0.125,0.125,0.125,0.0,0.125,0.375,0.0,0.0,0.0,0.0,0.0,0.0,0.0,0,0,0.0,0,0,0,0,0,0,0,0,,en,1.0
DSCJVfvDiLC,41,3,7.61,64.29,8.33,0.0,0.0,2.44,0.0,2.44,0,0.0,0,0,0.0,0,0,0,0.146,0.854,0.0556,0.1667,0.1111,0.1111,0.1667,0.1667,0.0556,0.0,0.1111,0.0556,0.0,0.0,0.0,0.0,2.44,2.44,0,0,0.0,0,0,0,0,0,0,0,0,,en,1.0
DW3h9rpioLY,54,2,15.67,29.89,18.9,0.0,3.7,0.0,0.0,0.0,0,0.0,0,0,0.0,0,0,0,0.259,0.852,0.0,0.0,0.0526,0.1579,0.1053,0.0,0.1579,0.0526,0.2632,0.2105,0.0,0.0,0.0,0.0,0.0,0.0,0,0,0.0,0,0,0,0,0,0,0,0,,en,1.0
DUGAYhbjqCg,111,5,13.16,39.21,13.45,0.0,4.5,0.0,0.9,0.0,0,0.0,0,1,0.9,0,0,0,0.306,0.784,0.0606,0.0606,0.0303,0.2424,0.0909,0.0303,0.0303,0.0303,0.3939,0.0303,7.21,0.9,0.0,0.0,2.7,10.81,0,0,0.0,0,0,0,0,0,3,3,0,0.938,en,1.0
DUF8p2CDAtQ,50,3,15.1,17.06,17.0,0.0,4.0,0.0,0.0,0.0,1,0.333,0,4,8.0,0,1,0,0.38,0.86,0.0,0.0,0.2,0.2,0.2,0.0,0.0,0.1,0.3,0.0,4.0,0.0,2.0,0.0,2.0,8.0,2,2,0.55,0,0,0,0,2,0,0,1,,en,1.0
DU3V6-wjMVm,66,5,12.25,37.05,14.46,0.0,6.06,0.0,0.0,0.0,1,0.2,0,2,3.03,1,1,0,0.288,0.788,0.0,0.0,0.15,0.15,0.2,0.0,0.0,0.05,0.45,0.0,1.52,0.0,1.52,0.0,0.0,3.04,1,1,0.21,0,0,0,1,0,5,5,0,0.871,en,1.0
DW6B_l-iuQh,4,1,,,,0.0,0.0,0.0,0.0,0.0,0,0.0,0,0,0.0,0,0,0,0.25,1.0,0.0,0.0,0.0,0.0,0.0,0.0,0.0,0.0,0.0,0.0,0.0,0.0,0.0,0.0,0.0,0.0,1,1,4.0,0,1,0,0,0,0,0,0,,en,1.0
DXLuD9Wijhj,68,5,11.02,45.89,15.66,0.0,0.0,0.0,7.35,0.0,2,0.4,1,0,0.0,0,0,0,0.338,0.779,0.0909,0.0909,0.0,0.1818,0.0909,0.0909,0.0,0.0909,0.2727,0.0909,2.94,0.0,1.47,0.0,0.0,4.41,0,0,0.0,0,0,0,0,0,0,0,1,,en,1.0
DUiOGOniVHI,109,5,10.21,60.36,13.83,0.0,0.0,0.92,0.0,0.92,0,0.0,0,0,0.0,0,0,0,0.174,0.725,0.0,0.0,0.125,0.125,0.125,0.0,0.0417,0.0833,0.3333,0.1667,0.0,0.0,0.0,0.0,0.0,0.0,0,0,0.0,0,0,0,0,0,0,0,0,,en,1.0
DSrLZqAACD4,43,3,5.57,79.48,6.44,0.0,4.65,2.33,0.0,2.33,0,0.0,0,0,0.0,0,0,0,0.14,0.86,0.0,0.0,0.1538,0.2308,0.0769,0.0,0.0,0.1538,0.3077,0.0769,4.65,0.0,0.0,0.0,2.33,6.98,0,0,0.0,0,0,0,0,0,0,0,0,,en,1.0
DSmTYczjsqm,77,4,12.65,37.78,15.5,0.0,0.0,0.0,5.19,0.0,0,0.0,0,0,0.0,0,0,0,0.234,0.831,0.0294,0.0588,0.0882,0.1176,0.1176,0.1471,0.0588,0.0,0.2059,0.1765,1.3,0.0,0.0,0.0,0.0,1.3,0,0,0.0,0,0,0,0,0,2,2,0,0.927,en,1.0
DTw-cFFjt7_,46,3,10.86,45.13,13.93,0.0,0.0,0.0,0.0,0.0,0,0.0,0,1,2.17,0,0,0,0.326,0.891,0.0,0.1579,0.0526,0.0526,0.0526,0.2105,0.0,0.0526,0.1579,0.2632,2.17,0.0,0.0,0.0,4.35,6.52,0,0,0.0,0,0,0,0,0,3,3,0,0.872,en,1.0
DW6RMLZinP8,117,5,14.22,33.03,18.25,0.0,0.0,0.0,0.0,0.0,0,0.0,0,0,0.0,0,0,0,0.325,0.735,0.0625,0.1875,0.0,0.1875,0.0,0.0,0.0,0.0625,0.375,0.125,0.0,0.0,0.0,0.0,0.0,0.0,0,0,0.0,0,0,0,0,0,0,0,0,,en,1.0
DXZHhSxCp6z,55,5,10.26,46.92,14.12,0.0,3.64,3.64,1.82,3.64,0,0.0,0,2,3.64,0,1,0,0.291,0.818,0.0,0.0,0.125,0.1875,0.25,0.0,0.0,0.0625,0.375,0.0,1.82,0.0,1.82,1.82,0.0,5.46,0,0,0.0,0,0,0,0,0,0,0,1,,en,1.0
DTSTWrNDnOT,17,2,5.77,68.82,5.75,0.0,0.0,5.88,0.0,5.88,0,0.0,0,1,5.88,0,0,0,0.235,1.0,0.0,0.0,0.0,0.0,0.0,0.3333,0.3333,0.0,0.3333,0.0,0.0,0.0,0.0,0.0,0.0,0.0,0,0,0.0,0,0,0,0,0,0,0,0,,en,1.0
DXbqlj7CmfU,35,4,4.68,77.1,5.79,0.0,8.57,8.57,0.0,8.57,0,0.0,0,0,0.0,0,0,0,0.114,0.829,0.0,0.0,0.1429,0.1429,0.0,0.0,0.0,0.0,0.4286,0.2857,0.0,2.86,0.0,0.0,0.0,2.86,1,1,0.49,1,0,0,0,0,0,0,0,,en,1.0
DUDNt00DuTz,35,3,9.19,49.96,10.38,0.0,0.0,0.0,0.0,0.0,0,0.0,0,0,0.0,0,0,0,0.229,0.829,0.0,0.0,0.1176,0.2353,0.0588,0.1176,0.0,0.0588,0.2941,0.1176,5.71,0.0,2.86,0.0,2.86,11.43,0,0,0.0,0,0,0,0,0,3,3,0,0.828,en,1.0
DXOW8EeCnoE,2,1,,,,0.0,0.0,0.0,0.0,0.0,0,0.0,0,0,0.0,0,0,0,0.5,1.0,0.0,0.0,0.0,0.0,0.0,0.0,0.0,0.0,0.0,0.0,0.0,0.0,0.0,0.0,0.0,0.0,1,1,0.76,1,0,0,0,0,4,4,0,0.136,und,
DXEgAVWCtkH,15,2,7.79,52.58,5.67,0.0,6.67,0.0,0.0,0.0,0,0.0,0,0,0.0,0,0,0,0.333,0.933,0.0,0.0,0.0,0.0,0.0,0.0,0.0,0.0,1.0,0.0,0.0,0.0,0.0,0.0,6.67,6.67,0,0,0.0,0,0,0,0,0,0,0,0,,en,1.0
DTxCXWpDE4V,27,2,7.57,65.73,11.31,0.0,0.0,0.0,0.0,0.0,0,0.0,0,1,3.7,0,1,0,0.185,0.889,0.0,0.0,0.1667,0.3333,0.3333,0.0,0.0,0.0,0.1667,0.0,0.0,0.0,3.7,0.0,3.7,7.4,1,1,0.64,0,0,0,0,1,0,0,0,,en,1.0
DS1wKIEjqZf,79,4,10.0,57.65,12.38,0.0,0.0,0.0,0.0,0.0,0,0.0,0,2,2.53,0,1,0,0.228,0.772,0.0476,0.0952,0.0,0.2381,0.0476,0.1429,0.0476,0.0,0.2381,0.1429,3.8,0.0,2.53,0.0,0.0,6.33,0,0,0.0,0,0,0,0,0,3,3,0,0.907,en,1.0
DXeGKudihBK,108,8,10.0,47.43,12.44,0.0,0.93,0.0,0.0,0.0,0,0.0,0,1,0.93,0,0,0,0.324,0.759,0.0345,0.069,0.069,0.2759,0.1034,0.0345,0.0345,0.069,0.2759,0.0345,0.0,1.85,0.93,0.0,0.0,2.78,1,1,0.11,1,0,0,0,0,16,14,2,0.431,en,1.0
DTHxtDGDjph,43,2,15.64,20.35,19.83,0.0,0.0,0.0,0.0,0.0,0,0.0,0,0,0.0,0,0,0,0.349,0.907,0.0,0.0769,0.1538,0.2308,0.1538,0.0,0.0,0.0769,0.3077,0.0,2.33,0.0,4.65,4.65,0.0,11.63,0,0,0.0,0,0,0,0,0,3,3,0,0.859,en,1.0
DW8ck9sijNW,45,5,4.56,83.31,5.55,0.0,4.44,4.44,0.0,4.44,2,0.4,0,2,4.44,0,0,1,0.133,0.844,0.0909,0.0909,0.0,0.0,0.1818,0.0909,0.0909,0.0909,0.1818,0.1818,0.0,0.0,0.0,0.0,0.0,0.0,1,1,0.39,1,0,0,0,0,0,0,0,,en,1.0
DXbo4bICltt,129,3,26.0,-14.16,28.1,0.0,3.1,0.78,0.0,0.78,0,0.0,0,5,3.88,0,1,0,0.395,0.721,0.0465,0.0233,0.0698,0.2558,0.1395,0.0233,0.0,0.0233,0.3721,0.0465,0.0,0.0,1.55,0.78,0.0,2.33,9,5,0.84,1,0,0,0,8,5,5,1,0.921,en,1.0
DQyN13UDdWR,15,2,5.43,69.5,8.33,0.0,0.0,0.0,0.0,0.0,0,0.0,0,0,0.0,0,0,0,0.267,0.867,0.0,0.0,0.0,0.0,0.0,0.0,0.0,0.0,0.0,0.0,0.0,0.0,0.0,6.67,0.0,6.67,0,0,0.0,0,0,0,0,0,0,0,0,,en,1.0
DXodK1uCjQS,68,5,8.51,57.56,9.52,0.0,1.47,4.41,0.0,4.41,1,0.2,0,0,0.0,0,0,0,0.265,0.824,0.0769,0.0769,0.1538,0.1154,0.1154,0.0,0.0385,0.0385,0.3462,0.0385,0.0,0.0,0.0,0.0,1.47,1.47,2,2,0.46,0,1,1,0,0,0,0,1,,en,1.0
DQ_hY2pDcxc,79,3,16.49,23.76,19.14,0.0,1.27,0.0,0.0,0.0,0,0.0,0,1,1.27,0,0,0,0.418,0.759,0.0,0.0833,0.0833,0.3333,0.0833,0.0,0.0,0.0,0.4167,0.0,1.27,0.0,1.27,0.0,2.53,5.07,0,0,0.0,0,0,0,0,0,2,1,2,0.089,en,1.0
DQ9QJa0iknB,166,8,13.61,32.89,15.25,0.0,2.41,0.0,0.6,0.0,0,0.0,0,1,0.6,0,0,1,0.38,0.699,0.0,0.0444,0.0889,0.1778,0.1333,0.0222,0.0222,0.0222,0.4444,0.0444,1.2,0.0,4.22,0.0,1.81,7.23,0,0,0.0,0,0,0,0,0,0,0,1,,en,1.0
DSCwOfFDlpl,81,3,13.1,48.64,16.17,1.23,7.41,2.47,0.0,2.47,0,0.0,0,0,0.0,0,0,0,0.235,0.741,0.0667,0.0667,0.2,0.0667,0.0,0.0667,0.0667,0.0,0.4,0.0667,0.0,0.0,0.0,0.0,0.0,0.0,0,0,0.0,0,0,0,0,0,0,0,0,,en,1.0
DRgkG3FDuJS,24,3,3.76,82.39,6.53,0.0,0.0,0.0,8.33,0.0,0,0.0,0,0,0.0,0,0,0,0.167,0.917,0.0,0.0714,0.1429,0.1429,0.1429,0.1429,0.0,0.0,0.2143,0.1429,0.0,0.0,0.0,0.0,4.17,4.17,0,0,0.0,0,0,0,0,0,0,0,0,,en,1.0
DRzYNeKCo0L,100,4,12.9,48.46,14.96,0.0,0.0,0.0,1.0,0.0,0,0.0,0,6,6.0,0,0,0,0.25,0.76,0.0714,0.0714,0.0714,0.1429,0.0,0.0714,0.0714,0.1429,0.2143,0.1429,0.0,0.0,0.0,0.0,0.0,0.0,0,0,0.0,0,0,0,0,0,0,0,0,,en,1.0
DRL9xcejsyu,15,1,11.5,39.33,16.67,0.0,0.0,0.0,0.0,0.0,0,0.0,0,0,0.0,0,0,0,0.533,1.0,0.0,0.0,0.0,0.0,0.5,0.0,0.0,0.0,0.0,0.5,0.0,0.0,0.0,0.0,0.0,0.0,0,0,0.0,0,0,0,0,0,0,0,0,,en,1.0
DRKJ-EZigFp,115,5,14.12,32.99,16.07,0.0,2.61,0.0,0.87,0.0,0,0.0,0,1,0.87,0,0,0,0.33,0.757,0.0,0.04,0.12,0.08,0.2,0.0,0.0,0.04,0.48,0.04,0.0,0.87,3.48,0.0,0.0,4.35,1,1,0.13,0,0,0,0,1,1,1,1,0.652,en,1.0
DSMVuCOCTl_,229,9,14.18,38.92,16.31,0.0,1.75,0.0,0.44,0.0,0,0.0,0,3,1.31,0,1,1,0.262,0.707,0.0112,0.0337,0.1124,0.1798,0.1348,0.0337,0.0337,0.0899,0.3034,0.0674,1.75,0.0,0.0,0.0,1.31,3.06,0,0,0.0,0,0,0,0,0,0,0,0,,en,1.0
DRKTe9SitKH,175,6,17.88,17.34,21.45,0.0,4.0,0.57,0.0,0.57,0,0.0,0,1,0.57,0,1,0,0.383,0.709,0.0417,0.0625,0.0833,0.2083,0.1458,0.0208,0.0,0.0417,0.3542,0.0417,0.57,1.14,1.14,0.57,0.57,3.99,0,0,0.0,0,0,0,0,0,0,0,1,,en,1.0
DSXZ7bpjjzq,74,4,13.55,29.94,16.64,0.0,8.11,0.0,0.0,0.0,1,0.25,0,0,0.0,0,0,0,0.338,0.784,0.0,0.0,0.0909,0.0909,0.2727,0.0,0.0,0.0909,0.4545,0.0,0.0,0.0,1.35,1.35,1.35,4.05,0,0,0.0,0,0,0,0,0,0,0,0,,en,1.0
DRKPnfYCp6K,105,7,10.31,47.34,13.26,0.0,0.0,0.0,0.0,0.0,0,0.0,0,1,0.95,0,1,0,0.324,0.762,0.0,0.0,0.1333,0.3333,0.0667,0.0,0.0,0.0667,0.4,0.0,0.95,0.0,0.95,0.0,0.95,2.85,3,1,0.45,0,0,0,0,3,0,0,0,,en,1.0
DS1qVQYjqcs,39,2,7.45,76.41,9.85,0.0,5.13,0.0,0.0,0.0,0,0.0,0,1,2.56,0,1,0,0.179,0.821,0.0,0.0,0.2,0.2,0.4,0.0,0.0,0.0,0.2,0.0,0.0,0.0,0.0,0.0,0.0,0.0,0,0,0.0,0,0,0,0,0,0,0,0,,en,1.0
DScbrOljail,58,2,14.23,44.67,18.5,0.0,0.0,0.0,0.0,0.0,0,0.0,0,0,0.0,0,0,0,0.241,0.845,0.0833,0.0,0.0833,0.1667,0.0833,0.0,0.0833,0.1667,0.25,0.0833,0.0,0.0,1.72,0.0,0.0,1.72,0,0,0.0,0,0,0,0,0,0,0,0,,en,1.0
DRCbRmxja_O,204,8,17.98,17.33,22.23,0.0,0.49,0.0,1.47,0.0,0,0.0,0,3,1.47,0,1,0,0.368,0.657,0.1176,0.1373,0.0196,0.1373,0.0196,0.0588,0.0588,0.0,0.2353,0.2157,1.47,0.49,0.49,6.86,0.98,10.29,0,0,0.0,0,0,0,0,0,13,13,2,0.867,en,1.0
DT2pb6hiLJo,88,5,13.78,29.07,18.66,0.0,1.14,2.27,0.0,2.27,2,0.4,0,5,5.68,0,1,0,0.341,0.761,0.0,0.0,0.1538,0.2308,0.2308,0.0,0.0,0.0769,0.3077,0.0,0.0,0.0,4.55,6.82,1.14,12.51,9,5,1.14,0,0,0,1,8,7,7,0,0.831,en,1.0
DSIF5R8D3c2,56,3,8.29,68.25,8.79,0.0,1.79,0.0,0.0,0.0,0,0.0,1,0,0.0,0,0,0,0.143,0.893,0.0714,0.0714,0.1429,0.1429,0.0714,0.0714,0.0714,0.0714,0.2143,0.0714,0.0,0.0,0.0,0.0,0.0,0.0,0,0,0.0,0,0,0,0,0,0,0,0,,en,1.0
DUDbb2FjD8p,63,6,9.35,45.81,10.67,0.0,4.76,6.35,1.59,6.35,0,0.0,0,0,0.0,0,0,0,0.286,0.825,0.1053,0.0526,0.0,0.1579,0.0526,0.1053,0.0526,0.0,0.3684,0.1053,1.59,0.0,1.59,0.0,0.0,3.18,1,1,0.25,1,0,0,0,0,0,0,0,,en,1.0
DReHoxSjt92,37,3,6.12,73.13,8.18,0.0,0.0,0.0,0.0,0.0,0,0.0,0,0,0.0,0,0,0,0.135,0.838,0.0,0.0667,0.0667,0.1333,0.0667,0.0667,0.0,0.1333,0.4667,0.0,0.0,0.0,0.0,0.0,0.0,0.0,0,0,0.0,0,0,0,0,0,0,0,0,,en,1.0
DT2HsqsjWhH,156,7,20.75,-15.77,24.62,0.0,0.0,0.64,0.0,0.64,0,0.0,1,3,1.92,0,1,0,0.481,0.692,0.0435,0.0652,0.0217,0.2609,0.0217,0.0217,0.0,0.0,0.5217,0.0435,1.92,0.0,5.13,2.56,1.92,11.53,4,4,0.3,1,0,0,0,3,7,7,0,0.917,en,1.0
DRl0mmRiO6j,8,1,2.28,92.97,3.2,0.0,0.0,0.0,0.0,0.0,0,0.0,1,0,0.0,0,0,0,0.25,1.0,0.0,0.0,0.0,0.0,0.0,0.0,0.0,0.5,0.0,0.5,0.0,0.0,0.0,0.0,12.5,12.5,1,1,2.38,0,0,0,0,1,0,0,0,,en,1.0
DUaqWnPCDxU,120,6,17.58,4.05,23.12,0.0,0.0,0.0,0.83,0.0,1,0.167,0,0,0.0,0,0,0,0.492,0.75,0.0,0.0,0.0625,0.2812,0.1875,0.0,0.0,0.0,0.4688,0.0,0.0,0.0,2.5,2.5,0.0,5.0,2,2,0.21,1,0,0,1,0,0,0,0,,en,1.0
DS62I6pDk7E,33,3,2.65,95.69,5.61,0.0,12.12,6.06,0.0,6.06,1,0.333,1,0,0.0,0,0,0,0.061,0.879,0.0,0.0,0.3333,0.0,0.3333,0.0,0.0,0.0,0.3333,0.0,0.0,0.0,0.0,0.0,0.0,0.0,1,1,0.65,1,0,0,0,0,0,0,0,,en,1.0
DRWQ-B9jmwx,23,2,4.79,80.31,6.22,0.0,0.0,0.0,0.0,0.0,0,0.0,0,0,0.0,0,0,0,0.087,0.913,0.0,0.0,0.0,0.3333,0.3333,0.0,0.0,0.0,0.3333,0.0,0.0,0.0,0.0,0.0,0.0,0.0,0,0,0.0,0,0,0,0,0,0,0,0,,en,1.0
DRTyj6qimZ8,171,6,18.09,15.55,21.68,0.0,0.0,0.0,1.17,0.0,0,0.0,0,4,2.34,0,0,0,0.38,0.69,0.0392,0.0588,0.0,0.1373,0.1373,0.0392,0.0196,0.0588,0.4118,0.098,2.34,0.0,1.75,0.58,0.0,4.67,1,1,0.08,0,0,0,0,1,4,4,0,0.952,en,1.0
DSZ25aFj-dD,101,5,12.52,40.19,16.41,0.0,0.99,0.99,1.98,0.99,0,0.0,1,1,0.99,1,0,0,0.327,0.782,0.05,0.05,0.0,0.1,0.0,0.1,0.05,0.05,0.35,0.25,0.0,0.0,0.0,0.99,0.0,0.99,0,0,0.0,0,0,0,0,0,4,4,0,0.927,en,1.0
DXPmUSmAsWS,20,7,3.02,87.68,3.2,5.0,0.0,5.0,0.0,5.0,0,0.0,0,0,0.0,0,0,0,0.15,0.95,0.0,0.0,0.0,0.0,1.0,0.0,0.0,0.0,0.0,0.0,0.0,0.0,0.0,5.0,0.0,5.0,3,3,1.2,1,0,0,1,1,8,8,1,0.47,en,1.0
DXwKK3PCoiw,111,5,10.93,56.26,13.93,0.0,4.5,3.6,0.9,3.6,0,0.0,0,6,5.41,0,0,1,0.216,0.757,0.0294,0.1176,0.2059,0.0882,0.1765,0.0,0.0,0.1176,0.2353,0.0294,0.0,0.0,0.0,0.9,0.0,0.9,6,3,0.9,1,0,0,1,4,0,0,0,,en,1.0
DXbynlCjsnU,3,1,,,,0.0,0.0,0.0,0.0,0.0,0,0.0,0,0,0.0,0,0,0,0.0,1.0,0.0,0.0,0.0,0.0,0.0,0.0,0.0,0.0,0.0,0.0,0.0,0.0,0.0,0.0,0.0,0.0,0,0,0.0,0,0,0,0,0,0,0,0,,en,1.0
DXg39MKjeJB,42,4,7.05,63.23,8.01,0.0,4.76,0.0,0.0,0.0,1,0.25,0,0,0.0,0,0,0,0.31,0.833,0.0,0.0,0.2,0.2,0.0,0.0,0.0,0.0,0.6,0.0,0.0,0.0,0.0,0.0,0.0,0.0,0,0,0.0,0,0,0,0,0,0,0,0,,en,1.0
DXUv-0KjLn4,85,6,12.35,31.48,13.7,0.0,2.35,0.0,2.35,0.0,0,0.0,0,0,0.0,0,0,0,0.365,0.871,0.0476,0.0,0.0,0.2381,0.0952,0.0,0.0,0.0952,0.4762,0.0476,0.0,0.0,0.0,0.0,1.18,1.18,4,4,0.57,3,0,0,0,1,8,8,0,0.826,en,1.0
DXbSywhDQWF,14,2,8.58,46.94,8.33,0.0,7.14,0.0,0.0,0.0,0,0.0,0,1,7.14,0,0,0,0.286,1.0,0.0,0.0,0.5,0.0,0.0,0.0,0.0,0.0,0.5,0.0,0.0,0.0,0.0,0.0,7.14,7.14,0,0,0.0,0,0,0,0,0,0,0,0,,en,1.0
DWEnQrpO-q8,140,9,12.56,35.31,16.21,0.0,0.71,0.0,1.43,0.0,0,0.0,0,0,0.0,0,0,0,0.357,0.771,0.0,0.0345,0.1379,0.1724,0.1034,0.0345,0.0,0.069,0.3793,0.069,1.43,0.0,0.0,0.0,0.0,1.43,2,2,0.2,0,1,0,0,1,5,5,1,0.929,en,1.0
DV84SaljvmX,111,9,12.01,32.76,14.7,0.0,0.0,0.0,4.5,0.0,0,0.0,4,0,0.0,0,0,0,0.432,0.775,0.0,0.069,0.069,0.069,0.1724,0.0,0.0345,0.069,0.3448,0.1724,0.0,0.0,0.0,0.0,1.8,1.8,4,2,0.48,0,3,0,0,1,5,5,1,0.904,en,1.0
DVbcgVLDPGM,209,13,9.44,57.99,12.5,0.0,0.0,0.0,0.0,0.0,0,0.0,0,3,1.44,0,1,0,0.278,0.627,0.0227,0.0682,0.1364,0.0455,0.1818,0.0,0.0227,0.0455,0.3636,0.1136,0.96,0.0,0.0,0.48,0.48,1.92,1,1,0.08,0,0,0,0,1,5,5,1,0.945,en,1.0
DWb7j2uDMKS,93,7,14.25,20.23,15.7,0.0,0.0,0.0,1.08,0.0,0,0.0,0,0,0.0,0,0,0,0.419,0.871,0.05,0.05,0.05,0.2,0.0,0.0,0.05,0.05,0.45,0.1,0.0,0.0,1.08,1.08,1.08,3.24,1,1,0.13,0,0,0,0,1,5,5,1,0.895,en,1.0
DVRGvV1DNZT,163,8,10.99,57.49,13.95,0.0,0.0,0.0,1.84,0.0,0,0.0,0,3,1.84,0,1,0,0.19,0.607,0.0185,0.1111,0.0741,0.0926,0.1111,0.1296,0.0185,0.0185,0.1852,0.2407,1.23,0.61,0.0,0.0,0.61,2.45,1,1,0.1,0,0,0,0,1,5,5,2,0.929,en,1.0
DQn6pZKjmE6,45,2,12.3,46.07,14.25,0.0,0.0,0.0,0.0,0.0,0,0.0,0,1,2.22,0,0,0,0.311,0.867,0.0,0.0,0.1111,0.1111,0.2222,0.0,0.0,0.0,0.5556,0.0,0.0,0.0,0.0,0.0,2.22,2.22,0,0,0.0,0,0,0,0,0,0,0,0,,en,1.0
DWMgGWFjOeC,53,2,26.45,-0.2,30.26,0.0,0.0,0.0,0.0,0.0,0,0.0,0,0,0.0,0,0,0,0.358,0.792,0.0,0.1053,0.0,0.2105,0.1579,0.0,0.0,0.1053,0.3158,0.1053,5.66,0.0,0.0,1.89,3.77,11.32,1,1,0.24,0,0,0,0,1,5,5,1,0.816,en,1.0
DXofbb7Dbv5,182,9,13.27,35.15,16.45,0.0,0.55,0.0,0.0,0.0,0,0.0,0,4,2.2,0,0,0,0.363,0.665,0.0345,0.1379,0.0345,0.1724,0.2069,0.0345,0.069,0.0,0.2414,0.069,0.0,0.0,0.0,0.0,0.0,0.0,0,0,0.0,0,0,0,0,0,0,0,0,,en,1.0
DVq2xA8DRA_,210,17,10.19,45.5,11.91,0.0,2.38,0.0,0.95,0.0,0,0.0,0,0,0.0,0,0,0,0.338,0.695,0.0233,0.0698,0.0233,0.2326,0.1163,0.0233,0.0233,0.0698,0.2791,0.1395,0.48,0.0,2.38,0.0,0.0,2.86,2,2,0.14,0,0,0,1,1,5,5,1,0.949,en,1.0
DVykjIEDLEb,132,8,9.65,59.7,13.31,0.0,0.0,0.0,2.27,0.0,0,0.0,0,0,0.0,0,0,0,0.205,0.697,0.0,0.0,0.16,0.16,0.12,0.04,0.0,0.12,0.32,0.08,0.0,0.0,0.76,0.0,0.0,0.76,1,1,0.12,0,0,0,0,1,5,5,1,0.904,en,1.0
DXKc58qjZ0A,84,5,12.21,37.09,13.39,0.0,9.52,0.0,0.0,0.0,0,0.0,0,0,0.0,0,0,0,0.333,0.821,0.0,0.0,0.0952,0.2857,0.1905,0.0,0.0,0.0476,0.3333,0.0476,0.0,0.0,1.19,0.0,1.19,2.38,7,7,0.85,2,0,0,2,3,10,10,4,0.776,en,1.0
DXoAP_2lqoE,214,16,7.32,66.62,9.84,8.88,0.47,0.0,0.0,0.0,1,0.062,0,5,2.34,0,1,0,0.266,0.636,0.0192,0.0769,0.0962,0.1731,0.1346,0.0385,0.0192,0.0192,0.3269,0.0962,0.0,0.47,0.93,0.93,0.0,2.33,2,2,0.15,1,0,1,0,0,3,3,0,0.964,en,1.0
DXhA84pFEFq,33,7,3.43,82.21,5.06,0.0,0.0,3.03,0.0,3.03,0,0.0,0,0,0.0,0,0,0,0.273,0.848,0.0833,0.0833,0.0,0.1667,0.1667,0.0,0.0,0.0833,0.25,0.1667,0.0,3.03,0.0,0.0,6.06,9.09,1,1,0.43,0,0,0,0,1,2,2,0,0.866,en,1.0
DW6x4dRjNxf,232,14,12.2,37.0,14.22,0.0,0.86,0.0,0.43,0.0,0,0.0,0,5,2.16,0,1,0,0.353,0.69,0.0435,0.1522,0.0652,0.087,0.0435,0.1304,0.0435,0.0217,0.1957,0.2174,1.72,0.0,0.86,0.43,0.0,3.01,1,1,0.06,0,1,0,0,0,5,5,0,0.964,en,1.0
DXt_IDBD93L,311,20,6.14,77.63,8.39,12.86,0.32,0.96,0.0,0.96,0,0.0,2,2,0.64,0,1,0,0.158,0.547,0.0244,0.0366,0.1951,0.2073,0.1098,0.0,0.0,0.0366,0.3171,0.0732,0.64,1.29,1.29,0.0,1.61,4.83,9,7,0.54,3,1,2,1,2,0,0,0,,en,1.0
DXi6TshgSo5,84,9,8.43,71.61,10.71,0.0,4.76,2.38,1.19,2.38,0,0.0,3,1,1.19,1,0,0,0.167,0.833,0.0,0.0,0.1765,0.2353,0.0588,0.0588,0.0,0.0,0.3529,0.1176,0.0,2.38,1.19,0.0,0.0,3.57,5,4,1.03,2,1,0,0,2,0,0,0,,en,1.0
DV3Sws3jIWU,86,5,9.78,55.22,10.56,0.0,3.49,0.0,1.16,0.0,0,0.0,0,0,0.0,0,0,0,0.267,0.767,0.0435,0.1739,0.087,0.1304,0.1739,0.0435,0.0,0.0435,0.2609,0.0435,1.16,2.33,0.0,0.0,2.33,5.82,5,3,0.84,1,0,0,0,4,3,3,0,0.906,en,1.0
DWtzXr8ODrc,157,8,13.07,41.27,15.34,0.0,0.0,0.0,0.0,0.0,0,0.0,0,4,2.55,0,0,0,0.318,0.688,0.0556,0.1111,0.0,0.1111,0.0,0.0,0.0,0.0556,0.5556,0.1111,0.0,0.0,0.64,0.0,0.0,0.64,1,1,0.1,0,0,0,0,1,5,5,1,0.931,en,1.0
DXwqAO0Fugv,111,9,8.08,58.72,9.98,0.0,0.0,0.0,0.9,0.0,0,0.0,0,1,0.9,0,0,0,0.324,0.82,0.0,0.1,0.0,0.15,0.15,0.05,0.0,0.0,0.35,0.2,3.6,0.0,1.8,0.0,0.0,5.4,2,2,0.26,0,0,2,0,0,2,2,0,0.962,en,1.0
DWUGbt-DAvh,117,5,15.82,23.28,18.59,0.0,0.0,0.0,0.0,0.0,0,0.0,0,1,0.85,0,1,0,0.419,0.778,0.0,0.12,0.04,0.16,0.16,0.0,0.04,0.0,0.4,0.08,1.71,0.0,2.56,4.27,2.56,11.1,0,0,0.0,0,0,0,0,0,5,5,5,0.838,en,1.0
DXwKk3HCCrp,61,6,5.78,71.7,6.69,0.0,0.0,0.0,0.0,0.0,0,0.0,0,0,0.0,0,0,0,0.18,0.852,0.05,0.05,0.1,0.1,0.15,0.05,0.0,0.1,0.3,0.1,0.0,1.64,0.0,0.0,4.92,6.56,0,0,0.0,0,0,0,0,0,0,0,0,,en,1.0
DVLyohjjzzO,111,4,18.83,9.47,23.71,0.0,0.0,0.9,0.9,0.9,0,0.0,0,1,0.9,0,0,0,0.396,0.658,0.0,0.0,0.0,0.4286,0.0714,0.0,0.0,0.0,0.5,0.0,2.7,0.9,3.6,5.41,1.8,14.41,5,2,0.59,0,0,0,1,4,3,3,0,0.96,en,1.0
DXexE6XjJDv,161,8,15.63,22.95,18.14,0.0,0.0,0.62,0.62,0.62,0,0.0,0,1,0.62,0,0,0,0.342,0.745,0.0909,0.0909,0.0682,0.0909,0.0909,0.0227,0.0227,0.0455,0.3182,0.1591,1.86,0.62,0.0,0.0,0.0,2.48,2,2,0.17,0,1,0,0,1,5,5,2,0.917,en,1.0
DXUcLv_jGa4,119,6,15.78,16.96,18.04,0.0,1.68,0.0,0.84,0.0,0,0.0,0,1,0.84,1,0,0,0.403,0.748,0.0345,0.0,0.0,0.2069,0.1034,0.069,0.0345,0.0345,0.4483,0.069,0.84,0.0,1.68,0.0,2.52,5.04,1,1,0.11,0,0,0,0,1,5,5,2,0.886,en,1.0
DXY1VUcAHbh,44,2,9.89,63.37,12.44,0.0,2.27,2.27,0.0,2.27,0,0.0,0,0,0.0,0,0,0,0.227,0.886,0.0,0.0,0.0,0.5,0.0,0.0,0.0,0.0,0.5,0.0,4.55,0.0,2.27,0.0,0.0,6.82,0,0,0.0,0,0,0,0,0,0,0,0,,en,1.0
DXbSvspFoHk,62,6,8.95,52.25,13.47,0.0,0.0,1.61,6.45,1.61,1,0.167,1,0,0.0,0,0,0,0.274,0.871,0.0,0.1,0.05,0.15,0.05,0.05,0.05,0.1,0.3,0.15,3.23,0.0,1.61,0.0,1.61,6.45,1,1,0.21,1,0,0,0,0,3,3,1,0.91,en,1.0
DWyGEHKDo5E,46,3,14.16,33.6,16.11,0.0,0.0,0.0,0.0,0.0,1,0.333,0,0,0.0,0,0,0,0.37,0.913,0.0588,0.0,0.0588,0.2941,0.1765,0.0,0.0,0.0,0.4118,0.0,4.35,0.0,2.17,0.0,0.0,6.52,0,0,0.0,0,0,0,0,0,3,3,1,0.877,en,1.0
DXqvhiqlt1o,48,4,9.35,55.93,12.22,0.0,0.0,0.0,4.17,0.0,0,0.0,0,0,0.0,0,0,0,0.312,0.896,0.0,0.0,0.0,0.4444,0.1111,0.1111,0.0,0.0,0.2222,0.1111,2.08,0.0,0.0,0.0,0.0,2.08,0,0,0.0,0,0,0,0,0,3,3,1,0.859,en,1.0
DXJRMa_AkWD,74,4,9.95,56.2,11.68,0.0,1.35,0.0,1.35,0.0,0,0.0,0,0,0.0,0,0,0,0.284,0.838,0.0606,0.0606,0.0606,0.0909,0.2121,0.0606,0.0606,0.0303,0.2727,0.0909,0.0,2.7,0.0,0.0,1.35,4.05,0,0,0.0,0,0,0,0,0,0,0,0,,en,1.0
DXWX-PXFqnF,76,5,10.87,43.84,13.47,0.0,1.32,0.0,0.0,0.0,1,0.2,0,0,0.0,0,0,0,0.316,0.803,0.0312,0.0312,0.1562,0.1875,0.2188,0.0,0.0312,0.0312,0.3125,0.0,0.0,0.0,1.32,0.0,0.0,1.32,0,0,0.0,0,0,0,0,0,0,0,0,,en,1.0
DVnoukUjl9S,34,2,12.9,32.82,13.86,0.0,5.88,0.0,5.88,0.0,0,0.0,0,0,0.0,0,0,0,0.265,0.853,0.0,0.0,0.0667,0.2667,0.1333,0.0667,0.0,0.0,0.4,0.0667,0.0,0.0,2.94,0.0,0.0,2.94,0,0,0.0,0,0,0,0,0,3,3,0,0.852,en,1.0
DXgcXcbFpJy,85,3,13.7,47.89,16.12,0.0,0.0,0.0,0.0,0.0,0,0.0,0,4,4.71,0,1,0,0.212,0.8,0.0,0.0,0.0,0.2222,0.2222,0.0,0.0,0.0,0.5556,0.0,0.0,0.0,0.0,1.18,0.0,1.18,0,0,0.0,0,0,0,0,0,0,0,0,,en,1.0
DVvCknRjvf6,40,4,5.13,76.13,7.0,0.0,0.0,5.0,0.0,5.0,0,0.0,0,0,0.0,0,0,0,0.175,0.825,0.0,0.1,0.1,0.1,0.2,0.0,0.0,0.1,0.2,0.2,0.0,0.0,0.0,0.0,5.0,5.0,0,0,0.0,0,0,0,0,0,3,3,0,0.894,en,1.0
DXpCdUhjNBm,152,7,15.52,21.71,18.72,0.0,1.32,0.0,0.0,0.0,0,0.0,0,0,0.0,0,0,0,0.388,0.783,0.1,0.1,0.0,0.2,0.05,0.05,0.1,0.0,0.25,0.15,0.0,0.0,1.32,0.0,0.66,1.98,2,2,0.18,0,0,0,0,2,5,5,1,0.934,en,1.0
DVQP4NojqaK,31,2,9.14,56.25,12.67,0.0,0.0,0.0,0.0,0.0,0,0.0,0,0,0.0,0,0,0,0.226,0.903,0.0,0.0,0.0,0.0,0.0,0.0,0.0,0.0,1.0,0.0,0.0,0.0,0.0,0.0,0.0,0.0,0,0,0.0,0,0,0,0,0,3,3,0,0.81,en,1.0
DVc6DMtjoUk,64,2,15.99,36.55,18.31,0.0,0.0,1.56,0.0,1.56,0,0.0,0,0,0.0,0,0,0,0.266,0.75,0.0,0.0,0.1538,0.2308,0.1538,0.0,0.0,0.0,0.3846,0.0769,1.56,0.0,0.0,1.56,4.69,7.81,1,1,0.25,0,0,0,0,1,3,3,0,0.946,en,1.0
DVF8tnJDu1d,47,3,11.17,42.3,11.35,0.0,0.0,0.0,0.0,0.0,0,0.0,0,0,0.0,0,0,0,0.447,0.872,0.0,0.0714,0.0714,0.1429,0.1429,0.0,0.0,0.0,0.5,0.0714,8.51,0.0,2.13,0.0,4.26,14.9,1,1,0.27,0,0,1,0,0,3,3,0,0.859,en,1.0
DVXwcGxjjIi,26,2,9.58,48.64,13.0,0.0,3.85,0.0,0.0,0.0,0,0.0,0,0,0.0,0,0,0,0.269,0.885,0.0,0.0,0.125,0.25,0.125,0.0,0.0,0.125,0.25,0.125,7.69,0.0,0.0,0.0,0.0,7.69,1,1,0.48,0,0,1,0,0,3,3,0,0.842,en,1.0
DVJKgdwDE6k,106,13,7.59,58.8,9.57,0.0,1.89,0.0,1.89,0.0,0,0.0,3,5,4.72,0,0,0,0.264,0.821,0.0455,0.0,0.1364,0.0909,0.2273,0.0,0.0,0.1818,0.1818,0.1364,0.0,0.0,0.0,0.94,1.89,2.83,0,0,0.0,0,0,0,0,0,7,7,0,0.86,en,1.0
DWf9kn4Dsd8,56,3,11.56,43.65,13.86,0.0,0.0,0.0,3.57,0.0,0,0.0,0,0,0.0,0,0,0,0.321,0.804,0.0303,0.1515,0.0303,0.0606,0.1212,0.0909,0.0303,0.0606,0.2424,0.1818,1.79,1.79,0.0,0.0,8.93,12.51,0,0,0.0,0,0,0,0,0,3,3,0,0.931,en,1.0
DVl6803ArIo,54,3,13.71,27.02,13.86,0.0,0.0,0.0,0.0,0.0,0,0.0,0,0,0.0,0,0,0,0.278,0.889,0.0,0.0,0.1765,0.2353,0.2353,0.0,0.0,0.0588,0.2941,0.0,1.85,0.0,0.0,0.0,5.56,7.41,2,2,0.41,1,0,0,0,1,7,7,0,0.772,en,1.0
DUz7FfoDqtk,62,4,10.06,50.56,12.65,0.0,0.0,0.0,0.0,0.0,0,0.0,0,0,0.0,0,0,0,0.339,0.887,0.0556,0.0,0.0556,0.0556,0.2222,0.1111,0.0,0.0556,0.3889,0.0556,0.0,0.0,0.0,0.0,3.23,3.23,1,1,0.23,0,0,1,0,0,2,2,0,0.954,en,1.0
DVa3m5fDjN9,81,4,13.14,36.93,14.52,0.0,1.23,0.0,0.0,0.0,0,0.0,0,0,0.0,0,0,0,0.358,0.79,0.0345,0.0345,0.1034,0.1724,0.1034,0.0,0.0345,0.0345,0.4483,0.0345,1.23,1.23,1.23,0.0,4.94,8.63,0,0,0.0,0,0,0,0,0,3,3,0,0.937,en,1.0
DWGNnrpDtYm,20,2,7.78,57.1,8.0,0.0,0.0,0.0,0.0,0.0,0,0.0,0,0,0.0,0,0,0,0.2,0.85,0.0,0.0,0.1667,0.1667,0.1667,0.0,0.0,0.0,0.5,0.0,0.0,0.0,0.0,0.0,20.0,20.0,0,0,0.0,0,0,0,0,0,2,2,0,0.876,en,1.0
DViKhngjjX9,51,5,6.27,72.8,7.45,0.0,0.0,7.84,0.0,7.84,0,0.0,0,0,0.0,0,0,0,0.176,0.824,0.0,0.0,0.1176,0.1765,0.1176,0.0588,0.0,0.0588,0.4118,0.0588,0.0,0.0,0.0,0.0,1.96,1.96,0,0,0.0,0,0,0,0,0,3,3,0,0.918,en,1.0
DU5EsvWjsxF,115,5,15.94,18.51,17.91,0.0,0.87,0.0,0.0,0.0,0,0.0,0,0,0.0,0,0,0,0.435,0.748,0.0,0.0,0.0833,0.25,0.125,0.0,0.0,0.0417,0.5,0.0,0.87,0.87,1.74,0.0,3.48,6.96,2,2,0.25,2,0,0,0,0,0,0,0,,en,1.0
DU-OQhPjn88,31,2,10.0,49.17,9.94,0.0,3.23,0.0,0.0,0.0,0,0.0,0,0,0.0,0,0,0,0.258,0.903,0.0417,0.0417,0.125,0.1667,0.125,0.0417,0.0417,0.125,0.1667,0.125,9.68,0.0,0.0,0.0,6.45,16.13,0,0,0.0,0,0,0,0,0,4,4,0,0.77,en,1.0
DVLGQ7hDvlC,22,2,11.76,30.32,9.85,0.0,4.55,0.0,0.0,0.0,0,0.0,0,0,0.0,0,0,0,0.455,0.955,0.0769,0.0769,0.0769,0.1538,0.0769,0.0,0.0,0.0769,0.3846,0.0769,0.0,0.0,0.0,0.0,0.0,0.0,0,0,0.0,0,0,0,0,0,2,2,0,0.828,en,1.0
DWN8CmPDmjg,21,1,8.9,68.69,10.3,0.0,0.0,0.0,0.0,0.0,0,0.0,0,0,0.0,0,0,0,0.143,0.857,0.0,0.0909,0.1818,0.1818,0.2727,0.0,0.0,0.0909,0.1818,0.0,0.0,0.0,0.0,0.0,4.76,4.76,0,0,0.0,0,0,0,0,0,2,2,0,0.788,en,1.0
DWYPQRHjtlS,75,3,14.96,33.56,18.58,0.0,1.33,1.33,0.0,1.33,0,0.0,1,3,4.0,1,0,0,0.32,0.88,0.125,0.1667,0.0,0.1667,0.0833,0.125,0.0,0.0,0.2083,0.125,5.33,0.0,4.0,0.0,0.0,9.33,0,0,0.0,0,0,0,0,0,2,2,0,0.939,en,1.0
DWTFsBgjvPD,40,2,11.39,49.06,13.0,0.0,0.0,0.0,2.5,0.0,0,0.0,0,0,0.0,0,0,0,0.275,0.9,0.0,0.0,0.2222,0.2222,0.1111,0.0,0.0,0.0,0.4444,0.0,0.0,0.0,2.5,2.5,0.0,5.0,2,2,0.78,1,0,0,0,1,2,2,0,0.953,en,1.0
DWBEEBWjifc,38,2,13.15,31.96,13.86,0.0,2.63,0.0,0.0,0.0,0,0.0,0,0,0.0,0,0,0,0.368,0.868,0.0,0.0435,0.1304,0.2609,0.1739,0.0,0.0,0.0,0.3913,0.0,0.0,0.0,2.63,0.0,2.63,5.26,0,0,0.0,0,0,0,0,0,2,2,0,0.894,en,1.0
DV76dOJjpxd,36,2,15.51,15.04,19.57,0.0,0.0,0.0,2.78,0.0,1,0.5,0,0,0.0,0,0,0,0.5,0.917,0.0909,0.0909,0.0,0.0909,0.0909,0.0909,0.0,0.0909,0.3636,0.0909,0.0,2.78,5.56,0.0,0.0,8.34,0,0,0.0,0,0,0,0,0,2,2,0,0.941,en,1.0
DXuDcJQiA2H,188,6,19.68,10.39,23.61,0.0,0.0,0.0,0.0,0.0,0,0.0,0,3,1.6,0,1,0,0.441,0.681,0.0,0.0,0.0455,0.1818,0.2273,0.0,0.0,0.0455,0.5,0.0,1.6,0.0,0.53,4.79,0.53,7.45,0,0,0.0,0,0,0,0,0,0,0,0,,en,1.0
DXCuXRniIRH,96,8,7.4,63.35,8.13,0.0,7.29,2.08,1.04,2.08,2,0.25,1,2,2.08,0,0,0,0.26,0.729,0.0,0.0588,0.0588,0.1765,0.1765,0.0,0.0,0.0,0.5294,0.0,2.08,0.0,0.0,0.0,0.0,2.08,9,7,1.13,3,0,1,0,5,12,12,0,0.729,en,1.0
DXYu82YCEDr,124,6,13.56,41.3,14.68,0.0,2.42,1.61,0.0,1.61,0,0.0,0,6,4.84,0,1,0,0.226,0.782,0.0833,0.0417,0.125,0.0833,0.125,0.0,0.0417,0.0417,0.4167,0.0417,0.0,0.81,4.03,0.0,0.0,4.84,0,0,0.0,0,0,0,0,0,5,5,0,0.917,en,1.0
DRhNyZnjIg1,108,3,21.72,3.45,23.66,0.0,0.93,0.0,0.93,0.0,0,0.0,0,1,0.93,0,0,0,0.444,0.722,0.0312,0.0625,0.125,0.1562,0.1562,0.0,0.0312,0.0312,0.375,0.0312,0.0,0.0,2.78,0.93,0.0,3.71,12,6,1.27,3,0,0,2,7,8,8,0,0.867,en,1.0
DQ4p6A_j2N8,103,6,12.15,37.64,12.67,0.0,1.94,0.0,0.97,0.0,0,0.0,0,1,0.97,0,0,0,0.301,0.748,0.0417,0.0,0.0,0.375,0.125,0.0,0.0,0.0,0.4167,0.0417,0.97,0.0,0.0,0.0,0.97,1.94,3,2,0.37,0,0,0,2,1,8,8,0,0.826,en,1.0
DXb98OkiLtY,63,2,21.98,-6.42,24.66,0.0,0.0,0.0,0.0,0.0,0,0.0,0,0,0.0,0,0,0,0.492,0.762,0.0,0.0556,0.1111,0.2778,0.1111,0.0,0.0,0.0556,0.3889,0.0,0.0,0.0,4.76,0.0,1.59,6.35,0,0,0.0,0,0,0,0,0,0,0,0,,en,1.0
DWerOqzAbIP,107,9,10.22,49.0,12.47,0.0,2.8,0.0,0.0,0.0,1,0.111,1,3,2.8,0,0,0,0.271,0.673,0.0435,0.0435,0.087,0.1739,0.2174,0.0435,0.0435,0.0,0.3043,0.0435,0.0,0.93,0.0,0.93,0.0,1.86,7,7,1.05,2,0,0,0,5,0,0,0,,en,1.0
DU7v1hOilMn,57,5,9.76,45.36,13.68,0.0,10.53,0.0,0.0,0.0,1,0.2,0,0,0.0,0,0,0,0.281,0.807,0.0,0.0,0.0909,0.2727,0.1818,0.0,0.0455,0.0,0.3636,0.0455,1.75,0.0,0.0,1.75,1.75,5.25,0,0,0.0,0,0,0,0,0,0,0,1,,en,1.0
DRSKePSDN6A,67,3,14.77,29.56,17.3,0.0,5.97,0.0,0.0,0.0,0,0.0,0,0,0.0,0,0,0,0.418,0.851,0.1053,0.1053,0.0,0.1579,0.1053,0.0526,0.0,0.0,0.3684,0.1053,2.99,0.0,0.0,0.0,2.99,5.98,1,1,0.19,0,0,0,0,1,6,6,1,0.847,en,1.0
DWzDJHOkk7W,194,11,13.65,31.37,15.6,0.0,2.58,0.0,0.0,0.0,1,0.091,1,1,0.52,0,0,0,0.376,0.619,0.0,0.0857,0.0857,0.2571,0.1714,0.0,0.0,0.0286,0.3429,0.0286,1.55,0.0,1.03,0.0,0.0,2.58,0,0,0.0,0,0,0,0,0,5,5,1,0.949,en,1.0
DV8ic1cCqAP,86,6,8.39,60.47,10.85,0.0,1.16,4.65,0.0,4.65,2,0.333,0,0,0.0,0,0,0,0.302,0.814,0.0357,0.0357,0.1071,0.2143,0.1071,0.0,0.0357,0.0714,0.3929,0.0,0.0,0.0,0.0,0.0,0.0,0.0,0,0,0.0,0,0,0,0,0,0,0,0,,en,1.0
DQ3dSnjDP3l,110,6,10.11,54.62,12.39,0.0,10.91,0.0,0.0,0.0,1,0.167,0,0,0.0,0,0,0,0.245,0.736,0.0455,0.0682,0.0909,0.1591,0.1364,0.0682,0.0682,0.0682,0.1818,0.1136,1.82,0.0,1.82,0.0,0.0,3.64,3,3,0.45,1,0,0,0,2,0,0,1,,en,1.0
DUyh38sDYy-,82,9,7.04,66.48,9.57,0.0,8.54,3.66,0.0,3.66,1,0.111,1,5,6.1,1,0,0,0.22,0.817,0.0667,0.0667,0.0667,0.1333,0.2,0.0,0.0,0.0,0.3333,0.1333,0.0,0.0,0.0,0.0,0.0,0.0,8,7,1.1,3,0,1,1,3,14,14,0,0.708,en,1.0
DTw3Yjzim57,55,6,6.65,63.71,10.21,0.0,1.82,3.64,1.82,3.64,1,0.167,2,0,0.0,0,0,0,0.255,0.836,0.0,0.2857,0.0,0.0,0.1429,0.1429,0.1429,0.0,0.1429,0.1429,0.0,0.0,0.0,0.0,0.0,0.0,2,1,0.41,2,0,0,0,0,2,1,1,0.911,en,1.0
DUP8i2Qigcf,87,6,11.52,43.81,13.4,0.0,0.0,0.0,2.3,0.0,0,0.0,0,2,2.3,0,0,0,0.368,0.69,0.0385,0.0385,0.1538,0.1923,0.0769,0.0,0.0769,0.1154,0.3077,0.0,1.15,1.15,0.0,1.15,1.15,4.6,1,1,0.17,0,1,0,0,0,0,0,0,,en,1.0
DUOX2sXjWu-,59,4,7.96,64.71,9.33,0.0,3.39,1.69,0.0,1.69,0,0.0,0,1,1.69,0,0,0,0.271,0.847,0.0,0.0,0.2273,0.1818,0.1364,0.0,0.0,0.1364,0.3182,0.0,0.0,0.0,0.0,0.0,0.0,0.0,2,2,0.42,0,1,1,0,0,5,5,0,0.804,en,1.0
DWn68aHCAaP,57,3,15.08,20.2,18.9,0.0,0.0,0.0,0.0,0.0,0,0.0,0,0,0.0,0,0,0,0.439,0.807,0.0,0.0,0.0,1.0,0.0,0.0,0.0,0.0,0.0,0.0,0.0,0.0,3.51,1.75,0.0,5.26,0,0,0.0,0,0,0,0,0,0,0,0,,en,1.0
DUm1Xg9Dmf3,65,3,13.02,38.49,16.01,0.0,0.0,0.0,0.0,0.0,0,0.0,0,0,0.0,0,0,0,0.4,0.831,0.1304,0.1304,0.0435,0.0435,0.087,0.087,0.0,0.0435,0.3043,0.1304,1.54,0.0,0.0,0.0,3.08,4.62,1,1,0.21,1,0,0,0,0,3,3,0,0.909,en,1.0
DUH7zAPjiP7,29,2,7.99,62.7,8.46,0.0,3.45,0.0,0.0,0.0,0,0.0,0,0,0.0,0,0,0,0.172,0.931,0.0,0.0,0.0,0.0,0.3333,0.0,0.0,0.0,0.3333,0.3333,3.45,0.0,3.45,0.0,3.45,10.35,1,1,0.45,0,0,1,0,0,3,3,0,0.759,en,1.0
DW3KFFOCN4A,101,6,14.99,17.89,20.53,0.0,0.0,0.0,0.0,0.0,0,0.0,0,4,3.96,0,1,1,0.485,0.733,0.0345,0.1379,0.0,0.2069,0.069,0.0345,0.0,0.0345,0.3793,0.1034,0.0,0.0,4.95,7.92,0.99,13.86,0,0,0.0,0,0,0,0,0,0,0,0,,en,1.0
DUPqMmljuGv,34,3,6.88,65.94,8.06,0.0,2.94,2.94,0.0,2.94,0,0.0,0,0,0.0,0,0,0,0.176,0.971,0.0,0.125,0.125,0.125,0.125,0.0,0.0,0.125,0.375,0.0,0.0,0.0,0.0,0.0,2.94,2.94,1,1,0.33,1,0,0,0,0,3,3,0,0.83,en,1.0
DW3WDZWiA6v,29,2,10.32,47.79,14.0,0.0,0.0,0.0,0.0,0.0,0,0.0,0,2,6.9,0,1,0,0.276,0.897,0.0,0.0,0.0,0.0,0.5,0.0,0.0,0.0,0.5,0.0,0.0,0.0,3.45,3.45,0.0,6.9,0,0,0.0,0,0,0,0,0,0,0,0,,en,1.0
DW3Jis6CDlb,135,8,15.12,17.17,20.28,0.0,0.74,0.0,0.0,0.0,0,0.0,0,7,5.19,0,1,1,0.459,0.681,0.0,0.0455,0.0,0.2727,0.0909,0.0,0.0909,0.0,0.3636,0.1364,0.0,0.0,1.48,4.44,1.48,7.4,0,0,0.0,0,0,0,0,0,0,0,0,,en,1.0
DW3WLwbiIzy,58,2,17.24,21.3,20.49,0.0,0.0,0.0,1.72,0.0,0,0.0,0,0,0.0,0,0,0,0.414,0.759,0.125,0.0,0.0,0.125,0.0,0.125,0.125,0.0,0.25,0.25,0.0,0.0,1.72,10.34,0.0,12.06,0,0,0.0,0,0,0,0,0,0,0,0,,en,1.0
DW4f5mjjpGm,114,4,17.78,18.35,21.58,0.0,0.0,0.0,0.0,0.0,0,0.0,0,0,0.0,0,0,0,0.386,0.693,0.0,0.1111,0.0,0.2222,0.0,0.0,0.0,0.0,0.5556,0.1111,0.0,0.0,0.88,2.63,0.0,3.51,0,0,0.0,0,0,0,0,0,0,0,0,,en,1.0
DW3JUnYiHWQ,82,5,14.92,18.39,20.92,0.0,0.0,0.0,0.0,0.0,0,0.0,0,7,8.54,0,1,1,0.451,0.671,0.0,0.0769,0.0769,0.1538,0.2308,0.0,0.0,0.0769,0.1538,0.2308,0.0,0.0,1.22,7.32,0.0,8.54,0,0,0.0,0,0,0,0,0,0,0,0,,en,1.0
DWoNu2YiMLw,43,1,21.99,10.46,26.16,0.0,0.0,0.0,0.0,0.0,0,0.0,0,0,0.0,0,0,0,0.419,0.86,0.5,0.0,0.0,0.0,0.0,0.0,0.0,0.0,0.0,0.5,0.0,0.0,0.0,2.33,0.0,2.33,0,0,0.0,0,0,0,0,0,0,0,0,,en,1.0
DWhVFUtDubq,107,5,13.84,33.24,17.92,0.0,0.0,1.87,1.87,1.87,2,0.4,0,0,0.0,0,0,0,0.299,0.748,0.0,0.1481,0.0741,0.1481,0.1852,0.037,0.037,0.0,0.2963,0.0741,0.0,0.0,0.93,2.8,0.93,4.66,0,0,0.0,0,0,0,0,0,0,0,0,,en,1.0
DUYx4VLDCYU,148,9,9.33,56.65,11.96,0.0,4.73,0.68,2.03,0.68,1,0.111,0,1,0.68,0,0,0,0.236,0.716,0.0167,0.0667,0.15,0.1833,0.1333,0.0167,0.05,0.05,0.25,0.0833,0.0,1.35,0.68,0.0,0.0,2.03,9,7,0.89,3,0,2,1,3,6,6,0,0.903,en,1.0
DUdtwy-jdBl,142,9,8.93,58.93,9.95,0.0,2.11,0.0,0.0,0.0,0,0.0,0,2,1.41,0,1,0,0.254,0.662,0.0208,0.0833,0.1042,0.1042,0.125,0.0625,0.0,0.125,0.1875,0.1875,1.41,0.7,0.7,0.0,7.75,10.56,1,1,0.1,0,0,1,0,0,6,6,0,0.896,en,1.0
DUr-88XjjJb,28,2,9.9,47.22,9.82,0.0,0.0,0.0,0.0,0.0,0,0.0,0,0,0.0,0,0,0,0.286,0.893,0.0667,0.0667,0.1333,0.1333,0.1333,0.0667,0.0667,0.0667,0.2,0.0667,0.0,0.0,0.0,0.0,3.57,3.57,0,0,0.0,0,0,0,0,0,3,3,0,0.797,en,1.0
DWI6-PhCgDu,53,4,11.23,39.06,14.23,0.0,5.66,0.0,3.77,0.0,0,0.0,1,2,3.77,1,0,0,0.396,0.849,0.0,0.25,0.0,0.0,0.0,0.0,0.0,0.0,0.75,0.0,1.89,1.89,1.89,0.0,0.0,5.67,1,1,0.28,1,0,0,0,0,0,0,0,,en,1.0
DWlUKAsCBNC,112,4,19.29,5.32,23.01,0.0,0.0,0.0,0.0,0.0,0,0.0,0,0,0.0,0,0,0,0.429,0.705,0.0,0.1,0.0,0.4,0.1,0.0,0.0,0.0,0.3,0.1,0.89,0.0,0.89,3.57,4.46,9.81,0,0,0.0,0,0,0,0,0,0,0,0,,en,1.0
DWhU7LCjva2,50,2,20.81,-11.4,23.77,0.0,0.0,0.0,0.0,0.0,0,0.0,0,0,0.0,0,0,0,0.48,0.9,0.0,0.0714,0.0,0.1429,0.0714,0.0714,0.0,0.0714,0.4286,0.1429,0.0,0.0,0.0,4.0,0.0,4.0,0,0,0.0,0,0,0,0,0,0,0,0,,en,1.0
DUZ9b7jDh1Z,50,5,9.91,41.5,11.27,0.0,4.0,0.0,0.0,0.0,3,0.6,0,0,0.0,0,0,0,0.38,0.86,0.0,0.0,0.1333,0.2667,0.1333,0.0,0.0,0.0667,0.4,0.0,4.0,0.0,2.0,0.0,0.0,6.0,1,1,0.25,0,0,1,0,0,2,2,0,0.912,en,1.0
DXvye8QFSV3,19,3,3.03,84.64,4.64,0.0,5.26,10.53,0.0,10.53,0,0.0,2,0,0.0,0,0,0,0.158,1.0,0.0833,0.0833,0.0833,0.1667,0.0833,0.0833,0.0833,0.0833,0.1667,0.0833,5.26,0.0,0.0,0.0,0.0,5.26,0,0,0.0,0,0,0,0,0,4,4,0,0.791,en,1.0
DUvvTWQjyn4,125,5,11.6,55.02,13.65,0.0,4.8,0.0,0.8,0.0,0,0.0,0,0,0.0,0,0,0,0.184,0.672,0.0208,0.0208,0.2708,0.125,0.125,0.0208,0.0,0.0208,0.3542,0.0417,0.8,2.4,0.0,0.0,2.4,5.6,2,2,0.24,0,0,2,0,0,7,7,0,0.867,en,1.0
DUuxi5_DvLg,26,2,7.22,65.56,9.8,0.0,3.85,0.0,0.0,0.0,1,0.5,0,0,0.0,0,0,0,0.231,0.923,0.0,0.0,0.2222,0.1111,0.1111,0.0,0.0,0.1111,0.3333,0.1111,0.0,0.0,0.0,0.0,3.85,3.85,1,1,0.54,0,0,1,0,0,2,2,0,0.839,en,1.0
DXwUHbmk-oD,5,1,5.24,66.4,2.0,0.0,0.0,0.0,0.0,0.0,0,0.0,0,0,0.0,0,0,0,0.2,1.0,0.0,0.0,0.0,0.0,0.0,0.0,0.0,0.0,0.0,0.0,20.0,0.0,0.0,0.0,0.0,20.0,0,0,0.0,0,0,0,0,0,5,5,0,0.333,es,1.0
DXWCXRoCX7X,355,19,7.85,70.29,9.57,7.61,3.66,1.69,0.56,1.69,0,0.0,0,2,0.56,0,1,0,0.158,0.518,0.0116,0.0233,0.1628,0.1977,0.1279,0.0349,0.0349,0.0698,0.3023,0.0349,1.97,0.56,1.13,0.0,0.28,3.94,2,2,0.11,0,1,0,1,0,0,0,0,,en,1.0
DRQ69T9ir4N,141,7,17.58,4.14,20.06,0.0,0.0,0.71,0.0,0.71,0,0.0,0,3,2.13,0,0,1,0.404,0.603,0.0714,0.1429,0.0476,0.2143,0.1667,0.0,0.0,0.0238,0.2381,0.0952,0.0,0.0,2.84,3.55,0.0,6.39,0,0,0.0,0,0,0,0,0,0,0,0,,en,1.0
DXtvQ9SgL98,5,1,12.32,15.64,18.0,0.0,0.0,0.0,0.0,0.0,0,0.0,0,0,0.0,0,0,0,0.4,1.0,0.0,0.0,0.0,0.0,0.0,0.0,0.0,0.0,0.0,0.0,40.0,0.0,0.0,0.0,0.0,40.0,0,0,0.0,0,0,0,0,0,5,5,0,0.351,en,1.0
DSsoe4NDfql,29,4,6.17,67.44,6.59,0.0,6.9,10.34,0.0,10.34,0,0.0,0,0,0.0,0,0,0,0.276,0.862,0.0,0.0,0.25,0.25,0.0833,0.0,0.0,0.0833,0.3333,0.0,3.45,0.0,0.0,0.0,0.0,3.45,5,5,1.45,1,0,1,0,3,7,7,2,0.663,en,1.0
DUYeCeoDJs6,186,11,13.57,30.75,16.26,0.0,1.08,0.0,0.54,0.0,0,0.0,0,0,0.0,0,0,0,0.344,0.726,0.0976,0.1463,0.0488,0.0732,0.0976,0.1463,0.0,0.0,0.1951,0.1951,0.54,0.0,0.54,0.0,0.0,1.08,1,1,0.08,0,0,0,0,1,5,5,1,0.946,en,1.0
DVcrAuRjsnE,140,9,14.05,25.03,18.2,0.0,2.14,1.43,1.43,1.43,0,0.0,0,0,0.0,0,0,0,0.436,0.8,0.0172,0.0172,0.1897,0.2241,0.1552,0.0172,0.0172,0.069,0.2931,0.0,1.43,0.0,0.71,0.0,4.29,6.43,0,0,0.0,0,0,0,0,0,5,5,0,0.927,en,1.0
DVBpQ6sjE5H,182,13,12.26,34.01,14.87,0.0,0.55,0.0,2.75,0.0,0,0.0,0,1,0.55,0,1,0,0.418,0.731,0.0513,0.0513,0.0,0.1282,0.0,0.0513,0.0769,0.0,0.4615,0.1795,2.2,0.0,0.55,2.2,0.0,4.95,2,2,0.15,1,0,0,0,1,5,5,1,0.033,en,1.0
DW8Lka0Dbrn,95,6,9.37,55.18,11.79,0.0,0.0,2.11,5.26,2.11,0,0.0,0,0,0.0,0,0,0,0.274,0.789,0.0208,0.0208,0.1667,0.1875,0.1042,0.0417,0.0208,0.0833,0.3333,0.0208,1.05,0.0,3.16,0.0,0.0,4.21,0,0,0.0,0,0,0,0,0,2,2,0,0.957,en,1.0
DV_qawHEpSw,159,7,14.55,29.19,18.96,0.63,0.0,0.0,0.0,0.0,0,0.0,0,8,5.03,0,0,0,0.333,0.585,0.0357,0.0714,0.0714,0.0714,0.0714,0.0357,0.0357,0.0714,0.4643,0.0714,3.77,0.0,1.26,0.63,0.63,6.29,0,0,0.0,0,0,0,0,0,4,4,0,0.961,en,1.0
DU3rabWkYrT,160,8,9.75,58.98,10.76,0.0,0.0,0.0,3.12,0.0,0,0.0,0,0,0.0,0,0,0,0.256,0.669,0.0612,0.102,0.1429,0.1429,0.1429,0.0204,0.0408,0.0612,0.2857,0.0,1.25,1.88,1.25,0.62,0.0,5.0,3,3,0.28,0,1,1,0,1,6,6,0,0.93,en,1.0
DQxCVcNj9Cw,24,8,4.06,74.86,6.0,4.17,0.0,4.17,0.0,4.17,0,0.0,1,0,0.0,0,0,0,0.292,0.958,0.1667,0.1667,0.0,0.0,0.1667,0.1667,0.1667,0.0,0.0,0.1667,0.0,4.17,0.0,0.0,0.0,4.17,5,4,1.75,2,0,0,1,2,9,9,0,0.516,en,1.0
DVU4KuJDJ9A,78,8,7.58,62.37,9.25,0.0,0.0,0.0,0.0,0.0,1,0.125,1,0,0.0,0,0,0,0.205,0.756,0.0,0.0769,0.1538,0.0769,0.0769,0.0,0.0,0.1538,0.3846,0.0769,2.56,0.0,1.28,0.0,1.28,5.12,0,0,0.0,0,0,0,0,0,5,5,0,0.878,en,1.0
DQvrtOYjDeU,79,5,8.96,58.26,11.35,0.0,3.8,0.0,7.59,0.0,0,0.0,0,0,0.0,0,0,0,0.266,0.797,0.037,0.1111,0.1111,0.1481,0.1481,0.037,0.0,0.037,0.3333,0.037,5.06,0.0,5.06,0.0,2.53,12.65,5,5,0.8,1,0,1,0,3,6,6,2,0.862,en,1.0
DRP79xHj7NN,52,3,12.09,38.63,11.51,0.0,1.92,0.0,0.0,0.0,0,0.0,0,0,0.0,0,0,0,0.404,0.788,0.0,0.0,0.0625,0.25,0.125,0.0,0.0,0.0625,0.4375,0.0625,5.77,0.0,3.85,0.0,1.92,11.54,5,5,0.98,2,0,1,0,2,8,8,1,0.73,en,1.0
DVMmZpTjq1t,50,5,5.77,71.48,7.2,0.0,0.0,0.0,2.0,0.0,0,0.0,0,0,0.0,0,0,0,0.22,0.86,0.0526,0.0526,0.0,0.2105,0.1053,0.1053,0.0526,0.0526,0.2632,0.1053,0.0,0.0,0.0,0.0,2.0,2.0,0,0,0.0,0,0,0,0,0,0,0,0,,en,1.0
DWTTNs3iO3h,75,3,18.36,8.58,23.29,0.0,0.0,0.0,0.0,0.0,0,0.0,0,1,1.33,0,1,0,0.453,0.68,0.0,0.0,0.0714,0.2857,0.1429,0.0,0.0,0.0,0.4286,0.0714,0.0,0.0,2.67,8.0,0.0,10.67,0,0,0.0,0,0,0,0,0,0,0,0,,en,1.0
DXOrcNijX05,116,7,13.63,30.29,17.49,0.0,2.59,0.0,0.0,0.0,0,0.0,0,1,0.86,0,0,1,0.397,0.741,0.0,0.0385,0.1154,0.1538,0.1538,0.0385,0.0,0.0,0.4615,0.0385,0.0,0.0,0.86,2.59,0.0,3.45,1,1,0.12,1,0,0,0,0,5,5,0,0.901,en,1.0
DVfdclaCI5r,51,2,20.27,-4.84,25.1,0.0,1.96,0.0,0.0,0.0,0,0.0,0,1,1.96,0,1,0,0.51,0.725,0.0,0.0,0.1111,0.1111,0.2222,0.0,0.0,0.1111,0.4444,0.0,0.0,0.0,0.0,0.0,0.0,0.0,1,1,0.21,1,0,0,0,0,5,5,0,0.811,en,1.0
DWIac_JiEFz,9,3,7.87,43.99,10.09,0.0,0.0,0.0,0.0,0.0,0,0.0,0,0,0.0,0,0,0,0.111,1.0,0.0,0.0,0.25,0.25,0.0,0.0,0.0,0.0,0.5,0.0,0.0,0.0,11.11,0.0,0.0,11.11,2,2,2.99,1,0,0,0,1,0,0,0,,en,1.0
DUaaK2PjUEr,50,3,14.04,24.1,16.27,0.0,10.0,0.0,0.0,0.0,0,0.0,0,0,0.0,0,0,0,0.4,0.8,0.0,0.0,0.1429,0.4286,0.0,0.1429,0.0,0.0,0.2857,0.0,0.0,0.0,0.0,2.0,0.0,2.0,1,1,0.29,1,0,0,0,0,0,0,0,,en,1.0
DXM5JzSjdGk,127,6,16.06,25.18,19.92,0.0,1.57,0.0,0.0,0.0,0,0.0,0,2,1.57,0,0,1,0.354,0.756,0.1538,0.1026,0.0256,0.1795,0.0256,0.0,0.0256,0.0,0.2821,0.2051,0.0,0.79,0.0,1.57,0.79,3.15,0,0,0.0,0,0,0,0,0,0,0,3,,en,1.0
DWdxehuCDJo,81,3,16.64,22.69,22.18,0.0,0.0,0.0,3.7,0.0,0,0.0,0,0,0.0,0,0,0,0.42,0.802,0.0,0.125,0.25,0.25,0.125,0.0,0.0,0.0,0.25,0.0,0.0,0.0,3.7,3.7,1.23,8.63,0,0,0.0,0,0,0,0,0,0,0,0,,en,1.0
DUgMnW8jL3b,9,1,1.03,103.7,3.6,0.0,0.0,0.0,0.0,0.0,0,0.0,0,0,0.0,0,0,0,0.111,1.0,0.0,0.0,0.0,0.0,0.0,0.0,0.0,0.0,1.0,0.0,11.11,0.0,0.0,0.0,0.0,11.11,0,0,0.0,0,0,0,0,0,5,5,0,0.511,en,1.0
DXd19oFjkuQ,90,7,7.4,64.65,10.93,0.0,3.33,0.0,6.67,0.0,2,0.286,2,0,0.0,0,0,0,0.222,0.744,0.05,0.1,0.0,0.25,0.15,0.0,0.0,0.05,0.35,0.05,1.11,0.0,0.0,0.0,0.0,1.11,0,0,0.0,0,0,0,0,0,5,5,0,0.89,en,1.0
DUbWtOygfZh,58,6,9.7,52.67,11.35,0.0,0.0,0.0,1.72,0.0,1,0.167,0,6,10.34,0,1,0,0.276,0.914,0.0,0.1176,0.1176,0.1176,0.2941,0.0,0.0,0.1176,0.1765,0.0588,0.0,0.0,0.0,0.0,3.45,3.45,3,3,0.6,2,0,0,0,1,7,7,0,0.83,en,1.0
DWdkN4BiJyf,71,3,16.58,18.38,20.17,0.0,0.0,0.0,0.0,0.0,0,0.0,0,0,0.0,0,0,0,0.394,0.789,0.0,0.0,0.1818,0.2727,0.1818,0.0,0.0,0.0,0.3636,0.0,1.41,0.0,2.82,4.23,1.41,9.87,0,0,0.0,0,0,0,0,0,0,0,0,,en,1.0
DXoC0N4mgkj,138,7,12.82,37.49,15.42,0.0,2.9,0.72,0.0,0.72,1,0.143,2,0,0.0,0,0,0,0.377,0.725,0.0,0.0357,0.0,0.3214,0.0357,0.0,0.0,0.0,0.5,0.1071,0.72,0.72,0.0,2.17,0.0,3.61,0,0,0.0,0,0,0,0,0,4,4,1,0.943,en,1.0
DXmA4Gtj_Zh,7,1,2.31,90.96,2.8,0.0,0.0,0.0,0.0,0.0,0,0.0,0,0,0.0,0,0,0,0.143,1.0,0.0,0.0,0.0,0.0,0.0,0.0,0.0,0.0,0.0,0.0,0.0,0.0,0.0,0.0,0.0,0.0,0,0,0.0,0,0,0,0,0,5,5,0,0.357,en,1.0
DWef2hPCOlX,174,7,17.25,15.15,21.22,0.0,0.0,0.57,0.0,0.57,0,0.0,0,0,0.0,0,0,0,0.483,0.661,0.0,0.0333,0.1667,0.2,0.1,0.0,0.0,0.0333,0.4333,0.0333,2.3,0.0,3.45,1.72,2.3,9.77,0,0,0.0,0,0,0,0,0,0,0,0,,en,1.0
DXeSg6pAHo-,90,7,7.4,64.65,10.93,0.0,3.33,0.0,6.67,0.0,2,0.286,2,0,0.0,0,0,0,0.222,0.744,0.05,0.1,0.0,0.25,0.15,0.0,0.0,0.05,0.35,0.05,1.11,0.0,0.0,0.0,0.0,1.11,0,0,0.0,0,0,0,0,0,5,5,1,0.892,en,1.0
DUYx5HdiD09,142,9,8.93,58.93,9.95,0.0,2.11,0.0,0.0,0.0,0,0.0,0,2,1.41,0,1,0,0.254,0.662,0.0208,0.0833,0.1042,0.1042,0.125,0.0625,0.0,0.125,0.1875,0.1875,1.41,0.7,0.7,0.0,7.75,10.56,1,1,0.11,0,0,1,0,0,5,5,0,0.921,en,1.0
DXZJA_liqWn,5,1,5.24,66.4,10.0,0.0,0.0,0.0,0.0,0.0,0,0.0,0,0,0.0,0,0,0,0.4,1.0,0.0,0.0,0.0,0.0,0.0,0.0,0.0,0.0,0.0,0.0,0.0,0.0,0.0,0.0,0.0,0.0,0,0,0.0,0,0,0,0,0,5,5,0,0.327,en,0.718
DXbt7IqCLKa,4,1,,,,0.0,0.0,0.0,0.0,0.0,0,0.0,0,0,0.0,0,0,0,0.25,1.0,0.0,0.0,0.0,0.0,0.0,0.0,0.0,0.0,0.0,0.0,25.0,0.0,0.0,0.0,0.0,25.0,0,0,0.0,0,0,0,0,0,5,5,0,0.258,en,0.571
DUggUj0iE_S,189,13,9.85,54.22,12.13,0.0,1.59,0.0,0.53,0.0,0,0.0,0,1,0.53,0,0,0,0.275,0.693,0.0667,0.16,0.0933,0.08,0.1067,0.08,0.0133,0.04,0.2267,0.1333,1.06,0.0,0.0,0.0,3.17,4.23,2,2,0.16,1,0,1,0,0,7,7,0,0.919,en,1.0
DXg3UF6CdnC,7,1,2.31,90.96,2.8,0.0,0.0,0.0,0.0,0.0,0,0.0,0,0,0.0,0,0,0,0.0,1.0,0.0,0.0,0.0,0.0,0.0,0.0,0.0,0.0,0.0,0.0,0.0,0.0,0.0,0.0,0.0,0.0,0,0,0.0,0,0,0,0,0,5,5,0,0.333,en,1.0
DXolt9eDCcN,7,2,4.32,70.34,7.11,0.0,0.0,0.0,0.0,0.0,0,0.0,0,0,0.0,0,0,0,0.286,0.857,0.0,0.0,0.0,0.0,0.0,0.0,0.0,0.0,0.0,0.0,0.0,0.0,0.0,0.0,0.0,0.0,0,0,0.0,0,0,0,0,0,5,5,0,0.345,en,1.0
DTfYVUaDupz,38,2,12.0,42.84,14.97,0.0,2.63,0.0,2.63,0.0,1,0.5,0,0,0.0,0,0,0,0.289,0.895,0.0667,0.2,0.0667,0.1333,0.1333,0.0,0.0,0.0,0.3333,0.0667,0.0,0.0,2.63,0.0,2.63,5.26,3,3,0.98,2,0,1,0,0,3,3,0,0.824,en,1.0
DXjcLK4D8YD,4,1,,,,0.0,0.0,0.0,0.0,0.0,0,0.0,0,0,0.0,0,0,0,0.25,1.0,0.0,0.0,0.0,0.0,0.0,0.0,0.0,0.0,0.0,0.0,0.0,0.0,0.0,0.0,0.0,0.0,0,0,0.0,0,0,0,0,0,5,5,0,0.25,en,1.0
DWd8TPlCGNF,54,3,15.03,19.37,19.05,0.0,0.0,0.0,0.0,0.0,0,0.0,0,0,0.0,0,0,0,0.37,0.778,0.0,0.0,0.1176,0.1765,0.2941,0.0,0.0588,0.0,0.2941,0.0588,0.0,0.0,3.7,1.85,3.7,9.25,0,0,0.0,0,0,0,0,0,0,0,0,,en,1.0
DTSgWRoloBs,23,1,15.52,23.0,16.07,0.0,0.0,0.0,0.0,0.0,0,0.0,0,0,0.0,0,0,0,0.348,0.913,0.0,0.0,0.0,0.0,0.0,0.0,0.0,0.0,1.0,0.0,0.0,0.0,4.35,0.0,0.0,4.35,2,2,1.06,1,0,1,0,0,3,3,0,0.787,en,1.0
DS9WiNDCKWA,31,3,7.19,61.33,10.67,0.0,3.23,3.23,0.0,3.23,0,0.0,0,0,0.0,0,0,0,0.29,0.903,0.0,0.1429,0.1429,0.0,0.1429,0.0,0.0,0.0,0.5714,0.0,0.0,0.0,0.0,0.0,0.0,0.0,2,2,1.08,1,0,1,0,0,0,0,0,,en,1.0
DWTPuYYiBmk,71,3,15.24,28.55,18.49,0.0,0.0,0.0,0.0,0.0,0,0.0,0,1,1.41,0,1,0,0.352,0.662,0.0,0.0769,0.0,0.2308,0.3846,0.0,0.0,0.0,0.2308,0.0769,0.0,0.0,0.0,7.04,0.0,7.04,0,0,0.0,0,0,0,0,0,0,0,0,,en,1.0
DXtW3C-FV7E,65,3,16.1,18.25,19.13,0.0,4.62,0.0,1.54,0.0,0,0.0,0,0,0.0,0,0,0,0.415,0.785,0.0,0.0,0.1111,0.2963,0.1481,0.037,0.0,0.0,0.4074,0.0,0.0,0.0,1.54,0.0,0.0,1.54,0,0,0.0,0,0,0,0,0,6,6,2,0.887,en,1.0
DTaOutKjo18,16,1,6.14,79.56,8.9,0.0,0.0,0.0,0.0,0.0,0,0.0,0,0,0.0,0,0,0,0.25,0.875,0.0,0.0,0.1429,0.1429,0.1429,0.1429,0.0,0.1429,0.2857,0.0,0.0,0.0,0.0,0.0,6.25,6.25,0,0,0.0,0,0,0,0,0,3,3,0,0.708,en,1.0
DXrKi2OD1Hm,7,1,7.37,54.7,8.51,0.0,0.0,0.0,0.0,0.0,0,0.0,0,0,0.0,0,0,0,0.143,0.857,0.0,0.0,0.0,0.0,0.0,0.0,0.0,0.0,0.0,0.0,0.0,0.0,0.0,0.0,0.0,0.0,0,0,0.0,0,0,0,0,0,5,5,0,0.339,en,1.0
DWPV37mjdwz,143,5,24.52,-17.94,29.99,0.0,0.0,0.0,0.0,0.0,0,0.0,0,2,1.4,0,1,0,0.455,0.65,0.0,0.05,0.1,0.25,0.1,0.0,0.0,0.0,0.45,0.05,0.0,0.0,1.4,2.1,0.0,3.5,0,0,0.0,0,0,0,0,0,0,0,2,,en,1.0
DUANbOODsT-,25,1,13.98,39.33,16.4,0.0,0.0,0.0,0.0,0.0,0,0.0,0,0,0.0,0,0,0,0.24,0.88,0.0,0.125,0.125,0.125,0.125,0.0,0.0,0.125,0.375,0.0,0.0,0.0,0.0,0.0,0.0,0.0,0,0,0.0,0,0,0,0,0,2,2,0,0.925,en,1.0
DTkh7UFjvTh,27,4,2.83,86.35,5.68,0.0,0.0,3.7,3.7,3.7,0,0.0,1,0,0.0,0,0,0,0.111,0.889,0.0,0.0,0.0,0.0,0.0,0.0,0.0,1.0,0.0,0.0,0.0,0.0,0.0,0.0,0.0,0.0,0,0,0.0,0,0,0,0,0,3,3,0,0.771,en,1.0
DTitPQkAEdG,100,5,10.01,58.56,10.75,0.0,4.0,0.0,0.0,0.0,0,0.0,0,1,1.0,0,0,0,0.18,0.74,0.0,0.069,0.1724,0.1034,0.069,0.0,0.069,0.1034,0.2759,0.1379,0.0,2.0,1.0,0.0,0.0,3.0,2,2,0.3,0,0,1,0,1,5,5,0,0.878,en,1.0
DTsQUhIDj4F,24,1,13.93,37.95,14.6,0.0,0.0,0.0,0.0,0.0,0,0.0,0,0,0.0,0,0,0,0.167,0.917,0.0,0.0,0.1667,0.0,0.0,0.3333,0.1667,0.0,0.1667,0.1667,0.0,0.0,0.0,0.0,0.0,0.0,2,2,0.96,0,0,1,0,1,4,4,0,0.756,en,1.0
DUCyOBzjtGW,30,2,10.82,43.34,9.94,0.0,0.0,0.0,0.0,0.0,0,0.0,0,0,0.0,0,0,0,0.267,0.967,0.0,0.0,0.0909,0.0909,0.0909,0.0909,0.0,0.0,0.6364,0.0,0.0,0.0,0.0,0.0,6.67,6.67,0,0,0.0,0,0,0,0,0,3,3,0,0.794,en,1.0
DT_B707iWMb,142,8,12.26,39.01,13.58,0.0,2.11,2.11,2.82,2.11,0,0.0,0,1,0.7,0,0,0,0.394,0.669,0.0,0.0233,0.0698,0.4186,0.093,0.0,0.0,0.0,0.3953,0.0,0.0,0.0,2.11,0.0,0.0,2.11,1,1,0.09,0,0,1,0,0,7,7,0,0.877,en,1.0
DQtsfnrES6W,44,2,14.85,25.08,16.0,0.0,9.09,0.0,0.0,0.0,0,0.0,0,0,0.0,0,0,0,0.341,0.864,0.0,0.0,0.0714,0.2857,0.1429,0.0,0.0,0.0714,0.4286,0.0,0.0,0.0,4.55,0.0,0.0,4.55,1,1,0.35,0,0,0,0,1,0,0,0,,en,1.0
DTn2xOlD7JJ,46,4,6.1,71.34,8.06,0.0,6.52,0.0,4.35,0.0,0,0.0,0,0,0.0,0,0,0,0.196,0.87,0.0,0.0,0.25,0.0625,0.25,0.0,0.0,0.125,0.3125,0.0,0.0,0.0,2.17,0.0,4.35,6.52,1,1,0.28,0,0,1,0,0,5,5,0,0.796,en,1.0
DWdtfb8Cewk,112,5,12.19,46.84,14.98,0.0,1.79,0.0,0.0,0.0,0,0.0,0,0,0.0,0,0,0,0.304,0.795,0.0,0.04,0.04,0.2,0.28,0.0,0.0,0.04,0.4,0.0,0.0,0.0,0.89,0.0,0.0,0.89,0,0,0.0,0,0,0,0,0,0,0,0,,en,1.0
DUqUliEDNSs,51,4,6.05,73.04,7.3,0.0,1.96,0.0,1.96,0.0,1,0.25,1,0,0.0,0,0,0,0.196,0.882,0.0,0.0909,0.1364,0.1364,0.2727,0.0,0.0,0.0455,0.2727,0.0455,0.0,0.0,0.0,0.0,0.0,0.0,2,2,0.66,0,0,0,0,2,0,0,1,,en,1.0
DSXuQFEiGjJ,55,4,9.63,54.98,9.58,0.0,3.64,5.45,0.0,5.45,0,0.0,0,10,18.18,0,1,0,0.255,0.818,0.0,0.0952,0.1905,0.2381,0.0476,0.0,0.0,0.0476,0.3333,0.0476,1.82,0.0,1.82,0.0,0.0,3.64,1,1,0.25,1,0,0,0,0,0,0,0,,en,1.0
DQlvwlSjZA2,8,1,11.52,28.5,12.49,0.0,0.0,0.0,0.0,0.0,0,0.0,0,1,12.5,0,1,0,0.375,1.0,0.0,0.0,0.0,0.0,0.0,0.0,0.0,0.0,0.0,0.0,0.0,0.0,0.0,0.0,0.0,0.0,1,1,1.2,1,0,0,0,0,0,0,0,,en,1.0
DSqL_CYjCQI,58,4,9.8,50.63,10.63,0.0,5.17,5.17,0.0,5.17,0,0.0,0,1,1.72,0,1,0,0.362,0.81,0.0,0.0,0.2353,0.1765,0.0882,0.0,0.0,0.0588,0.4412,0.0,3.45,0.0,6.9,0.0,3.45,13.8,1,1,0.24,0,0,0,0,1,2,2,0,0.919,en,1.0
DRy5ghiDT_W,25,2,10.23,43.08,11.47,0.0,8.0,12.0,0.0,12.0,0,0.0,0,0,0.0,0,0,0,0.4,0.92,0.0,0.0,0.1429,0.2857,0.1429,0.0,0.0,0.0,0.4286,0.0,0.0,0.0,0.0,0.0,0.0,0.0,1,1,0.59,0,0,0,0,1,0,0,0,,en,1.0
DWVnGAginZE,47,2,13.39,40.04,15.29,0.0,2.13,0.0,0.0,0.0,0,0.0,0,0,0.0,0,0,0,0.298,0.809,0.0,0.0,0.0,0.0,0.0,0.0,0.0,0.0,1.0,0.0,0.0,0.0,0.0,0.0,0.0,0.0,0,0,0.0,0,0,0,0,0,0,0,0,,en,1.0
DU-3de8iG-a,12,3,13.2,8.73,16.15,0.0,0.0,0.0,0.0,0.0,0,0.0,0,3,25.0,0,1,0,0.5,1.0,0.0,0.0,0.0,0.0,0.0,0.0,0.0,0.0,0.0,0.0,0.0,0.0,0.0,0.0,0.0,0.0,0,0,0.0,0,0,0,0,0,5,5,0,0.739,en,1.0
DS7VL1aDlsL,31,3,5.16,77.04,6.77,0.0,0.0,0.0,0.0,0.0,0,0.0,1,1,3.23,0,1,0,0.194,0.839,0.0,0.0,0.0,0.0,0.3333,0.0,0.0,0.0,0.6667,0.0,0.0,0.0,0.0,0.0,3.23,3.23,1,1,0.47,1,0,0,0,0,2,2,0,0.828,en,1.0
DSrc9q6DsW-,32,2,10.19,50.48,8.9,0.0,3.12,6.25,0.0,6.25,0,0.0,0,0,0.0,0,0,0,0.219,0.906,0.0,0.0,0.2667,0.1333,0.2,0.0,0.0,0.1333,0.2667,0.0,3.12,0.0,3.12,0.0,3.12,9.36,0,0,0.0,0,0,0,0,0,3,3,0,0.839,en,1.0
DSW2mrgjs6h,27,1,12.25,53.55,13.48,0.0,0.0,0.0,0.0,0.0,0,0.0,0,0,0.0,0,0,0,0.296,0.889,0.0,0.0,0.1667,0.1667,0.0,0.0,0.0,0.0,0.6667,0.0,0.0,3.7,0.0,0.0,7.41,11.11,0,0,0.0,0,0,0,0,0,3,3,0,0.773,en,1.0
DSjukI4jv4D,44,2,6.94,84.52,9.71,0.0,0.0,2.27,2.27,2.27,1,0.5,1,0,0.0,0,0,0,0.091,0.795,0.0,0.0,0.0909,0.2727,0.0909,0.0,0.0,0.0,0.2727,0.2727,0.0,2.27,0.0,0.0,0.0,2.27,1,1,0.4,1,0,0,0,0,3,3,0,0.864,en,1.0
DVax_qWDIWT,74,3,14.14,38.2,18.0,0.0,0.0,0.0,1.35,0.0,0,0.0,0,3,4.05,0,1,0,0.297,0.635,0.0,0.0,0.0,0.1875,0.0625,0.0,0.0,0.1875,0.375,0.1875,1.35,0.0,1.35,1.35,6.76,10.81,0,0,0.0,0,0,0,0,0,0,0,0,,en,1.0
DVYKqgYiKyD,38,2,11.69,45.07,14.97,0.0,0.0,0.0,0.0,0.0,0,0.0,0,0,0.0,0,0,0,0.263,0.789,0.0,0.0,0.1111,0.2222,0.2222,0.0,0.0,0.1111,0.2222,0.1111,0.0,0.0,0.0,7.89,0.0,7.89,0,0,0.0,0,0,0,0,0,0,0,0,,en,1.0
DTNWuvpjhud,37,4,7.84,59.63,10.38,0.0,2.7,10.81,0.0,10.81,0,0.0,1,0,0.0,0,0,0,0.297,0.838,0.0,0.1429,0.0,0.0,0.1429,0.0,0.0,0.0,0.4286,0.2857,0.0,0.0,0.0,0.0,2.7,2.7,3,3,1.11,0,1,0,0,2,3,3,0,0.841,en,1.0
DScBd6SjrLJ,0,0,,,,0.0,0.0,0.0,0.0,0.0,0,0.0,0,0,0.0,0,0,0,0.0,0.0,0.0,0.0,0.0,0.0,0.0,0.0,0.0,0.0,0.0,0.0,0.0,0.0,0.0,0.0,0.0,0.0,0,0,0.0,0,0,0,0,0,0,0,0,,und,
DS2LnHADquv,38,2,10.76,51.74,13.92,0.0,2.63,0.0,2.63,0.0,0,0.0,0,0,0.0,0,0,0,0.237,0.842,0.0,0.0,0.2,0.2,0.2,0.0,0.0,0.0,0.4,0.0,0.0,0.0,0.0,2.63,0.0,2.63,1,1,0.36,0,0,0,0,1,3,3,0,0.805,en,1.0
DS9QwOEjtZU,19,2,8.37,52.87,10.0,0.0,0.0,0.0,0.0,0.0,0,0.0,0,1,5.26,0,1,0,0.316,1.0,0.0,0.0,0.0,0.0,0.0,0.0,0.0,0.0,1.0,0.0,0.0,0.0,0.0,0.0,10.53,10.53,1,1,0.63,1,0,0,0,0,2,2,0,0.816,en,1.0
DXGonOCjTav,17,3,5.5,72.52,5.91,0.0,5.88,0.0,0.0,0.0,0,0.0,0,2,11.76,0,0,0,0.353,0.882,0.0,0.0,0.3333,0.0,0.0,0.0,0.3333,0.0,0.0,0.3333,0.0,0.0,5.88,0.0,17.65,23.53,2,2,0.86,0,0,0,0,2,9,9,1,0.558,en,1.0
DSRtCS7jnGX,46,2,14.16,33.6,17.0,0.0,0.0,0.0,2.17,0.0,0,0.0,0,0,0.0,0,0,0,0.326,0.87,0.0833,0.0833,0.1667,0.0,0.1667,0.0,0.0833,0.0,0.3333,0.0833,2.17,0.0,2.17,0.0,0.0,4.34,1,1,0.29,0,0,1,0,0,3,3,0,0.865,en,1.0
DTINIX7jsOm,13,2,5.1,70.08,8.75,0.0,0.0,0.0,0.0,0.0,0,0.0,0,0,0.0,0,0,0,0.154,1.0,0.0,0.0,0.0,0.0,0.0,0.0,0.0,0.0,0.0,0.0,7.69,0.0,0.0,0.0,7.69,15.38,0,0,0.0,0,0,0,0,0,3,3,0,0.644,en,1.0
DVlqdpuofJi,129,5,14.93,32.87,17.38,0.0,0.0,0.0,0.0,0.0,0,0.0,0,0,0.0,0,0,0,0.326,0.667,0.0667,0.0667,0.0333,0.2333,0.0667,0.1,0.0667,0.0,0.2333,0.1333,3.1,0.0,0.0,7.75,0.0,10.85,0,0,0.0,0,0,0,0,0,0,0,0,,en,1.0
DVqA9lQCMB3,90,4,17.93,5.69,21.53,0.0,0.0,0.0,0.0,0.0,0,0.0,0,0,0.0,0,0,0,0.422,0.767,0.0278,0.0278,0.0556,0.2778,0.1389,0.0278,0.0,0.0,0.4167,0.0278,1.11,0.0,3.33,10.0,1.11,15.55,0,0,0.0,0,0,0,0,0,0,0,0,,en,1.0
DVgNyhriNtn,87,3,21.49,-7.36,26.31,0.0,0.0,0.0,0.0,0.0,0,0.0,0,0,0.0,0,0,0,0.586,0.747,0.0,0.0,0.0,0.4286,0.0,0.0,0.0,0.0,0.5714,0.0,0.0,0.0,2.3,5.75,0.0,8.05,0,0,0.0,0,0,0,0,0,0,0,0,,en,1.0
DVyJyHCoyal,107,4,15.69,30.25,18.55,0.0,0.0,0.0,0.93,0.0,0,0.0,0,1,0.93,0,1,0,0.374,0.645,0.0435,0.0435,0.0,0.2174,0.1304,0.0,0.0,0.0,0.5217,0.0435,3.74,0.0,0.0,3.74,1.87,9.35,0,0,0.0,0,0,0,0,0,0,0,0,,en,1.0
DSo4NOsDnRq,16,2,9.93,50.61,11.33,0.0,6.25,0.0,0.0,0.0,1,0.5,0,0,0.0,0,0,0,0.25,1.0,0.0,0.0,0.25,0.25,0.0,0.0,0.0,0.0,0.25,0.25,0.0,0.0,0.0,0.0,0.0,0.0,2,2,1.43,1,0,0,0,1,2,2,0,0.764,en,1.0
DW_Y85EldJH,6,1,2.48,87.95,2.4,0.0,0.0,0.0,0.0,0.0,0,0.0,0,0,0.0,0,0,0,0.167,1.0,0.0,0.0,0.0,0.0,0.0,0.0,0.0,0.0,0.0,0.0,0.0,0.0,0.0,0.0,0.0,0.0,0,0,0.0,0,0,0,0,0,5,5,0,0.333,en,1.0
DWCAWs1iCox,63,3,16.88,12.02,21.03,0.0,0.0,0.0,0.0,0.0,0,0.0,0,3,4.76,0,0,1,0.444,0.746,0.125,0.125,0.125,0.0,0.25,0.0,0.0,0.125,0.25,0.0,0.0,0.0,0.0,1.59,1.59,3.18,0,0,0.0,0,0,0,0,0,0,0,0,,en,1.0
DXHHXHCCcgT,18,3,7.19,61.33,8.0,0.0,5.56,0.0,0.0,0.0,0,0.0,0,2,11.11,0,0,0,0.389,0.889,0.0,0.0,0.3333,0.0,0.0,0.0,0.3333,0.0,0.0,0.3333,0.0,0.0,5.56,0.0,16.67,22.23,2,2,0.82,0,0,0,0,2,9,9,1,0.58,en,1.0
DXJsM3zibUp,4,1,,,,0.0,0.0,0.0,0.0,0.0,0,0.0,0,0,0.0,0,0,0,0.5,1.0,0.0,0.0,0.0,0.0,0.0,0.0,0.0,0.0,0.0,0.0,0.0,0.0,0.0,0.0,0.0,0.0,0,0,0.0,0,0,0,0,0,5,5,0,0.287,en,1.0
DWEYm7riHPW,122,6,12.26,44.24,16.33,0.0,0.82,0.0,2.46,0.0,0,0.0,0,5,4.1,0,1,0,0.295,0.648,0.0417,0.125,0.0417,0.1667,0.2083,0.0,0.0,0.0833,0.2917,0.0417,0.0,0.0,1.64,3.28,0.0,4.92,0,0,0.0,0,0,0,0,0,0,0,0,,en,1.0
DXB9wXvkQo4,6,1,6.42,59.75,9.07,0.0,0.0,0.0,0.0,0.0,0,0.0,0,0,0.0,0,0,0,0.167,1.0,0.0,0.0,0.0,0.0,0.0,0.0,0.0,0.0,0.0,0.0,0.0,0.0,0.0,0.0,0.0,0.0,0,0,0.0,0,0,0,0,0,5,5,0,0.368,en,1.0
DWD4O7tiJcr,118,6,13.45,34.26,17.0,0.0,0.0,0.0,0.85,0.0,0,0.0,0,5,4.24,0,1,0,0.347,0.636,0.1,0.0,0.15,0.1,0.2,0.0,0.1,0.1,0.25,0.0,0.0,0.0,0.0,0.85,0.0,0.85,0,0,0.0,0,0,0,0,0,0,0,0,,en,1.0
DXMRBetlLiz,5,1,7.6,49.48,10.0,0.0,0.0,0.0,0.0,0.0,0,0.0,0,0,0.0,0,0,0,0.2,1.0,0.0,0.0,0.0,0.0,0.0,0.0,0.0,0.0,0.0,0.0,40.0,0.0,0.0,0.0,0.0,40.0,0,0,0.0,0,0,0,0,0,5,5,0,0.287,en,0.857
DXEhT7-jsJy,5,1,5.24,66.4,2.0,0.0,0.0,0.0,0.0,0.0,0,0.0,0,0,0.0,0,0,0,0.0,1.0,0.0,0.0,0.0,0.0,0.0,0.0,0.0,0.0,0.0,0.0,20.0,0.0,0.0,0.0,0.0,20.0,0,0,0.0,0,0,0,0,0,5,5,0,0.314,es,1.0
DVgLWW3CIDY,46,2,15.44,25.32,18.77,0.0,0.0,0.0,2.17,0.0,0,0.0,0,1,2.17,0,0,0,0.413,0.739,0.0588,0.0,0.1765,0.1765,0.1765,0.0,0.0588,0.0588,0.2941,0.0,0.0,0.0,2.17,2.17,0.0,4.34,0,0,0.0,0,0,0,0,0,0,0,0,,en,1.0
DWBjc-BiA6-,20,3,8.96,48.64,10.0,0.0,0.0,0.0,0.0,0.0,0,0.0,0,0,0.0,0,0,0,0.3,0.75,0.0,0.0,0.1429,0.2857,0.1429,0.0,0.0,0.1429,0.2857,0.0,0.0,0.0,0.0,5.0,0.0,5.0,0,0,0.0,0,0,0,0,0,0,0,0,,en,1.0
DSKFeTFjnt2,20,2,6.6,65.56,4.0,0.0,0.0,5.0,0.0,5.0,0,0.0,0,0,0.0,0,0,0,0.2,1.0,0.0,0.0,0.1111,0.2222,0.2222,0.0,0.0,0.0,0.4444,0.0,0.0,0.0,0.0,0.0,0.0,0.0,1,1,0.56,0,0,0,0,1,3,3,0,0.726,en,1.0
DXRbK38DM3W,5,1,5.24,66.4,2.0,0.0,0.0,0.0,0.0,0.0,0,0.0,0,0,0.0,0,0,0,0.0,1.0,0.0,0.0,0.0,0.0,0.0,0.0,0.0,0.0,0.0,0.0,20.0,0.0,0.0,0.0,0.0,20.0,0,0,0.0,0,0,0,0,0,5,5,0,0.314,es,1.0
DXO1x-NCC5k,7,1,2.31,90.96,2.8,0.0,14.29,0.0,0.0,0.0,0,0.0,0,0,0.0,0,0,0,0.0,1.0,0.0,0.0,0.0,0.0,0.0,0.0,0.0,0.0,0.0,0.0,0.0,0.0,0.0,0.0,0.0,0.0,0,0,0.0,0,0,0,0,0,5,5,0,0.314,en,1.0
DXQrA_0jvq3,58,3,13.08,36.31,15.32,0.0,3.45,0.0,0.0,0.0,0,0.0,0,2,3.45,0,0,0,0.431,0.862,0.0385,0.0385,0.1154,0.2308,0.1154,0.0,0.0769,0.0,0.3077,0.0769,3.45,0.0,0.0,0.0,1.72,5.17,0,0,0.0,0,0,0,0,0,4,4,2,0.91,en,1.0
DTkNTvlF3zS,88,6,10.72,43.74,13.64,0.0,0.0,1.14,1.14,1.14,1,0.167,0,1,1.14,0,1,0,0.318,0.795,0.1,0.0,0.0,0.1,0.1,0.1,0.0,0.0,0.4,0.2,0.0,0.0,2.27,0.0,0.0,2.27,0,0,0.0,0,0,0,0,0,0,0,0,,en,1.0
DXT_TNoj4Df,6,1,2.48,87.95,2.4,0.0,0.0,0.0,0.0,0.0,0,0.0,0,0,0.0,0,0,0,0.333,1.0,0.0,0.0,0.0,0.0,0.0,0.0,0.0,0.0,0.0,0.0,0.0,0.0,0.0,0.0,0.0,0.0,0,0,0.0,0,0,0,0,0,5,5,0,0.351,en,1.0
DW85lspilIK,8,1,5.68,66.79,8.51,0.0,0.0,0.0,0.0,0.0,0,0.0,0,0,0.0,0,0,0,0.375,1.0,0.0,0.0,0.25,0.25,0.0,0.0,0.0,0.0,0.5,0.0,0.0,0.0,0.0,0.0,0.0,0.0,0,0,0.0,0,0,0,0,0,0,0,0,,en,1.0
DXWkHQnAsRS,4,1,,,,0.0,0.0,0.0,0.0,0.0,0,0.0,0,0,0.0,0,0,0,0.25,1.0,0.0,0.0,0.0,0.0,0.0,0.0,0.0,0.0,0.0,0.0,25.0,0.0,0.0,0.0,0.0,25.0,0,0,0.0,0,0,0,0,0,5,5,0,0.25,en,0.857
DTK_tKrDXs3,73,4,11.26,46.39,12.2,0.0,2.74,2.74,0.0,2.74,1,0.25,1,6,8.22,0,1,0,0.288,0.877,0.0667,0.1333,0.0667,0.0667,0.1333,0.0667,0.0,0.0,0.4,0.0667,0.0,0.0,1.37,0.0,0.0,1.37,3,3,0.59,0,0,0,0,3,0,0,1,,en,1.0
DURDVRDCI32,33,2,8.01,67.03,10.24,0.0,3.03,0.0,0.0,0.0,0,0.0,0,1,3.03,0,0,0,0.303,0.879,0.0,0.0,0.0,0.0,0.25,0.0,0.0,0.0,0.5,0.25,0.0,0.0,3.03,0.0,0.0,3.03,0,0,0.0,0,0,0,0,0,1,1,0,0.921,en,1.0
DRgx6pxiByy,16,1,8.35,63.7,11.4,0.0,0.0,0.0,0.0,0.0,0,0.0,0,0,0.0,0,0,0,0.125,0.875,0.0,0.0,0.1429,0.1429,0.1429,0.0,0.0,0.2857,0.1429,0.1429,0.0,0.0,0.0,0.0,12.5,12.5,0,0,0.0,0,0,0,0,0,2,2,0,0.758,en,1.0
DTe830ojmon,39,2,12.63,38.39,17.07,0.0,2.56,0.0,2.56,0.0,0,0.0,0,0,0.0,0,0,0,0.308,0.974,0.0,0.0,0.0,0.1111,0.1111,0.1111,0.0,0.0,0.5556,0.1111,5.13,0.0,2.56,0.0,0.0,7.69,0,0,0.0,0,0,0,0,0,3,3,0,0.853,en,1.0
DQ9DYVGjs2Z,25,2,7.22,65.56,8.2,0.0,0.0,4.0,0.0,4.0,0,0.0,0,0,0.0,0,0,0,0.2,0.96,0.0,0.0,0.5,0.0,0.0,0.0,0.0,0.0,0.5,0.0,0.0,0.0,0.0,0.0,16.0,16.0,0,0,0.0,0,0,0,0,0,3,3,0,0.77,en,1.0
DSKaIfiFhcS,29,2,10.1,47.6,14.17,0.0,0.0,0.0,0.0,0.0,0,0.0,0,0,0.0,0,0,0,0.276,1.0,0.0,0.0,0.1667,0.0,0.3333,0.0,0.0,0.0,0.3333,0.1667,0.0,3.45,0.0,0.0,0.0,3.45,0,0,0.0,0,0,0,0,0,0,0,0,,en,1.0
DTH5ocQDAMc,38,4,10.27,43.41,11.42,0.0,0.0,0.0,2.63,0.0,0,0.0,0,0,0.0,0,0,0,0.342,0.895,0.0,0.0909,0.0,0.1818,0.0909,0.0909,0.0,0.0,0.5455,0.0,0.0,0.0,0.0,0.0,0.0,0.0,1,1,0.38,0,0,0,0,1,0,0,1,,en,1.0
DTigcpbjOyn,61,3,17.37,9.14,19.74,0.0,3.28,0.0,0.0,0.0,0,0.0,0,5,8.2,0,1,0,0.426,0.836,0.0,0.0,0.0625,0.3125,0.1875,0.0,0.0,0.0625,0.375,0.0,0.0,0.0,0.0,0.0,0.0,0.0,2,2,0.41,0,0,0,0,2,0,0,1,,en,1.0
DTSgXWbDah5,100,9,11.11,44.81,14.68,0.0,2.0,1.0,0.0,1.0,0,0.0,1,0,0.0,0,0,0,0.23,0.75,0.1,0.05,0.1,0.15,0.05,0.1,0.05,0.05,0.25,0.1,0.0,0.0,0.0,0.0,0.0,0.0,0,0,0.0,0,0,0,0,0,0,0,0,,en,1.0
DQiqMb_DhnI,3,1,,,,0.0,0.0,0.0,0.0,0.0,0,0.0,0,0,0.0,0,0,0,0.333,1.0,0.0,0.0,0.0,0.0,0.0,0.0,0.0,0.0,0.0,0.0,0.0,0.0,0.0,0.0,0.0,0.0,0,0,0.0,0,0,0,0,0,0,0,0,,en,1.0
DRCM9WrjtFb,31,2,7.98,66.34,10.15,0.0,0.0,6.45,0.0,6.45,0,0.0,1,1,3.23,0,1,0,0.226,0.871,0.0,0.0,0.2,0.2,0.3,0.0,0.0,0.1,0.2,0.0,3.23,0.0,0.0,0.0,0.0,3.23,1,1,0.48,0,0,0,0,1,2,2,0,0.88,en,1.0
DU-u3Jljsfe,41,4,6.25,68.5,8.98,0.0,0.0,0.0,0.0,0.0,0,0.0,0,0,0.0,0,0,0,0.268,0.829,0.0,0.0,0.0769,0.0769,0.1538,0.0,0.0,0.1538,0.3077,0.2308,0.0,0.0,0.0,0.0,4.88,4.88,0,0,0.0,0,0,0,0,0,0,0,0,,en,1.0
DRT5_MkDmVi,93,5,10.05,55.42,11.24,0.0,3.23,1.08,0.0,1.08,1,0.2,2,0,0.0,0,0,0,0.194,0.774,0.0345,0.1034,0.1034,0.1724,0.1724,0.0345,0.0345,0.0345,0.2414,0.069,3.23,0.0,1.08,0.0,5.38,9.69,1,1,0.17,1,0,0,0,0,2,2,0,0.928,en,1.0
DROwWkzAbdm,65,3,9.69,63.57,11.66,0.0,0.0,0.0,0.0,0.0,1,0.333,0,0,0.0,0,0,0,0.169,0.769,0.0,0.0,0.2,0.1,0.0,0.0,0.1,0.0,0.5,0.1,0.0,0.0,0.0,1.54,3.08,4.62,1,1,0.26,1,0,0,0,0,3,3,0,0.935,en,1.0
DRJmW5KESJY,48,2,12.59,44.88,17.0,0.0,2.08,0.0,0.0,0.0,0,0.0,0,0,0.0,0,0,0,0.292,0.896,0.0,0.0625,0.125,0.25,0.1875,0.0,0.0,0.0,0.375,0.0,2.08,0.0,2.08,0.0,0.0,4.16,1,1,0.3,0,0,1,0,0,3,3,0,0.873,en,1.0
DRboXapDRPH,44,3,7.85,63.71,11.31,0.0,0.0,2.27,2.27,2.27,0,0.0,0,0,0.0,0,0,0,0.205,0.841,0.0,0.0909,0.0909,0.0909,0.0909,0.0909,0.0,0.0909,0.2727,0.1818,0.0,0.0,0.0,0.0,6.82,6.82,0,0,0.0,0,0,0,0,0,2,2,0,0.94,en,1.0
DWlpEQZkSwj,5,1,2.88,83.32,2.0,0.0,0.0,0.0,0.0,0.0,0,0.0,0,0,0.0,0,0,0,0.2,1.0,0.0,0.0,0.0,0.0,0.0,0.0,0.0,0.0,0.0,0.0,0.0,0.0,0.0,0.0,0.0,0.0,0,0,0.0,0,0,0,0,0,5,5,0,0.273,en,0.857
DQt0XptgQN5,31,2,9.49,54.65,11.36,0.0,0.0,0.0,3.23,0.0,0,0.0,0,0,0.0,0,0,0,0.258,0.935,0.1429,0.1429,0.0,0.1429,0.0,0.1429,0.1429,0.0,0.0,0.2857,0.0,0.0,6.45,0.0,0.0,6.45,0,0,0.0,0,0,0,0,0,0,0,0,,en,1.0
DQ3lMB-CH-Q,83,10,10.28,46.02,13.73,0.0,0.0,0.0,1.2,0.0,0,0.0,0,2,2.41,0,0,0,0.349,0.723,0.0,0.0625,0.125,0.0625,0.0625,0.0,0.0625,0.0,0.5625,0.0625,0.0,0.0,0.0,0.0,0.0,0.0,0,0,0.0,0,0,0,0,0,0,0,0,,en,1.0
DQtEQWBjmNA,69,3,13.21,40.75,15.54,0.0,0.0,0.0,0.0,0.0,0,0.0,0,0,0.0,0,0,0,0.261,0.768,0.0,0.0,0.0769,0.2308,0.0,0.0,0.0,0.0,0.6154,0.0769,1.45,0.0,2.9,2.9,2.9,10.15,0,0,0.0,0,0,0,0,0,3,3,0,0.887,en,1.0
DWRCqLyAs94,6,1,4.45,73.85,9.07,0.0,0.0,0.0,0.0,0.0,0,0.0,0,0,0.0,0,0,0,0.167,1.0,0.0,0.0,0.0,0.0,0.0,0.0,0.0,0.0,0.0,0.0,0.0,0.0,0.0,0.0,0.0,0.0,0,0,0.0,0,0,0,0,0,5,5,0,0.333,en,1.0
DWk1d0DDHm-,37,1,18.81,43.93,21.35,0.0,5.41,0.0,0.0,0.0,0,0.0,0,10,27.03,0,0,0,0.216,0.811,0.0,0.0,0.2,0.2,0.2,0.0,0.0,0.2,0.2,0.0,8.11,0.0,0.0,0.0,0.0,8.11,0,0,0.0,0,0,0,0,0,7,7,0,0.764,en,1.0
DQ4Hgt0jmeW,35,2,9.78,55.22,10.33,0.0,0.0,0.0,0.0,0.0,0,0.0,0,0,0.0,0,0,0,0.2,0.829,0.0,0.2222,0.1111,0.1111,0.2222,0.0,0.0,0.0,0.3333,0.0,0.0,0.0,0.0,0.0,5.71,5.71,0,0,0.0,0,0,0,0,0,3,3,0,0.8,en,1.0
DQ6lpEcAAZE,55,4,6.75,72.51,9.25,0.0,0.0,0.0,0.0,0.0,0,0.0,0,5,9.09,0,0,0,0.127,0.764,0.0,0.0,0.1111,0.0,0.1111,0.0,0.0,0.2222,0.4444,0.1111,0.0,1.82,0.0,0.0,0.0,1.82,3,3,0.88,1,0,0,0,2,0,0,0,,en,1.0
DRj2I1ODuFl,50,3,6.96,74.86,9.87,0.0,0.0,2.0,0.0,2.0,0,0.0,1,0,0.0,0,0,0,0.22,0.78,0.0,0.0,0.0,0.0,0.0,0.0,0.0,0.0,0.0,0.0,0.0,0.0,0.0,0.0,0.0,0.0,0,0,0.0,0,0,0,0,0,0,0,0,,en,1.0
DWTncqqigcL,9,1,2.28,92.97,3.2,0.0,0.0,0.0,0.0,0.0,0,0.0,1,0,0.0,0,0,0,0.111,1.0,0.0,0.0,0.0,0.0,0.0,0.0,0.0,0.0,0.0,0.0,11.11,0.0,0.0,0.0,0.0,11.11,0,0,0.0,0,0,0,0,0,5,5,0,0.379,en,1.0
DQomPRvDhb2,10,2,6.42,57.94,6.0,0.0,10.0,10.0,0.0,10.0,0,0.0,1,0,0.0,0,0,0,0.4,1.0,0.0,0.0,0.0,0.5,0.0,0.0,0.0,0.0,0.5,0.0,0.0,0.0,10.0,0.0,0.0,10.0,0,0,0.0,0,0,0,0,0,0,0,0,,en,1.0
DQrRbjNDa8w,49,3,9.56,55.59,12.25,0.0,0.0,0.0,0.0,0.0,0,0.0,0,0,0.0,0,0,0,0.224,0.878,0.0,0.0,0.0,0.5,0.0,0.0,0.0,0.0,0.5,0.0,0.0,0.0,0.0,0.0,0.0,0.0,2,2,0.67,1,0,0,0,1,0,0,0,,en,1.0
DQyN1z-jWP2,17,1,7.7,70.14,9.15,0.0,0.0,0.0,0.0,0.0,0,0.0,0,0,0.0,0,0,0,0.118,0.882,0.0,0.0,0.1429,0.1429,0.1429,0.0,0.0,0.1429,0.1429,0.2857,0.0,0.0,0.0,0.0,5.88,5.88,0,0,0.0,0,0,0,0,0,2,2,0,0.692,en,1.0
DRMLifyj68e,126,7,11.48,44.55,13.86,0.0,0.0,3.17,0.0,3.17,0,0.0,1,0,0.0,0,0,0,0.317,0.794,0.0,0.1765,0.0,0.1765,0.0588,0.0588,0.0,0.0588,0.2941,0.1765,0.0,0.0,0.79,0.0,0.0,0.79,0,0,0.0,0,0,0,0,0,0,0,0,,en,1.0
DWlb2t7FEje,91,6,9.03,63.1,11.27,0.0,1.1,0.0,2.2,0.0,0,0.0,0,1,1.1,0,1,0,0.176,0.769,0.0,0.0,0.0769,0.2308,0.0769,0.0769,0.0,0.0769,0.3846,0.0769,2.2,0.0,0.0,0.0,0.0,2.2,0,0,0.0,0,0,0,0,0,7,7,0,0.042,en,1.0
DRmG7PPDcg3,0,0,,,,0.0,0.0,0.0,0.0,0.0,0,0.0,0,0,0.0,0,0,0,0.0,0.0,0.0,0.0,0.0,0.0,0.0,0.0,0.0,0.0,0.0,0.0,0.0,0.0,0.0,0.0,0.0,0.0,0,0,0.0,0,0,0,0,0,0,0,0,,und,
DSZYkGrjC9V,49,4,7.94,58.18,8.06,0.0,2.04,0.0,2.04,0.0,2,0.5,1,0,0.0,0,0,0,0.286,0.796,0.0,0.0,0.2222,0.1111,0.1667,0.0,0.0,0.1111,0.3889,0.0,2.04,0.0,2.04,0.0,0.0,4.08,2,2,0.61,1,0,0,0,1,0,0,0,,en,1.0
DWiVP96AE8O,19,3,3.03,84.64,4.64,0.0,5.26,10.53,0.0,10.53,0,0.0,2,0,0.0,0,0,0,0.158,1.0,0.0833,0.0833,0.0833,0.1667,0.0833,0.0833,0.0833,0.0833,0.1667,0.0833,5.26,0.0,0.0,0.0,0.0,5.26,0,0,0.0,0,0,0,0,0,4,4,0,0.791,en,1.0
DSUkrmxDAR0,46,3,10.31,46.7,13.18,0.0,2.17,0.0,2.17,0.0,1,0.333,1,0,0.0,0,0,0,0.304,0.913,0.0,0.0769,0.1538,0.0769,0.0769,0.0769,0.0,0.0,0.4615,0.0769,2.17,0.0,0.0,0.0,0.0,2.17,3,3,0.88,1,0,0,0,2,0,0,2,,en,1.0
DWd6n6mD1JJ,5,1,7.6,49.48,10.0,0.0,0.0,0.0,0.0,0.0,0,0.0,0,0,0.0,0,0,0,0.4,1.0,0.0,0.0,0.0,0.0,0.0,0.0,0.0,0.0,0.0,0.0,20.0,0.0,0.0,0.0,0.0,20.0,0,0,0.0,0,0,0,0,0,5,5,0,0.333,en,1.0
DWYxBt2jWH0,9,1,3.65,84.9,8.04,0.0,0.0,0.0,0.0,0.0,0,0.0,0,0,0.0,0,0,0,0.222,1.0,0.0,0.0,0.0,0.0,0.0,0.0,0.0,0.0,0.0,0.0,0.0,0.0,0.0,0.0,0.0,0.0,0,0,0.0,0,0,0,0,0,5,5,0,0.395,en,1.0
DQ_hYO8jUi7,92,5,12.22,40.59,13.46,0.0,0.0,0.0,1.09,0.0,0,0.0,0,2,2.17,0,0,0,0.272,0.717,0.0,0.1111,0.1111,0.3333,0.0,0.0,0.0,0.0,0.4444,0.0,0.0,0.0,1.09,1.09,0.0,2.18,0,0,0.0,0,0,0,0,0,1,1,1,0.993,en,1.0
DWWMPeZggaK,8,1,9.05,42.62,14.23,0.0,0.0,0.0,0.0,0.0,0,0.0,0,0,0.0,0,0,0,0.375,1.0,0.0,0.0,0.0,0.0,0.0,0.0,0.0,0.0,0.0,0.0,0.0,0.0,0.0,0.0,0.0,0.0,0,0,0.0,0,0,0,0,0,5,5,0,0.395,en,1.0
DWbV1NRgceI,5,1,0.52,100.24,2.0,0.0,0.0,0.0,0.0,0.0,0,0.0,0,0,0.0,0,0,0,0.2,1.0,0.0,0.0,0.0,0.0,0.0,0.0,0.0,0.0,0.0,0.0,0.0,0.0,0.0,0.0,0.0,0.0,0,0,0.0,0,0,0,0,0,5,5,0,0.265,en,1.0
DWjEN2Vk60m,6,1,4.45,73.85,9.07,0.0,0.0,0.0,0.0,0.0,0,0.0,0,0,0.0,0,0,0,0.167,1.0,0.0,0.0,0.0,0.0,0.0,0.0,0.0,0.0,0.0,0.0,0.0,0.0,16.67,0.0,0.0,16.67,0,0,0.0,0,0,0,0,0,5,5,0,0.333,en,1.0
DSsJpdCDG-G,40,2,12.29,41.7,13.95,0.0,10.0,2.5,0.0,2.5,0,0.0,0,0,0.0,0,0,0,0.25,0.875,0.0,0.0714,0.1429,0.2143,0.1429,0.0,0.0,0.0,0.4286,0.0,2.5,0.0,7.5,0.0,0.0,10.0,1,1,0.42,1,0,0,0,0,0,0,0,,en,1.0
DScZSW5jCsp,148,6,15.57,26.2,17.66,0.0,3.38,0.0,0.0,0.0,0,0.0,0,1,0.68,0,0,0,0.372,0.655,0.0227,0.0455,0.0682,0.2273,0.1364,0.0227,0.0,0.0,0.4091,0.0682,2.03,0.0,1.35,0.0,0.0,3.38,0,0,0.0,0,0,0,0,0,0,0,0,,en,1.0
DWgLGvxDPxZ,5,1,7.6,49.48,18.0,0.0,0.0,0.0,0.0,0.0,0,0.0,0,0,0.0,0,0,0,0.4,1.0,0.0,0.0,0.0,0.0,0.0,0.0,0.0,0.0,0.0,0.0,0.0,0.0,0.0,0.0,0.0,0.0,0,0,0.0,0,0,0,0,0,5,5,0,0.308,en,1.0
DSPnMuDDPRG,76,5,10.96,42.52,13.51,0.0,1.32,1.32,0.0,1.32,1,0.2,1,0,0.0,0,0,0,0.355,0.789,0.0435,0.0,0.087,0.1739,0.1304,0.0435,0.0435,0.087,0.3478,0.0435,1.32,0.0,1.32,0.0,1.32,3.96,2,2,0.37,0,0,0,0,2,0,0,0,,en,1.0
DSkb8crjN7Y,21,4,6.49,67.26,8.01,0.0,0.0,4.76,0.0,4.76,0,0.0,1,0,0.0,0,0,0,0.286,1.0,0.0909,0.1818,0.0909,0.0,0.1818,0.0909,0.0,0.0909,0.1818,0.0909,0.0,0.0,0.0,0.0,0.0,0.0,0,0,0.0,0,0,0,0,0,0,0,0,,en,1.0
DSnAE6BjL8j,40,4,8.49,57.94,9.33,0.0,5.0,7.5,2.5,7.5,0,0.0,1,0,0.0,0,0,0,0.25,0.875,0.0,0.1,0.1,0.2,0.2,0.0,0.0,0.0,0.4,0.0,0.0,0.0,0.0,0.0,0.0,0.0,2,2,0.76,1,0,0,0,1,0,0,2,,en,1.0
DSpk1urDKtR,42,4,6.72,71.22,8.39,0.0,2.38,9.52,2.38,9.52,0,0.0,0,0,0.0,0,0,0,0.167,0.81,0.0,0.0,0.1111,0.2222,0.2222,0.0,0.0,0.0,0.4444,0.0,0.0,0.0,2.38,0.0,0.0,2.38,2,2,0.73,0,0,0,0,2,0,0,2,,en,1.0
DQoIZkHDhRS,104,6,11.27,44.85,13.86,0.0,0.0,0.0,0.96,0.0,0,0.0,0,1,0.96,0,1,0,0.327,0.769,0.0,0.0606,0.0909,0.2121,0.1212,0.0,0.0303,0.0303,0.3939,0.0606,2.88,0.0,0.96,0.96,1.92,6.72,0,0,0.0,0,0,0,0,0,2,2,0,0.938,en,1.0
DS4mHSFjKnm,52,4,7.18,66.74,8.28,0.0,3.85,1.92,0.0,1.92,0,0.0,0,0,0.0,0,0,0,0.192,0.846,0.0,0.0,0.1,0.0,0.0,0.1,0.0,0.1,0.7,0.0,0.0,0.0,0.0,0.0,1.92,1.92,1,1,0.31,0,0,0,0,1,0,0,1,,en,1.0
DS7R0D8DCQb,79,6,7.61,64.29,8.83,0.0,1.27,0.0,0.0,0.0,0,0.0,0,3,3.8,0,1,0,0.241,0.759,0.0,0.05,0.1,0.15,0.15,0.05,0.0,0.05,0.4,0.05,1.27,0.0,2.53,1.27,0.0,5.07,3,3,0.56,0,0,0,0,3,0,0,0,,en,1.0
DVMf89JiGPo,161,7,16.04,20.78,19.64,0.0,0.0,0.0,0.0,0.0,0,0.0,0,2,1.24,1,0,0,0.348,0.634,0.0,0.1818,0.0455,0.1818,0.1364,0.0,0.0,0.0455,0.2727,0.1364,0.62,0.0,1.24,3.11,0.0,4.97,0,0,0.0,0,0,0,0,0,0,0,0,,en,1.0
DVX_zeIiLj_,21,2,6.34,70.1,8.08,0.0,0.0,0.0,0.0,0.0,0,0.0,0,2,9.52,0,1,0,0.286,0.762,0.2857,0.0,0.0,0.1429,0.1429,0.0,0.0,0.0,0.1429,0.2857,0.0,0.0,0.0,4.76,0.0,4.76,0,0,0.0,0,0,0,0,0,0,0,0,,en,1.0
DVYAZe_iKyK,44,3,13.34,26.17,18.44,0.0,0.0,0.0,2.27,0.0,0,0.0,0,1,2.27,0,1,0,0.386,0.773,0.0,0.0,0.0,0.0,0.6667,0.0,0.0,0.0,0.3333,0.0,0.0,0.0,2.27,6.82,0.0,9.09,0,0,0.0,0,0,0,0,0,0,0,0,,en,1.0
DUHugIJCJJQ,72,3,16.77,16.37,19.62,0.0,0.0,0.0,0.0,0.0,0,0.0,0,0,0.0,0,0,0,0.458,0.806,0.0833,0.0833,0.0,0.1667,0.0,0.0833,0.0,0.0,0.5,0.0833,0.0,0.0,0.0,2.78,0.0,2.78,0,0,0.0,0,0,0,0,0,0,0,0,,en,1.0
DVO6X1fiLN9,121,4,16.76,28.34,21.0,0.0,0.0,0.0,0.0,0.0,0,0.0,0,0,0.0,0,0,0,0.289,0.587,0.0556,0.0556,0.0556,0.1667,0.1667,0.0556,0.0556,0.0,0.3333,0.0556,0.83,0.0,2.48,0.83,0.0,4.14,0,0,0.0,0,0,0,0,0,0,0,0,,en,1.0
DVMfs3aCDL-,66,3,19.81,-7.77,23.95,0.0,0.0,0.0,0.0,0.0,0,0.0,0,0,0.0,0,0,0,0.545,0.727,0.0,0.0,0.0,0.25,0.1667,0.0,0.0,0.0,0.5833,0.0,0.0,0.0,1.52,4.55,0.0,6.07,0,0,0.0,0,0,0,0,0,0,0,0,,en,1.0
DVRF9_RCMyN,68,5,13.31,23.83,18.97,0.0,0.0,0.0,0.0,0.0,0,0.0,0,0,0.0,0,0,0,0.471,0.706,0.0,0.0,0.0,0.0,0.0,0.0,0.0,0.0,1.0,0.0,0.0,0.0,2.94,2.94,0.0,5.88,0,0,0.0,0,0,0,0,0,0,0,0,,en,1.0
DVO6lljjpkF,73,5,13.46,24.19,20.76,0.0,0.0,0.0,0.0,0.0,0,0.0,0,6,8.22,0,1,1,0.452,0.63,0.0,0.0,0.0,0.5,0.0,0.0,0.0,0.0,0.5,0.0,0.0,0.0,0.0,5.48,1.37,6.85,0,0,0.0,0,0,0,0,0,0,0,0,,en,1.0
DWtXeL1ipwh,6,1,2.48,87.95,2.4,0.0,0.0,0.0,0.0,0.0,0,0.0,0,0,0.0,0,0,0,0.167,1.0,0.0,0.0,0.0,0.0,0.0,0.0,0.0,0.0,0.0,0.0,0.0,0.0,0.0,0.0,0.0,0.0,0,0,0.0,0,0,0,0,0,5,5,0,0.327,en,1.0
DUYGVM-iN_6,38,2,11.69,45.07,14.97,0.0,0.0,0.0,0.0,0.0,0,0.0,0,0,0.0,0,0,0,0.263,0.789,0.0,0.0,0.1111,0.2222,0.2222,0.0,0.0,0.1111,0.2222,0.1111,0.0,0.0,0.0,7.89,0.0,7.89,0,0,0.0,0,0,0,0,0,0,0,0,,en,1.0
DW3qjZfjcDh,5,1,5.24,66.4,2.0,0.0,0.0,0.0,0.0,0.0,0,0.0,0,0,0.0,0,0,0,0.4,1.0,0.0,0.0,0.0,0.0,0.0,0.0,0.0,0.0,0.0,0.0,20.0,0.0,0.0,0.0,0.0,20.0,0,0,0.0,0,0,0,0,0,5,5,0,0.321,en,1.0
DWoNzCxChJd,6,1,2.48,87.95,2.4,0.0,0.0,0.0,0.0,0.0,0,0.0,0,0,0.0,0,0,0,0.167,1.0,0.0,0.0,0.0,0.0,0.0,0.0,0.0,0.0,0.0,0.0,16.67,0.0,0.0,0.0,0.0,16.67,0,0,0.0,0,0,0,0,0,5,5,0,0.308,en,1.0
DW8ZEQcGmuw,94,6,9.82,51.1,11.78,0.0,5.32,0.0,0.0,0.0,1,0.167,0,2,2.13,1,0,0,0.277,0.755,0.0455,0.0,0.0,0.2727,0.0909,0.0,0.0,0.0,0.5909,0.0,3.19,1.06,1.06,0.0,0.0,5.31,2,2,0.3,1,0,0,0,1,5,5,1,0.89,en,1.0
DW1FxNZDbnS,7,1,-1.06,115.13,2.8,14.29,0.0,14.29,0.0,14.29,0,0.0,0,0,0.0,0,0,0,0.0,1.0,0.0,0.0,0.0,0.0,0.0,0.0,0.0,0.0,0.0,0.0,0.0,0.0,0.0,0.0,0.0,0.0,0,0,0.0,0,0,0,0,0,5,5,0,0.314,en,1.0
DW6Pc5tFHYE,6,1,2.48,87.95,2.4,0.0,0.0,0.0,0.0,0.0,0,0.0,0,0,0.0,0,0,0,0.167,1.0,0.0,0.0,0.0,0.0,0.0,0.0,0.0,0.0,0.0,0.0,0.0,0.0,0.0,0.0,0.0,0.0,0,0,0.0,0,0,0,0,0,5,5,0,0.333,en,1.0
DWqyl7vlIzO,8,1,8.18,50.67,13.2,0.0,0.0,0.0,0.0,0.0,0,0.0,0,0,0.0,0,0,0,0.375,1.0,0.0,0.0,0.0,0.0,0.0,0.0,0.0,0.0,0.0,0.0,25.0,0.0,0.0,0.0,0.0,25.0,0,0,0.0,0,0,0,0,0,5,5,0,0.433,en,0.571
DRCT53DAXcY,55,4,14.87,12.91,17.86,0.0,0.0,0.0,0.0,0.0,0,0.0,0,1,1.82,0,0,0,0.418,0.945,0.0769,0.0769,0.0,0.1538,0.0,0.0769,0.0769,0.2308,0.1538,0.1538,0.0,1.82,0.0,0.0,0.0,1.82,0,0,0.0,0,0,0,0,0,0,0,0,,en,1.0
DS1zuecDLC0,52,3,14.69,34.26,17.2,0.0,3.85,0.0,3.85,0.0,0,0.0,0,0,0.0,0,0,0,0.288,0.846,0.0,0.0,0.0909,0.2727,0.0909,0.0,0.0,0.0455,0.5,0.0,1.92,0.0,1.92,1.92,0.0,5.76,2,2,0.58,1,0,0,0,1,0,0,1,,en,1.0
DRl7hUtgW--,15,1,11.5,39.33,16.67,0.0,0.0,0.0,0.0,0.0,0,0.0,0,0,0.0,0,0,0,0.4,0.867,0.0,0.0,0.0,0.25,0.0,0.0,0.0,0.25,0.25,0.25,0.0,0.0,0.0,6.67,0.0,6.67,0,0,0.0,0,0,0,0,0,2,2,0,0.826,en,1.0
DR9lkQmjMsq,20,3,7.78,57.1,12.0,0.0,0.0,0.0,0.0,0.0,0,0.0,0,0,0.0,0,0,0,0.3,0.9,0.0,0.0,0.1667,0.0,0.1667,0.1667,0.0,0.3333,0.1667,0.0,0.0,0.0,0.0,0.0,5.0,5.0,2,2,1.34,0,0,1,0,1,0,0,1,,en,1.0
DRmBxuCjPTR,53,3,6.08,81.76,8.37,0.0,1.89,5.66,0.0,5.66,0,0.0,1,0,0.0,0,0,0,0.113,0.755,0.0,0.0,0.125,0.0625,0.3125,0.0625,0.0,0.0,0.4375,0.0,1.89,0.0,0.0,0.0,1.89,3.78,3,3,0.99,0,0,0,0,3,0,0,2,,en,1.0
DRtp4TYlAGG,19,2,8.61,50.26,8.01,0.0,0.0,5.26,0.0,5.26,0,0.0,0,0,0.0,0,0,0,0.316,0.947,0.0,0.0,0.1429,0.1429,0.2857,0.0,0.0,0.0,0.4286,0.0,0.0,0.0,0.0,0.0,5.26,5.26,1,1,0.65,0,0,0,0,1,2,2,0,0.787,en,1.0
DSErGl1jPiD,126,9,9.47,50.89,12.67,0.0,5.56,0.0,0.0,0.0,0,0.0,0,0,0.0,0,0,0,0.294,0.706,0.0,0.0233,0.1163,0.1628,0.1628,0.0233,0.0,0.0465,0.4186,0.0465,0.79,0.0,0.79,0.0,0.79,2.37,0,0,0.0,0,0,0,0,0,0,0,1,,en,1.0
DV8HsvgjHW4,5,1,2.88,83.32,2.0,0.0,0.0,0.0,0.0,0.0,0,0.0,0,0,0.0,0,0,0,0.2,1.0,0.0,0.0,0.0,0.0,0.0,0.0,0.0,0.0,0.0,0.0,20.0,0.0,0.0,0.0,0.0,20.0,0,0,0.0,0,0,0,0,0,5,5,0,0.273,en,1.0
DSKdhqgDD_b,65,3,12.26,43.95,15.36,0.0,1.54,0.0,6.15,0.0,0,0.0,0,0,0.0,0,0,0,0.308,0.846,0.0312,0.0312,0.1562,0.2188,0.1562,0.0,0.0312,0.0312,0.3125,0.0312,1.54,0.0,0.0,1.54,0.0,3.08,1,1,0.24,1,0,0,0,0,0,0,0,,en,1.0
DVsocbBDE-3,5,1,9.96,32.56,10.0,0.0,0.0,0.0,0.0,0.0,0,0.0,0,0,0.0,0,0,0,0.6,1.0,0.0,0.0,0.0,0.0,0.0,0.0,0.0,0.0,0.0,0.0,40.0,0.0,0.0,0.0,0.0,40.0,0,0,0.0,0,0,0,0,0,5,5,0,0.357,en,1.0
DSE1KUcjrcu,27,2,10.81,40.71,11.35,0.0,7.41,0.0,0.0,0.0,0,0.0,0,0,0.0,0,0,0,0.296,0.926,0.0,0.0769,0.2308,0.1538,0.3077,0.0,0.0,0.0,0.2308,0.0,0.0,0.0,0.0,0.0,0.0,0.0,2,2,0.94,2,0,0,0,0,3,3,0,0.845,en,1.0
DV3SrNtD80c,5,1,9.96,32.56,2.0,0.0,0.0,0.0,0.0,0.0,0,0.0,0,0,0.0,0,0,0,0.6,0.8,0.0,0.0,0.0,0.0,0.0,0.0,0.0,0.0,0.0,0.0,0.0,0.0,0.0,0.0,0.0,0.0,0,0,0.0,0,0,0,0,0,5,5,0,0.333,en,1.0
DR4b_cPjF6A,72,4,9.78,56.56,12.17,0.0,4.17,2.78,0.0,2.78,0,0.0,0,3,4.17,0,0,0,0.278,0.806,0.0417,0.0417,0.1667,0.0417,0.1667,0.0417,0.0,0.125,0.3333,0.0417,1.39,0.0,1.39,1.39,0.0,4.17,3,3,0.64,0,0,1,0,2,0,0,0,,en,1.0
DV53hf2Eop2,6,1,0.52,102.05,2.4,0.0,0.0,0.0,0.0,0.0,0,0.0,0,0,0.0,0,0,0,0.0,1.0,0.0,0.0,0.0,0.0,0.0,0.0,0.0,0.0,0.0,0.0,0.0,0.0,0.0,0.0,0.0,0.0,0,0,0.0,0,0,0,0,0,5,5,0,0.314,en,1.0
DRR08Jyiog6,124,6,17.39,6.6,22.56,0.0,0.81,0.0,0.0,0.0,0,0.0,0,0,0.0,0,0,0,0.444,0.718,0.0,0.0,0.1143,0.2857,0.0571,0.0,0.0,0.0,0.5429,0.0,0.81,0.0,6.45,1.61,0.0,8.87,2,1,0.22,2,0,0,0,0,0,0,2,,en,1.0
DSAKbvCjEN5,101,3,20.12,7.8,22.38,0.0,4.95,0.99,0.0,0.99,0,0.0,0,0,0.0,0,0,0,0.396,0.802,0.0333,0.0333,0.1667,0.2,0.0667,0.0667,0.0,0.0333,0.3667,0.0333,4.95,0.0,0.99,0.0,0.0,5.94,2,2,0.28,1,0,1,0,0,0,0,0,,en,1.0
DR39HtJgmv4,13,1,7.63,63.49,8.28,0.0,0.0,0.0,0.0,0.0,0,0.0,0,0,0.0,0,0,0,0.231,1.0,0.0,0.0,0.0,0.0,0.0,0.0,0.0,0.0,0.0,0.0,0.0,0.0,0.0,0.0,15.38,15.38,0,0,0.0,0,0,0,0,0,2,2,0,0.785,en,1.0
DWEKr45jLWk,7,1,7.37,54.7,2.8,0.0,0.0,0.0,0.0,0.0,0,0.0,0,0,0.0,0,0,0,0.286,1.0,0.0,0.0,0.0,0.0,0.0,0.0,0.0,0.0,0.0,0.0,14.29,0.0,0.0,0.0,0.0,14.29,0,0,0.0,0,0,0,0,0,5,5,0,0.379,en,1.0
DRzSbhZDEfq,113,4,15.41,33.56,17.18,0.0,4.42,0.0,0.88,0.0,1,0.25,0,0,0.0,0,0,0,0.336,0.735,0.0303,0.0303,0.1212,0.1818,0.1212,0.0303,0.0,0.0303,0.4242,0.0303,3.54,0.0,2.65,0.0,0.0,6.19,1,1,0.13,0,0,0,0,1,0,0,0,,en,1.0
DWL5GC_FZ3M,6,1,4.45,73.85,9.07,0.0,0.0,0.0,0.0,0.0,0,0.0,0,0,0.0,0,0,0,0.167,1.0,0.0,0.0,0.0,0.0,0.0,0.0,0.0,0.0,0.0,0.0,16.67,0.0,0.0,0.0,0.0,16.67,0,0,0.0,0,0,0,0,0,5,5,0,0.321,en,1.0
DW80StjCdhc,5,1,5.24,66.4,2.0,0.0,0.0,0.0,0.0,0.0,0,0.0,0,0,0.0,0,0,0,0.0,1.0,0.0,0.0,0.0,0.0,0.0,0.0,0.0,0.0,0.0,0.0,20.0,0.0,0.0,0.0,0.0,20.0,0,0,0.0,0,0,0,0,0,5,5,0,0.314,es,1.0
DV_BFLlAtic,7,1,5.68,66.79,8.51,0.0,0.0,0.0,0.0,0.0,0,0.0,0,0,0.0,0,0,0,0.286,1.0,0.0,0.0,0.0,0.0,0.0,0.0,0.0,0.0,0.0,0.0,14.29,0.0,0.0,0.0,0.0,14.29,0,0,0.0,0,0,0,0,0,5,5,0,0.395,en,1.0
DSE4c6ujAu3,147,8,11.55,45.68,12.57,0.0,3.4,0.68,0.68,0.68,0,0.0,0,3,2.04,0,0,0,0.265,0.653,0.0179,0.0357,0.1786,0.2321,0.1429,0.0,0.0,0.0893,0.3036,0.0,3.4,0.0,2.72,0.0,0.0,6.12,4,4,0.43,1,0,1,0,2,0,0,0,,en,1.0
DWGc_DrGmla,91,4,15.55,24.95,17.47,0.0,2.2,0.0,1.1,0.0,0,0.0,0,3,3.3,0,0,0,0.407,0.747,0.0,0.0,0.1316,0.2368,0.1842,0.0,0.0,0.0526,0.3947,0.0,1.1,0.0,0.0,0.0,1.1,2.2,0,0,0.0,0,0,0,0,0,7,7,2,0.897,en,1.0
DR1YTLCDIz2,54,5,7.63,59.57,7.28,0.0,7.41,0.0,1.85,0.0,1,0.2,0,0,0.0,0,0,0,0.278,0.833,0.0,0.0714,0.1429,0.1429,0.1429,0.0714,0.0,0.0714,0.2857,0.0714,7.41,0.0,0.0,0.0,5.56,12.97,1,1,0.21,1,0,0,0,0,5,5,0,0.792,en,1.0
DWGve9tjlkE,4,1,,,,0.0,0.0,0.0,0.0,0.0,0,0.0,0,0,0.0,0,0,0,0.5,1.0,0.0,0.0,0.0,0.0,0.0,0.0,0.0,0.0,0.0,0.0,25.0,0.0,0.0,0.0,0.0,25.0,0,0,0.0,0,0,0,0,0,5,5,0,0.294,en,1.0
DSkSa6hET9N,78,4,10.92,51.06,11.86,0.0,2.56,0.0,0.0,0.0,0,0.0,0,0,0.0,0,0,0,0.282,0.846,0.0,0.0,0.2414,0.1034,0.1724,0.0,0.0,0.1034,0.3793,0.0,0.0,1.28,2.56,0.0,0.0,3.84,2,2,0.41,1,0,0,0,1,0,0,0,,en,1.0
DRhQzupjAyP,47,3,9.71,51.59,14.96,0.0,2.13,4.26,0.0,4.26,1,0.333,0,0,0.0,0,0,0,0.319,0.872,0.0,0.1176,0.1765,0.1765,0.1765,0.0,0.0,0.0588,0.2941,0.0,2.13,0.0,0.0,0.0,0.0,2.13,3,3,1.02,1,0,0,0,2,0,0,1,,en,1.0
DWOcsnUDIpz,62,5,4.82,81.86,6.8,0.0,6.45,0.0,3.23,0.0,0,0.0,0,0,0.0,0,0,0,0.113,0.823,0.0,0.0,0.1765,0.1765,0.1176,0.0,0.0,0.1176,0.2941,0.1176,3.23,0.0,0.0,0.0,0.0,3.23,0,0,0.0,0,0,0,0,0,9,9,0,0.716,en,1.0
DV8cRb7k5JC,7,1,4.0,78.87,2.8,0.0,0.0,0.0,0.0,0.0,0,0.0,0,0,0.0,0,0,0,0.0,1.0,0.0,0.0,0.0,0.0,0.0,0.0,0.0,0.0,0.0,0.0,14.29,0.0,0.0,0.0,0.0,14.29,0,0,0.0,0,0,0,0,0,5,5,0,0.333,en,1.0
DSdJz7fCF4Q,86,3,19.19,10.95,21.78,0.0,0.0,1.16,1.16,1.16,0,0.0,0,4,4.65,0,1,0,0.453,0.744,0.0,0.0,0.1304,0.2609,0.087,0.0,0.0,0.0,0.4783,0.0435,0.0,0.0,1.16,4.65,1.16,6.97,0,0,0.0,0,0,0,0,0,0,0,0,,en,1.0
DSnBI6rCHzY,176,11,10.91,45.18,14.14,0.0,0.0,0.0,0.57,0.0,0,0.0,0,5,2.84,0,1,0,0.381,0.676,0.122,0.1463,0.0488,0.0976,0.122,0.0732,0.0244,0.0,0.2195,0.1463,0.57,0.0,3.41,1.14,1.14,6.26,0,0,0.0,0,0,0,0,0,0,0,0,,en,1.0
DWJUQOwkd-V,6,1,0.52,102.05,2.4,0.0,0.0,0.0,0.0,0.0,0,0.0,0,0,0.0,0,0,0,0.0,1.0,0.0,0.0,0.0,0.0,0.0,0.0,0.0,0.0,0.0,0.0,0.0,0.0,0.0,0.0,0.0,0.0,0,0,0.0,0,0,0,0,0,5,5,0,0.301,en,1.0
DSn2EjJiBve,45,2,11.76,49.91,14.25,0.0,0.0,0.0,0.0,0.0,1,0.5,0,0,0.0,0,0,0,0.289,0.733,0.0,0.0,0.25,0.0,0.25,0.125,0.0,0.0,0.375,0.0,0.0,0.0,2.22,2.22,0.0,4.44,0,0,0.0,0,0,0,0,0,0,0,0,,en,1.0
DSS-iu4jtyt,90,3,17.06,25.58,21.3,0.0,0.0,0.0,1.11,0.0,0,0.0,0,0,0.0,0,0,0,0.4,0.744,0.0,0.05,0.05,0.15,0.05,0.05,0.15,0.0,0.25,0.25,1.11,0.0,2.22,3.33,5.56,12.22,0,0,0.0,0,0,0,0,0,0,0,0,,en,1.0
DTQjJL5iIl2,97,3,22.21,-7.18,27.38,0.0,0.0,0.0,0.0,0.0,0,0.0,0,0,0.0,0,0,0,0.474,0.68,0.0,0.122,0.1463,0.1951,0.122,0.0244,0.0244,0.0732,0.2195,0.0732,5.15,0.0,1.03,10.31,0.0,16.49,0,0,0.0,0,0,0,0,0,0,0,0,,en,1.0
DTzjeUjCAPj,23,1,16.33,24.26,18.09,0.0,0.0,0.0,0.0,0.0,0,0.0,0,3,13.04,0,1,0,0.304,0.826,0.0,0.0,0.0,0.0,0.5,0.0,0.0,0.0,0.5,0.0,0.0,0.0,0.0,8.7,0.0,8.7,0,0,0.0,0,0,0,0,0,0,0,0,,en,1.0
DTrvR10CNL6,155,6,14.11,39.6,17.8,0.65,2.58,1.29,1.29,1.29,1,0.167,0,1,0.65,0,1,0,0.29,0.703,0.0,0.0526,0.0789,0.1842,0.1842,0.0263,0.0263,0.0263,0.3947,0.0263,0.65,0.65,0.0,2.58,0.65,4.53,0,0,0.0,0,0,0,0,0,0,0,0,,en,1.0
DWjhZ4BOz6Q,52,3,17.9,13.93,21.92,0.0,0.0,0.0,0.0,0.0,0,0.0,0,0,0.0,0,0,0,0.442,0.827,0.0588,0.0,0.0,0.2353,0.0588,0.0,0.0,0.0588,0.5294,0.0588,1.92,0.0,0.0,0.0,0.0,1.92,2,2,0.46,0,0,0,0,2,5,5,1,0.831,en,1.0
DVqBtGKjNAj,6,1,2.48,87.95,2.4,0.0,0.0,0.0,0.0,0.0,0,0.0,0,0,0.0,0,0,0,0.167,1.0,0.0,0.0,0.0,0.0,0.0,0.0,0.0,0.0,0.0,0.0,0.0,0.0,0.0,0.0,0.0,0.0,0,0,0.0,0,0,0,0,0,5,5,0,0.333,en,1.0
DW9k7GUDah6,22,8,3.14,83.25,2.4,4.55,0.0,4.55,0.0,4.55,0,0.0,0,0,0.0,0,0,0,0.136,0.818,0.0,0.0,0.0,0.0,0.0,0.0,0.0,0.0,0.0,0.0,0.0,0.0,0.0,0.0,0.0,0.0,4,4,1.13,1,0,0,1,2,14,14,1,0.389,en,1.0
DT5hZMKCC1d,0,0,,,,0.0,0.0,0.0,0.0,0.0,0,0.0,0,0,0.0,0,0,0,0.0,0.0,0.0,0.0,0.0,0.0,0.0,0.0,0.0,0.0,0.0,0.0,0.0,0.0,0.0,0.0,0.0,0.0,0,0,0.0,0,0,0,0,0,0,0,0,,und,
DT_tR4nCL1l,189,9,17.92,14.43,23.08,0.0,2.12,0.0,0.0,0.0,0,0.0,0,3,1.59,0,1,0,0.423,0.635,0.1111,0.1556,0.0222,0.1111,0.0444,0.0444,0.0444,0.0889,0.2444,0.1333,2.12,0.53,2.12,2.12,0.0,6.89,0,0,0.0,0,0,0,0,0,0,0,0,,en,1.0
DT5U_tKCLTG,89,4,14.85,27.8,20.16,0.0,0.0,0.0,0.0,0.0,0,0.0,0,2,2.25,0,1,0,0.337,0.674,0.0,0.0741,0.1481,0.0741,0.1481,0.0741,0.0,0.0741,0.3704,0.037,0.0,0.0,2.25,1.12,1.12,4.49,0,0,0.0,0,0,0,0,0,0,0,0,,en,1.0
DXE-OgWjDbf,56,2,27.95,-5.61,32.4,0.0,0.0,0.0,0.0,0.0,0,0.0,0,0,0.0,0,0,0,0.393,0.75,0.0,0.1053,0.0,0.2105,0.1579,0.0,0.0,0.1053,0.3158,0.1053,7.14,0.0,0.0,1.79,5.36,14.29,3,3,0.67,2,0,0,0,1,5,5,1,0.822,en,1.0
DVisU9BDETE,5,1,7.6,49.48,10.0,0.0,0.0,0.0,0.0,0.0,0,0.0,0,0,0.0,0,0,0,0.2,1.0,0.0,0.0,0.0,0.0,0.0,0.0,0.0,0.0,0.0,0.0,20.0,0.0,0.0,0.0,0.0,20.0,0,0,0.0,0,0,0,0,0,5,5,0,0.287,en,1.0
DRmJOstCBKD,0,0,,,,0.0,0.0,0.0,0.0,0.0,0,0.0,0,0,0.0,0,0,0,0.0,0.0,0.0,0.0,0.0,0.0,0.0,0.0,0.0,0.0,0.0,0.0,0.0,0.0,0.0,0.0,0.0,0.0,0,0,0.0,0,0,0,0,0,0,0,0,,und,
DV0MHPLDsfO,48,2,12.59,44.88,15.22,0.0,0.0,2.08,4.17,2.08,0,0.0,0,0,0.0,0,0,0,0.333,0.875,0.0,0.1,0.05,0.15,0.25,0.05,0.0,0.0,0.4,0.0,0.0,0.0,0.0,0.0,4.17,4.17,0,0,0.0,0,0,0,0,0,3,3,0,0.913,en,1.0
DVlRHoTjUBR,6,1,8.38,45.65,9.07,0.0,0.0,0.0,0.0,0.0,0,0.0,0,0,0.0,0,0,0,0.333,1.0,0.0,0.0,0.0,0.0,0.0,0.0,0.0,0.0,0.0,0.0,0.0,0.0,0.0,0.0,0.0,0.0,0,0,0.0,0,0,0,0,0,5,5,0,0.374,en,1.0
DUqU3urCOlq,103,8,17.46,4.79,20.9,0.0,2.91,0.0,0.97,0.0,0,0.0,0,1,0.97,0,0,0,0.398,0.757,0.0,0.0417,0.125,0.2917,0.0417,0.0,0.0,0.0,0.4583,0.0417,0.0,0.97,2.91,1.94,0.0,5.82,0,0,0.0,0,0,0,0,0,0,0,2,,en,1.0
DUUz0iRDln7,38,2,11.1,47.56,13.87,0.0,5.26,0.0,0.0,0.0,1,0.5,1,0,0.0,0,0,0,0.237,0.921,0.0,0.0,0.0,0.5,0.0,0.0,0.0,0.0,0.5,0.0,5.26,2.63,0.0,0.0,2.63,10.52,1,1,0.38,1,0,0,0,0,3,3,0,0.837,en,1.0
DVn1_0tkheU,9,1,3.76,82.39,3.2,0.0,11.11,0.0,0.0,0.0,0,0.0,0,0,0.0,0,0,0,0.222,1.0,0.0,0.0,0.0,0.0,0.0,0.0,0.0,0.0,0.0,0.0,0.0,0.0,0.0,0.0,0.0,0.0,0,0,0.0,0,0,0,0,0,5,5,0,0.395,en,1.0
DWboxZriOr5,235,9,20.09,2.2,24.2,0.0,0.0,0.0,0.0,0.0,0,0.0,0,1,0.43,0,0,1,0.468,0.651,0.0233,0.0465,0.093,0.1628,0.1163,0.0,0.0698,0.0,0.4186,0.0698,0.43,0.0,2.98,2.98,2.98,9.37,0,0,0.0,0,0,0,0,0,0,0,0,,en,1.0
DQt-tMODDgV,54,5,5.01,78.37,8.76,0.0,3.7,1.85,0.0,1.85,1,0.2,1,0,0.0,0,0,0,0.204,0.796,0.0,0.1739,0.1304,0.1739,0.1739,0.0435,0.0,0.0435,0.1739,0.087,0.0,0.0,1.85,0.0,0.0,1.85,1,1,0.33,1,0,0,0,0,0,0,0,,en,1.0
DQ9Ck7CiNTM,61,3,10.5,55.41,11.33,0.0,0.0,1.64,3.28,1.64,0,0.0,0,0,0.0,0,0,0,0.23,0.951,0.0455,0.1364,0.0455,0.0455,0.0909,0.1364,0.0455,0.0455,0.1364,0.2727,0.0,0.0,0.0,0.0,0.0,0.0,1,1,0.26,1,0,0,0,0,0,0,0,,en,1.0
DSB_StyiP9N,157,6,18.49,7.88,23.01,0.0,0.0,0.0,0.64,0.0,0,0.0,0,6,3.82,0,1,0,0.471,0.732,0.0714,0.1071,0.0357,0.2857,0.0714,0.0,0.0357,0.0,0.25,0.1429,0.0,0.0,0.64,1.27,0.0,1.91,0,0,0.0,0,0,0,0,0,0,0,0,,en,1.0
DQ_nfCKDKZ8,87,5,12.76,34.56,16.62,0.0,3.45,0.0,4.6,0.0,1,0.2,0,0,0.0,0,0,0,0.379,0.828,0.0323,0.0645,0.129,0.1613,0.0323,0.0323,0.0,0.0323,0.3548,0.1613,5.75,0.0,1.15,3.45,1.15,11.5,3,3,0.5,1,0,1,0,1,0,0,0,,en,1.0
DRHaAmiDJXM,26,2,6.28,72.32,9.8,0.0,0.0,0.0,0.0,0.0,0,0.0,0,0,0.0,0,0,0,0.115,0.923,0.0,0.0,0.1111,0.1111,0.3333,0.0,0.0,0.1111,0.3333,0.0,0.0,0.0,0.0,0.0,0.0,0.0,2,2,1.19,1,0,0,0,1,0,0,1,,en,1.0
DQrZ7TJDHjS,125,7,11.27,44.55,12.85,0.0,7.2,0.0,2.4,0.0,0,0.0,0,0,0.0,0,0,0,0.272,0.768,0.0667,0.0667,0.0,0.2,0.0667,0.0667,0.0667,0.1333,0.2667,0.0667,0.8,0.0,1.6,0.0,0.0,2.4,2,2,0.27,1,0,1,0,0,0,0,0,,en,1.0
DSqGNSaDeGo,47,2,14.93,29.0,18.77,0.0,4.26,4.26,0.0,4.26,0,0.0,0,0,0.0,0,0,0,0.362,0.851,0.0,0.0,0.375,0.125,0.0,0.0,0.0,0.0,0.5,0.0,0.0,0.0,0.0,2.13,0.0,2.13,2,2,0.63,2,0,0,0,0,0,0,0,,en,1.0
DQoxtvHiEiB,107,3,27.13,-36.54,30.74,0.0,0.0,0.0,0.0,0.0,0,0.0,0,0,0.0,0,0,0,0.514,0.673,0.0,0.0,0.0,0.4286,0.1905,0.0,0.0,0.0,0.381,0.0,0.0,0.0,2.8,2.8,0.0,5.6,0,0,0.0,0,0,0,0,0,0,0,0,,en,1.0
DSHY-RICNI1,94,4,15.53,26.0,18.34,0.0,0.0,0.0,0.0,0.0,0,0.0,0,3,3.19,0,1,0,0.383,0.745,0.0,0.0,0.1667,0.1667,0.0556,0.0,0.0556,0.0,0.4444,0.1111,1.06,0.0,4.26,0.0,2.13,7.45,0,0,0.0,0,0,0,0,0,0,0,0,,en,1.0
DRzUzfEiDhG,97,8,10.67,41.28,14.51,0.0,0.0,0.0,0.0,0.0,0,0.0,0,9,9.28,1,1,0,0.454,0.691,0.0,0.0,0.125,0.125,0.375,0.0,0.0,0.0,0.375,0.0,0.0,0.0,0.0,0.0,0.0,0.0,0,0,0.0,0,0,0,0,0,0,0,0,,en,1.0
DRZYCRciGff,225,11,15.01,24.39,18.12,0.0,0.0,0.0,0.0,0.0,0,0.0,0,7,3.11,0,1,0,0.418,0.644,0.0735,0.0441,0.1324,0.1471,0.1029,0.0147,0.0588,0.1029,0.2647,0.0588,0.89,0.0,2.67,2.67,1.33,7.56,0,0,0.0,0,0,0,0,0,0,0,0,,en,1.0
DRzjbHoCBJj,67,3,14.08,33.91,15.5,0.0,0.0,0.0,0.0,0.0,0,0.0,0,0,0.0,0,0,0,0.373,0.731,0.1176,0.2353,0.0,0.0588,0.0588,0.2353,0.0,0.0,0.1176,0.1765,0.0,0.0,1.49,1.49,0.0,2.98,0,0,0.0,0,0,0,0,0,0,0,0,,en,1.0
DUneNtoiFmf,26,1,20.87,-8.28,24.25,0.0,0.0,0.0,0.0,0.0,0,0.0,0,0,0.0,0,0,0,0.385,0.769,0.0,0.0,0.0,0.0,0.0,0.0,0.0,0.0,0.0,0.0,0.0,0.0,3.85,7.69,0.0,11.54,0,0,0.0,0,0,0,0,0,0,0,0,,en,1.0
DWjEaq3iB7e,86,3,19.99,4.02,24.92,0.0,0.0,0.0,0.0,0.0,0,0.0,0,2,2.33,0,1,0,0.488,0.663,0.0,0.0476,0.0,0.0476,0.381,0.0,0.0,0.0952,0.2857,0.1429,0.0,0.0,2.33,5.81,0.0,8.14,0,0,0.0,0,0,0,0,0,0,0,0,,en,1.0
DT16QUUjpHs,26,2,7.77,60.71,8.13,0.0,0.0,0.0,0.0,0.0,0,0.0,0,0,0.0,0,0,0,0.308,0.885,0.0,0.0,0.2,0.1,0.1,0.0,0.0,0.2,0.3,0.1,3.85,0.0,0.0,0.0,7.69,11.54,0,0,0.0,0,0,0,0,0,2,2,0,0.82,en,1.0
DTw-cDsjg1M,30,2,9.11,57.38,7.49,0.0,0.0,0.0,3.33,0.0,0,0.0,0,1,3.33,0,0,0,0.2,0.967,0.0,0.1111,0.1111,0.0556,0.1667,0.0556,0.0,0.1667,0.2222,0.1111,6.67,0.0,0.0,0.0,6.67,13.34,0,0,0.0,0,0,0,0,0,2,2,0,0.846,en,1.0
DRCDcjeiPo8,175,8,15.33,23.03,20.03,0.0,0.0,0.0,0.57,0.0,0,0.0,0,3,1.71,0,1,0,0.434,0.743,0.0,0.037,0.037,0.2593,0.0741,0.0,0.0,0.0,0.5556,0.037,1.71,1.14,2.29,0.57,0.57,6.28,0,0,0.0,0,0,0,0,0,0,0,0,,en,1.0
DVbS9aUDhBA,15,1,12.29,33.69,14.0,0.0,0.0,0.0,0.0,0.0,0,0.0,0,0,0.0,0,0,0,0.4,0.933,0.0,0.0,0.3333,0.0,0.3333,0.0,0.0,0.0,0.3333,0.0,0.0,0.0,0.0,0.0,0.0,0.0,0,0,0.0,0,0,0,0,0,0,0,0,,en,1.0
DRM2T3YjOAm,25,3,5.23,71.82,8.2,0.0,4.0,4.0,4.0,4.0,0,0.0,1,0,0.0,0,0,0,0.24,0.88,0.1111,0.1111,0.0,0.2222,0.0,0.1111,0.1111,0.1111,0.1111,0.1111,0.0,0.0,0.0,0.0,0.0,0.0,1,1,0.69,0,0,0,0,1,0,0,0,,en,1.0
DVJYXnKjRBg,216,10,14.47,33.47,17.73,0.0,0.46,0.0,0.46,0.0,0,0.0,0,2,0.93,0,1,0,0.333,0.657,0.0141,0.0704,0.1127,0.0986,0.1549,0.0845,0.0,0.0423,0.2394,0.1831,0.0,0.46,0.0,0.0,0.0,0.46,1,1,0.07,0,0,0,0,1,5,5,1,0.945,en,1.0
DRpNNWuiEbq,126,7,12.65,36.92,15.75,0.0,0.0,0.0,2.38,0.0,0,0.0,0,4,3.17,0,0,1,0.341,0.762,0.0714,0.0238,0.0476,0.1429,0.0952,0.0,0.0238,0.0476,0.4524,0.0952,2.38,0.79,0.79,0.79,0.0,4.75,0,0,0.0,0,0,0,0,0,3,3,0,0.913,en,1.0
DQ_CaSgikVa,152,8,17.1,5.67,19.8,0.0,0.0,0.0,0.66,0.0,0,0.0,0,1,0.66,0,1,0,0.493,0.704,0.0652,0.1304,0.0435,0.1087,0.1087,0.0435,0.0,0.0,0.3261,0.1739,1.32,0.0,3.29,1.97,0.0,6.58,4,1,0.33,0,0,0,0,4,0,0,2,,en,1.0
DWY0epAiNPH,65,3,12.46,43.74,14.78,0.0,0.0,0.0,1.54,0.0,0,0.0,0,0,0.0,0,0,0,0.277,0.754,0.0,0.0,0.0,0.0,0.0,0.0,0.0,0.0,1.0,0.0,0.0,0.0,1.54,1.54,0.0,3.08,0,0,0.0,0,0,0,0,0,0,0,0,,en,1.0
DQg1hw9iKpD,4,1,,,,0.0,0.0,0.0,0.0,0.0,0,0.0,0,0,0.0,0,0,0,0.0,1.0,0.0,0.0,0.0,0.0,0.0,0.0,0.0,0.0,0.0,0.0,0.0,0.0,0.0,0.0,0.0,0.0,1,1,4.35,0,0,0,0,1,0,0,0,,en,1.0
DXEHsmhjlft,55,4,16.23,11.34,18.97,0.0,0.0,0.0,0.0,0.0,1,0.25,0,0,0.0,0,0,0,0.491,0.836,0.0,0.0417,0.125,0.25,0.125,0.0,0.0,0.0417,0.4167,0.0,3.64,0.0,1.82,5.45,0.0,10.91,0,0,0.0,0,0,0,0,0,3,3,1,0.887,en,1.0
DS7ycYNDEFD,95,6,10.72,53.13,13.55,0.0,2.11,5.26,0.0,5.26,0,0.0,0,3,3.16,0,1,0,0.305,0.705,0.0,0.0,0.0526,0.3158,0.2105,0.0,0.0,0.0526,0.3684,0.0,2.11,0.0,0.0,0.0,1.05,3.16,2,2,0.27,0,0,0,0,2,8,8,2,0.85,en,1.0
DVqBEnpiMbf,108,5,19.06,-3.09,25.31,0.0,0.0,0.0,0.0,0.0,0,0.0,0,0,0.0,0,0,0,0.519,0.694,0.0,0.0,0.0714,0.3571,0.0714,0.0,0.0,0.0714,0.4286,0.0,0.0,0.0,0.93,8.33,0.93,10.19,0,0,0.0,0,0,0,0,0,0,0,0,,en,1.0
DQ1RoI8DCa2,74,4,10.98,59.1,12.93,0.0,0.0,0.0,1.35,0.0,1,0.25,0,0,0.0,0,0,0,0.243,0.784,0.0,0.0,0.2273,0.1818,0.1364,0.0,0.0,0.0455,0.4091,0.0,5.41,1.35,0.0,0.0,0.0,6.76,2,2,0.44,0,0,0,0,2,0,0,1,,en,1.0
DT5BcGpDCOg,69,4,11.49,43.42,13.28,0.0,2.9,1.45,0.0,1.45,0,0.0,1,0,0.0,0,0,0,0.333,0.812,0.1333,0.0667,0.0,0.0667,0.0,0.1333,0.0667,0.0,0.4,0.1333,2.9,0.0,4.35,0.0,0.0,7.25,2,2,0.45,1,0,0,0,1,0,0,0,,en,1.0
DUI6f7uiG8n,166,8,14.8,26.39,18.88,0.0,0.0,0.0,0.6,0.0,0,0.0,0,6,3.61,1,1,1,0.44,0.705,0.0938,0.125,0.0312,0.2188,0.0625,0.0312,0.0,0.0,0.3125,0.125,1.2,0.0,0.6,3.01,0.6,5.41,0,0,0.0,0,0,0,0,0,0,0,0,,en,1.0
DQwlJwfDWbc,51,3,7.67,69.79,10.67,0.0,0.0,0.0,1.96,0.0,0,0.0,0,0,0.0,0,0,0,0.216,0.863,0.037,0.037,0.1111,0.1111,0.1481,0.0741,0.0741,0.037,0.2593,0.1111,0.0,0.0,0.0,0.0,1.96,1.96,0,0,0.0,0,0,0,0,0,0,0,0,,en,1.0
DRe4M-aDIWa,102,5,13.55,33.88,17.19,0.0,2.94,2.94,1.96,2.94,0,0.0,0,0,0.0,0,0,0,0.343,0.765,0.0,0.0,0.0,0.2222,0.2222,0.0,0.0,0.0,0.5556,0.0,1.96,0.0,0.98,0.0,0.0,2.94,2,2,0.3,1,0,1,0,0,0,0,0,,en,1.0
DWyg-oLjGQN,5,1,0.52,100.24,2.0,0.0,0.0,20.0,0.0,20.0,0,0.0,3,0,0.0,0,0,0,0.2,1.0,0.0,0.0,0.0,0.0,0.0,0.0,0.0,0.0,0.0,0.0,0.0,0.0,0.0,0.0,0.0,0.0,0,0,0.0,0,0,0,0,0,5,5,0,0.301,en,1.0
DWv8LJvlSEd,5,1,4.45,73.85,9.07,0.0,0.0,0.0,0.0,0.0,0,0.0,0,1,20.0,0,0,0,0.4,1.0,0.0,0.0,0.0,0.0,0.0,0.0,0.0,0.0,0.0,0.0,0.0,0.0,0.0,0.0,0.0,0.0,0,0,0.0,0,0,0,0,0,5,5,0,0.333,en,1.0
DQoS5CdDHLo,119,6,12.48,46.91,14.8,0.0,1.68,0.0,1.68,0.0,1,0.167,0,1,0.84,0,1,0,0.286,0.756,0.0417,0.0417,0.1667,0.125,0.0417,0.0417,0.0,0.0417,0.4583,0.0417,2.52,0.0,0.0,0.0,0.0,2.52,3,3,0.4,1,0,1,0,1,0,0,1,,en,1.0
DXuVGWBCGa5,165,7,15.48,26.59,19.12,0.0,1.21,1.21,0.61,1.21,0,0.0,0,2,1.21,0,0,0,0.376,0.691,0.0,0.0,0.1351,0.1622,0.2162,0.0,0.0,0.0811,0.3784,0.027,0.0,0.0,3.64,0.0,0.0,3.64,0,0,0.0,0,0,0,0,0,0,0,0,,en,1.0
DUhrzlZjphA,40,3,10.78,40.36,12.44,0.0,2.5,0.0,0.0,0.0,0,0.0,0,0,0.0,0,0,0,0.35,0.875,0.0,0.0,0.2,0.1,0.0,0.0,0.0,0.0,0.7,0.0,0.0,0.0,7.5,0.0,0.0,7.5,1,1,0.31,1,0,0,0,0,3,3,0,0.803,en,1.0
DQ6Ud-djNHm,43,3,9.48,52.6,11.31,0.0,4.65,0.0,0.0,0.0,1,0.333,1,1,2.33,0,1,0,0.163,0.907,0.0,0.125,0.125,0.1875,0.1875,0.0,0.0,0.0625,0.25,0.0625,0.0,0.0,2.33,0.0,2.33,4.66,1,1,0.36,0,0,0,0,1,0,0,1,,en,1.0
DSZ41IKiPsl,152,5,19.63,7.75,25.07,0.0,0.0,0.0,0.66,0.0,0,0.0,0,0,0.0,0,0,0,0.382,0.638,0.0,0.0238,0.119,0.2143,0.0952,0.0238,0.0476,0.0238,0.3571,0.0952,1.32,0.0,1.97,3.29,3.95,10.53,0,0,0.0,0,0,0,0,0,0,0,0,,en,1.0
DRwohMGDDYj,66,3,9.91,64.39,10.83,0.0,1.52,1.52,0.0,1.52,0,0.0,0,3,4.55,0,1,0,0.182,0.773,0.0,0.0909,0.0909,0.0,0.1364,0.0909,0.0,0.1364,0.2727,0.1818,0.0,0.0,0.0,0.0,1.52,1.52,4,4,0.93,1,0,1,0,2,0,0,0,,en,1.0
DUDieQziKe2,0,0,,,,0.0,0.0,0.0,0.0,0.0,0,0.0,0,0,0.0,0,0,0,0.0,0.0,0.0,0.0,0.0,0.0,0.0,0.0,0.0,0.0,0.0,0.0,0.0,0.0,0.0,0.0,0.0,0.0,0,0,0.0,0,0,0,0,0,0,0,0,,und,
DRRgrmyjLcD,58,5,9.69,46.28,10.85,0.0,5.17,3.45,0.0,3.45,1,0.2,1,2,3.45,0,1,0,0.276,0.948,0.0435,0.087,0.087,0.1739,0.087,0.0435,0.0435,0.0435,0.3043,0.087,3.45,0.0,1.72,0.0,3.45,8.62,4,4,0.97,1,0,1,0,2,0,0,1,,en,1.0
DS9vxx7jGRU,60,4,8.36,61.38,10.65,0.0,6.67,1.67,0.0,1.67,0,0.0,0,1,1.67,0,1,0,0.217,0.833,0.0,0.0909,0.1818,0.2727,0.0909,0.0,0.0,0.0,0.3636,0.0,1.67,0.0,3.33,0.0,0.0,5.0,1,1,0.28,1,0,0,0,0,0,0,0,,en,1.0
DRpNB6jiCEl,188,10,12.35,39.68,14.75,0.0,4.79,0.0,1.06,0.0,1,0.1,0,0,0.0,0,0,0,0.303,0.66,0.0,0.0,0.0606,0.2121,0.1818,0.0,0.0,0.0303,0.4545,0.0606,0.0,0.0,2.66,0.0,1.06,3.72,0,0,0.0,0,0,0,0,0,5,5,0,0.943,en,1.0
