Post_ID,hashtag,tag_class
DWbxil5DMTW,earthhourafrica,campaign
DWbxil5DMTW,biggesthourforearth,campaign
DWbxil5DMTW,myhourforearth,campaign
DWjdIZtjHgI,wwfnamibia,branded
DWjdIZtjHgI,oecms,community_other
DWjdIZtjHgI,inclusiveconservation,community_other
DWjdIZtjHgI,30by30,community_other
DWW4P-5CLtE,cbnrm2026,campaign
DWW4P-5CLtE,conservationnamibia,branded
DWW4P-5CLtE,communityempowerment,community_other
DWW4P-5CLtE,meft,community_other
DWW4P-5CLtE,sustainabletourism,community_other
DWUhj7VjtYE,cbnrm2026,campaign
DWUhj7VjtYE,conservationnamibia,branded
DWUhj7VjtYE,communityempowerment,community_other
DWUhj7VjtYE,meft,community_other
DWUhj7VjtYE,sustainabletourism,community_other
DXceVTokb5e,earthday,campaign
DXceVTokb5e,earthday2026,campaign
DXceVTokb5e,ecosystemprotection,community_other
DXceVTokb5e,ourpowerourplanet,community_other
DXceVTokb5e,giraffeconservationfoundation,branded
DXceVTokb5e,giraffeconservation,branded
DXceVTokb5e,wgd2026,campaign
DXceVTokb5e,worldgiraffeday,campaign
DXceVTokb5e,gcf,community_other
DUxWaDAiHXN,worldhippoday,campaign
DUxWaDAiHXN,namibiawildlife,branded
DUxWaDAiHXN,cbnrm,community_other
DUxWaDAiHXN,protectourwetlands,community_other
DUxWaDAiHXN,communityconservation,community_other
DXbU3-0DCwx,earthday,campaign
DXbU3-0DCwx,youth4can,branded
DXbU3-0DCwx,climateaction,community_other
DXbU3-0DCwx,sustainability,generic
DXuf7d6EZeD,reticulatedgiraffe,branded
DXuf7d6EZeD,conservationpartnerships,community_other
DXuf7d6EZeD,samburu,community_other
DXuf7d6EZeD,evidencebasedconservation,community_other
DXuf7d6EZeD,giraffeconservationfoundation,branded
DXuf7d6EZeD,giraffeconservation,branded
DXuf7d6EZeD,gcf,community_other
DVAe29YCKEl,worldpangolinday,campaign
DVAe29YCKEl,protectpangolins,community_other
DVAe29YCKEl,namibiawildlife,branded
DVAe29YCKEl,cbnrm,community_other
DVAe29YCKEl,conservationnamibia,branded
DXhn93Tjbxw,giraffeconservationfoundation,branded
DXhn93Tjbxw,giraffeconservation,branded
DXhn93Tjbxw,giraffelovers,branded
DXhn93Tjbxw,giraffebeauty,branded
DXhn93Tjbxw,thankgiraffeitsfriday,campaign
DXhn93Tjbxw,tgif,community_other
DXhn93Tjbxw,gcf,community_other
DUx-o2qCL2l,worldwhaleday,campaign
DUx-o2qCL2l,namibiacoast,branded
DUx-o2qCL2l,blueeconomy,community_other
DUx-o2qCL2l,protectouroceans,branded
DUx-o2qCL2l,marineconservation,community_other
DVGf_p2iJ72,nacso,branded
DVGf_p2iJ72,cbnrm,community_other
DVGf_p2iJ72,communitygovernance,community_other
DVGf_p2iJ72,sustainableconservation,community_other
DVGf_p2iJ72,namibia,generic
DU2f6MXjhAG,savetherhino,branded
DU2f6MXjhAG,kuneneregion,community_other
DU2f6MXjhAG,namibia,generic
DUh5k2lAUk4,savetherhino,branded
DUh5k2lAUk4,blackrhino,branded
DUh5k2lAUk4,namibia,generic
DVIyH5WjD2M,wwfnamibia,branded
DVIyH5WjD2M,conservationnamibia,branded
DVIyH5WjD2M,partnershipsfornature,community_other
DVIyH5WjD2M,communityconservation,community_other
DV8qrmUDGoW,conservation,generic
DV8qrmUDGoW,srt,community_other
DV8qrmUDGoW,tusk,community_other
DVa3opXjgA4,worldwildlifeday,campaign
DVa3opXjgA4,savetherhinotrust,branded
DVF8oQhjpcp,savetherhino,branded
DVF8oQhjpcp,kuneneregion,community_other
DVF8oQhjpcp,namibia,generic
DUP4CreEVt1,savetherhinotrust,branded
DUP4CreEVt1,rhinoconservation,branded
DWny2u3DoHP,savetherhinotrust,branded
DWny2u3DoHP,guardianshipcertificate,community_other
DWBK6wwjrgc,savetherhino,branded
DWBK6wwjrgc,rhinoconservation,branded
DWBK6wwjrgc,blackrhino,branded
DVskknKErzC,savetherhino,branded
DVskknKErzC,blackrhino,branded
DVskknKErzC,kuneneregion,community_other
DWQnsyXjpjb,savetherhinotrust,branded
DWQnsyXjpjb,blackrhino,branded
DWws0QXjeph,giraffeconservationfoundation,branded
DWws0QXjeph,giraffeconservation,branded
DWws0QXjeph,keep,community_other
DWws0QXjeph,keepnamibia,branded
DWws0QXjeph,environmentaleducation,community_other
DWws0QXjeph,wildlifeeducation,community_other
DWws0QXjeph,impact,community_other
DWws0QXjeph,education,community_other
DWws0QXjeph,successstory,community_other
DWws0QXjeph,nextgenconservationists,community_other
DWws0QXjeph,futureleaders,community_other
DWws0QXjeph,gcf,community_other
DVX-MaIDs-A,savetherhino,branded
DVX-MaIDs-A,blackrhino,branded
DVX-MaIDs-A,namibia,generic
DU8LQZCDHZD,throwbackthursday,campaign
DU8LQZCDHZD,kaza,community_other
DU8LQZCDHZD,coexistence,community_other
DU8LQZCDHZD,conservationinaction,community_other
DWgEfuPDuiu,savetherhino,branded
DWgEfuPDuiu,participatorymonitoring,community_other
DWgEfuPDuiu,blackrhino,branded
DW4bUExGWiB,giraffeconservationfoundation,branded
DW4bUExGWiB,giraffeconservation,branded
DW4bUExGWiB,combinedefforts,community_other
DW4bUExGWiB,savegiraffe,branded
DW4bUExGWiB,protectgiraffe,branded
DW4bUExGWiB,wildlife,generic
DW4bUExGWiB,standtallforgiraffe,branded
DW4bUExGWiB,silentextinction,community_other
DW4bUExGWiB,africawildlife,community_other
DW4bUExGWiB,gcf,community_other
DWrjZFUDvNu,giraffeconservationfoundation,branded
DWrjZFUDvNu,giraffeconservation,branded
DWrjZFUDvNu,tgif,community_other
DWrjZFUDvNu,thankgiraffeitsfriday,campaign
DWrjZFUDvNu,malegiraffe,branded
DWrjZFUDvNu,reticulatedgiraffe,branded
DWrjZFUDvNu,giraffeinthewild,branded
DWrjZFUDvNu,wildlifelovers,community_other
DWrjZFUDvNu,naturelovers,community_other
DWrjZFUDvNu,giraffelovers,branded
DWrjZFUDvNu,giraffe,branded
DWrjZFUDvNu,gcf,community_other
DWmZr1-Ewni,giraffeconservationfoundation,branded
DWmZr1-Ewni,giraffeconservation,branded
DWmZr1-Ewni,savannahsonatas,community_other
DWmZr1-Ewni,wildlifemusic,community_other
DWmZr1-Ewni,naturediscovery,community_other
DWmZr1-Ewni,aprilfools,community_other
DWmZr1-Ewni,gcf,community_other
DTfkmjZiIqB,conservation,generic
DTfkmjZiIqB,leadership,community_other
DTfkmjZiIqB,communityempowerment,community_other
DTfkmjZiIqB,namibiajobs,branded
DTfkmjZiIqB,nti,community_other
DTxc-x1iMoN,cci_hub,community_other
DTxc-x1iMoN,communityconservation,community_other
DTxc-x1iMoN,conservationcollaboration,community_other
DTxc-x1iMoN,protectnamibia,branded
DTxc-x1iMoN,protectsadc,community_other
DTxc-x1iMoN,communityled,community_other
DTxc-x1iMoN,africanconservation,community_other
DTxc-x1iMoN,clockitpose,community_other
DTxc-x1iMoN,partnersinconservation,community_other
DTxc-x1iMoN,cln,community_other
DTxc-x1iMoN,leadership,community_other
DRe7J7VjG1W,nacso,branded
DRe7J7VjG1W,leadershiptraining,community_other
DRe7J7VjG1W,capacitybuilding,community_other
DRe7J7VjG1W,leadingothers,community_other
DRe7J7VjG1W,empoweredcommunitiesconference,community_other
DRb4AbSDIld,nacso,branded
DRb4AbSDIld,leadershiptraining,community_other
DRb4AbSDIld,capacitybuilding,community_other
DRb4AbSDIld,communityempowerment,community_other
DRb4AbSDIld,leadingself,community_other
DSJ-pEaCZpG,savetherhinotrust,branded
DSJ-pEaCZpG,wildnamibia,branded
DSJ-pEaCZpG,sustainabletourism,community_other
DSRtCbRj9Wv,savetherhinotrust,branded
DSRtCbRj9Wv,namibiarhinos,branded
DQrx5BLD64o,wilderness,community_other
DQrx5BLD64o,venturemedia,community_other
DQrx5BLD64o,namibiachamberofenvitonment,branded
DQrx5BLD64o,cymot,community_other
DQrx5BLD64o,rmbnamibia,branded
DRJmoBPDER3,protectnamibia,branded
DRJmoBPDER3,naturalresourcesmanagement,community_other
DRJmoBPDER3,conservationnamibia,branded
DRJmoBPDER3,sustainablecommunities,community_other
DRKRMspjOJr,protectnamibia,branded
DRKRMspjOJr,cbnrm,community_other
DRKRMspjOJr,conservationnamibia,branded
DRKRMspjOJr,sustainablecommunities,community_other
DRPZSnICLAt,cbnrm,community_other
DRPZSnICLAt,communityforestry,community_other
DRPZSnICLAt,conservencies,community_other
DXJOpNMFqRt,naankuse,branded
DXJOpNMFqRt,epukiro,community_other
DXwfTUBjkcO,cheetah,branded
DXwfTUBjkcO,cheetahconservation,branded
DXwfTUBjkcO,wildlifeconservation,community_other
DXwfTUBjkcO,conservation,generic
DXwfTUBjkcO,ccfcheetah,branded
DROvNLoDNmc,cbnrm,community_other
DQoIHPqDDxC,workplacewellness,community_other
DQoIHPqDDxC,healthyliving,community_other
DQoIHPqDDxC,employeecare,community_other
DW9k8REk6pa,naankuse,branded
DW9k8REk6pa,naankusefoundation,branded
DW9k8REk6pa,baboons,community_other
DW9k8REk6pa,conservation,generic
DW9k8REk6pa,kyknet,community_other
DW9k8REk6pa,groennamibië,community_other
DRC9C5yCNUK,collaboration,community_other
DRC9C5yCNUK,savetherhinotrustnamibia,branded
DRC9C5yCNUK,partnership,community_other
DRC9C5yCNUK,conservation,generic
DRNXF-BgS9b,savetherhinotrust,branded
DRNXF-BgS9b,conservation,generic
DRNXF-BgS9b,savetherhinointernational,branded
DRNXF-BgS9b,namibianaturefoundation,branded
DXxKLyiGcYl,dogs,community_other
DXxKLyiGcYl,puppies,community_other
DXxKLyiGcYl,workingdogs,community_other
DXxKLyiGcYl,livestockguardiandog,community_other
DXxKLyiGcYl,ccfcheetah,branded
DXGjtBPFtcW,naankuse,branded
DXGjtBPFtcW,lifelineclinic,community_other
DXO2wrHFpDS,namibia,generic
DXWIgNFloaI,naankuse,branded
DXMHXGjlv3g,naankuse,branded
DXMHXGjlv3g,lifelineclinicallaboratory,community_other
DVwU7pzDM_m,giraffeconservationfoundation,branded
DVwU7pzDM_m,ionanationalpark,community_other
DVwU7pzDM_m,angolangiraffe,branded
DVwU7pzDM_m,successstories,community_other
DVwU7pzDM_m,successfultranslocations,community_other
DVwU7pzDM_m,wildlifetranslocations,community_other
DVwU7pzDM_m,healthyhabitats,community_other
DVwU7pzDM_m,gcf,community_other
DV6oG8iDJKi,giraffeconservationfoundation,branded
DV6oG8iDJKi,giraffeconservation,branded
DV6oG8iDJKi,voiceforgiraffe,branded
DV6oG8iDJKi,savannascience,community_other
DV6oG8iDJKi,krugernp,community_other
DV6oG8iDJKi,conservationleadership,community_other
DV6oG8iDJKi,scientificcollaboration,community_other
DV6oG8iDJKi,southafrica,community_other
DV6oG8iDJKi,standtall,community_other
DV6oG8iDJKi,gcf,community_other
DVomlnGjA8A,giraffeconservationfoundation,branded
DVomlnGjA8A,allosuckling,community_other
DVomlnGjA8A,allosucklingbehaviour,community_other
DVomlnGjA8A,giraffebehaviour,branded
DVomlnGjA8A,maternalcooperation,community_other
DVomlnGjA8A,giraffeherds,branded
DVomlnGjA8A,giraffesocialunits,branded
DVomlnGjA8A,gcf,community_other
DWHgHlgj4h3,giraffeconservationfoundation,branded
DWHgHlgj4h3,giraffebeauty,branded
DWHgHlgj4h3,tgif,community_other
DWHgHlgj4h3,thankgiraffeitsfriday,campaign
DWHgHlgj4h3,giraffecalves,branded
DWHgHlgj4h3,naturelovers,community_other
DWHgHlgj4h3,giraffelove,branded
DWHgHlgj4h3,affectionategiraffe,branded
DWHgHlgj4h3,giraffe,branded
DWHgHlgj4h3,gcf,community_other
DWCWeXDDvpY,giraffeconservationfoundation,branded
DWCWeXDDvpY,giraffeconservation,branded
DWCWeXDDvpY,giraffegenetics,branded
DWCWeXDDvpY,standtallforgiraffe,branded
DWCWeXDDvpY,highlevelscience,community_other
DWCWeXDDvpY,sciencebasedconservation,community_other
DWCWeXDDvpY,giraffedna,branded
DWCWeXDDvpY,fourgiraffespecies,branded
DWCWeXDDvpY,wildlifeconservation,community_other
DWCWeXDDvpY,gcf,community_other
DWUYKewCPZI,giraffeconservation,branded
DWUYKewCPZI,wildlifemigration,community_other
DWUYKewCPZI,africa,generic
DWUYKewCPZI,conservationsuccess,community_other
DWUYKewCPZI,nubiangiraffe,branded
DWUYKewCPZI,kordofangiraffe,branded
DWUYKewCPZI,giraffeconservationfoundation,branded
DWUYKewCPZI,giraffemovmentpatterns,branded
DWUYKewCPZI,wildlifemovement,community_other
DWUYKewCPZI,connectedlandscapes,community_other
DWUYKewCPZI,conservationefforts,community_other
DWUYKewCPZI,monitoringgiraffe,branded
DWUYKewCPZI,gcf,community_other
DV1ejcrjD4w,giraffeconservationfoundation,branded
DV1ejcrjD4w,giraffebeauty,branded
DV1ejcrjD4w,tgif,community_other
DV1ejcrjD4w,thankgiraffeitsfriday,campaign
DV1ejcrjD4w,giraffes,branded
DV1ejcrjD4w,weekendvibes,campaign
DV1ejcrjD4w,giraffelove,branded
DV1ejcrjD4w,affectionategiraffe,branded
DV1ejcrjD4w,giraffe,branded
DV1ejcrjD4w,gcf,community_other
DWZhpaAj9mI,giraffeconservationfoundation,branded
DWZhpaAj9mI,giraffebeauty,branded
DWZhpaAj9mI,giraffewalking,branded
DWZhpaAj9mI,nature,generic
DWZhpaAj9mI,wildlife,generic
DWZhpaAj9mI,giraffepattern,branded
DWZhpaAj9mI,giraffe,branded
DWZhpaAj9mI,giraffelovers,branded
DWZhpaAj9mI,tgif,community_other
DWZhpaAj9mI,thankgiraffeitsfriday,campaign
DWZhpaAj9mI,gcf,community_other
DWMpye-jTwn,giraffeconservationfoundation,branded
DWMpye-jTwn,environmentaleducation,community_other
DWMpye-jTwn,keep,community_other
DWMpye-jTwn,wildlifeeducation,community_other
DWMpye-jTwn,wildlife,generic
DWMpye-jTwn,giraffeconservation,branded
DWMpye-jTwn,giraffeeducation,branded
DWMpye-jTwn,fieldtrips,community_other
DWMpye-jTwn,engageconservationists,community_other
DWMpye-jTwn,youngconservationists,community_other
DWMpye-jTwn,gcf,community_other
DR2Pq0aDO16,africat,branded
DR2Pq0aDO16,research,community_other
DR2Pq0aDO16,okonjima,community_other
DR2Pq0aDO16,wildlifeconservation,community_other
DR2Pq0aDO16,namibia,generic
DSpvIk3DMXZ,africat,branded
DSpvIk3DMXZ,research,community_other
DSpvIk3DMXZ,brownhyena,community_other
DSpvIk3DMXZ,hyena,community_other
DSpvIk3DMXZ,conservation,generic
DXe7m2rEo4m,travel,generic
DXe7m2rEo4m,namibia,generic
DXe7m2rEo4m,explore,community_other
DXe7m2rEo4m,conservation,generic
DXe7m2rEo4m,ccfcheetah,branded
DXr5rGXmV5m,cheetah,branded
DXr5rGXmV5m,cheetahconservation,branded
DXr5rGXmV5m,wildlifeconservation,community_other
DXr5rGXmV5m,bigcats,community_other
DXr5rGXmV5m,ccfcheetah,branded
DW3oE3qFjbF,naankuse,branded
DW3oE3qFjbF,namibia,generic
DWjZfpulh0r,naankuse,branded
DWjZfpulh0r,conservationinaction,community_other
DSVJ6XUDP5G,africat,branded
DSVJ6XUDP5G,okonjima,community_other
DSVJ6XUDP5G,research,community_other
DSVJ6XUDP5G,leopard,community_other
DSVJ6XUDP5G,conservation,generic
DSVJ6XUDP5G,wildlifeencounters,community_other
DWZose4CUA7,naankuse,branded
DWZose4CUA7,naankusefoundation,branded
DWZose4CUA7,kyknet,community_other
DWZose4CUA7,groennamibie,community_other
DWZose4CUA7,conservation,generic
DWs8j4KATCm,naankuse,branded
DWs8j4KATCm,kanaandesertretreat,community_other
DS2oMpeDIjB,africat,branded
DS2oMpeDIjB,research,community_other
DS2oMpeDIjB,leopard,community_other
DS2oMpeDIjB,hyena,community_other
DS2oMpeDIjB,conservation,generic
DS2oMpeDIjB,okonjima,community_other
DVeTWHdlzyU,giraffeconservationfoundation,branded
DVeTWHdlzyU,giraffebehaviour,branded
DVeTWHdlzyU,giraffe,branded
DVeTWHdlzyU,activitypatterns,community_other
DVeTWHdlzyU,beattheheat,community_other
DVeTWHdlzyU,landscapemovement,community_other
DVeTWHdlzyU,giraffeadaptations,branded
DVeTWHdlzyU,aridenvironments,community_other
DVeTWHdlzyU,gcf,community_other
DTGPqHUjOPo,africat,branded
DTGPqHUjOPo,okonjima,community_other
DTGPqHUjOPo,leopard,community_other
DTGPqHUjOPo,conservationscience,community_other
DTGPqHUjOPo,wildliferesearch,community_other
DUtYO6nDaS4,giraffeconservationfoundation,branded
DUtYO6nDaS4,giraffe,branded
DUtYO6nDaS4,giraffelovers,branded
DUtYO6nDaS4,nature,generic
DUtYO6nDaS4,giraffebeauty,branded
DUtYO6nDaS4,fridaymood,campaign
DUtYO6nDaS4,tgif,community_other
DUtYO6nDaS4,thankgiraffeitsfriday,campaign
DUtYO6nDaS4,gcf,community_other
DWn5r-flixF,naankuse,branded
DWn5r-flixF,timbila,community_other
DWa0GEIgUev,naankuse,branded
DWa0GEIgUev,naankusefoundation,branded
DWa0GEIgUev,conservation,generic
DWa0GEIgUev,careeropportunity,community_other
DWa0GEIgUev,careersuccess,community_other
DXpWrXrDEJt,cheetah,branded
DXpWrXrDEJt,cheetahsofinstagram,branded
DXpWrXrDEJt,cats,community_other
DXpWrXrDEJt,wildliferehab,community_other
DXpWrXrDEJt,ccfcheetah,branded
DW5xIWgllJY,naankuse,branded
DW5xIWgllJY,lifelineclinic,community_other
DU_ZzNqDJmc,giraffeconservationfoundation,branded
DU_ZzNqDJmc,giraffebeauty,branded
DU_ZzNqDJmc,tgif,community_other
DU_ZzNqDJmc,thankgiraffeitsfriday,campaign
DU_ZzNqDJmc,naturelovers,community_other
DU_ZzNqDJmc,wildlife,generic
DU_ZzNqDJmc,giraffelovers,branded
DU_ZzNqDJmc,giraffe,branded
DU_ZzNqDJmc,giraffecalf,branded
DU_ZzNqDJmc,giraffes,branded
DU_ZzNqDJmc,nature,generic
DU_ZzNqDJmc,gcf,community_other
DVMRx8yCMbB,giraffeconservationfoundation,branded
DVMRx8yCMbB,etosha,community_other
DVMRx8yCMbB,uniquegiraffe,branded
DVMRx8yCMbB,giraffemonitoring,branded
DVMRx8yCMbB,angolangiraffe,branded
DVMRx8yCMbB,wildlifeconservation,community_other
DVMRx8yCMbB,transboundarywildlife,community_other
DVMRx8yCMbB,protectedareas,community_other
DVMRx8yCMbB,giraffe,branded
DVMRx8yCMbB,giraffeconservation,branded
DVMRx8yCMbB,gcf,community_other
DWrjZUMCXX9,naankuse,branded
DWrjZUMCXX9,naankusefoundation,branded
DWrjZUMCXX9,kyknet,community_other
DWrjZUMCXX9,conservation,generic
DWrjZUMCXX9,hyenas,community_other
DWrjZUMCXX9,groennamibië,community_other
DVRbYULjY8q,giraffeconservationfoundation,branded
DVRbYULjY8q,giraffebeauty,branded
DVRbYULjY8q,tgif,community_other
DVRbYULjY8q,thankgiraffeitsfriday,campaign
DVRbYULjY8q,naturelovers,community_other
DVRbYULjY8q,wildlife,generic
DVRbYULjY8q,giraffelovers,branded
DVRbYULjY8q,giraffe,branded
DVRbYULjY8q,giraffes,branded
DVRbYULjY8q,nature,generic
DVRbYULjY8q,gcf,community_other
DVjc9hvjaPy,giraffeconservationfoundation,branded
DVjc9hvjaPy,giraffebeauty,branded
DVjc9hvjaPy,tgif,community_other
DVjc9hvjaPy,thankgiraffeitsfriday,campaign
DVjc9hvjaPy,naturelovers,community_other
DVjc9hvjaPy,wildlife,generic
DVjc9hvjaPy,giraffelovers,branded
DVjc9hvjaPy,giraffe,branded
DVjc9hvjaPy,wildlifebeauty,community_other
DVjc9hvjaPy,malegiraffe,branded
DVjc9hvjaPy,nature,generic
DVjc9hvjaPy,gcf,community_other
DXZhne-jWEN,cheetah,branded
DXZhne-jWEN,cheetahsofinstagram,branded
DXZhne-jWEN,cheetahconservation,branded
DXZhne-jWEN,wildliferehab,community_other
DXZhne-jWEN,ccfcheetah,branded
DSAiXtljEJ3,africat,branded
DSAiXtljEJ3,research,community_other
DSAiXtljEJ3,pangolin,community_other
DSAiXtljEJ3,conservation,generic
DSAiXtljEJ3,endangeredspecies,community_other
DVWk_9XDbv8,giraffeconservationfoundation,branded
DVWk_9XDbv8,voiceforgiraffe,branded
DVWk_9XDbv8,environmentaleducation,community_other
DVWk_9XDbv8,youngconservationists,community_other
DVWk_9XDbv8,wildlifeeducation,community_other
DVWk_9XDbv8,wildlifeclubsofkenya,community_other
DVWk_9XDbv8,nubiangiraffe,branded
DVWk_9XDbv8,natureworkbooks,community_other
DVWk_9XDbv8,wildlifeconservation,community_other
DVWk_9XDbv8,conservatioenducation,community_other
DVWk_9XDbv8,gcf,community_other
DTQXoYHDNgM,africat,branded
DTQXoYHDNgM,research,community_other
DTQXoYHDNgM,namibia,generic
DTQXoYHDNgM,conservation,generic
DTQXoYHDNgM,leopard,community_other
DTQXoYHDNgM,wildlifeconservation,community_other
DVEjcvgj1xY,giraffeconservationfoundation,branded
DVEjcvgj1xY,skullstudy,community_other
DVEjcvgj1xY,giraffeskull,branded
DVEjcvgj1xY,giraffemorphology,branded
DVEjcvgj1xY,wildlifemorphology,community_other
DVEjcvgj1xY,wildlifeanatomy,community_other
DVEjcvgj1xY,giraffespecies,branded
DVEjcvgj1xY,cranialdifferences,community_other
DVEjcvgj1xY,dimorphisminwildlfie,community_other
DVEjcvgj1xY,girafferesearchstudy,branded
DVEjcvgj1xY,gcf,community_other
DU6QOvFk9xX,giraffeconservationfoundation,branded
DU6QOvFk9xX,voiceforgiraffe,branded
DU6QOvFk9xX,conservationimpact,community_other
DU6QOvFk9xX,wildlifevet,community_other
DU6QOvFk9xX,africa,generic
DU6QOvFk9xX,standtallforgiraffe,branded
DU6QOvFk9xX,capacitybuilding,community_other
DU6QOvFk9xX,impactreporting,community_other
DU6QOvFk9xX,conservationefforts,community_other
DU6QOvFk9xX,conservationcollaboration,community_other
DU6QOvFk9xX,gcf,community_other
DXuRr8pGfJ_,conservation,generic
DXuRr8pGfJ_,communityconservation,community_other
DXuRr8pGfJ_,biodiversity,generic
DXuRr8pGfJ_,cheetah,branded
DXuRr8pGfJ_,ccfcheetah,branded
DXca0cil6Mk,earthday,campaign
DXca0cil6Mk,conservation,generic
DXca0cil6Mk,cheetah,branded
DXca0cil6Mk,biodiversity,generic
DXca0cil6Mk,ccfcheetah,branded
DXVdVqvGBrZ,dogs,community_other
DXVdVqvGBrZ,puppies,community_other
DXVdVqvGBrZ,workingdogs,community_other
DXVdVqvGBrZ,livestockguardingdog,community_other
DXVdVqvGBrZ,ccfcheetah,branded
DSFsknpDGEy,africat,branded
DSFsknpDGEy,research,community_other
DSFsknpDGEy,namibia,generic
DSFsknpDGEy,leopard,community_other
DSFsknpDGEy,pangolin,community_other
DSFsknpDGEy,wildlifeconservation,community_other
DSFsknpDGEy,hyenas,community_other
DWnyV1Wls37,naankuse,branded
DWnyV1Wls37,makingadifference,community_other
DWcGfdLjB95,naankuse,branded
DWcGfdLjB95,naankusefoundation,branded
DWcGfdLjB95,lifelineclinic,community_other
DWcGfdLjB95,healthcare,community_other
DWcGfdLjB95,healthcareafrica,community_other
DV1elZ8D0VV,naankuse,branded
DV1elZ8D0VV,naankusefoundation,branded
DV1elZ8D0VV,groen,community_other
DV1elZ8D0VV,kyknet,community_other
DV1elZ8D0VV,conservation,generic
DV1elZ8D0VV,antipoaching,community_other
DV1elZ8D0VV,antipoachingdogs,community_other
DT-JQYiimAB,worldenvironmentaleducationday,campaign
DT-JQYiimAB,worldcleanenergyday,campaign
DT98qQrCBCZ,worldwetlandsday,campaign
DWMpxKqjnAZ,naankuse,branded
DWMpxKqjnAZ,naankusefoundation,branded
DWMpxKqjnAZ,malnutrition,community_other
DWMpxKqjnAZ,healthcare,community_other
DWMpxKqjnAZ,feedingwithlove,community_other
DWMpxKqjnAZ,namibmillls,community_other
DUQylVEiPWw,worldwetlandsday,campaign
DV9M4tnAc73,naankuse,branded
DV9M4tnAc73,naankusefoundation,branded
DV9M4tnAc73,lifelineclinic,community_other
DV9M4tnAc73,healthcare,community_other
DV9M4tnAc73,primaryhealthcare,community_other
DV9M4tnAc73,outreach,community_other
DV4Db60iEI4,naankuse,branded
DV4Db60iEI4,naankusefoundation,branded
DV4Db60iEI4,volleyball,community_other
DV4Db60iEI4,sports,community_other
DV4Db60iEI4,conservation,generic
DV4Db60iEI4,teamspirit,community_other
DUELhjJjd7D,giraffeconservationfoundation,branded
DUELhjJjd7D,giraffeconservation,branded
DUELhjJjd7D,wildlifeconservation,community_other
DUELhjJjd7D,teamefforts,community_other
DUELhjJjd7D,giraffeconservationefforts,branded
DUELhjJjd7D,standtallforgiraffe,branded
DUELhjJjd7D,gcf,community_other
DV6hPrUj1sO,naankuse,branded
DV6hPrUj1sO,naankusefoundation,branded
DV6hPrUj1sO,naankuseprimaryschool,branded
DV6hPrUj1sO,education,community_other
DV6hPrUj1sO,volunteerafrica,community_other
DV6hPrUj1sO,volunteersmakeadifference,community_other
DUOesl5jXwq,giraffeconservationfoundation,branded
DUOesl5jXwq,giraffeconservation,branded
DUOesl5jXwq,giraffecoat,branded
DUOesl5jXwq,giraffepattern,branded
DUOesl5jXwq,thermoregulation,community_other
DUOesl5jXwq,savanna,community_other
DUOesl5jXwq,wildlifebiology,community_other
DUOesl5jXwq,gcf,community_other
DUOesl5jXwq,voiceforgiraffe,branded
DUOesl5jXwq,giraffeconservation,branded
DUOesl5jXwq,natureiscreative,community_other
DUOesl5jXwq,wildlifefacts,community_other
DUOesl5jXwq,standtall,community_other
DUOesl5jXwq,giraffe,branded
DT8dIW2iCC3,giraffeconservationfoundation,branded
DT8dIW2iCC3,giraffeconservation,branded
DT8dIW2iCC3,sanantoniozoo,community_other
DT8dIW2iCC3,communityengagement,community_other
DT8dIW2iCC3,standtallforgiraffe,branded
DT8dIW2iCC3,supportconservation,community_other
DT8dIW2iCC3,gcf,community_other
DUbWq9sk2fR,tgif,community_other
DUbWq9sk2fR,thankgiraffeitsfriday,campaign
DUbWq9sk2fR,voiceforgiraffe,branded
DUbWq9sk2fR,standtall,community_other
DUbWq9sk2fR,giraffeconservation,branded
DUbWq9sk2fR,conservationvibes,community_other
DUbWq9sk2fR,wildlifelovers,community_other
DUbWq9sk2fR,fridayfeeling,campaign
DUbWq9sk2fR,giraffeconservationfoundation,branded
DUbWq9sk2fR,gcf,community_other
DUWNHNmDsUE,giraffeconservationfoundation,branded
DUWNHNmDsUE,giraffeconservation,branded
DUWNHNmDsUE,impactreports,community_other
DUWNHNmDsUE,giraffepopulations,branded
DUWNHNmDsUE,giraffemoitoring,branded
DUWNHNmDsUE,fourspecies,community_other
DUWNHNmDsUE,wildliferangers,community_other
DUWNHNmDsUE,supportconservation,community_other
DUWNHNmDsUE,gcf,community_other
DTqbkOCjdCj,standtallforgiraffe,branded
DT3TiZ9DdmI,giraffeconservationfoundation,branded
DT3TiZ9DdmI,giraffeconservation,branded
DT3TiZ9DdmI,tgif,community_other
DT3TiZ9DdmI,thankgiraffeitsfriday,campaign
DT3TiZ9DdmI,naturelovers,community_other
DT3TiZ9DdmI,giraffelovers,branded
DT3TiZ9DdmI,giraffe,branded
DT3TiZ9DdmI,gcf,community_other
DTyJ9OpgXzm,giraffeconservationfoundation,branded
DTyJ9OpgXzm,giraffeconservation,branded
DTyJ9OpgXzm,wgd2026,campaign
DTyJ9OpgXzm,worldgiraffeday,campaign
DTyJ9OpgXzm,worldgiraffeday2026,campaign
DTyJ9OpgXzm,conservationefforts,community_other
DTyJ9OpgXzm,standtallforgiraffe,branded
DTyJ9OpgXzm,wgd,community_other
DTyJ9OpgXzm,gcf,community_other
DWE0qc5Evit,naankuse,branded
DWE0qc5Evit,naankusefoundation,branded
DWE0qc5Evit,namibia,generic
DWE0qc5Evit,independencedaynamibia,campaign
DWE0qc5Evit,independenceday,campaign
DWHgK_VkmUt,naankuse,branded
DWHgK_VkmUt,lionconservation,community_other
DWHgK_VkmUt,namibia,generic
DWHgK_VkmUt,wildliferescue,community_other
DWHgK_VkmUt,bigcats,community_other
DWHgK_VkmUt,conservationinaction,community_other
DWI5bFigUef,independenceday,campaign
DWI5bFigUef,namibia,generic
DWI5bFigUef,proudlynamibian,branded
DUoOpqdjEUM,giraffeconservationfoundation,branded
DUoOpqdjEUM,voiceforgiraffe,branded
DUoOpqdjEUM,giraffemovement,branded
DUoOpqdjEUM,angolangiraffe,branded
DUoOpqdjEUM,aridlandscape,community_other
DUoOpqdjEUM,giraffebehaviour,branded
DUoOpqdjEUM,gwildlifemonitoring,community_other
DUoOpqdjEUM,giraffestudy,branded
DUoOpqdjEUM,longtermmonitoring,community_other
DUoOpqdjEUM,habitatfragmentation,community_other
DUoOpqdjEUM,giraffehomerange,branded
DUoOpqdjEUM,gcf,community_other
DWCWecbj-kV,naankuse,branded
DWCWecbj-kV,naankusefoundation,branded
DWCWecbj-kV,lifelineclinic,community_other
DWCWecbj-kV,hygiene,community_other
DWCWecbj-kV,healthcare,community_other
DUggSmvjmH0,giraffeconservationfoundation,branded
DUggSmvjmH0,mozambiquewildlifealliance,community_other
DUggSmvjmH0,techforgood,community_other
DUggSmvjmH0,standtall,community_other
DUggSmvjmH0,wildlifemonitoring,community_other
DUggSmvjmH0,voiceforgiraffe,branded
DUggSmvjmH0,conservationscience,community_other
DUggSmvjmH0,gpseartags,community_other
DUggSmvjmH0,giraffemovement,branded
DUggSmvjmH0,standtallforgiraffe,branded
DUggSmvjmH0,gcf,community_other
DV_xrwzjCSH,naankuse,branded
DV_xrwzjCSH,naankusefoundation,branded
DV_xrwzjCSH,naankuseprimaryschool,branded
DV_xrwzjCSH,cricket,community_other
DV_xrwzjCSH,sport,community_other
DV_xrwzjCSH,teamspirit,community_other
DV1RBwxDDEe,namibia,generic
DV1RBwxDDEe,swakopmund,community_other
DV1RBwxDDEe,ocean,branded
DV1RBwxDDEe,conservation,generic
DV1RBwxDDEe,beach,community_other
DW4VErZEjmD,fieldready,community_other
DW4VErZEjmD,conservation,generic
DW4VErZEjmD,vehicleworkshop,community_other
DW4VErZEjmD,fieldsafety,community_other
DW4VErZEjmD,ccfcheetah,branded
DXFDkC8EZUF,cheetah,branded
DXFDkC8EZUF,cheetahconservation,branded
DXFDkC8EZUF,wildlifeconservation,community_other
DXFDkC8EZUF,fitnesschallenge,campaign
DXFDkC8EZUF,ccfcheetah,branded
DXB-DjOjmZ2,dogs,community_other
DXB-DjOjmZ2,dogsarethebest,community_other
DXB-DjOjmZ2,workingdogs,community_other
DXB-DjOjmZ2,livestockguardiandog,community_other
DXB-DjOjmZ2,ccfcheetah,branded
DXMiL7jjXgk,cheetah,branded
DXMiL7jjXgk,cheetahconservation,branded
DXMiL7jjXgk,fahlo,community_other
DRFUHr8DPls,africat,branded
DRFUHr8DPls,research,community_other
DRFUHr8DPls,namibia,generic
DRFUHr8DPls,okonjima,community_other
DRFUHr8DPls,conservation,generic
DRFUHr8DPls,leopard,community_other
DQuKrLZDCfh,africat,branded
DQuKrLZDCfh,conservation,generic
DQuKrLZDCfh,wildaid,community_other
DQuKrLZDCfh,namibia,generic
DQuKrLZDCfh,whiterhino,branded
DRkL8DrjBZz,africat,branded
DRkL8DrjBZz,research,community_other
DRkL8DrjBZz,conservation,generic
DRkL8DrjBZz,namibia,generic
DRkL8DrjBZz,okonjima,community_other
DRkL8DrjBZz,leopard,community_other
DRkL8DrjBZz,pangolin,community_other
DRkL8DrjBZz,brownhyena,community_other
DW69EwJESBc,cheetah,branded
DW69EwJESBc,wildlife,generic
DW69EwJESBc,cats,community_other
DW69EwJESBc,wildliferehab,community_other
DW69EwJESBc,ccfcheetah,branded
DW2bF8jjNJE,cheetah,branded
DW2bF8jjNJE,wildliferescue,community_other
DW2bF8jjNJE,endangered,community_other
DW2bF8jjNJE,cats,community_other
DW2bF8jjNJE,ccfcheetah,branded
DTibOjAjHCe,africat,branded
DTibOjAjHCe,leopard,community_other
DTibOjAjHCe,research,community_other
DTibOjAjHCe,wildlifeconservation,community_other
DTibOjAjHCe,namibia,generic
DRhp-g_DJMg,africat,branded
DRhp-g_DJMg,research,community_other
DRhp-g_DJMg,okonjima,community_other
DRhp-g_DJMg,conservation,generic
DRhp-g_DJMg,leopard,community_other
DRhp-g_DJMg,pangolin,community_other
DRhp-g_DJMg,brownhyena,community_other
DRhp-g_DJMg,wildlifeconservation,community_other
DUJVGkOjxSn,giraffeconservationfoundation,branded
DUJVGkOjxSn,giraffeconservation,branded
DUJVGkOjxSn,tgif,community_other
DUJVGkOjxSn,thankgiraffeitsfriday,campaign
DUJVGkOjxSn,naturelovers,community_other
DUJVGkOjxSn,giraffelovers,branded
DUJVGkOjxSn,giraffe,branded
DUJVGkOjxSn,gcf,community_other
DVimfKujWUT,wearetosco,branded
DVimfKujWUT,jointhemovement,community_other
DVimfKujWUT,travelwithimpact,community_other
DVimfKujWUT,namibia,generic
DWURr-cDbzB,wearetosco,branded
DWURr-cDbzB,elephants,community_other
DWURr-cDbzB,elephantconservation,community_other
DWURr-cDbzB,sustainabletourism,community_other
DWURr-cDbzB,namibia,generic
DVen7U1DDSX,naankuse,branded
DVen7U1DDSX,naankusefoundation,branded
DVen7U1DDSX,naankuseprimaryschool,branded
DVen7U1DDSX,polio,community_other
DVen7U1DDSX,vaccines,community_other
DVen7U1DDSX,vaccinessavelives,community_other
DVl64BGCPgg,naankuse,branded
DVl64BGCPgg,naankusefoundation,branded
DVl64BGCPgg,rhinos,branded
DVl64BGCPgg,foreverharnas,branded
DVl64BGCPgg,stoppoaching,community_other
DVl64BGCPgg,volunteerafrica,community_other
DWW44aTDSt2,wearetosco,branded
DWW44aTDSt2,regennamibia,branded
DWW44aTDSt2,regeneration,community_other
DWW44aTDSt2,agroforestry,community_other
DWW44aTDSt2,sustainabletourism,community_other
DWouAPSEVB9,conservation,generic
DWouAPSEVB9,rabies,community_other
DWouAPSEVB9,wildlifeconservation,community_other
DWouAPSEVB9,cheetahconservation,branded
DWouAPSEVB9,ccfcheetah,branded
DWl7H61DbCB,rabies,community_other
DWl7H61DbCB,rabiesprevention,community_other
DWl7H61DbCB,publichealth,community_other
DWl7H61DbCB,conservation,generic
DWl7H61DbCB,ccfcheetah,branded
DWhFSe_Epwk,cheetah,branded
DWhFSe_Epwk,cheetahsofinstagram,branded
DWhFSe_Epwk,wildliferehab,community_other
DWhFSe_Epwk,cats,community_other
DWhFSe_Epwk,ccfcheetah,branded
DV1dpcLjf4m,regennamibia,branded
DV1dpcLjf4m,wearetosco,branded
DV1dpcLjf4m,jointhemovement,community_other
DV1dpcLjf4m,travelwithimpact,community_other
DV1dpcLjf4m,regeneration,community_other
DV1dpcLjf4m,improvinglivelihoods,community_other
DWaZbb-D-L5,dogs,community_other
DWaZbb-D-L5,dogsofinstagram,community_other
DWaZbb-D-L5,livestockguardiandog,community_other
DWaZbb-D-L5,workingdogs,community_other
DWaZbb-D-L5,ccfcheetah,branded
DVqo_9BgVKV,naankuse,branded
DVqo_9BgVKV,naankusefoundation,branded
DVqo_9BgVKV,lifelineclinic,community_other
DVqo_9BgVKV,healthcare,community_other
DVqo_9BgVKV,doctors,community_other
DVqo_9BgVKV,volunteerafrica,community_other
DWsMJvfjOo5,cheetah,branded
DWsMJvfjOo5,cheetahsofinstagram,branded
DWsMJvfjOo5,cats,community_other
DWsMJvfjOo5,catoftheday,campaign
DWsMJvfjOo5,ccfcheetah,branded
DVtwG76oLp5,naankuse,branded
DVtwG76oLp5,naankusefoundation,branded
DVtwG76oLp5,naankusefamily,branded
DVtwG76oLp5,agriculture,community_other
DVtwG76oLp5,careersinagriculture,community_other
DVtwG76oLp5,susainability,community_other
DVtwG76oLp5,conservation,generic
DVqcuKHmK2G,naankuse,branded
DVqcuKHmK2G,naankusefoundation,branded
DVqcuKHmK2G,equineinternship,community_other
DVqcuKHmK2G,equinecareers,community_other
DVqcuKHmK2G,conservation,generic
DVqcuKHmK2G,careerdreams,community_other
DVjdARTD6tT,naankuse,branded
DVjdARTD6tT,naankusefoundation,branded
DVjdARTD6tT,conservation,generic
DVjdARTD6tT,elephants,community_other
DVjdARTD6tT,groen,community_other
DVjdARTD6tT,kyknet,community_other
DVjdARTD6tT,groennamibie,community_other
DVyJnZlDMPe,namibia,generic
DVyJnZlDMPe,peace,community_other
DVyJnZlDMPe,nature,generic
DVyJnZlDMPe,animals,generic
DVyJnZlDMPe,quite,community_other
DVmCpq8jAER,namibia,generic
DVmCpq8jAER,animals,generic
DVmCpq8jAER,conservation,generic
DVmCpq8jAER,naankuse,branded
DVmCpq8jAER,nature,generic
DWWv0b4kmFB,cheetah,branded
DWWv0b4kmFB,conservation,generic
DWWv0b4kmFB,cmscop15,community_other
DWWv0b4kmFB,wildlife,generic
DWWv0b4kmFB,ccfcheetah,branded
DSvNTG6DxNi,giraffeconservationfoundation,branded
DSvNTG6DxNi,giraffeconservation,branded
DSvNTG6DxNi,tgif,community_other
DSvNTG6DxNi,thankgiraffeitsfriday,campaign
DSvNTG6DxNi,giraffebeauty,branded
DSvNTG6DxNi,savannahsunset,community_other
DSvNTG6DxNi,wildlife,generic
DSvNTG6DxNi,naturelovers,community_other
DSvNTG6DxNi,giraffelovers,branded
DSvNTG6DxNi,giraffe,branded
DSvNTG6DxNi,gcf,community_other
DVrBQE7jEWE,namibia,generic
DVrBQE7jEWE,disconnecttoreconnect,community_other
DVrBQE7jEWE,peace,community_other
DVrBQE7jEWE,quite,community_other
DVrBQE7jEWE,nature,generic
DVwVD1GjiEL,naankuse,branded
DVwVD1GjiEL,naankusefoundation,branded
DVwVD1GjiEL,coastalconservation,community_other
DVwVD1GjiEL,marinelife,community_other
DVwVD1GjiEL,adventure,community_other
DVwVD1GjiEL,volunteerafrica,community_other
DVy5ucnCAYI,naankuse,branded
DVy5ucnCAYI,naankusefoundation,branded
DVy5ucnCAYI,foreverharnas,branded
DVy5ucnCAYI,conservation,generic
DVy5ucnCAYI,rain,community_other
DVy5ucnCAYI,mothernature,community_other
DS0W5kkD2zk,giraffeconservationfoundation,branded
DS0W5kkD2zk,giraffeconservation,branded
DS0W5kkD2zk,keep,community_other
DS0W5kkD2zk,environmentaleducation,community_other
DS0W5kkD2zk,wildlifeeducation,community_other
DS0W5kkD2zk,khomasregion,community_other
DS0W5kkD2zk,natureworkbook,community_other
DS0W5kkD2zk,gcf,community_other
DVthvBkjAAF,namibia,generic
DVthvBkjAAF,disconnecttoreconnect,community_other
DVthvBkjAAF,naankuse,branded
DVthvBkjAAF,sunset,community_other
DVthvBkjAAF,peace,community_other
DU-ncR0jTOc,wearetosco,branded
DU-ncR0jTOc,namibia,generic
DU-ncR0jTOc,conservation,generic
DU-ncR0jTOc,sustainabletourism,community_other
DU-ncR0jTOc,regeneration,community_other
DS8FQVIjdpH,giraffeconservationfoundation,branded
DS8FQVIjdpH,giraffeconservation,branded
DS8FQVIjdpH,happynewyear,community_other
DS8FQVIjdpH,successstories,community_other
DS8FQVIjdpH,conservationsuccess,community_other
DS8FQVIjdpH,giraffepopulations,branded
DS8FQVIjdpH,gcf,community_other
DTGYcjdjeVp,giraffeconservationfoundation,branded
DTGYcjdjeVp,giraffeconservation,branded
DTGYcjdjeVp,southerngiraffe,branded
DTGYcjdjeVp,transboundaryconservation,community_other
DTGYcjdjeVp,ecologicalhealth,community_other
DTGYcjdjeVp,conservationefforts,community_other
DTGYcjdjeVp,communityconservation,community_other
DTGYcjdjeVp,successstories,community_other
DTGYcjdjeVp,gcf,community_other
DS-qEVPADma,giraffeconservationfoundation,branded
DS-qEVPADma,giraffeconservation,branded
DS-qEVPADma,happynewyear,community_other
DS-qEVPADma,happy2026,campaign
DS-qEVPADma,standtallforgiraffe,branded
DS-qEVPADma,giraffe,branded
DS-qEVPADma,gcf,community_other
DTBO21Djf01,giraffeconservationfoundation,branded
DTBO21Djf01,giraffeconservation,branded
DTBO21Djf01,blackandwhite,community_other
DTBO21Djf01,monochromegiraffe,branded
DTBO21Djf01,thankgiraffeitsfriday,campaign
DTBO21Djf01,tgif,community_other
DTBO21Djf01,giraffelovers,branded
DTBO21Djf01,gcf,community_other
DTgIY48D2Bx,giraffeconservationfoundation,branded
DTgIY48D2Bx,giraffeconservation,branded
DTgIY48D2Bx,kaza,community_other
DTgIY48D2Bx,transboundaryconservation,community_other
DTgIY48D2Bx,wildlifeconservation,community_other
DTgIY48D2Bx,gcf,community_other
DTYZ__3jMEy,giraffeconservationfoundation,branded
DTYZ__3jMEy,giraffeconservation,branded
DTYZ__3jMEy,translocation,community_other
DTYZ__3jMEy,wildlifetranslocation,community_other
DTYZ__3jMEy,giraffetranslocation,branded
DTYZ__3jMEy,angolangiraffe,branded
DTYZ__3jMEy,historiclandscapes,community_other
DTYZ__3jMEy,gcf,community_other
DTOG1rZj1Wf,giraffeconservationfoundation,branded
DTOG1rZj1Wf,giraffeconservation,branded
DTOG1rZj1Wf,biodiversity,generic
DTOG1rZj1Wf,wildlifemonitoring,community_other
DTOG1rZj1Wf,etoshaheights,community_other
DTOG1rZj1Wf,etoshamonitoring,community_other
DTOG1rZj1Wf,environmentalassessment,community_other
DTOG1rZj1Wf,biodiversityhealth,community_other
DTOG1rZj1Wf,gcf,community_other
DT8Hxp4DMQV,africat,branded
DT8Hxp4DMQV,research,community_other
DT8Hxp4DMQV,conservation,generic
DT8Hxp4DMQV,hyena,community_other
DT8Hxp4DMQV,leopard,community_other
DT8Hxp4DMQV,pangolin,community_other
DTTQcXSDwcQ,giraffeconservationfoundation,branded
DTTQcXSDwcQ,giraffeconservation,branded
DTTQcXSDwcQ,giraffecalf,branded
DTTQcXSDwcQ,giraffebeauty,branded
DTTQcXSDwcQ,thankgiraffeitsfriday,campaign
DTTQcXSDwcQ,tgif,community_other
DTTQcXSDwcQ,giraffelovers,branded
DTTQcXSDwcQ,gcf,community_other
DTlR_2oEp9y,giraffeconservationfoundation,branded
DTlR_2oEp9y,giraffeconservation,branded
DTlR_2oEp9y,tgif,community_other
DTlR_2oEp9y,thankgiraffeitsfriday,campaign
DTlR_2oEp9y,naturelovers,community_other
DTlR_2oEp9y,giraffelovers,branded
DTlR_2oEp9y,giraffe,branded
DTlR_2oEp9y,gcf,community_other
DU59lkXjDeX,africat,branded
DU59lkXjDeX,research,community_other
DU59lkXjDeX,okonjima,community_other
DU59lkXjDeX,leopard,community_other
DU59lkXjDeX,conservation,generic
DUlV2iNCOB0,africat,branded
DUlV2iNCOB0,research,community_other
DUlV2iNCOB0,conservation,generic
DUlV2iNCOB0,pangolin,community_other
DUlV2iNCOB0,wildlifeconservation,community_other
DUGbxzVDE1m,leopard,community_other
DUGbxzVDE1m,brownhyena,community_other
DUGbxzVDE1m,africat,branded
DUGbxzVDE1m,research,community_other
DUGbxzVDE1m,wildlifeconservation,community_other
DSGA6a6gTQ3,giraffeconservationfoundation,branded
DSGA6a6gTQ3,giraffeconservation,branded
DSGA6a6gTQ3,murchisonfalls,community_other
DSGA6a6gTQ3,nubiangiraffe,branded
DSGA6a6gTQ3,giraffethreats,branded
DSGA6a6gTQ3,longtermmonitoring,community_other
DSGA6a6gTQ3,nubiangiraffe,branded
DSGA6a6gTQ3,ugandawildlife,community_other
DSGA6a6gTQ3,twigatracker,community_other
DSGA6a6gTQ3,standtallforgiraffe,branded
DSGA6a6gTQ3,gcf,community_other
DVJlhV9DD_m,namibia,generic
DVJlhV9DD_m,conservation,generic
DVJlhV9DD_m,ocean,branded
DVJlhV9DD_m,volunteer,community_other
DVJlhV9DD_m,gapyear,community_other
DWOuG89jwy0,conservation,generic
DWOuG89jwy0,education,community_other
DWOuG89jwy0,conservationeducation,community_other
DWOuG89jwy0,cheetahconservation,branded
DWOuG89jwy0,ccfcheetah,branded
DVWk_muDRUJ,naankuse,branded
DVWk_muDRUJ,naankusefoundation,branded
DVWk_muDRUJ,rockhyraxes,community_other
DVWk_muDRUJ,conservation,generic
DVWk_muDRUJ,animalrelease,community_other
DVCCqirFE2-,naankuse,branded
DVCCqirFE2-,naankusefoundation,branded
DVCCqirFE2-,naankusecollection,branded
DVCCqirFE2-,adventure,community_other
DVCCqirFE2-,travel,generic
DVCCqirFE2-,conservation,generic
DVBDGWRjKFU,namibia,generic
DVBDGWRjKFU,volunteerabroad,community_other
DVBDGWRjKFU,volunteer,community_other
DVBDGWRjKFU,naankuse,branded
DVBDGWRjKFU,desert,community_other
DVeTYKBDDi-,naankuse,branded
DVeTYKBDDi-,naankusefoundation,branded
DVeTYKBDDi-,animalrelease,community_other
DVeTYKBDDi-,animalrehabilitation,community_other
DVeTYKBDDi-,birdsofnamibia,branded
DVeTYKBDDi-,conservation,generic
DRwcckvjYNV,givingtuesday,campaign
DRwcckvjYNV,giraffeconservationfoundation,branded
DRwcckvjYNV,giraffeconservation,branded
DRwcckvjYNV,givingtuesday,campaign
DRwcckvjYNV,standtallforgiraffe,branded
DRwcckvjYNV,giraffe,branded
DRwcckvjYNV,giftagiraffe,branded
DRwcckvjYNV,gcf,community_other
DR5IqOsiJb_,giraffeconservationfoundation,branded
DR5IqOsiJb_,giraffeconservation,branded
DR5IqOsiJb_,tgif,community_other
DR5IqOsiJb_,thankgiraffeitsfriday,campaign
DR5IqOsiJb_,giraffenecking,branded
DR5IqOsiJb_,giraffesparring,branded
DR5IqOsiJb_,naturelovers,community_other
DR5IqOsiJb_,giraffelovers,branded
DR5IqOsiJb_,giraffe,branded
DR5IqOsiJb_,gcf,community_other
DVZeWt7AodX,naankuse,branded
DVZeWt7AodX,timbila,community_other
DVZeWt7AodX,rhinoconservation,branded
DVZeWt7AodX,protectourwildlife,community_other
DVZeWt7AodX,guardiansofthewild,community_other
DVZeWt7AodX,naankusefoundation,branded
DV99gHxDCdy,conservation,generic
DV99gHxDCdy,cheetahconservation,branded
DV99gHxDCdy,cheetah,branded
DV99gHxDCdy,cheetahtv,branded
DV99gHxDCdy,ccfcheetah,branded
DVZJxG8gdBv,naankuse,branded
DVZJxG8gdBv,naankusefoundation,branded
DVZJxG8gdBv,wildlifesanctuary,community_other
DVZJxG8gdBv,birdsnamibia,branded
DVZJxG8gdBv,eagles,community_other
DVZJxG8gdBv,conservation,generic
DVZJxG8gdBv,animalrelease,community_other
DVHILyij3Ej,naankuse,branded
DVHILyij3Ej,naankusefoundation,branded
DVHILyij3Ej,lifelineclinic,community_other
DVHILyij3Ej,agriculture,community_other
DVHILyij3Ej,sustainableliving,community_other
DVHILyij3Ej,conservation,generic
DRz_BrsjG0U,giraffeconservationfoundation,branded
DRz_BrsjG0U,giraffeconservation,branded
DRz_BrsjG0U,transboundarymovements,community_other
DRz_BrsjG0U,giraffemovement,branded
DRz_BrsjG0U,sabigamepark,community_other
DRz_BrsjG0U,kruger,community_other
DRz_BrsjG0U,crossbordermovements,community_other
DRz_BrsjG0U,gcf,community_other
DSiVUl0gTF5,giraffeconservationfoundation,branded
DSiVUl0gTF5,giraffeconservation,branded
DSiVUl0gTF5,giraffeafricadatabase,branded
DSiVUl0gTF5,giraffespecies,branded
DSiVUl0gTF5,monitoringgiraffe,branded
DSiVUl0gTF5,giraffepopulation,branded
DSiVUl0gTF5,gcf,community_other
DSQTzsPDRJ6,giraffeconservationfoundation,branded
DSQTzsPDRJ6,giraffecomeback,branded
DSQTzsPDRJ6,giraffeconservation,branded
DSQTzsPDRJ6,protectinggiraffe,branded
DSQTzsPDRJ6,aipoweredcoservation,community_other
DSQTzsPDRJ6,cuttingedgetechnology,community_other
DSQTzsPDRJ6,giraffespotter,branded
DSQTzsPDRJ6,gcf,community_other
DSdLvtCiO9N,giraffeconservationfoundation,branded
DSdLvtCiO9N,giraffeconservation,branded
DSdLvtCiO9N,tgif,community_other
DSdLvtCiO9N,thankgiraffeitsfriday,campaign
DSdLvtCiO9N,giraffeneck,branded
DSdLvtCiO9N,wildlife,generic
DSdLvtCiO9N,naturelovers,community_other
DSdLvtCiO9N,giraffelovers,branded
DSdLvtCiO9N,giraffe,branded
DSdLvtCiO9N,gcf,community_other
DVT5VGnDVSk,naankuse,branded
DVT5VGnDVSk,naankusefoundation,branded
DVT5VGnDVSk,jackals,community_other
DVT5VGnDVSk,animalrehabilitation,community_other
DVT5VGnDVSk,conservation,generic
DVT5VGnDVSk,wildlifesanctuary,community_other
DSqDr_mAgXH,giraffeconservationfoundation,branded
DSqDr_mAgXH,giraffeconservation,branded
DSqDr_mAgXH,standtallforgiraffe,branded
DSqDr_mAgXH,savegiraffe,branded
DSqDr_mAgXH,donate,community_other
DSqDr_mAgXH,giraffehabitats,branded
DSqDr_mAgXH,festiveseason,community_other
DSqDr_mAgXH,gcf,community_other
DSLMZorAZyc,giraffeconservationfoundation,branded
DSLMZorAZyc,giraffeconservation,branded
DSLMZorAZyc,tgif,community_other
DSLMZorAZyc,thankgiraffeitsfriday,campaign
DSLMZorAZyc,girafecalf,community_other
DSLMZorAZyc,naturelovers,community_other
DSLMZorAZyc,giraffelovers,branded
DSLMZorAZyc,giraffe,branded
DSLMZorAZyc,gcf,community_other
DVv5Vyeje89,dogs,community_other
DVv5Vyeje89,workingdogs,community_other
DVv5Vyeje89,cheetahconservation,branded
DVv5Vyeje89,livestockguardiandog,community_other
DVv5Vyeje89,ccfcheetah,branded
DR-SMDzDZx2,giraffeconservationfoundation,branded
DR-SMDzDZx2,giraffeconservation,branded
DR-SMDzDZx2,environmentaleducation,community_other
DR-SMDzDZx2,conservationists,community_other
DR-SMDzDZx2,merunationalpark,community_other
DR-SMDzDZx2,reticulatedgiraffe,branded
DR-SMDzDZx2,wildlifeeducation,community_other
DR-SMDzDZx2,wildlifeprotected,community_other
DR-SMDzDZx2,gcf,community_other
DSYCJfoj4ik,giraffeconservationfoundation,branded
DSYCJfoj4ik,giraffeconservation,branded
DSYCJfoj4ik,maraecosystem,community_other
DSYCJfoj4ik,masaigiraffe,branded
DSYCJfoj4ik,giraffesurveys,branded
DSYCJfoj4ik,longtermmonitoring,community_other
DSYCJfoj4ik,gcf,community_other
DVavhOlDFHe,namibia,generic
DVavhOlDFHe,naankuse,branded
DVavhOlDFHe,lion,community_other
DVavhOlDFHe,elephant,community_other
DVavhOlDFHe,conservation,generic
DRsQo-BARQL,givingtuesday,campaign
DRsQo-BARQL,giraffeconservationfoundation,branded
DRsQo-BARQL,giraffeconservation,branded
DRsQo-BARQL,wildlife,generic
DRsQo-BARQL,spinedeformity,community_other
DRsQo-BARQL,raresighting,community_other
DRsQo-BARQL,giraffeautonamy,branded
DRsQo-BARQL,gcf,community_other
DVO3p9GDGew,naankuse,branded
DVO3p9GDGew,conservation,generic
DVO3p9GDGew,namibia,generic
DVO3p9GDGew,rhino,branded
DVO3p9GDGew,endangeredspecies,community_other
DWAqKGpkuSD,africanwilddogs,community_other
DWAqKGpkuSD,cheetah,branded
DWAqKGpkuSD,conservation,generic
DWAqKGpkuSD,ccfcheetah,branded
DWFHDlUj2ZX,cheetah,branded
DWFHDlUj2ZX,wildlifeconservation,community_other
DWFHDlUj2ZX,conservation,generic
DWFHDlUj2ZX,cmscop15,community_other
DWFHDlUj2ZX,ccfcheetah,branded
DV7XJOljNi_,cheetah,branded
DV7XJOljNi_,cheetahsofinstagram,branded
DV7XJOljNi_,cheetahconservation,branded
DV7XJOljNi_,cats,community_other
DV7XJOljNi_,ccfcheetah,branded
DWCI-u-Ee46,cheetah,branded
DWCI-u-Ee46,wildlife,generic
DWCI-u-Ee46,conservation,generic
DWCI-u-Ee46,cheetahconservation,branded
DWCI-u-Ee46,ccfcheetah,branded
DXJ6PfWFpCF,horizonbyongava,branded
DXUHBZnltwo,horizonbyongava,branded
DWHfqggD7KW,cheetah,branded
DWHfqggD7KW,rewilding,community_other
DWHfqggD7KW,conservation,generic
DWHfqggD7KW,worldrewildingday,campaign
DWHfqggD7KW,ccfcheetah,branded
DXMYTYjlr_q,horizonbyongava,branded
DXQx2jFFrjg,horizonbyongava,branded
DXG8IUMDeZj,horizonbyongava,branded
DXG8IUMDeZj,ongava,branded
DXG8IUMDeZj,namibia,generic
DXO2QOUln2I,horizonbyongava,branded
DUtRbGeCDvW,groennamibië,community_other
DUtRbGeCDvW,wildliferehabilitation,community_other
DUtRbGeCDvW,secondchances,community_other
DUtRbGeCDvW,namibia,generic
DXbe6nYCnwx,ourplanet,community_other
DXbe6nYCnwx,ourpower,community_other
DXbe6nYCnwx,earthday2026,campaign
DXbe6nYCnwx,earthday2026,campaign
DXbe6nYCnwx,ourplanetourpower,community_other
DXbe6nYCnwx,sustainablefuture,community_other
DXbe6nYCnwx,climateaction,community_other
DUi-O5xmKYK,naankuse,branded
DUi-O5xmKYK,naankusefoundation,branded
DUi-O5xmKYK,elephants,community_other
DUi-O5xmKYK,conservation,generic
DUi-O5xmKYK,onlyattimbila,community_other
DUqspAglZWX,naankuse,branded
DUqspAglZWX,naankusefoundation,branded
DUqspAglZWX,hippos,community_other
DUqspAglZWX,hippolife,community_other
DUqspAglZWX,conservation,generic
DU0pr3KjK2K,nambia,community_other
DU0pr3KjK2K,swakopmund,community_other
DU0pr3KjK2K,naankuse,branded
DU0pr3KjK2K,desert,community_other
DU0pr3KjK2K,quadbiking,community_other
DUv9CdXiIPB,naankuse,branded
DUv9CdXiIPB,naankusefoundation,branded
DUv9CdXiIPB,foreverharnas,branded
DUv9CdXiIPB,vervetmonkeys,community_other
DUv9CdXiIPB,valentine,community_other
DUv9CdXiIPB,bemyvalentine,community_other
DUk1QjjDDWR,namibia,generic
DUk1QjjDDWR,naankuse,branded
DUk1QjjDDWR,volunteer,community_other
DUk1QjjDDWR,baboon,community_other
DUk1QjjDDWR,wildlife,generic
DUoHy9SjDWf,naankuse,branded
DUoHy9SjDWf,naankusefoundation,branded
DUoHy9SjDWf,conservation,generic
DUoHy9SjDWf,lions,community_other
DUoHy9SjDWf,bigcats,community_other
DUoHy9SjDWf,animalrehabilitation,community_other
DU81AbnCf5j,naankuse,branded
DU81AbnCf5j,naankusefoundation,branded
DU81AbnCf5j,lifelineclinic,community_other
DU81AbnCf5j,healthcare,community_other
DU81AbnCf5j,hygiene,community_other
DU_MJCCghr8,naankuse,branded
DU_MJCCghr8,naankusefoundation,branded
DU_MJCCghr8,groennamibie,community_other
DU_MJCCghr8,lions,community_other
DU_MJCCghr8,conservation,generic
DU_MJCCghr8,bigcats,community_other
DU0kTVJiYGd,naankuse,branded
DU0kTVJiYGd,naankusefoundation,branded
DU0kTVJiYGd,conservation,generic
DU0kTVJiYGd,teamspirit,community_other
DU0kTVJiYGd,naankuseprimaryschool,branded
DU0kTVJiYGd,athletics,community_other
DU8KNrLDLWc,naankuse,branded
DU8KNrLDLWc,reels,community_other
DU8KNrLDLWc,oceanconservation,branded
DU8KNrLDLWc,namibia,generic
DU8KNrLDLWc,volunteer,community_other
DRDKx7WjEV0,giraffeconservationfoundation,branded
DRDKx7WjEV0,giraffeconservation,branded
DRDKx7WjEV0,tgif,community_other
DRDKx7WjEV0,thankgiraffeitsfriday,campaign
DRDKx7WjEV0,babyboom,community_other
DRDKx7WjEV0,babygiraffe,branded
DRDKx7WjEV0,giraffebeauty,branded
DRDKx7WjEV0,naturelovers,community_other
DRDKx7WjEV0,giraffelovers,branded
DRDKx7WjEV0,giraffe,branded
DRDKx7WjEV0,gcf,community_other
DVZ3LZRElaC,conservation,generic
DVZ3LZRElaC,cheetahconservation,branded
DVZ3LZRElaC,wildlife,generic
DVZ3LZRElaC,cheetahs,branded
DVZ3LZRElaC,ccfcheetah,branded
DVXZSXLDLb0,landrover,community_other
DVXZSXLDLb0,goats,community_other
DVXZSXLDLb0,goatsofinstagram,community_other
DVXZSXLDLb0,cheetahconservation,branded
DVXZSXLDLb0,ccfcheetah,branded
DVoFl_YDezG,internationalwomensday,campaign
DVoFl_YDezG,womeninscience,community_other
DVoFl_YDezG,conservation,generic
DVoFl_YDezG,ccfcheetah,branded
DVghGJuDbWD,worldbookday,campaign
DVghGJuDbWD,reading,community_other
DVghGJuDbWD,cheetah,branded
DVghGJuDbWD,cheetahconservation,branded
DVghGJuDbWD,ccfcheetah,branded
DVeHLEsEZn4,cheetahtv,branded
DVeHLEsEZn4,conservation,generic
DVeHLEsEZn4,wildlife,generic
DVeHLEsEZn4,cheetahconservation,branded
DVeHLEsEZn4,ccfcheetah,branded
DVteIrHkpr9,cheetah,branded
DVteIrHkpr9,cheetahconservation,branded
DVteIrHkpr9,cats,community_other
DVteIrHkpr9,wildliferehab,community_other
DVteIrHkpr9,ccfcheetah,branded
DQ2L-kBgaVr,standtallforgiraffe,branded
DQ2L-kBgaVr,giraffeconservationfoundation,branded
DQ2L-kBgaVr,giraffeconservation,branded
DQ2L-kBgaVr,giraffespotter,branded
DQ2L-kBgaVr,giraffeidentification,branded
DQ2L-kBgaVr,protectinggiraffe,branded
DQ2L-kBgaVr,giraffesightings,branded
DQ2L-kBgaVr,gcf,community_other
DQ96W0vD9A5,giraffeconservationfoundation,branded
DQ96W0vD9A5,giraffeconservation,branded
DQ96W0vD9A5,luangwagiraffe,branded
DQ96W0vD9A5,luangwavalley,community_other
DQ96W0vD9A5,gpstagging,community_other
DQ96W0vD9A5,movementpatterns,community_other
DQ96W0vD9A5,evidencebasedconservation,community_other
DQ96W0vD9A5,gcf,community_other
DVqtQN1Deaf,namibia,generic
DVqtQN1Deaf,travel,generic
DVqtQN1Deaf,artist,community_other
DVqtQN1Deaf,conservation,generic
DVqtQN1Deaf,ccfcheetah,branded
DVe15yLj6YW,cheetah,branded
DVe15yLj6YW,cheetahsofinstagram,branded
DVe15yLj6YW,cats,community_other
DVe15yLj6YW,wildliferehab,community_other
DVe15yLj6YW,ccfcheetah,branded
DRVFd6ziFlp,giraffeconservationfoundation,branded
DRVFd6ziFlp,giraffeconservation,branded
DRVFd6ziFlp,tgif,community_other
DRVFd6ziFlp,thankgiraffeitsfriday,campaign
DRVFd6ziFlp,giraffebeauty,branded
DRVFd6ziFlp,masaigiraffe,branded
DRVFd6ziFlp,savannahlandscape,community_other
DRVFd6ziFlp,naturelovers,community_other
DRVFd6ziFlp,giraffelovers,branded
DRVFd6ziFlp,giraffe,branded
DRVFd6ziFlp,gcf,community_other
DRaPEBQjOK7,giraffeconservationfoundation,branded
DRaPEBQjOK7,giraffeconservation,branded
DRaPEBQjOK7,environmentaleducation,community_other
DRaPEBQjOK7,waterconservation,community_other
DRaPEBQjOK7,keep,community_other
DRaPEBQjOK7,handsonexperience,community_other
DRaPEBQjOK7,gcf,community_other
DRIGtULDGKm,giraffeconservationfoundation,branded
DRIGtULDGKm,giraffeconservation,branded
DRIGtULDGKm,translocations,community_other
DRIGtULDGKm,giraffetranslocations,branded
DRIGtULDGKm,proectinggiraffe,branded
DRIGtULDGKm,conservationaction,community_other
DRIGtULDGKm,humanwildlifeconflict,community_other
DRIGtULDGKm,gcf,community_other
DVRbbXIiHaN,naankuse,branded
DVRbbXIiHaN,naankusefoundation,branded
DVRbbXIiHaN,lions,community_other
DVRbbXIiHaN,bigcats,community_other
DVRbbXIiHaN,conservation,generic
DVRbbXIiHaN,groen,community_other
DVRbbXIiHaN,kyknet,community_other
DVSdPEfDGlm,landrover,community_other
DVSdPEfDGlm,diy,community_other
DVSdPEfDGlm,surprise,community_other
DVSdPEfDGlm,cheetahconservation,branded
DVSdPEfDGlm,ccfcheetah,branded
DQpT_FHjeeA,giraffeconservationfoundation,branded
DQpT_FHjeeA,giraffeconservation,branded
DQpT_FHjeeA,etosha,community_other
DQpT_FHjeeA,natureinfocus,community_other
DQpT_FHjeeA,wildfires,community_other
DQpT_FHjeeA,savannahfires,community_other
DQpT_FHjeeA,nature,generic
DQpT_FHjeeA,gcf,community_other
DQr4xc2jBxf,giraffeconservationfoundation,branded
DQr4xc2jBxf,giraffeconservation,branded
DQr4xc2jBxf,geneticstudies,community_other
DQr4xc2jBxf,giraffebiopsy,branded
DQr4xc2jBxf,tissuesamples,community_other
DQr4xc2jBxf,genomeanalysis,community_other
DQr4xc2jBxf,gcf,community_other
DVHpOKMj7dH,cheetah,branded
DVHpOKMj7dH,cheetahsofinstagram,branded
DVHpOKMj7dH,cats,community_other
DVHpOKMj7dH,wildliferehab,community_other
DVHpOKMj7dH,ccfcheetah,branded
DWgSNwADO1W,teamnosleep,community_other
DUtUiVNjyqn,valentines,community_other
DUtUiVNjyqn,valentinesday,campaign
DUtUiVNjyqn,dogs,community_other
DUtUiVNjyqn,workingdogs,community_other
DUtUiVNjyqn,ccfcheetah,branded
DVGseIDDyuy,conservation,generic
DVGseIDDyuy,education,community_other
DVGseIDDyuy,cheetahconservation,branded
DVGseIDDyuy,stem,community_other
DVGseIDDyuy,ccfcheetah,branded
DVPx65yjFAk,cheetah,branded
DVPx65yjFAk,cheetahsofinstagram,branded
DVPx65yjFAk,wildliferescue,community_other
DVPx65yjFAk,cheetahconservation,branded
DVPx65yjFAk,ccfcheetah,branded
DU--e3nDTLy,cheetah,branded
DU--e3nDTLy,wildliferescue,community_other
DU--e3nDTLy,wildliferehab,community_other
DU--e3nDTLy,cats,community_other
DU--e3nDTLy,ccfcheetah,branded
DUwbUUNj_NO,taylorswift,community_other
DUwbUUNj_NO,cheetah,branded
DUwbUUNj_NO,valentinesday,campaign
DUwbUUNj_NO,cheetahconservation,branded
DUwbUUNj_NO,ccfcheetah,branded
DWOp8pRgrY-,inlandfisheries,community_other
DWOp8pRgrY-,communityengagement,community_other
DWOp8pRgrY-,sustainablefisheries,community_other
DWOp8pRgrY-,zambezi,community_other
DVKnOCFkeoh,cheetahconservation,branded
DVKnOCFkeoh,publichealth,community_other
DVKnOCFkeoh,rabies,community_other
DVKnOCFkeoh,conservation,generic
DVKnOCFkeoh,ccfcheetah,branded
DWI1jSjCECU,independenceday2026,campaign
DVRh1txjwyW,cheetahconservation,branded
DVRh1txjwyW,landrover,community_other
DVRh1txjwyW,restorationproject,community_other
DVRh1txjwyW,conservation,generic
DVRh1txjwyW,ccfcheetah,branded
DXG_Rg6gKjW,climateaction,community_other
DXG_Rg6gKjW,climateadaptation,community_other
DXG_Rg6gKjW,climatechange,community_other
DXG_Rg6gKjW,resilience,community_other
DXG_Rg6gKjW,nationaladaptationplan,community_other
DXG_Rg6gKjW,partnershipsforthegoals,community_other
DXGuQgdClUM,appliedresearch,community_other
DXGuQgdClUM,partnership,community_other
DXGuQgdClUM,conservationinaction,community_other
DRh9fYtF7oD,giraffeconservationfoundation,branded
DRh9fYtF7oD,giraffeconservation,branded
DRh9fYtF7oD,masaimara,community_other
DRh9fYtF7oD,fences,community_other
DRh9fYtF7oD,humanwildlifeconflict,community_other
DRh9fYtF7oD,coexistence,community_other
DRh9fYtF7oD,gpstags,community_other
DRh9fYtF7oD,movementecology,community_other
DRh9fYtF7oD,gcf,community_other
DWIr7PTE4-T,forestrestoration,community_other
DWIr7PTE4-T,climatevariability,community_other
DWIr7PTE4-T,internationaldayofforests,campaign
DQkKY5FCLco,giraffeconservationfoundation,branded
DQkKY5FCLco,giraffeconservation,branded
DQkKY5FCLco,giraffeconservation,branded
DQkKY5FCLco,annualreport,community_other
DQkKY5FCLco,wildliferesearch,community_other
DQkKY5FCLco,conservationimpact,community_other
DQkKY5FCLco,teamwork,community_other
DQkKY5FCLco,africa,generic
DQkKY5FCLco,gcf,community_other
DRnHDGCDVEp,giraffeconservationfoundation,branded
DRnHDGCDVEp,giraffeconservation,branded
DRnHDGCDVEp,tgif,community_other
DRnHDGCDVEp,reticulatedgiraffe,branded
DRnHDGCDVEp,thankgiraffeitsfriday,campaign
DRnHDGCDVEp,giraffebeauty,branded
DRnHDGCDVEp,naturelovers,community_other
DRnHDGCDVEp,giraffelovers,branded
DRnHDGCDVEp,giraffe,branded
DRnHDGCDVEp,gcf,community_other
DRjkb12glvq,thanksgiving,community_other
DRjkb12glvq,standtallforgiraffe,branded
DRjkb12glvq,giraffeconservation,branded
DRjkb12glvq,gratitude,community_other
DRjkb12glvq,giraffeconservationfoundation,branded
DRjkb12glvq,giraffe,branded
DRjkb12glvq,gcf,community_other
DU5pU_UjQsQ,cheetah,branded
DU5pU_UjQsQ,cheetahcubs,branded
DU5pU_UjQsQ,cheetahconservation,branded
DU5pU_UjQsQ,fahlo,community_other
DU5pU_UjQsQ,ccfcheetah,branded
DVyESaDDdiT,solsquare,community_other
DR1lAl1DNyj,worldcheetahday,campaign
DSVAuMcDEaR,wildlifecredits,community_other
DSVAuMcDEaR,communityconservation,community_other
DSVAuMcDEaR,zambezi,community_other
DSVAuMcDEaR,conservationnamibia,branded
DVOUUsFiHNk,warmbad,community_other
DVOUUsFiHNk,karasburg,community_other
DVOUUsFiHNk,nationalmuseumofnamibia,branded
DVOUUsFiHNk,biodiversityresearch,community_other
DVOUUsFiHNk,namibianature,branded
DVOUUsFiHNk,fieldwork,community_other
DVOUUsFiHNk,conservationscience,community_other
DVOUUsFiHNk,gariepcentre,community_other
DVOUUsFiHNk,environmentalresearch,community_other
DVOUUsFiHNk,protectourplanet,community_other
DVOUUsFiHNk,scienceinaction,community_other
DVOUUsFiHNk,museumlife,community_other
DVOUUsFiHNk,africanbiodiversity,community_other
DVOUUsFiHNk,sustainablefuture,community_other
DRZpsCYDKQo,youthforclimate,community_other
DRZpsCYDKQo,climateactionnow,community_other
DRZpsCYDKQo,biodiversityeconomy,community_other
DRZpsCYDKQo,naturebasedsolutions,community_other
DRjpDiHjHFV,bushmanhoney,community_other
DRjpDiHjHFV,youthinconservation,community_other
DRjpDiHjHFV,beekeepingforchange,community_other
DUi1DKFEswt,cheetah,branded
DUi1DKFEswt,cheetahsofinstagram,branded
DUi1DKFEswt,cheetahconservation,branded
DUi1DKFEswt,wildlifephotography,generic
DUi1DKFEswt,ccfcheetah,branded
DRbhlL9jFj-,kunenehighlands,community_other
DRbhlL9jFj-,elephantconservation,community_other
DVakVfSCFgS,worldwildlifeday,campaign
DVakVfSCFgS,conservationinaction,community_other
DVakVfSCFgS,communityconservation,community_other
DVakVfSCFgS,biodiversity,generic
DVakVfSCFgS,sustainabledevelopment,community_other
DUq4ZLtj73l,womeninscience,community_other
DUq4ZLtj73l,womeninstem,community_other
DUq4ZLtj73l,conservation,generic
DUq4ZLtj73l,cheetahconservation,branded
DUq4ZLtj73l,ccfcheetah,branded
DU-z_9ziHyK,oceanoptimism,branded
DU-z_9ziHyK,mafwlr,community_other
DU-z_9ziHyK,nnf,branded
DU-z_9ziHyK,baf,community_other
DU-z_9ziHyK,bbp,community_other
DTe7EkljNLD,wwfnamibia,branded
DTe7EkljNLD,forpeoplefornature,community_other
DTe7EkljNLD,requestforproposals,community_other
DTe7EkljNLD,climateresilience,community_other
DVdH45gAVk4,communityconservation,community_other
DVdH45gAVk4,erongo,community_other
DVdH45gAVk4,eueiaproject,community_other
DVdH45gAVk4,nacso,branded
DVdH45gAVk4,namibia,generic
DVslJUkiCXw,environmentalgovernance,community_other
DVslJUkiCXw,eia,community_other
DVslJUkiCXw,environmentalimpactassessment,community_other
DVslJUkiCXw,cbnrm,community_other
DVslJUkiCXw,communityvoices,community_other
DVslJUkiCXw,responsibledevelopment,community_other
DVslJUkiCXw,sustainabledevelopment,community_other
DVslJUkiCXw,naturalresources,community_other
DVslJUkiCXw,namibiaconservation,branded
DVslJUkiCXw,euinnamibia,branded
DVslJUkiCXw,environmentallaw,community_other
DVslJUkiCXw,stakeholderdialogue,community_other
DVslJUkiCXw,protectnature,community_other
DVslJUkiCXw,namibia,generic
DWGMzA5iEYq,communityconservation,community_other
DWGMzA5iEYq,sustainablefisheries,community_other
DWGMzA5iEYq,communityfisheries,community_other
DWGMzA5iEYq,inlandfisheries,community_other
DWGMzA5iEYq,zambezi,community_other
DWGMzA5iEYq,kazaregion,community_other
DWGMzA5iEYq,kazatfca,community_other
DWGMzA5iEYq,namibia,generic
DVqFzwkiKC1,bwabwatanationalpark,community_other
DVqFzwkiKC1,treeplanting,community_other
DVqFzwkiKC1,climateaction,community_other
DVqFzwkiKC1,sustainability,generic
DVqFzwkiKC1,biodiversity,generic
DVqFzwkiKC1,restorenature,community_other
DVqFzwkiKC1,forestrestoration,community_other
DVqFzwkiKC1,landrestoration,community_other
DVqFzwkiKC1,naturebasedsolutions,community_other
DVqFzwkiKC1,climateresilience,community_other
DVqFzwkiKC1,communityconservation,community_other
DVqFzwkiKC1,climateadaptation,community_other
DVqFzwkiKC1,sustainablefutures,community_other
DQwc21VjCay,namibiaforlife,branded
DQwc21VjCay,pfp,community_other
DQwc21VjCay,conservationfinance,community_other
DQwc21VjCay,communityconservation,community_other
DQwc21VjCay,partnershipsfornature,community_other
DSRfVglE9R7,nbri,community_other
DSRfVglE9R7,mnm,community_other
DSRfVglE9R7,nnf,branded
DSRfVglE9R7,windhoek,community_other
DSRfVglE9R7,nnf,branded
DSRfVglE9R7,nbri,community_other
DSRfVglE9R7,nmn,community_other
DSRfVglE9R7,namibia,generic
DSRfVglE9R7,namibianaturefoundation,branded
DSRfVglE9R7,jrsbiodiversityfoundation,community_other
DSRfVglE9R7,specifydatabase,community_other
DSRfVglE9R7,biodiversitydata,community_other
DSRfVglE9R7,capacitybuilding,community_other
DSRfVglE9R7,conservationplanning,community_other
DSRfVglE9R7,naturalhistorycollections,community_other
DSRfVglE9R7,biodiversityinformatics,community_other
DSRfVglE9R7,namibiabiodiversity,branded
DSRfVglE9R7,datamanagement,community_other
DSUdHpljhNG,1,community_other
DUak3CWihKh,fish,community_other
DUIs9smjU9U,vitenskapsmuseet,community_other
DUIs9smjU9U,ntnuvitenskapsmuseet,community_other
DQ_R3ppjGei,throwback,community_other
DQ_R3ppjGei,youthfornature,community_other
DQ_R3ppjGei,bioeconomy,community_other
DQ_R3ppjGei,africabiodiversitysummit,community_other
DR_9tu4DEa9,cleanup,community_other
DR_9tu4DEa9,conservation,generic
DR_9tu4DEa9,protectnature,community_other
DRUoRnVip6U,worldfisheriesday,campaign
DRyly-3Elxh,environmental,community_other
DRyly-3Elxh,socioeconomic,community_other
DRyly-3Elxh,eia,community_other
DRyly-3Elxh,communityengagement,community_other
DRyly-3Elxh,mining,community_other
DRyly-3Elxh,sustain,community_other
DRyly-3Elxh,naturalresources,community_other
DRyly-3Elxh,naturalres,community_other
DRyly-3Elxh,sustain,community_other
DRUeLV4kVdA,essconnect,community_other
DRUeLV4kVdA,environmentalsafeguards,community_other
DRUeLV4kVdA,inclusivedevelopment,community_other
DRUeLV4kVdA,fpic,community_other
DRUeLV4kVdA,sustainabledevelopment,community_other
DRUeLV4kVdA,namibia,generic
DRUeLV4kVdA,communityofpractice,community_other
DRUeLV4kVdA,rightsbasedapproach,community_other
DRUeLV4kVdA,climateaction,community_other
DRUeLV4kVdA,conservation,generic
DRylxXvCGVv,ilk,community_other
DRylxXvCGVv,iplcs,community_other
DRylxXvCGVv,iplc,community_other
DRylxXvCGVv,ilk,community_other
DRylxXvCGVv,ilk,community_other
DRylxXvCGVv,indigenousknowledge,community_other
DRylxXvCGVv,namibiaconservation,branded
DRylxXvCGVv,biodiversity,generic
DRylxXvCGVv,iplcs,community_other
DRylxXvCGVv,policyintegration,community_other
DRylxXvCGVv,unesco,community_other
DRylxXvCGVv,meft,community_other
DRylxXvCGVv,benefitsharing,community_other
DRylxXvCGVv,futureofconservation,community_other
DTxnqemDkJW,sajorec,community_other
DTxnqemDkJW,wbg,community_other
DRkDGmqil3i,cbnrm,community_other
DRkDGmqil3i,ypas,community_other
DUGAYhbjqCg,savetherhinotrust,branded
DUGAYhbjqCg,rhinorangers,branded
DUGAYhbjqCg,rangerwelfare,community_other
DU3V6-wjMVm,wwfnamibia,branded
DU3V6-wjMVm,conservation,generic
DU3V6-wjMVm,namibia,generic
DU3V6-wjMVm,oecm,community_other
DU3V6-wjMVm,30x30,community_other
DSmTYczjsqm,savetherhinotrust,branded
DSmTYczjsqm,conservationmatters,community_other
DTw-cFFjt7_,savetherhino,branded
DTw-cFFjt7_,blackrhino,branded
DTw-cFFjt7_,rhinoconservation,branded
DUDNt00DuTz,savetherhino,branded
DUDNt00DuTz,blackrhino,branded
DUDNt00DuTz,rhinoconservation,branded
DXOW8EeCnoE,plantofthemonth,campaign
DXOW8EeCnoE,quivertree,community_other
DXOW8EeCnoE,namibia,generic
DXOW8EeCnoE,fypppppppppppppppppppppppppppppppppppppppppppppppppppppppppppppppppppppp,community_other
DS1wKIEjqZf,savetherhino,branded
DS1wKIEjqZf,humblebeginnings,community_other
DS1wKIEjqZf,rhinoconservation,branded
DXeGKudihBK,earthday2026,campaign
DXeGKudihBK,ourplanetourpower,community_other
DXeGKudihBK,nnf,branded
DXeGKudihBK,earthday2026,campaign
DXeGKudihBK,ourplanetourpower,community_other
DXeGKudihBK,nyce,community_other
DXeGKudihBK,nce,community_other
DXeGKudihBK,committedtoconservation,community_other
DXeGKudihBK,marineconservation,community_other
DXeGKudihBK,nimpaplus,community_other
DXeGKudihBK,nimpa,community_other
DXeGKudihBK,oceanoptimism,branded
DXeGKudihBK,baf,community_other
DXeGKudihBK,namibia,generic
DXeGKudihBK,coastalconservation,community_other
DXeGKudihBK,namibianmedialandscape,branded
DTHxtDGDjph,savetherhino,branded
DTHxtDGDjph,blackrhino,branded
DTHxtDGDjph,communityconservation,community_other
DXbo4bICltt,earthday2026,campaign
DXbo4bICltt,ourplanetourpower,community_other
DXbo4bICltt,environmentalcommunication,community_other
DXbo4bICltt,sustainability,generic
DXbo4bICltt,namibia,generic
DQ_hY2pDcxc,smart,community_other
DQ_hY2pDcxc,smart,community_other
DRKJ-EZigFp,impacttank,community_other
DRCbRmxja_O,combattingwiildlifecrime,community_other
DRCbRmxja_O,partnersincombattingwildlifecrime,community_other
DRCbRmxja_O,conservation,generic
DRCbRmxja_O,iwt,community_other
DRCbRmxja_O,biodiversity,generic
DRCbRmxja_O,lawenforcement,community_other
DRCbRmxja_O,resourcemanagement,community_other
DRCbRmxja_O,environment,community_other
DRCbRmxja_O,forestreserves,community_other
DRCbRmxja_O,communityforests,community_other
DRCbRmxja_O,stateforests,community_other
DRCbRmxja_O,forestcrimes,community_other
DRCbRmxja_O,climatechange,community_other
DT2pb6hiLJo,communityconservation,community_other
DT2pb6hiLJo,protectnamibia,branded
DT2pb6hiLJo,publicconsultations,community_other
DT2pb6hiLJo,namibiaenvironment,branded
DT2pb6hiLJo,haveyoursay,community_other
DT2pb6hiLJo,sustainabledevelopment,community_other
DT2pb6hiLJo,inclusivepolicy,community_other
DT2HsqsjWhH,humanwildlifecoexistence,community_other
DT2HsqsjWhH,protectnamibia,branded
DT2HsqsjWhH,protectsadc,community_other
DT2HsqsjWhH,cbnrm,community_other
DT2HsqsjWhH,communityconservation,community_other
DT2HsqsjWhH,botswana,community_other
DT2HsqsjWhH,policydialogue,community_other
DRTyj6qimZ8,fieldwork,community_other
DRTyj6qimZ8,biodiversity,generic
DRTyj6qimZ8,desertsucculents,community_other
DRTyj6qimZ8,plantsofnamibia,branded
DSZ25aFj-dD,desertlandscapes,community_other
DSZ25aFj-dD,namibdesert,community_other
DSZ25aFj-dD,dunes,community_other
DSZ25aFj-dD,geomorphology,community_other
DXPmUSmAsWS,giraffeconservationfoundation,branded
DXPmUSmAsWS,giraffeconservation,branded
DXPmUSmAsWS,motherandcalfgiraffe,branded
DXPmUSmAsWS,giraffecalf,branded
DXPmUSmAsWS,cutegiraffe,branded
DXPmUSmAsWS,thankgiraffeitsfriday,campaign
DXPmUSmAsWS,tgif,community_other
DXPmUSmAsWS,gcf,community_other
DXUv-0KjLn4,giraffeconservationfoundation,branded
DXUv-0KjLn4,giraffeconservation,branded
DXUv-0KjLn4,rivercrossing,community_other
DXUv-0KjLn4,giraffespecies,branded
DXUv-0KjLn4,giraffe,branded
DXUv-0KjLn4,landscapechanges,community_other
DXUv-0KjLn4,rivers,community_other
DXUv-0KjLn4,gcf,community_other
DWEnQrpO-q8,africat,branded
DWEnQrpO-q8,research,community_other
DWEnQrpO-q8,leopard,community_other
DWEnQrpO-q8,namibia,generic
DWEnQrpO-q8,conservation,generic
DV84SaljvmX,africat,branded
DV84SaljvmX,research,community_other
DV84SaljvmX,pangolin,community_other
DV84SaljvmX,wildlifeconservation,community_other
DV84SaljvmX,namibia,generic
DVbcgVLDPGM,africat,branded
DVbcgVLDPGM,research,community_other
DVbcgVLDPGM,leopard,community_other
DVbcgVLDPGM,conservation,generic
DVbcgVLDPGM,okonjima,community_other
DWb7j2uDMKS,africat,branded
DWb7j2uDMKS,namibia,generic
DWb7j2uDMKS,wildlifeconservation,community_other
DWb7j2uDMKS,research,community_other
DWb7j2uDMKS,leopard,community_other
DVRGvV1DNZT,africat,branded
DVRGvV1DNZT,research,community_other
DVRGvV1DNZT,okonjima,community_other
DVRGvV1DNZT,leopard,community_other
DVRGvV1DNZT,conservation,generic
DWMgGWFjOeC,africat,branded
DWMgGWFjOeC,wildlifeconservation,community_other
DWMgGWFjOeC,leopard,community_other
DWMgGWFjOeC,pangolin,community_other
DWMgGWFjOeC,hyena,community_other
DVq2xA8DRA_,africat,branded
DVq2xA8DRA_,research,community_other
DVq2xA8DRA_,namibia,generic
DVq2xA8DRA_,brownhyena,community_other
DVq2xA8DRA_,conservation,generic
DVykjIEDLEb,africat,branded
DVykjIEDLEb,research,community_other
DVykjIEDLEb,brownhyena,community_other
DVykjIEDLEb,okonjima,community_other
DVykjIEDLEb,wildlifeconservation,community_other
DXKc58qjZ0A,giraffeconservationfoundation,branded
DXKc58qjZ0A,giraffeconservation,branded
DXKc58qjZ0A,ionanationalpark,community_other
DXKc58qjZ0A,angolangiraffe,branded
DXKc58qjZ0A,giraffe,branded
DXKc58qjZ0A,restorationecology,community_other
DXKc58qjZ0A,giraffetranslocation,branded
DXKc58qjZ0A,speciesdistribution,community_other
DXKc58qjZ0A,wildlifetranslocation,community_other
DXKc58qjZ0A,gcf,community_other
DXoAP_2lqoE,naankuse,branded
DXoAP_2lqoE,naankusefoundation,branded
DXoAP_2lqoE,teacherspotlight,community_other
DXhA84pFEFq,wildfit,community_other
DXhA84pFEFq,theultimatenaturerace,community_other
DW6x4dRjNxf,africat,branded
DW6x4dRjNxf,pangolin,community_other
DW6x4dRjNxf,research,community_other
DW6x4dRjNxf,wildlifeconservation,community_other
DW6x4dRjNxf,namibia,generic
DV3Sws3jIWU,elephantconservation,community_other
DV3Sws3jIWU,kunenehighlands,community_other
DV3Sws3jIWU,wildlifetracking,community_other
DWtzXr8ODrc,africat,branded
DWtzXr8ODrc,research,community_other
DWtzXr8ODrc,okonjima,community_other
DWtzXr8ODrc,leopard,community_other
DWtzXr8ODrc,conservation,generic
DXwqAO0Fugv,naankuse,branded
DXwqAO0Fugv,naankusefoundation,branded
DWUGbt-DAvh,cbnrm2026,campaign
DWUGbt-DAvh,conservationnamibia,branded
DWUGbt-DAvh,communityempowerment,community_other
DWUGbt-DAvh,meft,community_other
DWUGbt-DAvh,sustainabletourism,community_other
DVLyohjjzzO,nacso,branded
DVLyohjjzzO,communitygovernance,community_other
DVLyohjjzzO,cbnrm,community_other
DXexE6XjJDv,africat,branded
DXexE6XjJDv,research,community_other
DXexE6XjJDv,conservation,generic
DXexE6XjJDv,leopard,community_other
DXexE6XjJDv,okonjima,community_other
DXUcLv_jGa4,africat,branded
DXUcLv_jGa4,namibia,generic
DXUcLv_jGa4,wildlifeconservation,community_other
DXUcLv_jGa4,coexistence,community_other
DXUcLv_jGa4,okonjima,community_other
DXbSvspFoHk,savetherhinotrust,branded
DXbSvspFoHk,didyouknow,community_other
DXbSvspFoHk,rhinofacts,branded
DWyGEHKDo5E,savetherhinotrust,branded
DWyGEHKDo5E,rhinoconservation,branded
DWyGEHKDo5E,education,community_other
DXqvhiqlt1o,savetherhinotrust,branded
DXqvhiqlt1o,bootsontheground,community_other
DXqvhiqlt1o,rhinoconservation,branded
DVnoukUjl9S,internationalwomenday,campaign
DVnoukUjl9S,harnas,branded
DVnoukUjl9S,naankuse,branded
DVvCknRjvf6,harnas,branded
DVvCknRjvf6,naankuse,branded
DVvCknRjvf6,guestfarm,community_other
DXpCdUhjNBm,africat,branded
DXpCdUhjNBm,research,community_other
DXpCdUhjNBm,wildlifeconservation,community_other
DXpCdUhjNBm,hyena,community_other
DXpCdUhjNBm,okonjima,community_other
DVQP4NojqaK,harnasguestfarm,branded
DVQP4NojqaK,namibiatravel,branded
DVQP4NojqaK,rusticcharm,community_other
DVc6DMtjoUk,harnas,branded
DVc6DMtjoUk,san,community_other
DVc6DMtjoUk,naankuse,branded
DVF8tnJDu1d,harnaswildlife,branded
DVF8tnJDu1d,protectwildlife,community_other
DVF8tnJDu1d,conservationheroes,community_other
DVXwcGxjjIi,lifelineclinic,community_other
DVXwcGxjjIi,harnas,branded
DVXwcGxjjIi,naankuse,branded
DVJKgdwDE6k,naankuse,branded
DVJKgdwDE6k,naankusefoundation,branded
DVJKgdwDE6k,harnaswildlifefoundation,branded
DVJKgdwDE6k,foreverharnas,branded
DVJKgdwDE6k,mongoose,community_other
DVJKgdwDE6k,enrichment,community_other
DVJKgdwDE6k,wildlifesanctuary,community_other
DWf9kn4Dsd8,harnas,branded
DWf9kn4Dsd8,naankuse,branded
DWf9kn4Dsd8,cheetah,branded
DVl6803ArIo,naankuse,branded
DVl6803ArIo,naankusefoundation,branded
DVl6803ArIo,harnaswildlifefoundation,branded
DVl6803ArIo,foreverharnas,branded
DVl6803ArIo,rhinos,branded
DVl6803ArIo,stoppoaching,community_other
DVl6803ArIo,volunteeradventure,community_other
DUz7FfoDqtk,sanheritage,community_other
DUz7FfoDqtk,harnas,branded
DVa3m5fDjN9,worldwildlifeday,campaign
DVa3m5fDjN9,harnas,branded
DVa3m5fDjN9,naankuse,branded
DWGNnrpDtYm,harnas,branded
DWGNnrpDtYm,sanctuary,community_other
DViKhngjjX9,harnas,branded
DViKhngjjX9,omaheke,community_other
DViKhngjjX9,naankuse,branded
DU-OQhPjn88,harnaswildlife,branded
DU-OQhPjn88,protectwildlife,community_other
DU-OQhPjn88,k9unit,community_other
DU-OQhPjn88,antipoachin,community_other
DVLGQ7hDvlC,harnassanctuary,branded
DVLGQ7hDvlC,volunteerpower,community_other
DWN8CmPDmjg,harnaswildlife,branded
DWN8CmPDmjg,sundownerviews,community_other
DWYPQRHjtlS,lifelineclinic,community_other
DWYPQRHjtlS,communityhealth,community_other
DWTFsBgjvPD,harnas,branded
DWTFsBgjvPD,san,community_other
DWBEEBWjifc,volunteerwithpurpose,community_other
DWBEEBWjifc,harnas,branded
DV76dOJjpxd,harnas,branded
DV76dOJjpxd,naankuse,branded
DXCuXRniIRH,giraffeconservationfoundation,branded
DXCuXRniIRH,giraffeconservation,branded
DXCuXRniIRH,gpstrackers,community_other
DXCuXRniIRH,satellitetracking,community_other
DXCuXRniIRH,movementpatterns,community_other
DXCuXRniIRH,giraffemovements,branded
DXCuXRniIRH,twigatrackerinitiative,community_other
DXCuXRniIRH,cuttingedgetechnology,community_other
DXCuXRniIRH,standtallforgiraffe,branded
DXCuXRniIRH,studygiraffe,branded
DXCuXRniIRH,giraffe,branded
DXCuXRniIRH,gcf,community_other
DXYu82YCEDr,earthday2026,campaign
DXYu82YCEDr,ourpowerourplanet,community_other
DXYu82YCEDr,climateyouth,community_other
DXYu82YCEDr,youthnreg,community_other
DXYu82YCEDr,climateaction,community_other
DRhNyZnjIg1,nacso,branded
DRhNyZnjIg1,leadershipdevelopment,community_other
DRhNyZnjIg1,capacitybuilding,community_other
DRhNyZnjIg1,careergrowth,community_other
DRhNyZnjIg1,communitystrengthening,community_other
DRhNyZnjIg1,lifelonglearning,community_other
DRhNyZnjIg1,teamwork,community_other
DRhNyZnjIg1,empowerment,community_other
DQ4p6A_j2N8,conservationinaction,community_other
DQ4p6A_j2N8,flyingforwildlife,community_other
DQ4p6A_j2N8,namibiawildlife,branded
DQ4p6A_j2N8,rhinoconservation,branded
DQ4p6A_j2N8,savetherhinotrustnamibia,branded
DQ4p6A_j2N8,community,community_other
DQ4p6A_j2N8,collaboration,community_other
DQ4p6A_j2N8,partnership,community_other
DRSKePSDN6A,africat,branded
DRSKePSDN6A,research,community_other
DRSKePSDN6A,namibia,generic
DRSKePSDN6A,conservation,generic
DRSKePSDN6A,leopard,community_other
DRSKePSDN6A,pangolin,community_other
DWzDJHOkk7W,cheetah,branded
DWzDJHOkk7W,cheetahconservation,branded
DWzDJHOkk7W,wildlifeconservation,community_other
DWzDJHOkk7W,bigcats,community_other
DWzDJHOkk7W,ccfcheetah,branded
DUyh38sDYy-,giraffeconservationfoundation,branded
DUyh38sDYy-,girafefconservation,community_other
DUyh38sDYy-,voiceforgiraffe,branded
DUyh38sDYy-,standtall,community_other
DUyh38sDYy-,conservationimpact,community_other
DUyh38sDYy-,giraffe,branded
DUyh38sDYy-,africa,generic
DUyh38sDYy-,donate,community_other
DUyh38sDYy-,gcf,community_other
DUyh38sDYy-,standtallforgiraffe,branded
DUyh38sDYy-,wildlifeprotection,community_other
DUyh38sDYy-,africawildlife,community_other
DUyh38sDYy-,impact,community_other
DUyh38sDYy-,conservationhero,community_other
DTw3Yjzim57,penguinawarenessday,campaign
DTw3Yjzim57,penguinawarenessday,campaign
DUOX2sXjWu-,cheekycheetahschool,branded
DUOX2sXjWu-,brightsmiles,community_other
DUOX2sXjWu-,healthysmiles,community_other
DUOX2sXjWu-,educationwithlove,community_other
DUOX2sXjWu-,harnaswildlifefoundation,branded
DUm1Xg9Dmf3,cheetahsofnamibia,branded
DUm1Xg9Dmf3,omahekewildlife,community_other
DUm1Xg9Dmf3,harnas,branded
DUH7zAPjiP7,naankusefoundation,branded
DUH7zAPjiP7,lifelineclinic,community_other
DUH7zAPjiP7,communitysupport,community_other
DUPqMmljuGv,harnasvolunteer,branded
DUPqMmljuGv,natureawaits,community_other
DUPqMmljuGv,conservationjourney,community_other
DUYx4VLDCYU,naankusefoundation,branded
DUYx4VLDCYU,harnaswildlifefoundation,branded
DUYx4VLDCYU,foreverharnas,branded
DUYx4VLDCYU,baboons,community_other
DUYx4VLDCYU,wildlifesanctuary,community_other
DUYx4VLDCYU,thankyou,community_other
DUdtwy-jdBl,naankuse,branded
DUdtwy-jdBl,naankusefoundation,branded
DUdtwy-jdBl,harnaswildlifefoundation,branded
DUdtwy-jdBl,caracals,community_other
DUdtwy-jdBl,animalrehabilitation,community_other
DUdtwy-jdBl,conservation,generic
DUr-88XjjJb,harnasguestfarm,branded
DUr-88XjjJb,cosycomfort,community_other
DUr-88XjjJb,namibiatravel,branded
DUZ9b7jDh1Z,lifelineclinic,community_other
DUZ9b7jDh1Z,naankusefoundation,branded
DXvye8QFSV3,ocn,community_other
DXvye8QFSV3,stats,community_other
DXvye8QFSV3,sealrescue,community_other
DXvye8QFSV3,quiz,community_other
DUvvTWQjyn4,naankuse,branded
DUvvTWQjyn4,naankusefoundation,branded
DUvvTWQjyn4,harnaswildlifefoundation,branded
DUvvTWQjyn4,foreverharnas,branded
DUvvTWQjyn4,vervetmonkeys,community_other
DUvvTWQjyn4,valentine,community_other
DUvvTWQjyn4,bemyvalentine,community_other
DUuxi5_DvLg,harnaswildlife,branded
DUuxi5_DvLg,valentinesday,campaign
DXwUHbmk-oD,ocn,community_other
DXwUHbmk-oD,oceanconservation,branded
DXwUHbmk-oD,sealrescues,community_other
DXwUHbmk-oD,plasticpollution,community_other
DXwUHbmk-oD,raisingawareness,community_other
DXtvQ9SgL98,ocn,community_other
DXtvQ9SgL98,oceanconservation,branded
DXtvQ9SgL98,sealrescues,community_other
DXtvQ9SgL98,plasticpollution,community_other
DXtvQ9SgL98,raisingawareness,community_other
DSsoe4NDfql,giraffeconservationfoundation,branded
DSsoe4NDfql,giraffeconservation,branded
DSsoe4NDfql,happyholidays,campaign
DSsoe4NDfql,standtallforgiraffe,branded
DSsoe4NDfql,festiveseason,community_other
DSsoe4NDfql,giraffe,branded
DSsoe4NDfql,gcf,community_other
DUYeCeoDJs6,africat,branded
DUYeCeoDJs6,research,community_other
DUYeCeoDJs6,hyena,community_other
DUYeCeoDJs6,conservation,generic
DUYeCeoDJs6,namibia,generic
DVcrAuRjsnE,education,community_other
DVcrAuRjsnE,conservation,generic
DVcrAuRjsnE,futureconservationists,community_other
DVcrAuRjsnE,worldwildlifeday,campaign
DVcrAuRjsnE,ccfcheetah,branded
DVBpQ6sjE5H,worldpangolinday,campaign
DVBpQ6sjE5H,africat,branded
DVBpQ6sjE5H,okonjima,community_other
DVBpQ6sjE5H,conservation,generic
DVBpQ6sjE5H,pangolinconservation,community_other
DW8Lka0Dbrn,naankuse,branded
DW8Lka0Dbrn,communitysupport,community_other
DV_qawHEpSw,cheetah,branded
DV_qawHEpSw,conservation,generic
DV_qawHEpSw,cmscop15,community_other
DV_qawHEpSw,ccfcheetah,branded
DU3rabWkYrT,naankuse,branded
DU3rabWkYrT,naankusefoundation,branded
DU3rabWkYrT,lifelineclinic,community_other
DU3rabWkYrT,netball,community_other
DU3rabWkYrT,teamspirit,community_other
DU3rabWkYrT,sports,community_other
DQxCVcNj9Cw,giraffeconservationfoundation,branded
DQxCVcNj9Cw,giraffeconservation,branded
DQxCVcNj9Cw,tgif,community_other
DQxCVcNj9Cw,thankgiraffeitsfriday,campaign
DQxCVcNj9Cw,giraffebeauty,branded
DQxCVcNj9Cw,naturelovers,community_other
DQxCVcNj9Cw,giraffelovers,branded
DQxCVcNj9Cw,giraffe,branded
DQxCVcNj9Cw,gcf,community_other
DVU4KuJDJ9A,landrover,community_other
DVU4KuJDJ9A,restoration,community_other
DVU4KuJDJ9A,cheetahconservation,branded
DVU4KuJDJ9A,goats,community_other
DVU4KuJDJ9A,ccfcheetah,branded
DQvrtOYjDeU,giraffeconservation,branded
DQvrtOYjDeU,masaigiraffe,branded
DQvrtOYjDeU,naivasha,community_other
DQvrtOYjDeU,wildliferescue,community_other
DQvrtOYjDeU,kws,community_other
DQvrtOYjDeU,standtallforgiraffe,branded
DRP79xHj7NN,giraffeconservationfoundation,branded
DRP79xHj7NN,giraffeconservation,branded
DRP79xHj7NN,cheyennezoo,community_other
DRP79xHj7NN,giraffecare,branded
DRP79xHj7NN,successstories,community_other
DRP79xHj7NN,conservationefforts,community_other
DRP79xHj7NN,zoobasededucation,community_other
DRP79xHj7NN,gcf,community_other
DXOrcNijX05,climatefinance,community_other
DXOrcNijX05,greengrowth,community_other
DXOrcNijX05,namibia,generic
DXOrcNijX05,sustainabledevelopment,community_other
DXOrcNijX05,globalpartnerships,community_other
DVfdclaCI5r,eifnamibia,branded
DVfdclaCI5r,sustainabledevelopmentawards,community_other
DVfdclaCI5r,callforproposals,community_other
DVfdclaCI5r,sustainability,generic
DVfdclaCI5r,greeninnovation,community_other
DUgMnW8jL3b,naankuse,branded
DUgMnW8jL3b,namibia,generic
DUgMnW8jL3b,volunteer,community_other
DUgMnW8jL3b,lion,community_other
DUgMnW8jL3b,cheetah,branded
DXd19oFjkuQ,oceanconservation,branded
DXd19oFjkuQ,sealscience,community_other
DXd19oFjkuQ,namibia,generic
DXd19oFjkuQ,walvisbay,community_other
DXd19oFjkuQ,marineresearch,community_other
DUbWtOygfZh,naankuse,branded
DUbWtOygfZh,naankusefoundation,branded
DUbWtOygfZh,groennamibië,community_other
DUbWtOygfZh,conservation,generic
DUbWtOygfZh,kyknet,community_other
DUbWtOygfZh,namibia,generic
DUbWtOygfZh,elephants,community_other
DXoC0N4mgkj,oceanconservation,branded
DXoC0N4mgkj,namibia,generic
DXoC0N4mgkj,sealindustry,community_other
DXoC0N4mgkj,fishingsector,community_other
DXmA4Gtj_Zh,ocn,community_other
DXmA4Gtj_Zh,oceanconservation,branded
DXmA4Gtj_Zh,sealrescues,community_other
DXmA4Gtj_Zh,plasticpollution,community_other
DXmA4Gtj_Zh,raisingawareness,community_other
DXeSg6pAHo-,oceanconservation,branded
DXeSg6pAHo-,sealscience,community_other
DXeSg6pAHo-,namibia,generic
DXeSg6pAHo-,walvisbay,community_other
DXeSg6pAHo-,marineresearch,community_other
DUYx5HdiD09,naankuse,branded
DUYx5HdiD09,naankusefoundation,branded
DUYx5HdiD09,caracals,community_other
DUYx5HdiD09,animalrehabilitation,community_other
DUYx5HdiD09,conservation,generic
DXZJA_liqWn,ocn,community_other
DXZJA_liqWn,oceanconservation,branded
DXZJA_liqWn,sealrescues,community_other
DXZJA_liqWn,plasticpollution,community_other
DXZJA_liqWn,raisingawareness,community_other
DXbt7IqCLKa,ocn,community_other
DXbt7IqCLKa,oceanconservation,branded
DXbt7IqCLKa,sealrescues,community_other
DXbt7IqCLKa,plasticpollution,community_other
DXbt7IqCLKa,raisingawareness,community_other
DUggUj0iE_S,naankuse,branded
DUggUj0iE_S,naankusefoundation,branded
DUggUj0iE_S,lions,community_other
DUggUj0iE_S,bigcats,community_other
DUggUj0iE_S,conservation,generic
DUggUj0iE_S,humanwildlifeconflict,community_other
DUggUj0iE_S,animalrehabilitation,community_other
DXg3UF6CdnC,ocn,community_other
DXg3UF6CdnC,oceanconservation,branded
DXg3UF6CdnC,sealrescues,community_other
DXg3UF6CdnC,plasticpollution,community_other
DXg3UF6CdnC,raisingawareness,community_other
DXolt9eDCcN,ocn,community_other
DXolt9eDCcN,oceanconservation,branded
DXolt9eDCcN,sealrescues,community_other
DXolt9eDCcN,plasticpollution,community_other
DXolt9eDCcN,raisingawareness,community_other
DTfYVUaDupz,harnasguestfarm,branded
DTfYVUaDupz,volunteerimpact,community_other
DTfYVUaDupz,conservationandcare,community_other
DXjcLK4D8YD,ocn,community_other
DXjcLK4D8YD,oceanconservation,branded
DXjcLK4D8YD,sealrescues,community_other
DXjcLK4D8YD,plasticpollution,community_other
DXjcLK4D8YD,raisingawareness,community_other
DTSgWRoloBs,lifelineclinic,community_other
DTSgWRoloBs,communitycare,community_other
DTSgWRoloBs,naankuse,branded
DXtW3C-FV7E,ocean,branded
DXtW3C-FV7E,awareness,community_other
DXtW3C-FV7E,conservation,generic
DXtW3C-FV7E,namibia,generic
DXtW3C-FV7E,students,community_other
DXtW3C-FV7E,research,community_other
DTaOutKjo18,harnas,branded
DTaOutKjo18,wildebeest,community_other
DTaOutKjo18,wildlifephotography,generic
DXrKi2OD1Hm,ocn,community_other
DXrKi2OD1Hm,oceanconservation,branded
DXrKi2OD1Hm,sealrescues,community_other
DXrKi2OD1Hm,plasticpollution,community_other
DXrKi2OD1Hm,raisingawareness,community_other
DUANbOODsT-,harnas,branded
DUANbOODsT-,san,community_other
DTkh7UFjvTh,culturalexperience,community_other
DTkh7UFjvTh,harnasguestfarm,branded
DTkh7UFjvTh,san,community_other
DTitPQkAEdG,harnaswildlifefoundation,branded
DTitPQkAEdG,donkeylove,community_other
DTitPQkAEdG,christmasbaby,community_other
DTitPQkAEdG,harnasfamily,branded
DTitPQkAEdG,foreverharnas,branded
DTsQUhIDj4F,harnas,branded
DTsQUhIDj4F,naankuse,branded
DTsQUhIDj4F,rainyseasonvibes,community_other
DTsQUhIDj4F,sundownermagic,community_other
DUCyOBzjtGW,harnasguestfarm,branded
DUCyOBzjtGW,cosyaccommodation,community_other
DUCyOBzjtGW,namibiagetaway,branded
DT_B707iWMb,naankusefoundation,branded
DT_B707iWMb,harnaswildlifefoundation,branded
DT_B707iWMb,cheekycheetahschool,branded
DT_B707iWMb,teacherdevelopment,community_other
DT_B707iWMb,educationmatters,community_other
DT_B707iWMb,strongertogether,community_other
DT_B707iWMb,gratefulhearts,community_other
DTn2xOlD7JJ,harnaswildlifefoundation,branded
DTn2xOlD7JJ,kudus,community_other
DTn2xOlD7JJ,newarrivals,community_other
DTn2xOlD7JJ,harnasfamily,branded
DTn2xOlD7JJ,foreverharnas,branded
DSqL_CYjCQI,happyholidays,campaign
DSqL_CYjCQI,forpeopleandnature,community_other
DU-3de8iG-a,oceanoptimism,branded
DU-3de8iG-a,mafwlr,community_other
DU-3de8iG-a,nnf,branded
DU-3de8iG-a,bbp,community_other
DU-3de8iG-a,baf,community_other
DS7VL1aDlsL,harnasguestfarm,branded
DS7VL1aDlsL,volunteerexperience,community_other
DSrc9q6DsW-,harnas,branded
DSrc9q6DsW-,wildlifesanctuary,community_other
DSrc9q6DsW-,namibia,generic
DSW2mrgjs6h,harnasguestfarm,branded
DSW2mrgjs6h,wildlifewatching,community_other
DSW2mrgjs6h,leopardlife,community_other
DSjukI4jv4D,sanculture,community_other
DSjukI4jv4D,omahekeregion,community_other
DSjukI4jv4D,harnas,branded
DTNWuvpjhud,selfcatering,community_other
DTNWuvpjhud,travellight,community_other
DTNWuvpjhud,harnasguestfarm,branded
DS2LnHADquv,harnasguestfarm,branded
DS2LnHADquv,sanunderthestars,community_other
DS2LnHADquv,culturalexperience,community_other
DS9QwOEjtZU,harnasguestfarm,branded
DS9QwOEjtZU,newyear2026,campaign
DXGonOCjTav,ocn,community_other
DXGonOCjTav,beachcleanup,community_other
DXGonOCjTav,kidsforchange,community_other
DXGonOCjTav,plastic,community_other
DXGonOCjTav,pollution,community_other
DXGonOCjTav,coastalcleanup,community_other
DXGonOCjTav,ocean,branded
DXGonOCjTav,protectouroceans,branded
DXGonOCjTav,cleanup,community_other
DSRtCS7jnGX,naankuse,branded
DSRtCS7jnGX,cheekycheetahschool,branded
DSRtCS7jnGX,lifelineclinic,community_other
DTINIX7jsOm,harnasguestfarm,branded
DTINIX7jsOm,safarivibes,community_other
DTINIX7jsOm,naturemagic,community_other
DSo4NOsDnRq,christmasatharnas,branded
DSo4NOsDnRq,namibiatravel,branded
DW_Y85EldJH,ocn,community_other
DW_Y85EldJH,oceanconservation,branded
DW_Y85EldJH,sealrescues,community_other
DW_Y85EldJH,plasticpollution,community_other
DW_Y85EldJH,raisingawareness,community_other
DXHHXHCCcgT,ocn,community_other
DXHHXHCCcgT,beachcleanup,community_other
DXHHXHCCcgT,kidsforchange,community_other
DXHHXHCCcgT,plastic,community_other
DXHHXHCCcgT,pollution,community_other
DXHHXHCCcgT,coastalcleanup,community_other
DXHHXHCCcgT,ocean,branded
DXHHXHCCcgT,protectouroceans,branded
DXHHXHCCcgT,cleanup,community_other
DXJsM3zibUp,ocn,community_other
DXJsM3zibUp,oceanconservation,branded
DXJsM3zibUp,sealrescues,community_other
DXJsM3zibUp,plasticpollution,community_other
DXJsM3zibUp,raisingawareness,community_other
DXB9wXvkQo4,ocn,community_other
DXB9wXvkQo4,oceanconservation,branded
DXB9wXvkQo4,sealrescues,community_other
DXB9wXvkQo4,plasticpollution,community_other
DXB9wXvkQo4,raisingawareness,community_other
DXMRBetlLiz,ocn,community_other
DXMRBetlLiz,oceanconservation,branded
DXMRBetlLiz,sealrescues,community_other
DXMRBetlLiz,plasticpollution,community_other
DXMRBetlLiz,raisingawareness,community_other
DXEhT7-jsJy,ocn,community_other
DXEhT7-jsJy,oceanconservation,branded
DXEhT7-jsJy,sealrescues,community_other
DXEhT7-jsJy,plasticpollution,community_other
DXEhT7-jsJy,raisingawareness,community_other
DSKFeTFjnt2,naturegetaway,community_other
DSKFeTFjnt2,harnasguestfarm,branded
DSKFeTFjnt2,namibiaadventure,branded
DXRbK38DM3W,ocn,community_other
DXRbK38DM3W,oceanconservation,branded
DXRbK38DM3W,sealrescues,community_other
DXRbK38DM3W,plasticpollution,community_other
DXRbK38DM3W,raisingawareness,community_other
DXO1x-NCC5k,ocn,community_other
DXO1x-NCC5k,oceanconservation,branded
DXO1x-NCC5k,sealrescues,community_other
DXO1x-NCC5k,plasticpollution,community_other
DXO1x-NCC5k,raisingawareness,community_other
DXQrA_0jvq3,ocn,community_other
DXQrA_0jvq3,student,community_other
DXQrA_0jvq3,education,community_other
DXQrA_0jvq3,oceanconservation,branded
DXT_TNoj4Df,ocn,community_other
DXT_TNoj4Df,oceanconservation,branded
DXT_TNoj4Df,sealrescues,community_other
DXT_TNoj4Df,plasticpollution,community_other
DXT_TNoj4Df,raisingawareness,community_other
DXWkHQnAsRS,ocn,community_other
DXWkHQnAsRS,oceanconservation,branded
DXWkHQnAsRS,sealrescues,community_other
DXWkHQnAsRS,plasticpollution,community_other
DXWkHQnAsRS,raisingawareness,community_other
DURDVRDCI32,worldwetlandsday,campaign
DRgx6pxiByy,harnassanctuary,branded
DRgx6pxiByy,sunsetdrive,community_other
DTe830ojmon,savetherhino,branded
DTe830ojmon,blackrhino,branded
DTe830ojmon,rhinoconservation,branded
DQ9DYVGjs2Z,harnasguestfarm,branded
DQ9DYVGjs2Z,wildlifesanctuary,community_other
DQ9DYVGjs2Z,namibia,generic
DRCM9WrjtFb,harnasguestfarm,branded
DRCM9WrjtFb,namibia,generic
DRT5_MkDmVi,volunteerwithharnas,branded
DRT5_MkDmVi,wildlifeconservation,community_other
DROwWkzAbdm,omaheke,community_other
DROwWkzAbdm,namibia,generic
DROwWkzAbdm,harnas,branded
DRJmW5KESJY,naankuse,branded
DRJmW5KESJY,lifelineclinic,community_other
DRJmW5KESJY,communitysupport,community_other
DRboXapDRPH,harnas,branded
DRboXapDRPH,cheetah,branded
DWlpEQZkSwj,ocn,community_other
DWlpEQZkSwj,oceanconservation,branded
DWlpEQZkSwj,sealrescues,community_other
DWlpEQZkSwj,plasticpollution,community_other
DWlpEQZkSwj,raisingawareness,community_other
DQtEQWBjmNA,harnaswildlifesanctuary,branded
DQtEQWBjmNA,namibiaculture,branded
DQtEQWBjmNA,sanheritage,community_other
DWRCqLyAs94,ocn,community_other
DWRCqLyAs94,oceanconservation,branded
DWRCqLyAs94,sealrescues,community_other
DWRCqLyAs94,plasticpollution,community_other
DWRCqLyAs94,raisingawareness,community_other
DWk1d0DDHm-,ocn,community_other
DWk1d0DDHm-,ocnstats,community_other
DWk1d0DDHm-,sealrescues,community_other
DWk1d0DDHm-,plasticpollution,community_other
DWk1d0DDHm-,ghostgear,community_other
DWk1d0DDHm-,animal,community_other
DWk1d0DDHm-,animalrescue,community_other
DQ4Hgt0jmeW,harnasguestfarm,branded
DQ4Hgt0jmeW,wildlifesanctuary,community_other
DQ4Hgt0jmeW,sanunderthestars,community_other
DWTncqqigcL,ocn,community_other
DWTncqqigcL,oceanconservation,branded
DWTncqqigcL,sealrescues,community_other
DWTncqqigcL,plasticpollution,community_other
DWTncqqigcL,raisingawareness,community_other
DQyN1z-jWP2,wildlifecloseup,community_other
DQyN1z-jWP2,harnaswildlifesanctuary,branded
DWlb2t7FEje,24,community_other
DWlb2t7FEje,ocn,community_other
DWlb2t7FEje,ocnrescueofthemonth,campaign
DWlb2t7FEje,plasticpollution,community_other
DWlb2t7FEje,plastic,community_other
DWlb2t7FEje,animalrescue,community_other
DWlb2t7FEje,animal,community_other
DWiVP96AE8O,ocn,community_other
DWiVP96AE8O,stats,community_other
DWiVP96AE8O,sealrescue,community_other
DWiVP96AE8O,quiz,community_other
DWd6n6mD1JJ,ocn,community_other
DWd6n6mD1JJ,oceanconservation,branded
DWd6n6mD1JJ,sealrescues,community_other
DWd6n6mD1JJ,plasticpollution,community_other
DWd6n6mD1JJ,raisingawareness,community_other
DWYxBt2jWH0,ocn,community_other
DWYxBt2jWH0,oceanconservation,branded
DWYxBt2jWH0,sealrescues,community_other
DWYxBt2jWH0,plasticpollution,community_other
DWYxBt2jWH0,raisingawareness,community_other
DQ_hYO8jUi7,rvc,community_other
DWWMPeZggaK,ocn,community_other
DWWMPeZggaK,oceanconservation,branded
DWWMPeZggaK,sealrescues,community_other
DWWMPeZggaK,plasticpollution,community_other
DWWMPeZggaK,raisingawareness,community_other
DWbV1NRgceI,ocn,community_other
DWbV1NRgceI,oceanconservation,branded
DWbV1NRgceI,sealrescues,community_other
DWbV1NRgceI,plasticpollution,community_other
DWbV1NRgceI,raisingawareness,community_other
DWjEN2Vk60m,ocn,community_other
DWjEN2Vk60m,oceanconservation,branded
DWjEN2Vk60m,sealrescues,community_other
DWjEN2Vk60m,plasticpollution,community_other
DWjEN2Vk60m,raisingawareness,community_other
DWgLGvxDPxZ,ocn,community_other
DWgLGvxDPxZ,oceanconservation,branded
DWgLGvxDPxZ,sealrescues,community_other
DWgLGvxDPxZ,plasticpollution,community_other
DWgLGvxDPxZ,raisingawareness,community_other
DQoIZkHDhRS,harnaswildlifesanctuary,branded
DQoIZkHDhRS,namibiaconservation,branded
DWtXeL1ipwh,ocn,community_other
DWtXeL1ipwh,oceanconservation,branded
DWtXeL1ipwh,sealrescues,community_other
DWtXeL1ipwh,plasticpollution,community_other
DWtXeL1ipwh,raisingawareness,community_other
DW3qjZfjcDh,ocn,community_other
DW3qjZfjcDh,oceanconservation,branded
DW3qjZfjcDh,sealrescues,community_other
DW3qjZfjcDh,plasticpollution,community_other
DW3qjZfjcDh,raisingawareness,community_other
DWoNzCxChJd,ocn,community_other
DWoNzCxChJd,oceanconservation,branded
DWoNzCxChJd,sealrescues,community_other
DWoNzCxChJd,plasticpollution,community_other
DWoNzCxChJd,raisingawareness,community_other
DW8ZEQcGmuw,oceanconservation,branded
DW8ZEQcGmuw,namibia,generic
DW8ZEQcGmuw,marinelife,community_other
DW8ZEQcGmuw,sustainability,generic
DW8ZEQcGmuw,fishingindustry,community_other
DW1FxNZDbnS,ocn,community_other
DW1FxNZDbnS,oceanconservation,branded
DW1FxNZDbnS,sealrescues,community_other
DW1FxNZDbnS,plasticpollution,community_other
DW1FxNZDbnS,raisingawareness,community_other
DW6Pc5tFHYE,ocn,community_other
DW6Pc5tFHYE,oceanconservation,branded
DW6Pc5tFHYE,sealrescues,community_other
DW6Pc5tFHYE,plasticpollution,community_other
DW6Pc5tFHYE,raisingawareness,community_other
DWqyl7vlIzO,ocn,community_other
DWqyl7vlIzO,oceanconservation,branded
DWqyl7vlIzO,sealrescues,community_other
DWqyl7vlIzO,plasticpollution,community_other
DWqyl7vlIzO,raisingawareness,community_other
DRl7hUtgW--,sanheritage,community_other
DRl7hUtgW--,harnas,branded
DRtp4TYlAGG,harnasexperience,branded
DRtp4TYlAGG,wildlifeescape,community_other
DV8HsvgjHW4,ocn,community_other
DV8HsvgjHW4,oceanconservation,branded
DV8HsvgjHW4,sealrescues,community_other
DV8HsvgjHW4,plasticpollution,community_other
DV8HsvgjHW4,raisingawareness,community_other
DVsocbBDE-3,ocn,community_other
DVsocbBDE-3,oceanconservation,branded
DVsocbBDE-3,sealrescues,community_other
DVsocbBDE-3,plasticpollution,community_other
DVsocbBDE-3,raisingawareness,community_other
DSE1KUcjrcu,naankuse,branded
DSE1KUcjrcu,lifelineclinic,community_other
DSE1KUcjrcu,harnas,branded
DV3SrNtD80c,ocn,community_other
DV3SrNtD80c,oceanconservation,branded
DV3SrNtD80c,sealrescues,community_other
DV3SrNtD80c,plasticpollution,community_other
DV3SrNtD80c,raisingawareness,community_other
DV53hf2Eop2,ocn,community_other
DV53hf2Eop2,oceanconservation,branded
DV53hf2Eop2,sealrescues,community_other
DV53hf2Eop2,plasticpollution,community_other
DV53hf2Eop2,raisingawareness,community_other
DR39HtJgmv4,harnas,branded
DR39HtJgmv4,sunsetbliss,community_other
DWEKr45jLWk,ocn,community_other
DWEKr45jLWk,oceanconservation,branded
DWEKr45jLWk,sealrescues,community_other
DWEKr45jLWk,plasticpollution,community_other
DWEKr45jLWk,raisingawareness,community_other
DWL5GC_FZ3M,ocn,community_other
DWL5GC_FZ3M,oceanconservation,branded
DWL5GC_FZ3M,sealrescues,community_other
DWL5GC_FZ3M,plasticpollution,community_other
DWL5GC_FZ3M,raisingawareness,community_other
DW80StjCdhc,ocn,community_other
DW80StjCdhc,oceanconservation,branded
DW80StjCdhc,sealrescues,community_other
DW80StjCdhc,plasticpollution,community_other
DW80StjCdhc,raisingawareness,community_other
DV_BFLlAtic,ocn,community_other
DV_BFLlAtic,oceanconservation,branded
DV_BFLlAtic,sealrescues,community_other
DV_BFLlAtic,plasticpollution,community_other
DV_BFLlAtic,raisingawareness,community_other
DWGc_DrGmla,ocn,community_other
DWGc_DrGmla,education,community_other
DWGc_DrGmla,awareness,community_other
DWGc_DrGmla,schoolvisit,community_other
DWGc_DrGmla,kids,community_other
DWGc_DrGmla,oceanconservation,branded
DWGc_DrGmla,pollution,community_other
DR1YTLCDIz2,cheetahday,campaign
DR1YTLCDIz2,wildlifeconservationday,campaign
DR1YTLCDIz2,harnaswildlifesanctuary,branded
DR1YTLCDIz2,naankusefoundation,branded
DR1YTLCDIz2,protectwildlife,community_other
DWGve9tjlkE,ocn,community_other
DWGve9tjlkE,oceanconservation,branded
DWGve9tjlkE,sealrescues,community_other
DWGve9tjlkE,plasticpollution,community_other
DWGve9tjlkE,raisingawareness,community_other
DWOcsnUDIpz,oceanconservation,branded
DWOcsnUDIpz,marinerescue,community_other
DWOcsnUDIpz,unboxing,community_other
DWOcsnUDIpz,namibia,generic
DWOcsnUDIpz,conservationgear,community_other
DWOcsnUDIpz,sealrescue,community_other
DWOcsnUDIpz,behindthescenes,community_other
DWOcsnUDIpz,innovation,community_other
DWOcsnUDIpz,protectouroceans,branded
DV8cRb7k5JC,ocn,community_other
DV8cRb7k5JC,oceanconservation,branded
DV8cRb7k5JC,sealrescues,community_other
DV8cRb7k5JC,plasticpollution,community_other
DV8cRb7k5JC,raisingawareness,community_other
DWJUQOwkd-V,ocn,community_other
DWJUQOwkd-V,oceanconservation,branded
DWJUQOwkd-V,sealrescues,community_other
DWJUQOwkd-V,plasticpollution,community_other
DWJUQOwkd-V,raisingawareness,community_other
DWjhZ4BOz6Q,africat,branded
DWjhZ4BOz6Q,brownhyena,community_other
DWjhZ4BOz6Q,research,community_other
DWjhZ4BOz6Q,conservation,generic
DWjhZ4BOz6Q,okonjima,community_other
DVqBtGKjNAj,ocn,community_other
DVqBtGKjNAj,oceanconservation,branded
DVqBtGKjNAj,sealrescues,community_other
DVqBtGKjNAj,plasticpollution,community_other
DVqBtGKjNAj,raisingawareness,community_other
DW9k7GUDah6,giraffeconservationfoundation,branded
DW9k7GUDah6,giraffeconservation,branded
DW9k7GUDah6,tgif,community_other
DW9k7GUDah6,thankgiraffeitsfriday,campaign
DW9k7GUDah6,malegiraffe,branded
DW9k7GUDah6,reticulatedgiraffe,branded
DW9k7GUDah6,giraffeinthewild,branded
DW9k7GUDah6,wildlifelovers,community_other
DW9k7GUDah6,sillhouettes,community_other
DW9k7GUDah6,sunsetmagic,community_other
DW9k7GUDah6,naturelovers,community_other
DW9k7GUDah6,giraffelovers,branded
DW9k7GUDah6,giraffe,branded
DW9k7GUDah6,gcf,community_other
DXE-OgWjDbf,africat,branded
DXE-OgWjDbf,okonjima,community_other
DXE-OgWjDbf,research,community_other
DXE-OgWjDbf,wildlifeconservation,community_other
DXE-OgWjDbf,namibia,generic
DVisU9BDETE,ocn,community_other
DVisU9BDETE,oceanconservation,branded
DVisU9BDETE,sealrescues,community_other
DVisU9BDETE,plasticpollution,community_other
DVisU9BDETE,raisingawareness,community_other
DV0MHPLDsfO,harnas,branded
DV0MHPLDsfO,volunteer,community_other
DV0MHPLDsfO,naankuse,branded
DVlRHoTjUBR,ocn,community_other
DVlRHoTjUBR,oceanconservation,branded
DVlRHoTjUBR,sealrescues,community_other
DVlRHoTjUBR,plasticpollution,community_other
DVlRHoTjUBR,raisingawareness,community_other
DUUz0iRDln7,harnas,branded
DUUz0iRDln7,antipoaching,community_other
DUUz0iRDln7,conservationinaction,community_other
DVn1_0tkheU,ocn,community_other
DVn1_0tkheU,oceanconservation,branded
DVn1_0tkheU,sealrescues,community_other
DVn1_0tkheU,plasticpollution,community_other
DVn1_0tkheU,raisingawareness,community_other
DT16QUUjpHs,harnasguestfarm,branded
DT16QUUjpHs,poolsiderelaxation,community_other
DTw-cDsjg1M,harnaswildlife,branded
DTw-cDsjg1M,rhinoconservation,branded
DVJYXnKjRBg,africat,branded
DVJYXnKjRBg,research,community_other
DVJYXnKjRBg,leopard,community_other
DVJYXnKjRBg,okonjima,community_other
DVJYXnKjRBg,wildlifeconservation,community_other
DRpNNWuiEbq,nilaleg,community_other
DRpNNWuiEbq,meft,community_other
DRpNNWuiEbq,undpnamibia,branded
DXEHsmhjlft,savetherhinotrust,branded
DXEHsmhjlft,rhinoconservation,branded
DXEHsmhjlft,communityengagement,community_other
DS7ycYNDEFD,africat,branded
DS7ycYNDEFD,research,community_other
DS7ycYNDEFD,namibia,generic
DS7ycYNDEFD,okonjima,community_other
DS7ycYNDEFD,leopard,community_other
DS7ycYNDEFD,pangolin,community_other
DS7ycYNDEFD,brownhyena,community_other
DS7ycYNDEFD,wildlifeconservation,community_other
DWyg-oLjGQN,ocn,community_other
DWyg-oLjGQN,oceanconservation,branded
DWyg-oLjGQN,sealrescues,community_other
DWyg-oLjGQN,plasticpollution,community_other
DWyg-oLjGQN,raisingawareness,community_other
DWv8LJvlSEd,ocn,community_other
DWv8LJvlSEd,oceanconservation,branded
DWv8LJvlSEd,sealrescues,community_other
DWv8LJvlSEd,plasticpollution,community_other
DWv8LJvlSEd,raisingawareness,community_other
DUhrzlZjphA,lifelinecommunitygarden,community_other
DUhrzlZjphA,naankusefoundation,branded
DUhrzlZjphA,sustainableliving,community_other
DRpNB6jiCEl,wearetosco,branded
DRpNB6jiCEl,conservation,generic
DRpNB6jiCEl,sustainabletourism,community_other
DRpNB6jiCEl,namibia,generic
DRpNB6jiCEl,powerpointfail,community_other
