comment_id,Post_ID,src_org,actor,commenter,text_len,vader,likesCount,hour_utc,weekday,in_corpus,topic
18537930628071196,DWZose4CUA7,naankuse_foundation,N/a'an ku se Foundation,C0670,108,0.3612,0,5,4,1,-1
18059646206655017,DTGPqHUjOPo,africat_foundation,AfriCat Foundation,C0876,5,0.0,0,6,2,1,0
18110636290729278,DTGPqHUjOPo,africat_foundation,AfriCat Foundation,C0194,23,0.0,0,3,5,1,20
17937379077121400,DTGPqHUjOPo,africat_foundation,AfriCat Foundation,C0103,2,0.0,0,12,1,1,
17890145625404058,DTGPqHUjOPo,africat_foundation,AfriCat Foundation,C0175,34,0.0,0,23,6,1,7
17917907358270390,DTGPqHUjOPo,africat_foundation,AfriCat Foundation,C0167,13,0.5994,1,18,6,1,5
17991008387925845,DVomlnGjA8A,giraffe_conservation,Giraffe Conservation Foundation,C1031,29,0.0,0,14,0,1,2
17955966663083463,DVomlnGjA8A,giraffe_conservation,Giraffe Conservation Foundation,C0633,5,0.0,0,5,0,1,0
18070543508557360,DVomlnGjA8A,giraffe_conservation,Giraffe Conservation Foundation,C0770,6,0.0,0,4,0,1,2
17997270464912876,DVomlnGjA8A,giraffe_conservation,Giraffe Conservation Foundation,C0944,36,0.4902,1,21,6,1,10
18086438998957458,DVeTWHdlzyU,giraffe_conservation,Giraffe Conservation Foundation,C1031,18,0.0,0,10,3,1,2
17936575992159896,DVeTWHdlzyU,giraffe_conservation,Giraffe Conservation Foundation,C0616,1,0.0,0,3,3,1,
17876367384511783,DVeTWHdlzyU,giraffe_conservation,Giraffe Conservation Foundation,C0770,4,0.0,0,0,3,1,0
18579746602032383,DWjZfpulh0r,naankuse_foundation,N/a'an ku se Foundation,C0062,61,0.7425,1,7,2,1,13
17989383008952265,DWjZfpulh0r,naankuse_foundation,N/a'an ku se Foundation,C0735,3,0.0,0,22,1,1,0
17916524046339829,DWjZfpulh0r,naankuse_foundation,N/a'an ku se Foundation,C1194,12,0.3382,0,19,1,1,-1
18013041155681759,DWjZfpulh0r,naankuse_foundation,N/a'an ku se Foundation,C0284,1,0.0,0,15,1,1,
18456033091110749,DWjZfpulh0r,naankuse_foundation,N/a'an ku se Foundation,C0209,1,0.0,0,15,1,1,
17980540598990642,DV1ejcrjD4w,giraffe_conservation,Giraffe Conservation Foundation,C0633,4,0.0,0,16,5,1,0
18080439812061306,DV1ejcrjD4w,giraffe_conservation,Giraffe Conservation Foundation,C0321,0,0.0,0,7,5,1,
17889037716327098,DV1ejcrjD4w,giraffe_conservation,Giraffe Conservation Foundation,C0753,13,0.0,0,23,4,1,0
17914615803145665,DV1ejcrjD4w,giraffe_conservation,Giraffe Conservation Foundation,C0616,1,0.0,0,19,4,1,
18038258534588460,DXLzm_7CPil,ministry_of_environment_nam,Ministry of Environment Forestry & Tourism,C0831,2,0.0,0,8,3,1,
18062844323377837,DWHgHlgj4h3,giraffe_conservation,Giraffe Conservation Foundation,C0535,1,0.0,1,7,4,1,
17874900057437754,DWHgHlgj4h3,giraffe_conservation,Giraffe Conservation Foundation,C0633,5,0.0,1,22,4,1,0
18106166236874944,DWHgHlgj4h3,giraffe_conservation,Giraffe Conservation Foundation,C0616,1,0.0,0,19,4,1,
18029751305772708,DSJ-pEaCZpG,savetherhinonamibia,Save the Rhino Trust Namibia,C1175,39,0.6588,1,13,4,1,4
18086720920834827,DSJ-pEaCZpG,savetherhinonamibia,Save the Rhino Trust Namibia,C1023,73,0.765,1,12,5,1,-1
18100453846747749,DSJ-pEaCZpG,savetherhinonamibia,Save the Rhino Trust Namibia,C1182,24,0.4404,1,11,4,1,4
18162455794429518,DRPdL0MjNdg,desertlionconservation,Desert Lion Conservation Trust,C0030,160,-0.5994,0,19,6,1,15
17860673484478865,DRPdL0MjNdg,desertlionconservation,Desert Lion Conservation Trust,C0888,179,0.8885,0,12,6,1,-1
18118315411543602,DRPdL0MjNdg,desertlionconservation,Desert Lion Conservation Trust,C0130,57,0.6696,0,22,0,1,3
18083502785017337,DRPdL0MjNdg,desertlionconservation,Desert Lion Conservation Trust,C0548,51,0.0,0,17,5,1,-1
17935843359102351,DRPdL0MjNdg,desertlionconservation,Desert Lion Conservation Trust,C0906,51,0.6249,1,20,2,1,-1
18085802852570903,DXr5rGXmV5m,ccfcheetah,Cheetah Conservation Fund,C1026,499,0.9953,1,18,4,1,-1
18388670074093942,DXr5rGXmV5m,ccfcheetah,Cheetah Conservation Fund,C0848,1,0.0,0,10,0,1,
18051397100738472,DXr5rGXmV5m,ccfcheetah,Cheetah Conservation Fund,C1177,60,0.8225,0,16,2,1,21
18115723435667513,DXr5rGXmV5m,ccfcheetah,Cheetah Conservation Fund,C0196,15,0.0,0,7,2,1,6
18108000509308733,DXr5rGXmV5m,ccfcheetah,Cheetah Conservation Fund,C0011,6,0.0,0,19,1,1,2
17962622949080530,DXr5rGXmV5m,ccfcheetah,Cheetah Conservation Fund,C1024,41,0.8666,0,18,1,1,-1
18118527835653222,DW3oE3qFjbF,naankuse_foundation,N/a'an ku se Foundation,C0853,2,0.0,0,15,1,1,
18372086722162029,DW3oE3qFjbF,naankuse_foundation,N/a'an ku se Foundation,C0488,17,0.7506,1,9,6,1,-1
18572441482047696,DW3oE3qFjbF,naankuse_foundation,N/a'an ku se Foundation,C0242,93,-0.2732,1,16,2,1,13
18063350120361811,DW3oE3qFjbF,naankuse_foundation,N/a'an ku se Foundation,C0823,35,0.6239,1,14,2,1,-1
17888023962466605,DWYsdYrCvaE,namyouthchamber,Namibia Youth Chamber of Environment,C0839,21,0.5267,1,20,1,1,6
18124952434583961,DWYsdYrCvaE,namyouthchamber,Namibia Youth Chamber of Environment,C0596,14,0.0,1,14,4,1,26
18089703152467832,DWYsdYrCvaE,namyouthchamber,Namibia Youth Chamber of Environment,C0503,31,0.5994,1,11,4,1,6
17899538469386740,DUtYO6nDaS4,giraffe_conservation,Giraffe Conservation Foundation,C0616,1,0.0,0,6,5,1,
17935556559187976,DUtYO6nDaS4,giraffe_conservation,Giraffe Conservation Foundation,C0321,4,0.0,0,0,5,1,0
18127401466517282,DXe7m2rEo4m,ccfcheetah,Cheetah Conservation Fund,C0648,58,0.4019,0,10,4,1,19
17902852350418907,DXe7m2rEo4m,ccfcheetah,Cheetah Conservation Fund,C0256,39,0.3182,0,1,4,1,26
17939383815029700,DXe7m2rEo4m,ccfcheetah,Cheetah Conservation Fund,C0011,6,0.0,0,23,3,1,2
18134708971544513,DXe7m2rEo4m,ccfcheetah,Cheetah Conservation Fund,C0310,2,0.0,0,19,3,1,
18003821006735023,DXe7m2rEo4m,ccfcheetah,Cheetah Conservation Fund,C1241,19,0.0,0,18,3,1,-1
18087247145023606,DXe7m2rEo4m,ccfcheetah,Cheetah Conservation Fund,C1051,28,0.6696,0,18,3,1,21
18125524276596331,DWZhpaAj9mI,giraffe_conservation,Giraffe Conservation Foundation,C0535,1,0.0,1,7,4,1,
17976771206842707,DWZhpaAj9mI,giraffe_conservation,Giraffe Conservation Foundation,C0977,5,0.0,1,19,4,1,0
17876659899511702,DU-bZq3inWr,namyouthchamber,Namibia Youth Chamber of Environment,C0533,23,0.5994,2,4,4,1,5
18082682945240928,DU-bZq3inWr,namyouthchamber,Namibia Youth Chamber of Environment,C0849,38,0.6369,3,10,4,1,-1
18218095861315557,DV6oG8iDJKi,giraffe_conservation,Giraffe Conservation Foundation,C0321,2,0.0,0,8,0,1,
18155981989445351,DS2oMpeDIjB,africat_foundation,AfriCat Foundation,C1100,3,0.0,0,4,2,1,0
18034383053558117,DS2oMpeDIjB,africat_foundation,AfriCat Foundation,C1199,10,0.5859,0,16,3,1,12
18325287295223903,DS2oMpeDIjB,africat_foundation,AfriCat Foundation,C0664,1,0.0,0,12,6,1,
18049467293476060,DS2oMpeDIjB,africat_foundation,AfriCat Foundation,C0851,3,0.0,0,2,2,1,0
18321553432217001,DS2oMpeDIjB,africat_foundation,AfriCat Foundation,C0846,2,0.0,0,0,2,1,
18436426885111335,DS2oMpeDIjB,africat_foundation,AfriCat Foundation,C0167,6,0.0,0,11,0,1,2
18497189092076910,DS2oMpeDIjB,africat_foundation,AfriCat Foundation,C0552,12,0.4754,0,13,5,1,5
18112383592529612,DS2oMpeDIjB,africat_foundation,AfriCat Foundation,C0237,3,0.0,0,5,5,1,0
18051895994404976,DS2oMpeDIjB,africat_foundation,AfriCat Foundation,C0930,23,0.7284,3,14,3,1,-1
17871863838481121,DS2oMpeDIjB,africat_foundation,AfriCat Foundation,C0297,4,0.0,2,23,1,1,0
18063806948226773,DS2oMpeDIjB,africat_foundation,AfriCat Foundation,C0652,17,0.0,2,10,1,1,16
18085351685039940,DS2oMpeDIjB,africat_foundation,AfriCat Foundation,C0224,15,0.0,2,20,0,1,1
18089693597297104,DS2oMpeDIjB,africat_foundation,AfriCat Foundation,C0881,8,0.0,5,16,0,1,9
17869639359421061,DSRtCbRj9Wv,savetherhinonamibia,Save the Rhino Trust Namibia,C0092,24,0.5719,1,7,1,1,-1
18339899731228247,DSRtCbRj9Wv,savetherhinonamibia,Save the Rhino Trust Namibia,C0350,24,0.5859,1,17,0,1,4
18131747485493460,DXxKLyiGcYl,ccfcheetah,Cheetah Conservation Fund,C0611,81,0.6597,0,13,4,1,20
17980438625838351,DXxKLyiGcYl,ccfcheetah,Cheetah Conservation Fund,C0860,55,0.6908,0,9,4,1,5
18113617291805373,DXxKLyiGcYl,ccfcheetah,Cheetah Conservation Fund,C0303,16,0.0,0,20,3,1,20
17870333421667023,DXxKLyiGcYl,ccfcheetah,Cheetah Conservation Fund,C0110,1,0.0,0,19,3,1,
18155775337367094,DRNXF-BgS9b,savetherhinonamibia,Save the Rhino Trust Namibia,C0914,54,0.8716,1,22,1,1,17
17997787025839560,DRNXF-BgS9b,savetherhinonamibia,Save the Rhino Trust Namibia,C0855,17,0.6222,1,20,1,1,5
18119761987679038,DXwfTUBjkcO,ccfcheetah,Cheetah Conservation Fund,C1061,99,0.7783,0,23,2,1,-1
18083672279099169,DXwfTUBjkcO,ccfcheetah,Cheetah Conservation Fund,C0632,13,0.0,0,2,3,1,26
17874136746470611,DXwfTUBjkcO,ccfcheetah,Cheetah Conservation Fund,C0780,90,0.4019,0,5,4,1,-1
18086752421591342,DXwfTUBjkcO,ccfcheetah,Cheetah Conservation Fund,C0471,6,0.0,1,2,4,1,2
18017806364832177,DXwfTUBjkcO,ccfcheetah,Cheetah Conservation Fund,C0787,17,0.0,1,0,4,1,-1
18073798028649882,DXwfTUBjkcO,ccfcheetah,Cheetah Conservation Fund,C1042,28,0.0,1,21,3,1,3
18124386022618098,DXwfTUBjkcO,ccfcheetah,Cheetah Conservation Fund,C0310,2,0.0,1,17,3,1,
18104095129994793,DXwfTUBjkcO,ccfcheetah,Cheetah Conservation Fund,C0684,6,0.0,1,15,3,1,2
18096542204163680,DXwfTUBjkcO,ccfcheetah,Cheetah Conservation Fund,C0011,6,0.0,2,14,3,1,0
18152259550461790,DXwfTUBjkcO,ccfcheetah,Cheetah Conservation Fund,C0318,31,0.0,2,13,3,1,6
18101840665755754,DWn1ukqCqP6,namyouthchamber,Namibia Youth Chamber of Environment,C1110,15,0.0,0,9,5,1,27
17927807751258528,DXMHXGjlv3g,naankuse_foundation,N/a'an ku se Foundation,C0890,123,0.9484,0,14,3,1,-1
18113907214816513,DXWIgNFloaI,naankuse_foundation,N/a'an ku se Foundation,C0670,37,0.0,1,15,0,1,9
18106326088898746,DXWIgNFloaI,naankuse_foundation,N/a'an ku se Foundation,C0273,58,0.4939,2,12,0,1,-1
18077089667171308,DXWIgNFloaI,naankuse_foundation,N/a'an ku se Foundation,C0220,45,0.802,2,11,0,1,6
18003198176713219,DVwU7pzDM_m,giraffe_conservation,Giraffe Conservation Foundation,C0922,54,0.784,1,11,3,1,18
18169589716403616,DVwU7pzDM_m,giraffe_conservation,Giraffe Conservation Foundation,C0321,0,0.0,0,5,3,1,
17986038908957742,DVwU7pzDM_m,giraffe_conservation,Giraffe Conservation Foundation,C0264,22,0.6892,1,20,2,1,-1
18109558714758515,DVwU7pzDM_m,giraffe_conservation,Giraffe Conservation Foundation,C0633,9,0.0,0,19,2,1,-1
18401511562147409,DWUhj7VjtYE,ministry_of_environment_nam,Ministry of Environment Forestry & Tourism,C1095,15,0.2732,0,5,5,1,-1
18047378948531179,DXceVTokb5e,giraffe_conservation,Giraffe Conservation Foundation,C0689,5,0.0,0,18,0,1,9
18415102738132947,DXceVTokb5e,giraffe_conservation,Giraffe Conservation Foundation,C0633,4,0.0,1,7,4,1,0
18004369628911724,DXceVTokb5e,giraffe_conservation,Giraffe Conservation Foundation,C0535,1,0.0,1,6,4,1,
18027834101812823,DXbYa58lhWu,naankuse_foundation,N/a'an ku se Foundation,C0053,107,0.5719,0,11,2,1,-1
18114539401748673,DXhn93Tjbxw,giraffe_conservation,Giraffe Conservation Foundation,C0633,4,0.0,1,2,6,1,0
18083171753079902,DXhn93Tjbxw,giraffe_conservation,Giraffe Conservation Foundation,C0570,62,0.8264,1,23,5,1,-1
17854836927647960,DXhn93Tjbxw,giraffe_conservation,Giraffe Conservation Foundation,C0425,12,0.0,1,11,5,1,15
17853199521659493,DXhn93Tjbxw,giraffe_conservation,Giraffe Conservation Foundation,C0524,1,0.0,1,5,5,1,
18090601261981746,DXhn93Tjbxw,giraffe_conservation,Giraffe Conservation Foundation,C1044,35,0.5719,2,1,5,1,13
18096275143887489,DXhn93Tjbxw,giraffe_conservation,Giraffe Conservation Foundation,C0255,3,0.0,1,1,5,1,0
18125089735720447,DXhn93Tjbxw,giraffe_conservation,Giraffe Conservation Foundation,C0260,52,0.6981,2,1,5,1,13
18002445242865994,DXhn93Tjbxw,giraffe_conservation,Giraffe Conservation Foundation,C0044,36,0.7104,1,20,4,1,-1
17995925753766265,DXhn93Tjbxw,giraffe_conservation,Giraffe Conservation Foundation,C0616,1,0.0,1,19,4,1,
18320913745261789,DXuf7d6EZeD,giraffe_conservation,Giraffe Conservation Foundation,C0616,3,0.0,1,19,2,1,0
17904892602410504,DXuf7d6EZeD,giraffe_conservation,Giraffe Conservation Foundation,C0310,2,0.0,1,19,2,1,
18082223756061307,DWjdIZtjHgI,wwfnamibia,WWF Namibia,C0541,200,0.8402,1,9,2,1,13
18088339084844130,DRC9C5yCNUK,savetherhinonamibia,Save the Rhino Trust Namibia,C1049,21,0.3182,0,9,1,1,-1
17865193446509695,DRC9C5yCNUK,savetherhinonamibia,Save the Rhino Trust Namibia,C1175,84,0.5983,0,19,1,1,13
17866730565534700,DXivehMRBFx,ongavagamereserve,Ongava Game Reserve,C0041,0,0.0,0,18,1,1,
18001416056853530,DVAe29YCKEl,nacso_namibia1,NACSO,C0921,27,0.6114,1,13,6,1,28
17964444797908251,DWws0QXjeph,giraffe_conservation,Giraffe Conservation Foundation,C0321,3,0.0,1,5,0,1,0
17974764210001104,DXmxhmVDVZm,giraffe_conservation,Giraffe Conservation Foundation,C0633,8,0.0,0,19,6,1,0
17958392292061153,DVF8oQhjpcp,savetherhinonamibia,Save the Rhino Trust Namibia,C0350,19,0.4912,0,12,0,1,25
18401089072181426,DU_ZzNqDJmc,giraffe_conservation,Giraffe Conservation Foundation,C1025,9,0.5994,1,1,3,1,-1
18089461169325090,DU_ZzNqDJmc,giraffe_conservation,Giraffe Conservation Foundation,C1031,18,0.0,2,17,6,1,2
18057947144374116,DU_ZzNqDJmc,giraffe_conservation,Giraffe Conservation Foundation,C0770,3,0.0,1,4,5,1,0
17878119183474010,DU_ZzNqDJmc,giraffe_conservation,Giraffe Conservation Foundation,C0321,0,0.0,1,1,5,1,
18017709893647598,DU_ZzNqDJmc,giraffe_conservation,Giraffe Conservation Foundation,C0616,1,0.0,1,20,4,1,
17937350385158534,DU_ZzNqDJmc,giraffe_conservation,Giraffe Conservation Foundation,C0580,1,0.0,1,19,4,1,
17950924905091607,DU_ZzNqDJmc,giraffe_conservation,Giraffe Conservation Foundation,C1229,31,-0.3412,2,19,4,1,18
18097682113934398,DU_ZzNqDJmc,giraffe_conservation,Giraffe Conservation Foundation,C0633,4,0.0,2,19,4,1,0
17876992596514678,DVjc9hvjaPy,giraffe_conservation,Giraffe Conservation Foundation,C0770,18,0.5994,0,3,5,1,-1
17893414947283435,DVjc9hvjaPy,giraffe_conservation,Giraffe Conservation Foundation,C0438,5,0.0,0,2,5,1,0
18002355512905347,DVjc9hvjaPy,giraffe_conservation,Giraffe Conservation Foundation,C0264,13,0.0,0,20,4,1,9
18117197884624872,DVjc9hvjaPy,giraffe_conservation,Giraffe Conservation Foundation,C0856,2,0.0,0,19,4,1,
17988819140933956,DVRbYULjY8q,giraffe_conservation,Giraffe Conservation Foundation,C0346,121,0.7178,2,19,4,1,-1
17942132769133110,DVRbYULjY8q,giraffe_conservation,Giraffe Conservation Foundation,C0580,1,0.0,1,19,4,1,
18445655272108291,DVMRx8yCMbB,giraffe_conservation,Giraffe Conservation Foundation,C0770,12,0.0,1,9,5,1,2
18079907069053565,DVMRx8yCMbB,giraffe_conservation,Giraffe Conservation Foundation,C1031,18,0.0,2,12,3,1,2
17942257449130983,DVMRx8yCMbB,giraffe_conservation,Giraffe Conservation Foundation,C0437,10,0.0,1,5,3,1,2
18132961945551845,DW5xIWgllJY,naankuse_foundation,N/a'an ku se Foundation,C0735,6,0.0,0,12,3,1,2
18067074632409800,DW5xIWgllJY,naankuse_foundation,N/a'an ku se Foundation,C0887,1,0.0,0,12,3,1,
18158006371448041,DWmZr1-Ewni,giraffe_conservation,Giraffe Conservation Foundation,C0321,0,0.0,0,20,3,1,
18112111576745382,DWmZr1-Ewni,giraffe_conservation,Giraffe Conservation Foundation,C0381,17,0.6239,1,18,3,1,12
17999172842915027,DWmZr1-Ewni,giraffe_conservation,Giraffe Conservation Foundation,C1271,51,0.7424,0,21,2,1,28
18073493039639582,DWs8j4KATCm,naankuse_foundation,N/a'an ku se Foundation,C0670,15,0.6115,0,14,4,1,5
18152738044459534,DWs8j4KATCm,naankuse_foundation,N/a'an ku se Foundation,C1153,16,0.0,0,14,6,1,15
18089651072246532,DWrjZFUDvNu,giraffe_conservation,Giraffe Conservation Foundation,C0691,9,0.5994,0,15,6,1,-1
18100401601794045,DWrjZFUDvNu,giraffe_conservation,Giraffe Conservation Foundation,C0535,1,0.0,1,6,4,1,
18085134275359162,DWrjZFUDvNu,giraffe_conservation,Giraffe Conservation Foundation,C1132,20,0.5994,1,22,6,1,18
18320896828252129,DWrjZFUDvNu,giraffe_conservation,Giraffe Conservation Foundation,C0587,11,0.5994,1,22,4,1,5
18092877659122377,DWrjZFUDvNu,giraffe_conservation,Giraffe Conservation Foundation,C0321,2,0.0,1,20,4,1,
17880191823535924,DWrjZFUDvNu,giraffe_conservation,Giraffe Conservation Foundation,C0616,1,0.0,1,19,4,1,
17898251631306929,DXpWrXrDEJt,ccfcheetah,Cheetah Conservation Fund,C0985,47,0.0,0,14,2,1,8
18045434882539003,DXpWrXrDEJt,ccfcheetah,Cheetah Conservation Fund,C0803,164,0.0,0,21,6,1,8
18111505561847599,DXpWrXrDEJt,ccfcheetah,Cheetah Conservation Fund,C0717,6,0.0,0,10,4,1,0
18046007606775043,DXpWrXrDEJt,ccfcheetah,Cheetah Conservation Fund,C1026,452,0.9931,1,18,1,1,-1
18099223285863212,DXpWrXrDEJt,ccfcheetah,Cheetah Conservation Fund,C0196,19,0.2023,0,14,1,1,5
18118779964646116,DXpWrXrDEJt,ccfcheetah,Cheetah Conservation Fund,C0565,25,0.0,0,12,1,1,-1
18096253234923497,DXpWrXrDEJt,ccfcheetah,Cheetah Conservation Fund,C0011,6,0.0,0,11,1,1,0
18080043602142155,DXpWrXrDEJt,ccfcheetah,Cheetah Conservation Fund,C0727,2,0.0,0,5,1,1,
18013749578849882,DXpWrXrDEJt,ccfcheetah,Cheetah Conservation Fund,C0783,33,-0.7141,0,22,0,1,5
18160498096451404,DXpWrXrDEJt,ccfcheetah,Cheetah Conservation Fund,C0459,24,0.5994,0,21,0,1,-1
18354865093233910,DXpWrXrDEJt,ccfcheetah,Cheetah Conservation Fund,C0854,28,0.5719,2,20,0,1,4
18100488319968585,DXpWrXrDEJt,ccfcheetah,Cheetah Conservation Fund,C0611,51,0.8176,0,20,0,1,-1
17939293671199801,DXpWrXrDEJt,ccfcheetah,Cheetah Conservation Fund,C0684,4,0.0,0,19,0,1,0
18110383801876053,DXpWrXrDEJt,ccfcheetah,Cheetah Conservation Fund,C0198,12,0.6361,0,19,0,1,5
17982543344825741,DXpWrXrDEJt,ccfcheetah,Cheetah Conservation Fund,C0094,27,0.7177,0,19,0,1,10
17910514602399874,DXZhne-jWEN,ccfcheetah,Cheetah Conservation Fund,C0475,7,0.0,0,8,5,1,-1
17873339436663552,DXZhne-jWEN,ccfcheetah,Cheetah Conservation Fund,C0803,93,-0.296,0,22,6,1,8
17887596927489394,DXZhne-jWEN,ccfcheetah,Cheetah Conservation Fund,C0193,36,0.8774,0,11,5,1,22
18095494955140995,DXZhne-jWEN,ccfcheetah,Cheetah Conservation Fund,C0820,8,0.0,0,22,2,1,0
18175223212394705,DXZhne-jWEN,ccfcheetah,Cheetah Conservation Fund,C0383,17,0.0,0,12,4,1,8
17850323004676631,DXZhne-jWEN,ccfcheetah,Cheetah Conservation Fund,C0648,58,0.4019,0,10,4,1,19
18089981806986694,DXZhne-jWEN,ccfcheetah,Cheetah Conservation Fund,C0635,10,0.0,0,0,4,1,16
18327392413265982,DXZhne-jWEN,ccfcheetah,Cheetah Conservation Fund,C0518,0,0.0,0,14,3,1,
17974936052865770,DXZhne-jWEN,ccfcheetah,Cheetah Conservation Fund,C0433,5,0.0,0,0,2,1,0
18070659257650634,DXZhne-jWEN,ccfcheetah,Cheetah Conservation Fund,C0011,6,0.0,0,19,1,1,2
18013452512693205,DXZhne-jWEN,ccfcheetah,Cheetah Conservation Fund,C0066,10,0.0,1,19,1,1,2
18126809242584619,DXZhne-jWEN,ccfcheetah,Cheetah Conservation Fund,C0198,21,0.5719,2,19,1,1,10
18117208096664549,DXZhne-jWEN,ccfcheetah,Cheetah Conservation Fund,C0783,43,-0.3131,2,17,1,1,5
17942485749015522,DXZhne-jWEN,ccfcheetah,Cheetah Conservation Fund,C0917,4,0.0,0,17,1,1,0
18017115770675305,DXZhne-jWEN,ccfcheetah,Cheetah Conservation Fund,C0999,10,0.0,0,16,1,1,2
18265883005288081,DXca0cil6Mk,ccfcheetah,Cheetah Conservation Fund,C0125,21,0.624,0,2,6,1,12
17885793648491552,DXca0cil6Mk,ccfcheetah,Cheetah Conservation Fund,C0344,97,0.4019,0,19,5,1,-1
17894149380448420,DXca0cil6Mk,ccfcheetah,Cheetah Conservation Fund,C0344,20,0.4939,0,19,5,1,-1
17961141062931821,DXca0cil6Mk,ccfcheetah,Cheetah Conservation Fund,C0648,80,0.4019,1,10,4,1,19
18048288818758913,DXca0cil6Mk,ccfcheetah,Cheetah Conservation Fund,C0684,3,0.0,1,7,4,1,0
18088675682589766,DXca0cil6Mk,ccfcheetah,Cheetah Conservation Fund,C1157,16,0.0,1,1,3,1,1
18083030270526329,DXca0cil6Mk,ccfcheetah,Cheetah Conservation Fund,C0011,6,0.0,1,0,3,1,2
18583529689019201,DXca0cil6Mk,ccfcheetah,Cheetah Conservation Fund,C0571,12,0.0,1,19,2,1,1
18079111760149963,DXca0cil6Mk,ccfcheetah,Cheetah Conservation Fund,C0497,0,0.0,1,19,2,1,
17890061682492441,DXuRr8pGfJ_,ccfcheetah,Cheetah Conservation Fund,C0032,105,0.9036,0,22,5,1,21
18100217495098923,DXuRr8pGfJ_,ccfcheetah,Cheetah Conservation Fund,C1026,497,0.9941,1,0,5,1,-1
18081647195566172,DXuRr8pGfJ_,ccfcheetah,Cheetah Conservation Fund,C0803,69,0.0,0,22,6,1,8
18372808369200010,DXuRr8pGfJ_,ccfcheetah,Cheetah Conservation Fund,C0854,12,0.0,3,19,2,1,-1
17853632136660516,DXuRr8pGfJ_,ccfcheetah,Cheetah Conservation Fund,C0011,6,0.0,0,17,2,1,1
18178539361388854,DXuRr8pGfJ_,ccfcheetah,Cheetah Conservation Fund,C0310,2,0.0,0,17,2,1,
17997420509889196,DUELhjJjd7D,giraffe_conservation,Giraffe Conservation Foundation,C1031,15,0.0,2,15,3,1,1
18114949576626493,DUELhjJjd7D,giraffe_conservation,Giraffe Conservation Foundation,C0393,97,0.7506,1,13,3,1,22
17964703779010568,DUELhjJjd7D,giraffe_conservation,Giraffe Conservation Foundation,C0381,51,0.7067,2,11,3,1,-1
18101016106842372,DUELhjJjd7D,giraffe_conservation,Giraffe Conservation Foundation,C0310,2,0.0,1,20,2,1,
17898091179244408,DT8dIW2iCC3,giraffe_conservation,Giraffe Conservation Foundation,C0768,2,0.0,0,21,2,1,
18069633746533067,DT8dIW2iCC3,giraffe_conservation,Giraffe Conservation Foundation,C0654,7,0.0,0,17,5,1,0
18059510342334960,DT8dIW2iCC3,giraffe_conservation,Giraffe Conservation Foundation,C0405,2,0.0,1,12,0,1,
18055331813385546,DT8dIW2iCC3,giraffe_conservation,Giraffe Conservation Foundation,C1132,17,0.6369,2,2,0,1,18
18015802061646065,DT8dIW2iCC3,giraffe_conservation,Giraffe Conservation Foundation,C0691,12,0.0,1,23,6,1,1
18137728927490497,DT8dIW2iCC3,giraffe_conservation,Giraffe Conservation Foundation,C1112,73,0.8684,2,22,6,1,-1
18331813612243530,DT8dIW2iCC3,giraffe_conservation,Giraffe Conservation Foundation,C0580,1,0.0,1,19,6,1,
17961464976031455,DT8dIW2iCC3,giraffe_conservation,Giraffe Conservation Foundation,C0616,1,0.0,1,19,6,1,
18330357184246814,DT8dIW2iCC3,giraffe_conservation,Giraffe Conservation Foundation,C0188,4,0.0,1,19,6,1,0
18080879063461541,DVEjcvgj1xY,giraffe_conservation,Giraffe Conservation Foundation,C0028,17,0.0,0,8,1,1,18
18111619858732891,DVEjcvgj1xY,giraffe_conservation,Giraffe Conservation Foundation,C1144,87,0.3182,0,21,0,1,18
18125680870493743,DVEjcvgj1xY,giraffe_conservation,Giraffe Conservation Foundation,C1183,82,0.6705,0,13,0,1,18
18060806060658988,DVEjcvgj1xY,giraffe_conservation,Giraffe Conservation Foundation,C0239,3,0.0,0,10,0,1,0
18099111305302191,DVEjcvgj1xY,giraffe_conservation,Giraffe Conservation Foundation,C1067,1,0.0,0,21,6,1,
17927459574212949,DVEjcvgj1xY,giraffe_conservation,Giraffe Conservation Foundation,C0633,6,0.0,0,21,6,1,0
18053112902470818,DVEjcvgj1xY,giraffe_conservation,Giraffe Conservation Foundation,C0953,13,0.0,0,19,6,1,9
18009855974828167,DVEjcvgj1xY,giraffe_conservation,Giraffe Conservation Foundation,C0156,3,0.0,0,19,6,1,0
18087938720515484,DU6QOvFk9xX,giraffe_conservation,Giraffe Conservation Foundation,C0286,20,0.0,0,13,1,1,-1
18102848533850615,DU6QOvFk9xX,giraffe_conservation,Giraffe Conservation Foundation,C0624,4,0.0,2,11,4,1,0
18153130576440176,DU6QOvFk9xX,giraffe_conservation,Giraffe Conservation Foundation,C0035,3,0.0,1,9,4,1,0
18012059543822023,DU6QOvFk9xX,giraffe_conservation,Giraffe Conservation Foundation,C0513,14,0.3612,1,20,3,1,23
18440579848128623,DU6QOvFk9xX,giraffe_conservation,Giraffe Conservation Foundation,C0513,2,0.0,0,20,3,1,
18400692022182417,DU6QOvFk9xX,giraffe_conservation,Giraffe Conservation Foundation,C0123,2,0.0,1,8,3,1,
17905786239358675,DU6QOvFk9xX,giraffe_conservation,Giraffe Conservation Foundation,C0321,0,0.0,0,1,3,1,
18090499705877825,DU6QOvFk9xX,giraffe_conservation,Giraffe Conservation Foundation,C0230,1,0.0,1,0,3,1,
18558845728017490,DU6QOvFk9xX,giraffe_conservation,Giraffe Conservation Foundation,C1031,18,0.0,2,20,2,1,1
18064149827645149,DUbWq9sk2fR,giraffe_conservation,Giraffe Conservation Foundation,C0824,53,0.8734,1,21,1,1,10
17872609485519633,DUbWq9sk2fR,giraffe_conservation,Giraffe Conservation Foundation,C0633,3,0.0,1,4,6,1,0
18070714076164289,DUbWq9sk2fR,giraffe_conservation,Giraffe Conservation Foundation,C0958,29,0.4738,1,22,5,1,11
17982726857959667,DUbWq9sk2fR,giraffe_conservation,Giraffe Conservation Foundation,C0616,1,0.0,1,19,4,1,
17997406124892722,DUWNHNmDsUE,giraffe_conservation,Giraffe Conservation Foundation,C0310,2,0.0,0,19,2,1,
18206587201320888,DTqbkOCjdCj,giraffe_conservation,Giraffe Conservation Foundation,C0747,2,0.0,0,12,1,1,
18075486668580158,DTqbkOCjdCj,giraffe_conservation,Giraffe Conservation Foundation,C1031,19,0.0,2,13,0,1,1
17854210002566953,DTqbkOCjdCj,giraffe_conservation,Giraffe Conservation Foundation,C0770,4,0.0,1,2,0,1,0
18127664785464080,DTqbkOCjdCj,giraffe_conservation,Giraffe Conservation Foundation,C0044,73,0.4953,1,22,6,1,18
18069102914571932,DTqbkOCjdCj,giraffe_conservation,Giraffe Conservation Foundation,C0174,10,0.5095,1,22,6,1,5
17994084617857134,DTqbkOCjdCj,giraffe_conservation,Giraffe Conservation Foundation,C0570,45,0.8603,1,21,6,1,10
17895274842389100,DTqbkOCjdCj,giraffe_conservation,Giraffe Conservation Foundation,C0573,154,0.9283,2,20,6,1,18
18520971754070563,DTqbkOCjdCj,giraffe_conservation,Giraffe Conservation Foundation,C0616,1,0.0,1,19,6,1,
18100139234052268,DXVdVqvGBrZ,ccfcheetah,Cheetah Conservation Fund,C1156,77,0.9198,0,9,1,1,-1
18071668694557962,DXVdVqvGBrZ,ccfcheetah,Cheetah Conservation Fund,C1234,16,0.6369,1,22,0,1,23
17949220422130740,DXVdVqvGBrZ,ccfcheetah,Cheetah Conservation Fund,C0066,15,0.5696,1,11,0,1,6
17876814027578839,DXVdVqvGBrZ,ccfcheetah,Cheetah Conservation Fund,C0066,4,0.0,0,11,0,1,0
17991940007955969,DXVdVqvGBrZ,ccfcheetah,Cheetah Conservation Fund,C0196,14,0.5719,2,7,0,1,5
17889623649463682,DXVdVqvGBrZ,ccfcheetah,Cheetah Conservation Fund,C0760,24,0.7177,0,7,0,1,10
17971925565009654,DXVdVqvGBrZ,ccfcheetah,Cheetah Conservation Fund,C0313,256,0.8807,5,7,0,1,13
18116768869672767,DXVdVqvGBrZ,ccfcheetah,Cheetah Conservation Fund,C0917,30,0.0,2,6,0,1,29
18102628609756307,DXVdVqvGBrZ,ccfcheetah,Cheetah Conservation Fund,C0310,2,0.0,0,5,0,1,
17936216316209661,DXVdVqvGBrZ,ccfcheetah,Cheetah Conservation Fund,C0011,5,0.0,0,4,0,1,0
18319389133266293,DXVdVqvGBrZ,ccfcheetah,Cheetah Conservation Fund,C0978,10,0.0,0,4,0,1,1
18068636957666224,DXVdVqvGBrZ,ccfcheetah,Cheetah Conservation Fund,C0791,6,0.0,0,3,0,1,0
17952668171962863,DXVdVqvGBrZ,ccfcheetah,Cheetah Conservation Fund,C0973,13,0.0,0,2,0,1,9
18032503880785534,DUOesl5jXwq,giraffe_conservation,Giraffe Conservation Foundation,C0616,1,0.0,1,20,6,1,
17866964622556810,DUOesl5jXwq,giraffe_conservation,Giraffe Conservation Foundation,C0919,32,0.5848,1,20,6,1,13
17876183523493810,DUOesl5jXwq,giraffe_conservation,Giraffe Conservation Foundation,C1229,47,0.8316,1,19,6,1,-1
18200887891329762,DVWk_9XDbv8,giraffe_conservation,Giraffe Conservation Foundation,C0321,2,0.0,0,23,6,1,
17869799796589928,DWE0qc5Evit,naankuse_foundation,N/a'an ku se Foundation,C0041,29,0.6114,0,8,5,1,28
18117391657602199,DRFUHr8DPls,africat_foundation,AfriCat Foundation,C0167,10,0.0,0,11,0,1,1
17867194854416654,DRFUHr8DPls,africat_foundation,AfriCat Foundation,C1192,9,0.6249,2,22,5,1,12
18124742965575637,DVtRIKfigl2,namyouthchamber,Namibia Youth Chamber of Environment,C0510,34,0.0,4,5,2,1,26
18061265921354167,DVtRIKfigl2,namyouthchamber,Namibia Youth Chamber of Environment,C0022,55,0.0,4,19,1,1,26
18087279955947689,DRkL8DrjBZz,africat_foundation,AfriCat Foundation,C0316,12,0.3804,1,8,4,1,12
17893081089329634,DXMiL7jjXgk,ccfcheetah,Cheetah Conservation Fund,C0848,1,0.0,0,20,0,1,
18080394440268871,DXMiL7jjXgk,ccfcheetah,Cheetah Conservation Fund,C0075,33,0.0,0,5,5,1,21
18110587414833689,DXMiL7jjXgk,ccfcheetah,Cheetah Conservation Fund,C0956,53,0.2023,0,23,3,1,-1
18177285040382223,DXMiL7jjXgk,ccfcheetah,Cheetah Conservation Fund,C1127,4,0.0,0,19,3,1,0
18222474610314297,DXMiL7jjXgk,ccfcheetah,Cheetah Conservation Fund,C1207,3,0.0,0,18,3,1,0
17858926287627018,DXMiL7jjXgk,ccfcheetah,Cheetah Conservation Fund,C1058,17,0.5994,0,17,3,1,5
18133755028476676,DXMiL7jjXgk,ccfcheetah,Cheetah Conservation Fund,C0716,9,0.0,0,16,3,1,1
18112294456775798,DXMiL7jjXgk,ccfcheetah,Cheetah Conservation Fund,C0532,24,-0.6124,0,15,3,1,9
17897592564281903,DXMiL7jjXgk,ccfcheetah,Cheetah Conservation Fund,C0011,6,0.0,0,15,3,1,0
18312590686287977,DXMiL7jjXgk,ccfcheetah,Cheetah Conservation Fund,C0684,4,0.0,0,15,3,1,0
18459938383098265,DXMiL7jjXgk,ccfcheetah,Cheetah Conservation Fund,C0162,122,0.8591,0,14,3,1,21
18114182587687205,DXMiL7jjXgk,ccfcheetah,Cheetah Conservation Fund,C1131,16,0.3595,0,14,3,1,-1
18073026536260149,DXMiL7jjXgk,ccfcheetah,Cheetah Conservation Fund,C0196,16,0.6369,2,14,3,1,-1
18096951131116588,DXMiL7jjXgk,ccfcheetah,Cheetah Conservation Fund,C0773,27,0.4767,0,14,3,1,-1
18069173225261979,DV1RBwxDDEe,naankuse_foundation,N/a'an ku se Foundation,C0708,39,0.8172,1,13,6,1,6
18060244856653873,DTyJ9OpgXzm,giraffe_conservation,Giraffe Conservation Foundation,C1233,13,0.0,0,10,4,1,6
18076718249368342,DTyJ9OpgXzm,giraffe_conservation,Giraffe Conservation Foundation,C0633,4,0.0,0,5,4,1,0
18010256981670159,DTyJ9OpgXzm,giraffe_conservation,Giraffe Conservation Foundation,C0044,84,0.0,0,15,3,1,18
18115065466608780,DTyJ9OpgXzm,giraffe_conservation,Giraffe Conservation Foundation,C1031,17,0.0,2,15,3,1,2
18069347225158587,DTyJ9OpgXzm,giraffe_conservation,Giraffe Conservation Foundation,C0912,29,0.0,0,19,2,1,-1
18087559979218500,DV_xrwzjCSH,naankuse_foundation,N/a'an ku se Foundation,C0254,17,0.0,0,13,2,1,6
18074109800398119,DV_xrwzjCSH,naankuse_foundation,N/a'an ku se Foundation,C1179,43,0.4767,2,21,1,1,-1
18080656670118553,DW4VErZEjmD,ccfcheetah,Cheetah Conservation Fund,C0860,93,0.4754,0,13,3,1,-1
17919929991313430,DW4VErZEjmD,ccfcheetah,Cheetah Conservation Fund,C0011,6,0.0,0,19,2,1,0
18049345343754260,DW4VErZEjmD,ccfcheetah,Cheetah Conservation Fund,C0310,2,0.0,0,18,2,1,
18092002025044879,DU5v6CKCn_O,namyouthchamber,Namibia Youth Chamber of Environment,C0711,27,0.6369,2,14,2,1,25
18047900705735398,DW2bF8jjNJE,ccfcheetah,Cheetah Conservation Fund,C0659,12,0.3612,0,16,4,1,11
17935168485218978,DW2bF8jjNJE,ccfcheetah,Cheetah Conservation Fund,C0817,2,0.0,0,3,2,1,
18127052266510858,DW2bF8jjNJE,ccfcheetah,Cheetah Conservation Fund,C0102,217,0.9509,0,6,0,1,21
18098180039069983,DW2bF8jjNJE,ccfcheetah,Cheetah Conservation Fund,C0741,43,0.7351,0,17,2,1,22
17968053504043935,DW2bF8jjNJE,ccfcheetah,Cheetah Conservation Fund,C1043,2,0.0,0,13,2,1,
17942511672177359,DW2bF8jjNJE,ccfcheetah,Cheetah Conservation Fund,C0474,19,0.5994,0,10,2,1,6
18009677489849916,DW2bF8jjNJE,ccfcheetah,Cheetah Conservation Fund,C0684,1,0.0,0,5,2,1,
18102573410511800,DW2bF8jjNJE,ccfcheetah,Cheetah Conservation Fund,C0777,4,0.0,0,4,2,1,0
18432353284191367,DW2bF8jjNJE,ccfcheetah,Cheetah Conservation Fund,C0011,6,0.0,0,4,2,1,0
18072224045248030,DW2bF8jjNJE,ccfcheetah,Cheetah Conservation Fund,C0842,58,0.0,0,1,2,1,-1
17949661985990984,DUoOpqdjEUM,giraffe_conservation,Giraffe Conservation Foundation,C0321,0,0.0,0,2,3,1,
18088550804059280,DTibOjAjHCe,africat_foundation,AfriCat Foundation,C0038,20,0.6674,1,20,3,1,5
17969934689847306,DT3TiZ9DdmI,giraffe_conservation,Giraffe Conservation Foundation,C0616,1,0.0,0,6,5,1,
17984819339985969,DXFDkC8EZUF,ccfcheetah,Cheetah Conservation Fund,C0648,59,0.4019,0,10,4,1,19
17915411250167013,DXFDkC8EZUF,ccfcheetah,Cheetah Conservation Fund,C0576,0,0.0,0,19,1,1,
18577596682047488,DXFDkC8EZUF,ccfcheetah,Cheetah Conservation Fund,C0011,6,0.0,0,23,0,1,0
18039800411798899,DW69EwJESBc,ccfcheetah,Cheetah Conservation Fund,C0517,2,0.0,0,10,4,1,
18429022768122250,DW69EwJESBc,ccfcheetah,Cheetah Conservation Fund,C0517,2,0.0,0,10,4,1,
17971504626090042,DW69EwJESBc,ccfcheetah,Cheetah Conservation Fund,C0517,2,0.0,0,10,4,1,
18431794159127298,DW69EwJESBc,ccfcheetah,Cheetah Conservation Fund,C0121,16,0.0,0,13,4,1,2
18296273032304777,DW69EwJESBc,ccfcheetah,Cheetah Conservation Fund,C1029,63,0.836,0,5,4,1,22
18107555597505392,DW69EwJESBc,ccfcheetah,Cheetah Conservation Fund,C0314,2,0.0,0,10,5,1,
18001679945864695,DW69EwJESBc,ccfcheetah,Cheetah Conservation Fund,C0057,22,0.0,0,8,3,1,-1
18066542609680099,DW69EwJESBc,ccfcheetah,Cheetah Conservation Fund,C0573,60,-0.4767,1,6,2,1,10
18096928160118236,DW69EwJESBc,ccfcheetah,Cheetah Conservation Fund,C0008,220,0.9313,0,18,1,1,22
18065236151669629,DW69EwJESBc,ccfcheetah,Cheetah Conservation Fund,C0066,15,0.6361,0,11,0,1,5
17994825464937620,DW69EwJESBc,ccfcheetah,Cheetah Conservation Fund,C0095,49,0.0,0,14,0,1,8
18073234316333788,DW69EwJESBc,ccfcheetah,Cheetah Conservation Fund,C0193,13,0.3612,0,11,6,1,11
18091373296922100,DW69EwJESBc,ccfcheetah,Cheetah Conservation Fund,C0869,17,0.0,0,4,6,1,-1
18084270101359110,DW69EwJESBc,ccfcheetah,Cheetah Conservation Fund,C0700,77,0.8188,0,12,5,1,3
18390825982158118,DW69EwJESBc,ccfcheetah,Cheetah Conservation Fund,C1231,30,0.5229,1,12,5,1,4
18114190873719404,DUggSmvjmH0,giraffe_conservation,Giraffe Conservation Foundation,C0437,10,0.5719,0,6,0,1,11
18085704967907383,DUggSmvjmH0,giraffe_conservation,Giraffe Conservation Foundation,C0321,0,0.0,0,1,0,1,
18543394666066330,DVyHG_Jijrz,namyouthchamber,Namibia Youth Chamber of Environment,C0724,21,0.0,2,8,4,1,26
18105689017868807,DVyHG_Jijrz,namyouthchamber,Namibia Youth Chamber of Environment,C0169,23,0.4767,1,4,4,1,-1
17914886853326741,DVyHG_Jijrz,namyouthchamber,Namibia Youth Chamber of Environment,C0849,27,0.0,2,14,3,1,26
18087994981962096,DV0so-eCkJk,namyouthchamber,Namibia Youth Chamber of Environment,C0838,93,0.5994,3,9,5,1,26
18108728140753682,DV0so-eCkJk,namyouthchamber,Namibia Youth Chamber of Environment,C0492,23,0.0,2,18,3,1,9
17901330288392854,DV0so-eCkJk,namyouthchamber,Namibia Youth Chamber of Environment,C0045,21,0.5994,2,10,3,1,6
18041531804757839,DV0so-eCkJk,namyouthchamber,Namibia Youth Chamber of Environment,C1254,11,0.0,1,18,0,1,0
18179788735337615,DV0so-eCkJk,namyouthchamber,Namibia Youth Chamber of Environment,C0024,2,0.0,1,19,5,1,
17947372800117840,DV0so-eCkJk,namyouthchamber,Namibia Youth Chamber of Environment,C0322,3,0.0,2,19,5,1,0
17913940065341769,DV0so-eCkJk,namyouthchamber,Namibia Youth Chamber of Environment,C0968,28,0.0,1,5,5,1,26
18198368230340593,DV0so-eCkJk,namyouthchamber,Namibia Youth Chamber of Environment,C1083,3,0.0,1,14,4,1,0
17856020514587624,DV0so-eCkJk,namyouthchamber,Namibia Youth Chamber of Environment,C0849,28,0.0,1,12,4,1,26
18065242574393976,DRhp-g_DJMg,africat_foundation,AfriCat Foundation,C0226,219,0.9313,0,5,4,1,3
18030277346551582,DRhp-g_DJMg,africat_foundation,AfriCat Foundation,C0778,1,0.0,1,9,3,1,
18093031126729756,DRhp-g_DJMg,africat_foundation,AfriCat Foundation,C0538,25,0.5859,1,20,2,1,-1
17907863211272712,DRhp-g_DJMg,africat_foundation,AfriCat Foundation,C0038,40,0.34,1,20,2,1,6
18100052713755724,DRhp-g_DJMg,africat_foundation,AfriCat Foundation,C0825,51,0.3804,1,18,2,1,-1
17842017765630757,DRhp-g_DJMg,africat_foundation,AfriCat Foundation,C0656,12,0.0,1,16,2,1,26
17960536689063004,DWURr-cDbzB,tosconamibia,Tosco Trust,C1212,196,0.0,1,20,2,1,13
18083499920573314,DXB-DjOjmZ2,ccfcheetah,Cheetah Conservation Fund,C0147,56,0.0,0,8,5,1,20
17958459510109944,DXB-DjOjmZ2,ccfcheetah,Cheetah Conservation Fund,C0219,24,0.6696,0,17,6,1,-1
18409254931180712,DXB-DjOjmZ2,ccfcheetah,Cheetah Conservation Fund,C0011,6,0.0,0,13,6,1,1
17854469337636777,DXB-DjOjmZ2,ccfcheetah,Cheetah Conservation Fund,C0591,30,0.8678,0,13,6,1,5
18118543393636062,DXB-DjOjmZ2,ccfcheetah,Cheetah Conservation Fund,C1156,20,0.0,1,12,6,1,-1
18141630793492817,DVy5ucnCAYI,naankuse_foundation,N/a'an ku se Foundation,C0275,6,0.5859,0,20,3,1,-1
18356223700225416,DVy5ucnCAYI,naankuse_foundation,N/a'an ku se Foundation,C0735,5,0.0,0,19,3,1,0
18096733400008138,DVy5ucnCAYI,naankuse_foundation,N/a'an ku se Foundation,C0890,25,0.0,0,19,3,1,25
18151884166454934,DVqcuKHmK2G,naankuse_foundation,N/a'an ku se Foundation,C0891,72,0.6239,0,12,0,1,24
18191549698362159,DWW44aTDSt2,tosconamibia,Tosco Trust,C1232,53,0.6103,1,7,2,1,4
18458028301102125,DWW44aTDSt2,tosconamibia,Tosco Trust,C1014,5,0.0,1,19,3,1,0
18384679870091760,DWW44aTDSt2,tosconamibia,Tosco Trust,C0096,11,0.0,1,19,3,1,12
18091678766080894,DUDf5d4DUm_,tosconamibia,Tosco Trust,C1054,29,0.4215,0,19,5,1,13
18093628825781580,DUDf5d4DUm_,tosconamibia,Tosco Trust,C1212,52,0.4019,1,18,3,1,13
18101241289858222,DUDf5d4DUm_,tosconamibia,Tosco Trust,C0234,92,0.6249,2,13,2,1,13
18087947417196322,DWsMJvfjOo5,ccfcheetah,Cheetah Conservation Fund,C0760,42,0.8356,0,8,2,1,28
17883525672490991,DWsMJvfjOo5,ccfcheetah,Cheetah Conservation Fund,C0648,59,0.4019,0,13,1,1,19
18111687178698944,DWsMJvfjOo5,ccfcheetah,Cheetah Conservation Fund,C0211,2,0.0,0,20,6,1,
18044710832762945,DWsMJvfjOo5,ccfcheetah,Cheetah Conservation Fund,C0625,48,0.3612,0,18,5,1,10
18099459727794719,DWsMJvfjOo5,ccfcheetah,Cheetah Conservation Fund,C0308,54,0.5719,0,17,5,1,21
18066812045416699,DWsMJvfjOo5,ccfcheetah,Cheetah Conservation Fund,C0011,28,0.5719,0,10,5,1,28
18089297248954089,DWsMJvfjOo5,ccfcheetah,Cheetah Conservation Fund,C0238,2,0.0,0,9,5,1,
18070538234277204,DWsMJvfjOo5,ccfcheetah,Cheetah Conservation Fund,C0439,2,0.0,0,8,5,1,
18065043041656887,DWsMJvfjOo5,ccfcheetah,Cheetah Conservation Fund,C0611,33,0.7506,1,7,5,1,28
18057547445507668,DWsMJvfjOo5,ccfcheetah,Cheetah Conservation Fund,C0775,49,0.8268,0,6,5,1,28
18070284437279496,DWsMJvfjOo5,ccfcheetah,Cheetah Conservation Fund,C0352,40,0.6467,1,4,5,1,28
18125805217577404,DWsMJvfjOo5,ccfcheetah,Cheetah Conservation Fund,C0636,33,0.9022,0,3,5,1,28
18087328769260680,DWsMJvfjOo5,ccfcheetah,Cheetah Conservation Fund,C0303,47,0.8614,1,1,5,1,28
18095706199859986,DWsMJvfjOo5,ccfcheetah,Cheetah Conservation Fund,C0739,42,0.8313,1,1,5,1,21
18192622996340511,DSvNTG6DxNi,giraffe_conservation,Giraffe Conservation Foundation,C0952,17,0.6239,0,16,3,1,25
18139390165465921,DSvNTG6DxNi,giraffe_conservation,Giraffe Conservation Foundation,C0393,20,0.636,1,12,1,1,25
18545541850015176,DSvNTG6DxNi,giraffe_conservation,Giraffe Conservation Foundation,C0616,1,0.0,1,3,5,1,
18064145759214754,DSvNTG6DxNi,giraffe_conservation,Giraffe Conservation Foundation,C0339,14,0.6361,1,22,4,1,5
17992364588887942,DSvNTG6DxNi,giraffe_conservation,Giraffe Conservation Foundation,C0705,1,0.0,1,21,4,1,
18050389580445571,DS8FQVIjdpH,giraffe_conservation,Giraffe Conservation Foundation,C0610,0,0.0,0,21,4,1,
18095252662839643,DVrBQE7jEWE,naankuse_foundation,N/a'an ku se Foundation,C0281,3,0.0,1,1,2,1,0
18089776154133116,DVrBQE7jEWE,naankuse_foundation,N/a'an ku se Foundation,C0275,10,0.0,1,11,1,1,1
17993650235925072,DVrBQE7jEWE,naankuse_foundation,N/a'an ku se Foundation,C0021,6,0.0,1,7,1,1,1
18577496206024660,DVthvBkjAAF,naankuse_foundation,N/a'an ku se Foundation,C0529,17,-0.1531,1,12,2,1,9
18542337463064739,DVthvBkjAAF,naankuse_foundation,N/a'an ku se Foundation,C0414,3,0.0,1,6,2,1,0
17917914444284126,DVthvBkjAAF,naankuse_foundation,N/a'an ku se Foundation,C0041,0,0.0,1,17,1,1,
18059465978766172,DWWv0b4kmFB,ccfcheetah,Cheetah Conservation Fund,C1231,121,0.9276,0,9,1,1,13
18090684451918439,DWWv0b4kmFB,ccfcheetah,Cheetah Conservation Fund,C0690,26,0.0,0,5,5,1,21
18083758955362197,DWWv0b4kmFB,ccfcheetah,Cheetah Conservation Fund,C0716,13,0.0,1,23,4,1,1
18567950434017052,DWWv0b4kmFB,ccfcheetah,Cheetah Conservation Fund,C1136,35,0.8772,1,15,4,1,4
17992184966928814,DWWv0b4kmFB,ccfcheetah,Cheetah Conservation Fund,C1210,25,0.0,0,20,3,1,-1
18058722533448628,DWWv0b4kmFB,ccfcheetah,Cheetah Conservation Fund,C0211,84,0.0,4,19,3,1,21
17990350919783418,DWWv0b4kmFB,ccfcheetah,Cheetah Conservation Fund,C0011,6,0.0,0,18,3,1,1
18178713748345437,DWWv0b4kmFB,ccfcheetah,Cheetah Conservation Fund,C0303,65,0.0,1,18,3,1,24
18077671136193487,DTBO21Djf01,giraffe_conservation,Giraffe Conservation Foundation,C0974,32,0.7488,1,19,4,1,12
18095339339028093,DWouAPSEVB9,ccfcheetah,Cheetah Conservation Fund,C1231,83,0.5719,1,7,6,1,-1
18098255890978952,DWouAPSEVB9,ccfcheetah,Cheetah Conservation Fund,C0011,6,0.0,1,19,3,1,1
17901767454223477,DU-ncR0jTOc,tosconamibia,Tosco Trust,C0146,3,0.0,1,18,5,1,0
18074714033111914,DU-ncR0jTOc,tosconamibia,Tosco Trust,C1014,4,0.0,1,15,4,1,0
18109057438664858,DU-ncR0jTOc,tosconamibia,Tosco Trust,C0096,3,0.0,1,12,4,1,0
18091344857036851,DU-ncR0jTOc,tosconamibia,Tosco Trust,C1054,2,0.0,1,12,4,1,
17898551463397160,DU-ncR0jTOc,tosconamibia,Tosco Trust,C0819,3,0.0,2,11,4,1,0
17966303900862220,DS-qEVPADma,giraffe_conservation,Giraffe Conservation Foundation,C0843,14,0.6588,1,17,5,1,-1
17892610605258721,DS-qEVPADma,giraffe_conservation,Giraffe Conservation Foundation,C0952,17,0.6239,1,2,4,1,25
18098588512892694,DS-qEVPADma,giraffe_conservation,Giraffe Conservation Foundation,C1224,3,0.0,1,20,1,1,0
17905756212324960,DS-qEVPADma,giraffe_conservation,Giraffe Conservation Foundation,C0394,73,0.3612,1,12,1,1,10
17894787321245085,DS-qEVPADma,giraffe_conservation,Giraffe Conservation Foundation,C0058,11,0.0,1,14,5,1,-1
18117880405502364,DS-qEVPADma,giraffe_conservation,Giraffe Conservation Foundation,C0086,52,0.6369,2,11,5,1,18
18050173802442680,DS-qEVPADma,giraffe_conservation,Giraffe Conservation Foundation,C0924,38,0.0,1,4,4,1,8
18251229619288100,DS-qEVPADma,giraffe_conservation,Giraffe Conservation Foundation,C1031,15,0.0,2,20,3,1,1
18063596951541821,DS-qEVPADma,giraffe_conservation,Giraffe Conservation Foundation,C0437,37,0.1531,1,19,3,1,-1
17879097606492250,DVmCpq8jAER,naankuse_foundation,N/a'an ku se Foundation,C1230,2,0.0,1,7,6,1,
18061013663692702,DWl7H61DbCB,ccfcheetah,Cheetah Conservation Fund,C0648,58,0.4019,0,13,1,1,19
18009657356699524,DWl7H61DbCB,ccfcheetah,Cheetah Conservation Fund,C0969,203,0.7845,0,8,3,1,-1
18179644864382890,DWl7H61DbCB,ccfcheetah,Cheetah Conservation Fund,C0162,38,0.0,0,5,3,1,21
17913423639351378,DWl7H61DbCB,ccfcheetah,Cheetah Conservation Fund,C0348,2,0.0,0,18,2,1,
17851445922658072,DWl7H61DbCB,ccfcheetah,Cheetah Conservation Fund,C0011,6,0.0,0,17,2,1,1
17878793976429042,DReQDwTDOOM,namyouthchamber,Namibia Youth Chamber of Environment,C0596,3,0.0,1,8,1,1,0
17994163811714635,DReQDwTDOOM,namyouthchamber,Namibia Youth Chamber of Environment,C0841,46,0.4019,1,8,1,1,24
17939869403965402,DReQDwTDOOM,namyouthchamber,Namibia Youth Chamber of Environment,C0841,2,0.0,1,8,1,1,
18094632929056012,DVyJnZlDMPe,naankuse_foundation,N/a'an ku se Foundation,C0639,6,0.0,1,14,4,1,1
18058536155398100,DVwVD1GjiEL,naankuse_foundation,N/a'an ku se Foundation,C0203,56,0.6588,1,18,5,1,25
18105039470508346,DVwVD1GjiEL,naankuse_foundation,N/a'an ku se Foundation,C0021,11,0.4019,0,11,4,1,9
18087396791236222,DVwVD1GjiEL,naankuse_foundation,N/a'an ku se Foundation,C0592,75,0.3612,3,0,4,1,-1
18073170182556386,DVwVD1GjiEL,naankuse_foundation,N/a'an ku se Foundation,C0021,4,0.0,0,7,3,1,0
18146439163414124,DVZJxG8gdBv,naankuse_foundation,N/a'an ku se Foundation,C0670,80,0.0,0,17,1,1,-1
18348425881232417,DVZJxG8gdBv,naankuse_foundation,N/a'an ku se Foundation,C0284,1,0.0,0,5,1,1,
18043602311768377,DXMoBOzDnXM,gobabeb,Gobabeb Research & Training Centre,C1154,2,0.0,0,18,1,1,
18092604518270532,DXMoBOzDnXM,gobabeb,Gobabeb Research & Training Centre,C0245,25,0.6114,0,19,3,1,17
18096518245913754,DTOG1rZj1Wf,giraffe_conservation,Giraffe Conservation Foundation,C0141,3,0.0,0,9,4,1,0
18074608202365676,DTOG1rZj1Wf,giraffe_conservation,Giraffe Conservation Foundation,C0770,9,0.0,1,5,3,1,1
18096309634726345,DTOG1rZj1Wf,giraffe_conservation,Giraffe Conservation Foundation,C1031,16,0.0,2,20,2,1,2
17961079584011630,DTOG1rZj1Wf,giraffe_conservation,Giraffe Conservation Foundation,C0393,79,0.743,1,20,2,1,22
18010389968820241,DTOG1rZj1Wf,giraffe_conservation,Giraffe Conservation Foundation,C1188,1,0.0,1,19,2,1,
18091755838782535,DTYZ__3jMEy,giraffe_conservation,Giraffe Conservation Foundation,C0466,33,0.3182,0,11,2,1,-1
17851709325582944,DTYZ__3jMEy,giraffe_conservation,Giraffe Conservation Foundation,C1031,19,0.0,2,20,6,1,1
17912338569269773,DTYZ__3jMEy,giraffe_conservation,Giraffe Conservation Foundation,C0922,58,0.4199,1,20,6,1,18
18045339881499252,DTYZ__3jMEy,giraffe_conservation,Giraffe Conservation Foundation,C0633,9,0.0,1,19,6,1,1
18104856689499423,DUlV2iNCOB0,africat_foundation,AfriCat Foundation,C1190,10,0.0,0,8,6,1,-1
17973511052846918,DUlV2iNCOB0,africat_foundation,AfriCat Foundation,C1089,68,0.794,0,14,5,1,-1
17923957350247500,DUlV2iNCOB0,africat_foundation,AfriCat Foundation,C0638,2,0.0,0,18,3,1,
18093901885964560,DUlV2iNCOB0,africat_foundation,AfriCat Foundation,C1215,10,0.4588,0,10,2,1,5
17914370685253237,DSQTzsPDRJ6,giraffe_conservation,Giraffe Conservation Foundation,C1031,15,0.0,2,16,4,1,1
17844139344634564,DSQTzsPDRJ6,giraffe_conservation,Giraffe Conservation Foundation,C0247,17,0.4215,1,20,6,1,-1
18004034057832122,DSQTzsPDRJ6,giraffe_conservation,Giraffe Conservation Foundation,C0515,22,0.6351,5,19,6,1,-1
18126419005607522,DXO2QOUln2I,ongavagamereserve,Ongava Game Reserve,C0387,33,0.0,0,8,0,1,-1
17962188630050841,DV99gHxDCdy,ccfcheetah,Cheetah Conservation Fund,C0011,6,0.0,0,4,1,1,0
18134500240515467,DV99gHxDCdy,ccfcheetah,Cheetah Conservation Fund,C0648,58,0.4019,0,12,1,1,19
18122293840595250,DV99gHxDCdy,ccfcheetah,Cheetah Conservation Fund,C0565,57,0.0,0,3,1,1,-1
18089979299224876,DXG8IUMDeZj,ongavagamereserve,Ongava Game Reserve,C0715,10,0.6892,0,17,4,1,12
17976831054021694,DXG8IUMDeZj,ongavagamereserve,Ongava Game Reserve,C0107,16,0.0,1,8,2,1,12
18197315800348054,DXG8IUMDeZj,ongavagamereserve,Ongava Game Reserve,C1270,6,0.5859,0,11,1,1,-1
18149855188482745,DXG8IUMDeZj,ongavagamereserve,Ongava Game Reserve,C0884,7,0.0,0,11,1,1,0
17921377431122040,DXG8IUMDeZj,ongavagamereserve,Ongava Game Reserve,C0157,45,0.658,1,10,1,1,3
18187922449374512,DXG8IUMDeZj,ongavagamereserve,Ongava Game Reserve,C0872,68,0.0,3,10,1,1,3
18176525788367355,DSLMZorAZyc,giraffe_conservation,Giraffe Conservation Foundation,C0748,24,0.6369,1,22,4,1,10
18094820908721346,DRz_BrsjG0U,giraffe_conservation,Giraffe Conservation Foundation,C0997,2,0.0,1,9,3,1,
18570101335059403,DVT5VGnDVSk,naankuse_foundation,N/a'an ku se Foundation,C0670,20,0.0,0,10,6,1,9
17876413131514599,DVT5VGnDVSk,naankuse_foundation,N/a'an ku se Foundation,C1038,1,0.0,0,8,6,1,
18086412431131795,DVT5VGnDVSk,naankuse_foundation,N/a'an ku se Foundation,C0493,22,0.0,0,20,5,1,15
18061058285676044,DVT5VGnDVSk,naankuse_foundation,N/a'an ku se Foundation,C0735,4,0.0,0,20,5,1,0
17928390399218392,DVT5VGnDVSk,naankuse_foundation,N/a'an ku se Foundation,C0412,1,0.0,0,18,5,1,
18099448880171129,DTlR_2oEp9y,giraffe_conservation,Giraffe Conservation Foundation,C1257,1,0.0,0,14,1,1,
18551192629007336,DTlR_2oEp9y,giraffe_conservation,Giraffe Conservation Foundation,C0044,58,0.4389,1,15,6,1,18
18087738014024715,DTlR_2oEp9y,giraffe_conservation,Giraffe Conservation Foundation,C0770,8,0.6166,1,2,5,1,-1
18086708362893997,DTlR_2oEp9y,giraffe_conservation,Giraffe Conservation Foundation,C0542,10,0.6514,1,19,4,1,-1
18023954810789782,DTlR_2oEp9y,giraffe_conservation,Giraffe Conservation Foundation,C0616,1,0.0,1,19,4,1,
18579503152037801,DWhFSe_Epwk,ccfcheetah,Cheetah Conservation Fund,C1231,1,0.0,0,19,1,1,
18355975981235198,DWhFSe_Epwk,ccfcheetah,Cheetah Conservation Fund,C0648,58,0.4019,0,1,1,1,19
18164261065423020,DWhFSe_Epwk,ccfcheetah,Cheetah Conservation Fund,C0770,3,0.0,0,11,3,1,0
18097560290075766,DWhFSe_Epwk,ccfcheetah,Cheetah Conservation Fund,C0854,55,0.0,1,14,1,1,-1
18083734970345710,DWhFSe_Epwk,ccfcheetah,Cheetah Conservation Fund,C0357,2,0.0,0,20,0,1,
18158172760443618,DWhFSe_Epwk,ccfcheetah,Cheetah Conservation Fund,C0417,3,0.0,0,20,0,1,0
17852256429644839,DWhFSe_Epwk,ccfcheetah,Cheetah Conservation Fund,C0352,44,0.5399,0,18,0,1,-1
18083843276344241,DWhFSe_Epwk,ccfcheetah,Cheetah Conservation Fund,C0011,6,0.0,0,17,0,1,0
17978176487971595,DTTQcXSDwcQ,giraffe_conservation,Giraffe Conservation Foundation,C0910,0,0.0,0,22,5,1,
18097182860494298,DTTQcXSDwcQ,giraffe_conservation,Giraffe Conservation Foundation,C0044,34,0.6825,0,14,4,1,18
18187627525355267,DTTQcXSDwcQ,giraffe_conservation,Giraffe Conservation Foundation,C1031,16,0.0,0,20,6,1,2
18034438697549589,DTTQcXSDwcQ,giraffe_conservation,Giraffe Conservation Foundation,C0770,3,0.0,1,2,5,1,0
17991189056748122,DTTQcXSDwcQ,giraffe_conservation,Giraffe Conservation Foundation,C0616,1,0.0,1,20,4,1,
17921888874300987,DXQx2jFFrjg,ongavagamereserve,Ongava Game Reserve,C1187,108,0.6369,0,15,5,1,-1
17957631495111561,DWI5bFigUef,naankuse_foundation,N/a'an ku se Foundation,C1150,110,0.4939,0,21,0,1,24
18073685993192801,DWFHDlUj2ZX,ccfcheetah,Cheetah Conservation Fund,C0576,16,0.5994,0,5,5,1,5
17898299280261118,DWFHDlUj2ZX,ccfcheetah,Cheetah Conservation Fund,C0648,58,0.4019,0,6,2,1,19
17963409645053982,DWFHDlUj2ZX,ccfcheetah,Cheetah Conservation Fund,C0376,13,0.0,0,14,5,1,8
17857153116581952,DWFHDlUj2ZX,ccfcheetah,Cheetah Conservation Fund,C0770,3,0.0,0,11,4,1,0
17844955104696571,DWFHDlUj2ZX,ccfcheetah,Cheetah Conservation Fund,C0847,24,0.5859,1,5,4,1,4
18096669884006329,DWFHDlUj2ZX,ccfcheetah,Cheetah Conservation Fund,C0352,47,0.8011,0,23,3,1,-1
18072463961551206,DWFHDlUj2ZX,ccfcheetah,Cheetah Conservation Fund,C0011,6,0.0,0,22,3,1,0
18052616675671935,DR-SMDzDZx2,giraffe_conservation,Giraffe Conservation Foundation,C0570,7,0.0,1,19,6,1,1
18388445185093028,DXWQDv-iRp8,ongavagamereserve,Ongava Game Reserve,C0452,127,0.4019,1,20,0,1,3
18097703978001799,DWCI-u-Ee46,ccfcheetah,Cheetah Conservation Fund,C0648,58,0.4019,0,12,1,1,19
18521516728076330,DWCI-u-Ee46,ccfcheetah,Cheetah Conservation Fund,C0775,104,0.6369,0,15,3,1,-1
18386829505083104,DWCI-u-Ee46,ccfcheetah,Cheetah Conservation Fund,C0593,125,0.8847,1,21,2,1,-1
17938814496174607,DWCI-u-Ee46,ccfcheetah,Cheetah Conservation Fund,C0011,6,0.0,0,19,2,1,0
18097567651996081,DVv5Vyeje89,ccfcheetah,Cheetah Conservation Fund,C0913,16,0.0,0,23,4,1,2
18046230812724484,DVv5Vyeje89,ccfcheetah,Cheetah Conservation Fund,C0854,13,0.0,2,20,3,1,-1
18104851966849870,DVv5Vyeje89,ccfcheetah,Cheetah Conservation Fund,C0318,63,0.7773,3,8,3,1,24
17902968711222508,DVv5Vyeje89,ccfcheetah,Cheetah Conservation Fund,C0321,0,0.0,1,6,3,1,
18411195085192202,DVv5Vyeje89,ccfcheetah,Cheetah Conservation Fund,C0860,33,0.807,1,0,3,1,6
17874770382541848,DVv5Vyeje89,ccfcheetah,Cheetah Conservation Fund,C0059,106,0.8735,2,16,2,1,-1
18070325381231130,DVv5Vyeje89,ccfcheetah,Cheetah Conservation Fund,C0011,6,0.0,1,15,2,1,0
18069146558578101,DRwcckvjYNV,giraffe_conservation,Giraffe Conservation Foundation,C0770,6,0.0,0,14,5,1,0
17899916172242195,DVeTYKBDDi-,naankuse_foundation,N/a'an ku se Foundation,C0890,53,0.6908,0,19,3,1,-1
17884046688514430,DXbe6nYCnwx,namibia_nature_foundation,Namibia Nature Foundation,C1228,278,0.7102,0,18,3,1,13
18110616595873491,DXJnfgRDJCq,ehranamibia,Elephant Human Relations Aid,C0863,12,0.0,1,19,2,1,1
17943472290176404,DXJnfgRDJCq,ehranamibia,Elephant Human Relations Aid,C0165,5,0.0,1,17,3,1,0
18110179045872020,DXJnfgRDJCq,ehranamibia,Elephant Human Relations Aid,C0447,2,0.0,1,18,2,1,
18133804678536750,DXJnfgRDJCq,ehranamibia,Elephant Human Relations Aid,C0867,23,0.5994,1,17,2,1,6
18007966106909875,DXJnfgRDJCq,ehranamibia,Elephant Human Relations Aid,C0845,35,0.8516,1,15,2,1,6
18578634400056915,DXJnfgRDJCq,ehranamibia,Elephant Human Relations Aid,C1151,21,0.5994,1,13,2,1,6
17997422360758455,DXJnfgRDJCq,ehranamibia,Elephant Human Relations Aid,C0674,13,0.5697,2,11,2,1,6
17891483424328991,DXJnfgRDJCq,ehranamibia,Elephant Human Relations Aid,C0310,1,0.0,1,11,2,1,
18101439028794837,DWHfqggD7KW,ccfcheetah,Cheetah Conservation Fund,C0344,28,0.3818,0,17,5,1,10
18096099880845594,DWHfqggD7KW,ccfcheetah,Cheetah Conservation Fund,C0760,2,0.0,0,9,1,1,
18076330169548584,DWHfqggD7KW,ccfcheetah,Cheetah Conservation Fund,C1099,11,0.0,0,22,1,1,9
17862122145666886,DWHfqggD7KW,ccfcheetah,Cheetah Conservation Fund,C0648,58,0.4019,0,12,1,1,19
18109452901808828,DWHfqggD7KW,ccfcheetah,Cheetah Conservation Fund,C0150,15,0.6689,0,12,0,1,5
18103040671928909,DWHfqggD7KW,ccfcheetah,Cheetah Conservation Fund,C0684,1,0.0,0,8,6,1,
18561744457020832,DWHfqggD7KW,ccfcheetah,Cheetah Conservation Fund,C0497,6,0.0,0,5,5,1,0
18003797051718262,DWHfqggD7KW,ccfcheetah,Cheetah Conservation Fund,C1055,14,0.0,0,2,5,1,21
18044725745726298,DWHfqggD7KW,ccfcheetah,Cheetah Conservation Fund,C1032,7,0.0,0,22,4,1,1
17882584221472589,DWHfqggD7KW,ccfcheetah,Cheetah Conservation Fund,C0170,77,0.8122,1,22,4,1,22
17879572164395103,DWHfqggD7KW,ccfcheetah,Cheetah Conservation Fund,C0198,9,0.5994,0,20,4,1,-1
17859654189565186,DWHfqggD7KW,ccfcheetah,Cheetah Conservation Fund,C0011,6,0.0,0,19,4,1,0
17974417445849253,DWHfqggD7KW,ccfcheetah,Cheetah Conservation Fund,C0478,14,0.5673,8,19,4,1,23
18185280787370115,DWHfqggD7KW,ccfcheetah,Cheetah Conservation Fund,C0441,3,0.0,0,18,4,1,0
18092419102893072,DWHfqggD7KW,ccfcheetah,Cheetah Conservation Fund,C0348,2,0.0,0,18,4,1,
18316081078248413,DVO3p9GDGew,naankuse_foundation,N/a'an ku se Foundation,C0021,4,0.0,1,5,4,1,0
18140184301457198,DR5IqOsiJb_,giraffe_conservation,Giraffe Conservation Foundation,C0158,82,-0.7645,1,20,0,1,7
17842276854640226,DR5IqOsiJb_,giraffe_conservation,Giraffe Conservation Foundation,C0304,3,0.0,0,2,5,1,0
18074883041194784,DR5IqOsiJb_,giraffe_conservation,Giraffe Conservation Foundation,C0771,6,0.0,0,0,5,1,15
18205674622316774,DR5IqOsiJb_,giraffe_conservation,Giraffe Conservation Foundation,C0757,31,-0.3612,2,0,5,1,9
18106598293629311,DR5IqOsiJb_,giraffe_conservation,Giraffe Conservation Foundation,C1180,29,-0.3576,2,22,4,1,-1
18097808251833431,DR5IqOsiJb_,giraffe_conservation,Giraffe Conservation Foundation,C0017,16,0.0,0,19,4,1,-1
17975513657958813,DR5IqOsiJb_,giraffe_conservation,Giraffe Conservation Foundation,C0017,2,0.0,0,19,4,1,
17996660960949629,DXtaDoijIT_,ehranamibia,Elephant Human Relations Aid,C0310,2,0.0,1,14,2,1,
18092513936466577,DXtaDoijIT_,ehranamibia,Elephant Human Relations Aid,C0056,27,0.0,1,9,2,1,16
18585120370050549,DXtaDoijIT_,ehranamibia,Elephant Human Relations Aid,C0845,2,0.0,1,8,2,1,
18099447229997105,DXPE5MbDHp0,ehranamibia,Elephant Human Relations Aid,C0249,24,0.0,2,20,4,1,6
18096856093878805,DW9CcE-D6SX,ongavagamereserve,Ongava Game Reserve,C0372,27,0.4779,0,14,5,1,10
18102888362510213,DW9CcE-D6SX,ongavagamereserve,Ongava Game Reserve,C0037,3,0.0,0,15,4,1,9
18074721341530063,DVavhOlDFHe,naankuse_foundation,N/a'an ku se Foundation,C0892,74,0.782,2,15,1,1,13
18088642193132631,DVavhOlDFHe,naankuse_foundation,N/a'an ku se Foundation,C0021,4,0.0,1,11,1,1,0
18011241584827494,DVavhOlDFHe,naankuse_foundation,N/a'an ku se Foundation,C0889,32,0.0,1,10,1,1,24
18013448561855335,DV7XJOljNi_,ccfcheetah,Cheetah Conservation Fund,C0985,20,0.0,0,11,3,1,15
18095397764011290,DV7XJOljNi_,ccfcheetah,Cheetah Conservation Fund,C0648,59,0.4019,0,12,1,1,19
17955549066080549,DV7XJOljNi_,ccfcheetah,Cheetah Conservation Fund,C0525,18,0.0,0,20,0,1,1
18160666756425903,DV7XJOljNi_,ccfcheetah,Cheetah Conservation Fund,C0943,15,0.0,0,5,3,1,1
18101365331306354,DV7XJOljNi_,ccfcheetah,Cheetah Conservation Fund,C0770,3,0.0,0,11,0,1,0
18132015628531367,DV7XJOljNi_,ccfcheetah,Cheetah Conservation Fund,C0011,6,0.0,0,6,0,1,0
18119960818618818,DV7XJOljNi_,ccfcheetah,Cheetah Conservation Fund,C0565,32,0.0,0,4,0,1,-1
18108579670872376,DWnsHF-DQxD,ongavagamereserve,Ongava Game Reserve,C0347,26,0.0,0,5,4,1,3
18087933050591008,DXoz26sjP1a,ehranamibia,Elephant Human Relations Aid,C0948,23,0.5994,2,19,0,1,6
18001439669869613,DXoz26sjP1a,ehranamibia,Elephant Human Relations Aid,C0391,17,0.6239,2,16,0,1,-1
17994135158776896,DXoz26sjP1a,ehranamibia,Elephant Human Relations Aid,C0436,33,0.7717,2,15,0,1,-1
17926465809101040,DXoz26sjP1a,ehranamibia,Elephant Human Relations Aid,C0310,1,0.0,2,15,0,1,
18103539466756324,DXoz26sjP1a,ehranamibia,Elephant Human Relations Aid,C0918,4,0.0,2,14,0,1,0
17854349538619912,DUi-O5xmKYK,naankuse_foundation,N/a'an ku se Foundation,C0252,2,0.0,0,17,6,1,
18102644752848107,DUi-O5xmKYK,naankuse_foundation,N/a'an ku se Foundation,C0774,8,0.0,0,16,3,1,0
18335659645245877,DUi-O5xmKYK,naankuse_foundation,N/a'an ku se Foundation,C0590,69,0.1027,4,18,0,1,25
18564288016065241,DVJlhV9DD_m,naankuse_foundation,N/a'an ku se Foundation,C0414,5,0.0,0,6,2,1,0
18566070709056082,DVJlhV9DD_m,naankuse_foundation,N/a'an ku se Foundation,C0434,17,-0.1531,1,19,1,1,9
18194789554352186,DWAqKGpkuSD,ccfcheetah,Cheetah Conservation Fund,C0681,55,0.8848,0,15,2,1,6
17941572087152453,DWAqKGpkuSD,ccfcheetah,Cheetah Conservation Fund,C1160,15,0.0,0,10,2,1,4
18426947461188014,DWAqKGpkuSD,ccfcheetah,Cheetah Conservation Fund,C0011,6,0.0,0,5,2,1,0
18382111924092363,DWAqKGpkuSD,ccfcheetah,Cheetah Conservation Fund,C1048,119,0.4019,0,3,2,1,-1
18277272670303370,DSYCJfoj4ik,giraffe_conservation,Giraffe Conservation Foundation,C0395,6,0.0,1,19,2,1,0
18106752448894736,DWtKKg3jMKm,ehranamibia,Elephant Human Relations Aid,C0153,58,0.807,2,21,5,1,3
17876078538447114,DXTqzuxjCXj,ehranamibia,Elephant Human Relations Aid,C0085,43,0.7639,2,9,0,1,6
18081180158102990,DXTqzuxjCXj,ehranamibia,Elephant Human Relations Aid,C0544,36,0.8271,1,13,6,1,6
17886226536474299,DXTqzuxjCXj,ehranamibia,Elephant Human Relations Aid,C0484,23,0.636,1,9,6,1,6
18333849844218813,DXTqzuxjCXj,ehranamibia,Elephant Human Relations Aid,C0647,24,0.5859,2,9,6,1,16
18131741725553891,DXTqzuxjCXj,ehranamibia,Elephant Human Relations Aid,C0317,22,0.0,1,9,6,1,12
18040692449782567,DXTqzuxjCXj,ehranamibia,Elephant Human Relations Aid,C0306,4,0.0,1,9,6,1,27
18101397049772634,DXTqzuxjCXj,ehranamibia,Elephant Human Relations Aid,C0674,28,0.5994,1,9,6,1,6
17864579397623351,DVghGJuDbWD,ccfcheetah,Cheetah Conservation Fund,C0011,13,0.0,0,14,3,1,0
17973874979845420,DVghGJuDbWD,ccfcheetah,Cheetah Conservation Fund,C0728,80,0.0,0,17,4,1,-1
17967770580016823,DVghGJuDbWD,ccfcheetah,Cheetah Conservation Fund,C0728,251,0.8671,0,17,4,1,21
18040062512709163,DRaPEBQjOK7,giraffe_conservation,Giraffe Conservation Foundation,C0633,8,0.0,1,19,6,1,0
18081820301615993,DVSdPEfDGlm,ccfcheetah,Cheetah Conservation Fund,C0467,2,0.0,0,0,6,1,
17938622283159910,DVSdPEfDGlm,ccfcheetah,Cheetah Conservation Fund,C0160,1,0.0,0,0,6,1,
18042465065742484,DVSdPEfDGlm,ccfcheetah,Cheetah Conservation Fund,C0321,1,0.0,0,6,5,1,
18047837438687820,DU0pr3KjK2K,naankuse_foundation,N/a'an ku se Foundation,C1130,31,0.6166,2,15,0,1,3
17897246505263538,DVteIrHkpr9,ccfcheetah,Cheetah Conservation Fund,C0770,3,0.0,0,8,3,1,0
18095134534815763,DVteIrHkpr9,ccfcheetah,Cheetah Conservation Fund,C0648,58,0.4019,0,6,3,1,19
17883038736369346,DVteIrHkpr9,ccfcheetah,Cheetah Conservation Fund,C0684,3,0.0,0,19,2,1,0
18089192924232115,DVteIrHkpr9,ccfcheetah,Cheetah Conservation Fund,C0676,17,0.4588,0,14,2,1,5
17850695646641511,DVteIrHkpr9,ccfcheetah,Cheetah Conservation Fund,C0321,1,0.0,0,8,2,1,
18078142496098734,DVteIrHkpr9,ccfcheetah,Cheetah Conservation Fund,C0937,2,0.0,0,17,1,1,
18350819248239519,DVteIrHkpr9,ccfcheetah,Cheetah Conservation Fund,C0011,6,0.0,0,16,1,1,0
18081891359587592,DVteIrHkpr9,ccfcheetah,Cheetah Conservation Fund,C0348,2,0.0,0,16,1,1,
18163459849372127,DVteIrHkpr9,ccfcheetah,Cheetah Conservation Fund,C1099,8,0.0,0,16,1,1,-1
18064718000290849,DUv9CdXiIPB,naankuse_foundation,N/a'an ku se Foundation,C0875,9,0.5095,1,19,5,1,5
17894336457225936,DRDKx7WjEV0,giraffe_conservation,Giraffe Conservation Foundation,C0009,82,0.0,0,13,3,1,21
17915271246087748,DRDKx7WjEV0,giraffe_conservation,Giraffe Conservation Foundation,C0009,768,0.9762,1,13,3,1,18
17856526128506380,DRDKx7WjEV0,giraffe_conservation,Giraffe Conservation Foundation,C0770,5,0.0,1,23,4,1,0
17969467247970720,DRDKx7WjEV0,giraffe_conservation,Giraffe Conservation Foundation,C1264,9,0.6166,1,20,4,1,-1
17997189425696434,DRDKx7WjEV0,giraffe_conservation,Giraffe Conservation Foundation,C0570,70,0.8441,1,20,4,1,-1
18411882781130541,DVeHLEsEZn4,ccfcheetah,Cheetah Conservation Fund,C1099,7,0.3612,0,14,1,1,23
18097491254480621,DVeHLEsEZn4,ccfcheetah,Cheetah Conservation Fund,C0011,6,0.0,0,18,2,1,0
18073956767576134,DUk1QjjDDWR,naankuse_foundation,N/a'an ku se Foundation,C0274,60,-0.3252,0,3,2,1,3
18095732995786086,DUk1QjjDDWR,naankuse_foundation,N/a'an ku se Foundation,C0988,19,-0.1531,1,20,2,1,9
17944099863104876,DUk1QjjDDWR,naankuse_foundation,N/a'an ku se Foundation,C0370,59,0.8553,1,21,1,1,3
17947459674093232,DUk1QjjDDWR,naankuse_foundation,N/a'an ku se Foundation,C1013,2,0.0,1,15,1,1,
18088036841109726,DUk1QjjDDWR,naankuse_foundation,N/a'an ku se Foundation,C0486,80,0.913,1,15,1,1,3
18113003344644600,DUk1QjjDDWR,naankuse_foundation,N/a'an ku se Foundation,C0594,50,0.6369,1,14,1,1,3
18098032459934538,DUk1QjjDDWR,naankuse_foundation,N/a'an ku se Foundation,C0364,41,0.5994,1,13,1,1,3
18071542013170013,DUk1QjjDDWR,naankuse_foundation,N/a'an ku se Foundation,C0779,49,0.4782,3,12,1,1,9
18084821261236833,DUk1QjjDDWR,naankuse_foundation,N/a'an ku se Foundation,C0071,61,-0.1531,1,12,1,1,3
18312365290281980,DUk1QjjDDWR,naankuse_foundation,N/a'an ku se Foundation,C0375,68,0.6989,2,11,1,1,6
18125611771571084,DV_Pa2ujuyN,ongavagamereserve,Ongava Game Reserve,C0279,2,0.0,0,17,6,1,
17857117236650779,DXbqi4PDIfu,ehranamibia,Elephant Human Relations Aid,C0187,100,0.0,2,12,2,1,-1
18463024180101646,DXbqi4PDIfu,ehranamibia,Elephant Human Relations Aid,C0187,4,0.0,0,11,2,1,0
18092061167235506,DXWaGU2DI8-,ehranamibia,Elephant Human Relations Aid,C0774,10,0.0,1,17,1,1,1
17859617043687399,DXWaGU2DI8-,ehranamibia,Elephant Human Relations Aid,C0703,70,0.8875,3,9,3,1,-1
18051368555719992,DXWaGU2DI8-,ehranamibia,Elephant Human Relations Aid,C0535,1,0.0,1,8,1,1,
18418194745122704,DXWaGU2DI8-,ehranamibia,Elephant Human Relations Aid,C1036,3,0.0,1,1,1,1,0
18437867827139141,DXWaGU2DI8-,ehranamibia,Elephant Human Relations Aid,C1147,14,0.0,1,23,0,1,1
18448062706117907,DXWaGU2DI8-,ehranamibia,Elephant Human Relations Aid,C0845,17,0.6239,2,12,0,1,6
17930650122075981,DXWaGU2DI8-,ehranamibia,Elephant Human Relations Aid,C0418,6,0.0,1,12,0,1,0
17886714372506610,DXWaGU2DI8-,ehranamibia,Elephant Human Relations Aid,C0310,2,0.0,1,11,0,1,
17854236267646996,DXWaGU2DI8-,ehranamibia,Elephant Human Relations Aid,C0056,81,0.4654,5,11,0,1,-1
17945719353077726,DXWaGU2DI8-,ehranamibia,Elephant Human Relations Aid,C0068,7,0.0,1,10,0,1,0
17890486467464422,DWyTxceDHN1,ehranamibia,Elephant Human Relations Aid,C0535,1,0.0,1,7,4,1,
18044950859742914,DWyTxceDHN1,ehranamibia,Elephant Human Relations Aid,C1041,13,0.0,1,20,0,1,12
17908238352202755,DWyTxceDHN1,ehranamibia,Elephant Human Relations Aid,C1259,17,0.6249,1,19,0,1,4
18069440552287594,DWyTxceDHN1,ehranamibia,Elephant Human Relations Aid,C1151,73,-0.4019,2,10,0,1,10
18095917258960014,DVZ3LZRElaC,ccfcheetah,Cheetah Conservation Fund,C0595,3,0.0,0,18,4,1,0
18118250836619096,DVZ3LZRElaC,ccfcheetah,Cheetah Conservation Fund,C0040,2,0.0,0,17,4,1,
18108700942743543,DVZ3LZRElaC,ccfcheetah,Cheetah Conservation Fund,C0648,58,0.4019,0,4,4,1,19
17996734706744934,DVZ3LZRElaC,ccfcheetah,Cheetah Conservation Fund,C0200,2,0.0,0,10,3,1,
18364446106164316,DVZ3LZRElaC,ccfcheetah,Cheetah Conservation Fund,C0011,6,0.0,0,18,1,1,0
18109179052685406,DVZ3LZRElaC,ccfcheetah,Cheetah Conservation Fund,C0336,54,0.0,2,15,1,1,21
18093805421069402,DVZ3LZRElaC,ccfcheetah,Cheetah Conservation Fund,C0073,20,0.5859,0,2,1,1,4
18061451903669671,DVZ3LZRElaC,ccfcheetah,Cheetah Conservation Fund,C0073,7,0.0,0,2,1,1,1
18570810286029743,DVZ3LZRElaC,ccfcheetah,Cheetah Conservation Fund,C0770,3,0.0,0,1,1,1,0
18093103220323108,DVe15yLj6YW,ccfcheetah,Cheetah Conservation Fund,C0943,14,0.0,0,5,3,1,1
18089584466141534,DVe15yLj6YW,ccfcheetah,Cheetah Conservation Fund,C0525,22,0.0,0,6,6,1,2
17963658567023532,DVe15yLj6YW,ccfcheetah,Cheetah Conservation Fund,C0376,4,0.0,0,16,6,1,0
17863077666604063,DVe15yLj6YW,ccfcheetah,Cheetah Conservation Fund,C0595,3,0.0,0,7,6,1,0
18144311212479018,DVe15yLj6YW,ccfcheetah,Cheetah Conservation Fund,C0015,25,0.0,0,1,6,1,2
17973917783845454,DVe15yLj6YW,ccfcheetah,Cheetah Conservation Fund,C0859,19,0.0,1,15,5,1,1
18137539906496507,DVe15yLj6YW,ccfcheetah,Cheetah Conservation Fund,C0848,1,0.0,0,13,5,1,
18307167082276098,DVe15yLj6YW,ccfcheetah,Cheetah Conservation Fund,C0472,8,0.0,0,11,5,1,0
17991387944946731,DVe15yLj6YW,ccfcheetah,Cheetah Conservation Fund,C0265,3,0.0,0,18,4,1,0
18095857870797799,DVe15yLj6YW,ccfcheetah,Cheetah Conservation Fund,C0040,2,0.0,0,17,4,1,
18086155480951736,DVe15yLj6YW,ccfcheetah,Cheetah Conservation Fund,C0648,50,0.4019,0,3,4,1,19
18086076068231895,DVe15yLj6YW,ccfcheetah,Cheetah Conservation Fund,C0854,22,0.0,0,16,3,1,-1
18129907588469973,DVe15yLj6YW,ccfcheetah,Cheetah Conservation Fund,C0200,4,0.0,0,10,3,1,0
18090226783887699,DVe15yLj6YW,ccfcheetah,Cheetah Conservation Fund,C0003,3,0.0,0,9,3,1,0
18145232557478150,DVe15yLj6YW,ccfcheetah,Cheetah Conservation Fund,C1058,3,0.0,1,7,3,1,0
17937101334017597,DVXZSXLDLb0,ccfcheetah,Cheetah Conservation Fund,C0078,13,0.6249,0,14,0,1,5
18009122714688960,DVXZSXLDLb0,ccfcheetah,Cheetah Conservation Fund,C1088,14,0.6369,1,13,0,1,-1
18444301369105224,DVXZSXLDLb0,ccfcheetah,Cheetah Conservation Fund,C0258,8,0.0,0,12,0,1,0
18444783481104210,DVXZSXLDLb0,ccfcheetah,Cheetah Conservation Fund,C0011,6,0.0,0,10,0,1,0
17870870229456605,DVXZSXLDLb0,ccfcheetah,Cheetah Conservation Fund,C0338,96,0.6239,1,10,0,1,-1
17872842087545367,DVXZSXLDLb0,ccfcheetah,Cheetah Conservation Fund,C0898,2,0.0,1,5,0,1,
18106928371839194,DVXZSXLDLb0,ccfcheetah,Cheetah Conservation Fund,C0557,95,0.9057,1,4,0,1,-1
18188495773318526,DVqtQN1Deaf,ccfcheetah,Cheetah Conservation Fund,C1057,4,0.0,0,12,1,1,0
18095948029803800,DVqtQN1Deaf,ccfcheetah,Cheetah Conservation Fund,C0011,18,0.6369,0,16,0,1,-1
17861480775610618,DVqtQN1Deaf,ccfcheetah,Cheetah Conservation Fund,C0011,6,0.0,0,16,0,1,0
18130760944535052,DVqtQN1Deaf,ccfcheetah,Cheetah Conservation Fund,C1065,36,0.7495,1,14,0,1,3
18102526609735381,DRIGtULDGKm,giraffe_conservation,Giraffe Conservation Foundation,C0118,57,0.2244,0,13,2,1,-1
18181675024348161,DRIGtULDGKm,giraffe_conservation,Giraffe Conservation Foundation,C0048,47,-0.8267,0,11,1,1,13
18064707182438809,DRIGtULDGKm,giraffe_conservation,Giraffe Conservation Foundation,C1090,53,0.7177,0,15,0,1,18
17857971858554727,DRIGtULDGKm,giraffe_conservation,Giraffe Conservation Foundation,C0291,5,0.0,0,10,0,1,0
17879250240327008,DRIGtULDGKm,giraffe_conservation,Giraffe Conservation Foundation,C1271,49,0.75,0,7,0,1,25
17945666286070177,DRIGtULDGKm,giraffe_conservation,Giraffe Conservation Foundation,C0945,83,0.4033,1,22,6,1,18
18145572817441083,DRIGtULDGKm,giraffe_conservation,Giraffe Conservation Foundation,C0191,50,0.0,0,21,6,1,8
17897607741340131,DRIGtULDGKm,giraffe_conservation,Giraffe Conservation Foundation,C0505,1,0.0,0,19,6,1,
18046550897429727,DRIGtULDGKm,giraffe_conservation,Giraffe Conservation Foundation,C0070,6,0.0,0,19,6,1,0
18141677017448996,DRIGtULDGKm,giraffe_conservation,Giraffe Conservation Foundation,C0437,20,0.4215,0,19,6,1,11
18085891567977304,DRIGtULDGKm,giraffe_conservation,Giraffe Conservation Foundation,C0264,6,0.0,0,18,6,1,0
18030840005744648,DRIGtULDGKm,giraffe_conservation,Giraffe Conservation Foundation,C0570,84,0.7506,0,18,6,1,22
18084457999998625,DRIGtULDGKm,giraffe_conservation,Giraffe Conservation Foundation,C0944,109,0.9081,2,18,6,1,18
18078913886341740,DUoHy9SjDWf,naankuse_foundation,N/a'an ku se Foundation,C0590,42,0.1027,4,18,2,1,25
18201480250328510,DUoHy9SjDWf,naankuse_foundation,N/a'an ku se Foundation,C0890,69,0.25,1,18,2,1,-1
18094343272821576,DVBDGWRjKFU,naankuse_foundation,N/a'an ku se Foundation,C0931,14,-0.1531,1,13,4,1,-1
18427520641187423,DVBDGWRjKFU,naankuse_foundation,N/a'an ku se Foundation,C0021,4,0.0,1,13,6,1,0
17927943177141050,DQ96W0vD9A5,giraffe_conservation,Giraffe Conservation Foundation,C0961,3,0.0,2,4,4,1,0
18090076462912117,DQ96W0vD9A5,giraffe_conservation,Giraffe Conservation Foundation,C1158,63,0.3612,0,22,3,1,-1
18078523610180734,DQ96W0vD9A5,giraffe_conservation,Giraffe Conservation Foundation,C1031,15,0.0,3,12,3,1,1
18430216456104222,DQ96W0vD9A5,giraffe_conservation,Giraffe Conservation Foundation,C0759,32,0.0,1,11,3,1,10
17864592456504649,DQ96W0vD9A5,giraffe_conservation,Giraffe Conservation Foundation,C0616,1,0.0,2,11,3,1,
18184036486347460,DQ96W0vD9A5,giraffe_conservation,Giraffe Conservation Foundation,C0151,6,0.0,2,6,3,1,0
17893021230223491,DQ96W0vD9A5,giraffe_conservation,Giraffe Conservation Foundation,C0770,4,0.0,2,5,3,1,0
17924612898036651,DQ96W0vD9A5,giraffe_conservation,Giraffe Conservation Foundation,C0449,4,0.0,2,5,3,1,0
17947430838026902,DQ96W0vD9A5,giraffe_conservation,Giraffe Conservation Foundation,C0633,10,0.0,2,21,2,1,1
18114795448567885,DQ96W0vD9A5,giraffe_conservation,Giraffe Conservation Foundation,C0570,71,0.7901,2,20,2,1,10
17893751889352807,DQpT_FHjeeA,giraffe_conservation,Giraffe Conservation Foundation,C0570,6,0.0,1,20,1,1,0
18085391345588570,DWQ_vNvDHIN,ehranamibia,Elephant Human Relations Aid,C0129,42,0.915,1,21,1,1,28
18137035561518842,DWQ_vNvDHIN,ehranamibia,Elephant Human Relations Aid,C0406,23,0.6114,1,20,1,1,28
18417183301122969,DWQ_vNvDHIN,ehranamibia,Elephant Human Relations Aid,C0674,32,0.5719,1,19,1,1,28
17921663877274850,DWQ_vNvDHIN,ehranamibia,Elephant Human Relations Aid,C1171,17,0.5719,1,19,1,1,28
17998712147864689,DWQ_vNvDHIN,ehranamibia,Elephant Human Relations Aid,C0310,1,0.0,1,12,1,1,
17930073693158219,DRsQo-BARQL,giraffe_conservation,Giraffe Conservation Foundation,C0104,5,0.0,0,18,0,1,-1
18397318234123374,DRsQo-BARQL,giraffe_conservation,Giraffe Conservation Foundation,C0116,24,0.3612,0,12,0,1,7
18066828053416017,DRsQo-BARQL,giraffe_conservation,Giraffe Conservation Foundation,C0298,16,0.0,0,11,0,1,-1
18304350175269338,DRsQo-BARQL,giraffe_conservation,Giraffe Conservation Foundation,C0697,14,0.0,1,4,0,1,1
17927123556178613,DRsQo-BARQL,giraffe_conservation,Giraffe Conservation Foundation,C0697,11,0.5994,1,4,0,1,5
18065451854166415,DRsQo-BARQL,giraffe_conservation,Giraffe Conservation Foundation,C0251,6,0.0,1,22,6,1,0
17907729552276295,DRsQo-BARQL,giraffe_conservation,Giraffe Conservation Foundation,C0780,160,0.9153,3,22,6,1,18
18102750781670752,DRsQo-BARQL,giraffe_conservation,Giraffe Conservation Foundation,C0922,28,0.2732,1,20,6,1,13
18073905137011693,DRsQo-BARQL,giraffe_conservation,Giraffe Conservation Foundation,C1081,11,0.0,1,19,6,1,1
18373455631156080,DRsQo-BARQL,giraffe_conservation,Giraffe Conservation Foundation,C0786,38,0.8885,1,19,6,1,-1
18082215361882164,DRsQo-BARQL,giraffe_conservation,Giraffe Conservation Foundation,C0570,17,0.6239,1,19,6,1,5
17961745467059564,DVoFl_YDezG,ccfcheetah,Cheetah Conservation Fund,C0321,0,0.0,0,22,6,1,
17939808021171966,DVoFl_YDezG,ccfcheetah,Cheetah Conservation Fund,C0729,18,0.0,0,18,6,1,1
18056266781448279,DVoFl_YDezG,ccfcheetah,Cheetah Conservation Fund,C0011,6,0.0,0,17,6,1,0
18082070321360992,DVoFl_YDezG,ccfcheetah,Cheetah Conservation Fund,C0733,25,0.5267,0,16,6,1,11
18557841040039478,DVoFl_YDezG,ccfcheetah,Cheetah Conservation Fund,C0352,74,0.6784,0,15,6,1,-1
18115272400652047,DVoFl_YDezG,ccfcheetah,Cheetah Conservation Fund,C0069,3,0.0,0,14,6,1,0
18069873116635199,DVoFl_YDezG,ccfcheetah,Cheetah Conservation Fund,C0282,37,0.68,0,14,6,1,-1
17913305256339054,DVyb81qEv7Z,ehranamibia,Elephant Human Relations Aid,C0112,102,0.5563,1,15,6,1,3
18042654425743774,DVyb81qEv7Z,ehranamibia,Elephant Human Relations Aid,C0221,11,-0.1531,1,7,4,1,9
17903012544223534,DVyb81qEv7Z,ehranamibia,Elephant Human Relations Aid,C0871,3,0.0,1,16,3,1,0
18111465916698913,DWYj25RjKBe,ehranamibia,Elephant Human Relations Aid,C0444,43,0.0,0,3,2,1,9
18079621652386260,DWYj25RjKBe,ehranamibia,Elephant Human Relations Aid,C0977,6,0.0,0,7,6,1,0
17897597163421159,DWYj25RjKBe,ehranamibia,Elephant Human Relations Aid,C0310,2,0.0,0,14,4,1,
18089428054943832,DWYj25RjKBe,ehranamibia,Elephant Human Relations Aid,C0752,41,0.4199,1,11,4,1,-1
18016503968842582,DWW2_T3iBZt,ministry_of_environment_nam,Ministry of Environment Forestry & Tourism,C0430,8,-0.3595,0,5,6,1,-1
18078486473648255,DWW2_T3iBZt,ministry_of_environment_nam,Ministry of Environment Forestry & Tourism,C0479,408,-0.3612,0,23,2,1,8
17851045455643512,DU5pU_UjQsQ,ccfcheetah,Cheetah Conservation Fund,C0525,16,0.0,0,6,6,1,1
17876780520483468,DU5pU_UjQsQ,ccfcheetah,Cheetah Conservation Fund,C0376,12,0.0,0,21,4,1,-1
17963748429039782,DU5pU_UjQsQ,ccfcheetah,Cheetah Conservation Fund,C0755,5,0.0,0,14,4,1,0
17983898363950280,DU5pU_UjQsQ,ccfcheetah,Cheetah Conservation Fund,C0776,11,0.5413,1,20,3,1,5
18087977150332525,DU5pU_UjQsQ,ccfcheetah,Cheetah Conservation Fund,C1043,1,0.0,4,18,2,1,
18323987233218332,DU5pU_UjQsQ,ccfcheetah,Cheetah Conservation Fund,C0465,4,0.0,4,17,2,1,0
17995211396919194,DU5pU_UjQsQ,ccfcheetah,Cheetah Conservation Fund,C0611,21,0.4019,5,16,2,1,-1
17856777390568029,DU5pU_UjQsQ,ccfcheetah,Cheetah Conservation Fund,C0011,6,0.0,4,14,2,1,0
17855211483593763,DViwwfADNh2,ehranamibia,Elephant Human Relations Aid,C0310,2,0.0,1,15,4,1,
18075213512431815,DWMOLvjI0E1,ehranamibia,Elephant Human Relations Aid,C0795,6,0.0,1,7,0,1,0
17851557939647283,DWMOLvjI0E1,ehranamibia,Elephant Human Relations Aid,C0310,2,0.0,1,19,6,1,
18178171393376245,DWMOLvjI0E1,ehranamibia,Elephant Human Relations Aid,C0540,54,0.5719,2,17,6,1,13
18387403297156103,DWMOLvjI0E1,ehranamibia,Elephant Human Relations Aid,C1000,208,0.8463,2,15,6,1,13
18107860246795772,DQ2L-kBgaVr,giraffe_conservation,Giraffe Conservation Foundation,C1031,18,0.0,0,12,3,1,1
18082568506877059,DQ2L-kBgaVr,giraffe_conservation,Giraffe Conservation Foundation,C0962,3,0.0,1,15,4,1,0
17933394132103105,DQ2L-kBgaVr,giraffe_conservation,Giraffe Conservation Foundation,C0437,2,0.0,1,9,0,1,
18145140127442505,DQ2L-kBgaVr,giraffe_conservation,Giraffe Conservation Foundation,C0445,17,0.6588,1,5,1,1,-1
18090622303903670,DQ2L-kBgaVr,giraffe_conservation,Giraffe Conservation Foundation,C0598,91,0.3182,0,15,0,1,18
18539900869062651,DQ2L-kBgaVr,giraffe_conservation,Giraffe Conservation Foundation,C0487,22,0.0,0,7,0,1,-1
17861668734532882,DQ2L-kBgaVr,giraffe_conservation,Giraffe Conservation Foundation,C0691,10,0.0,1,19,6,1,1
18077665076141610,DQ2L-kBgaVr,giraffe_conservation,Giraffe Conservation Foundation,C0420,49,0.0,1,19,6,1,13
18409909150194884,DU--e3nDTLy,ccfcheetah,Cheetah Conservation Fund,C1239,11,0.6369,0,4,1,1,-1
18133413811522989,DU--e3nDTLy,ccfcheetah,Cheetah Conservation Fund,C0721,27,0.0,0,18,1,1,-1
17930297076057306,DU--e3nDTLy,ccfcheetah,Cheetah Conservation Fund,C0690,37,0.7003,0,5,2,1,-1
17927017977226938,DU--e3nDTLy,ccfcheetah,Cheetah Conservation Fund,C0770,16,0.0,1,8,2,1,-1
18105574330824171,DU--e3nDTLy,ccfcheetah,Cheetah Conservation Fund,C0195,45,0.8772,1,8,5,1,-1
17902043811370853,DU--e3nDTLy,ccfcheetah,Cheetah Conservation Fund,C0321,0,0.0,1,2,5,1,
18001530335850682,DU--e3nDTLy,ccfcheetah,Cheetah Conservation Fund,C0648,58,0.4019,0,22,4,1,19
17877426057499612,DU--e3nDTLy,ccfcheetah,Cheetah Conservation Fund,C0442,15,0.0,1,20,4,1,-1
18024737870618594,DU--e3nDTLy,ccfcheetah,Cheetah Conservation Fund,C0352,38,0.6785,1,19,4,1,-1
18101633296893717,DU--e3nDTLy,ccfcheetah,Cheetah Conservation Fund,C0561,3,0.0,0,18,4,1,0
17925311754234006,DU--e3nDTLy,ccfcheetah,Cheetah Conservation Fund,C0011,6,0.0,1,17,4,1,0
18363977188206501,DV8bdWGGfP1,ehranamibia,Elephant Human Relations Aid,C0310,9,0.0,1,11,0,1,1
18086663831216912,DV3ir46kge2,ehranamibia,Elephant Human Relations Aid,C0977,5,0.0,1,7,6,1,0
18082343639365076,DV3ir46kge2,ehranamibia,Elephant Human Relations Aid,C0940,9,0.5719,1,15,4,1,-1
17942101515168867,DWGywKJiuW1,namibia_nature_foundation,Namibia Nature Foundation,C1124,5,0.0,0,7,4,1,-1
17932065039215420,DWgSNwADO1W,ehranamibia,Elephant Human Relations Aid,C0181,6,0.0,1,16,0,1,0
17921566920279881,DWgSNwADO1W,ehranamibia,Elephant Human Relations Aid,C0310,2,0.0,1,10,0,1,
18098992583489701,DWHAQoDDCFJ,ehranamibia,Elephant Human Relations Aid,C0822,7,0.0,1,21,4,1,1
18096952492961382,DWHAQoDDCFJ,ehranamibia,Elephant Human Relations Aid,C0067,9,0.0,1,16,4,1,0
18187606624324657,DWHAQoDDCFJ,ehranamibia,Elephant Human Relations Aid,C0181,6,0.0,1,15,4,1,0
18045542516418218,DQkKY5FCLco,giraffe_conservation,Giraffe Conservation Foundation,C0757,24,0.8866,1,23,6,1,-1
18059044724549799,DQkKY5FCLco,giraffe_conservation,Giraffe Conservation Foundation,C0381,55,0.8838,2,22,6,1,4
17913850758300302,DVRh1txjwyW,ccfcheetah,Cheetah Conservation Fund,C0211,13,0.6588,0,20,1,1,-1
18085906951961144,DVRh1txjwyW,ccfcheetah,Cheetah Conservation Fund,C0334,48,0.7096,0,12,5,1,6
18100905953307153,DVRh1txjwyW,ccfcheetah,Cheetah Conservation Fund,C1156,28,0.0,0,3,5,1,-1
18062204411669370,DVRh1txjwyW,ccfcheetah,Cheetah Conservation Fund,C0409,18,0.0,0,0,5,1,6
18096606344492535,DVRh1txjwyW,ccfcheetah,Cheetah Conservation Fund,C0258,6,0.0,0,22,4,1,0
18001480469892851,DVRh1txjwyW,ccfcheetah,Cheetah Conservation Fund,C0784,52,0.8065,0,20,4,1,-1
18350533972239321,DVRh1txjwyW,ccfcheetah,Cheetah Conservation Fund,C0011,6,0.0,0,20,4,1,0
18111766144591271,DVRh1txjwyW,ccfcheetah,Cheetah Conservation Fund,C1072,17,0.5376,0,20,4,1,12
18064545572309390,DUwbUUNj_NO,ccfcheetah,Cheetah Conservation Fund,C0770,3,0.0,0,12,2,1,0
18173074345375708,DUwbUUNj_NO,ccfcheetah,Cheetah Conservation Fund,C0611,19,0.4927,0,2,6,1,5
18122372758562743,DUwbUUNj_NO,ccfcheetah,Cheetah Conservation Fund,C0417,3,0.0,0,1,6,1,0
18094697632971112,DUwbUUNj_NO,ccfcheetah,Cheetah Conservation Fund,C0648,58,0.4019,0,0,6,1,19
18165418492387151,DRjkb12glvq,giraffe_conservation,Giraffe Conservation Foundation,C0577,0,0.0,0,14,0,1,
17880726021331671,DRjkb12glvq,giraffe_conservation,Giraffe Conservation Foundation,C1172,3,0.0,1,13,1,1,0
17973687929957687,DRjkb12glvq,giraffe_conservation,Giraffe Conservation Foundation,C0331,46,0.4199,1,12,4,1,22
18100174450689636,DRjkb12glvq,giraffe_conservation,Giraffe Conservation Foundation,C0710,16,0.0,1,7,4,1,2
18304414570249715,DRjkb12glvq,giraffe_conservation,Giraffe Conservation Foundation,C0579,33,0.6486,1,15,3,1,11
18088254302313837,DRjkb12glvq,giraffe_conservation,Giraffe Conservation Foundation,C0928,30,0.5994,3,13,3,1,13
18026954126762436,DRjkb12glvq,giraffe_conservation,Giraffe Conservation Foundation,C0570,162,0.9552,3,10,3,1,-1
17947162499964054,DUtUiVNjyqn,ccfcheetah,Cheetah Conservation Fund,C1145,20,0.0,0,16,5,1,-1
17996884088860738,DUtUiVNjyqn,ccfcheetah,Cheetah Conservation Fund,C0634,38,0.5719,1,15,5,1,28
17909464704161596,DUtUiVNjyqn,ccfcheetah,Cheetah Conservation Fund,C0277,2,0.0,0,13,5,1,
17942621991125205,DUtUiVNjyqn,ccfcheetah,Cheetah Conservation Fund,C0321,1,0.0,0,0,5,1,
18085796008927486,DUtUiVNjyqn,ccfcheetah,Cheetah Conservation Fund,C0011,6,0.0,0,19,4,1,0
18348715702231269,DVdps8pDG1E,ehranamibia,Elephant Human Relations Aid,C0746,18,0.0,1,18,0,1,9
18134671003515245,DVdps8pDG1E,ehranamibia,Elephant Human Relations Aid,C1076,11,0.6588,2,13,2,1,4
18103342309589945,DRnHDGCDVEp,giraffe_conservation,Giraffe Conservation Foundation,C0570,25,0.6969,1,20,4,1,5
17855524521582140,DVTDeXjjmMZ,gobabeb,Gobabeb Research & Training Centre,C0880,192,0.7977,1,11,5,1,13
17989673606938170,DVgC6V2ioa5,gobabeb,Gobabeb Research & Training Centre,C0650,3,0.0,0,5,4,1,0
18063144629337099,DVgC6V2ioa5,gobabeb,Gobabeb Research & Training Centre,C0280,38,-0.2707,0,15,3,1,-1
18113997148570067,DVgC6V2ioa5,gobabeb,Gobabeb Research & Training Centre,C0080,86,-0.8526,1,11,3,1,-1
18087053069162618,DVLjRgJDs5J,gobabeb,Gobabeb Research & Training Centre,C0392,21,0.49,0,15,2,1,-1
17866137594578059,DUlJ-T9DMsS,ehranamibia,Elephant Human Relations Aid,C1222,70,0.8074,1,21,4,1,4
18108772036669193,DUlJ-T9DMsS,ehranamibia,Elephant Human Relations Aid,C0723,10,0.5859,2,8,6,1,12
18424440571186308,DUlJ-T9DMsS,ehranamibia,Elephant Human Relations Aid,C0181,5,0.0,2,14,1,1,0
17933321256175242,DUamruyjIvp,ehranamibia,Elephant Human Relations Aid,C0310,2,0.0,1,17,4,1,
18060531830660913,DUamruyjIvp,ehranamibia,Elephant Human Relations Aid,C0306,4,0.0,1,13,4,1,27
18112430074575053,DUamruyjIvp,ehranamibia,Elephant Human Relations Aid,C1212,14,0.4404,1,13,4,1,4
18022484768803644,DUamruyjIvp,ehranamibia,Elephant Human Relations Aid,C0181,5,0.0,1,12,4,1,0
18115344925537953,DUamruyjIvp,ehranamibia,Elephant Human Relations Aid,C0682,4,0.0,2,12,4,1,0
17851576401671799,DUq4ZLtj73l,ccfcheetah,Cheetah Conservation Fund,C0021,6,0.0,0,7,4,1,1
18204725596322436,DUq4ZLtj73l,ccfcheetah,Cheetah Conservation Fund,C0321,9,0.0,0,0,4,1,1
17973322052847067,DVOQ3h4DCqP,ehranamibia,Elephant Human Relations Aid,C0085,4,0.0,2,7,5,1,0
18573311089001616,DVOQ3h4DCqP,ehranamibia,Elephant Human Relations Aid,C0306,32,0.0,2,7,4,1,15
17918553741275337,DVIvSh2jPbB,ehranamibia,Elephant Human Relations Aid,C0559,41,0.0,1,23,2,1,2
17859797673545328,DVIvSh2jPbB,ehranamibia,Elephant Human Relations Aid,C0833,21,0.5994,2,3,3,1,5
18102893515881235,DVIvSh2jPbB,ehranamibia,Elephant Human Relations Aid,C0940,59,0.7052,0,5,2,1,-1
18009565184683666,DVIvSh2jPbB,ehranamibia,Elephant Human Relations Aid,C0310,6,0.0,1,17,1,1,1
18066046244649111,DU_BedZDHK_,ehranamibia,Elephant Human Relations Aid,C0970,154,0.9243,2,13,0,1,13
18104656036830533,DU_BedZDHK_,ehranamibia,Elephant Human Relations Aid,C0489,38,0.5676,2,17,4,1,4
18078887486458012,DU_BedZDHK_,ehranamibia,Elephant Human Relations Aid,C0698,1,0.0,1,16,4,1,
18129709207540467,DUi1DKFEswt,ccfcheetah,Cheetah Conservation Fund,C0376,17,0.5994,0,0,3,1,5
17883176928467019,DUi1DKFEswt,ccfcheetah,Cheetah Conservation Fund,C0648,59,0.4019,0,6,1,1,19
18056603021692896,DUi1DKFEswt,ccfcheetah,Cheetah Conservation Fund,C0736,2,0.0,0,22,0,1,
17873286864517712,DUi1DKFEswt,ccfcheetah,Cheetah Conservation Fund,C0716,59,0.2008,0,19,0,1,21
18308661751265454,DUi1DKFEswt,ccfcheetah,Cheetah Conservation Fund,C0011,6,0.0,0,18,0,1,1
18075986306090363,DUi1DKFEswt,ccfcheetah,Cheetah Conservation Fund,C1058,15,0.5994,0,18,0,1,5
17884490634461788,DVKnOCFkeoh,ccfcheetah,Cheetah Conservation Fund,C0648,58,0.4019,0,6,4,1,19
18000293375885982,DVKnOCFkeoh,ccfcheetah,Cheetah Conservation Fund,C0677,4,0.0,0,5,0,1,0
17947819914105750,DVKnOCFkeoh,ccfcheetah,Cheetah Conservation Fund,C0321,4,0.0,0,7,3,1,0
18103618657883676,DVKnOCFkeoh,ccfcheetah,Cheetah Conservation Fund,C0756,60,0.7964,0,14,2,1,-1
18027156383619733,DVKnOCFkeoh,ccfcheetah,Cheetah Conservation Fund,C0770,3,0.0,0,7,2,1,0
18079404896612917,DVKnOCFkeoh,ccfcheetah,Cheetah Conservation Fund,C0011,6,0.0,0,6,2,1,0
17904389937362956,DVKnOCFkeoh,ccfcheetah,Cheetah Conservation Fund,C0439,16,0.4576,0,5,2,1,12
18062262875344641,DVPx65yjFAk,ccfcheetah,Cheetah Conservation Fund,C0186,11,0.0,0,20,4,1,9
18068551922307317,DVPx65yjFAk,ccfcheetah,Cheetah Conservation Fund,C0525,30,0.0,0,20,0,1,2
17999952137858294,DVPx65yjFAk,ccfcheetah,Cheetah Conservation Fund,C1115,38,-0.5696,1,10,1,1,20
18114601855724029,DVPx65yjFAk,ccfcheetah,Cheetah Conservation Fund,C0648,58,0.4019,1,4,4,1,19
17851936164633801,DVPx65yjFAk,ccfcheetah,Cheetah Conservation Fund,C0725,149,0.5106,1,19,2,1,21
17863002150529811,DVPx65yjFAk,ccfcheetah,Cheetah Conservation Fund,C0073,3,0.0,1,12,1,1,0
18059481461345346,DVPx65yjFAk,ccfcheetah,Cheetah Conservation Fund,C0793,9,0.5994,2,23,4,1,-1
18313374199253687,DVPx65yjFAk,ccfcheetah,Cheetah Conservation Fund,C0693,8,0.0,1,20,4,1,-1
17843446077693997,DVPx65yjFAk,ccfcheetah,Cheetah Conservation Fund,C0094,47,0.8439,1,16,4,1,-1
18567354013040129,DVPx65yjFAk,ccfcheetah,Cheetah Conservation Fund,C1268,19,0.0,2,12,4,1,8
18110586007738666,DVPx65yjFAk,ccfcheetah,Cheetah Conservation Fund,C1207,6,0.0,1,10,4,1,0
17914497393312223,DVPx65yjFAk,ccfcheetah,Cheetah Conservation Fund,C0761,4,0.0,1,7,4,1,0
18062735300330085,DVPx65yjFAk,ccfcheetah,Cheetah Conservation Fund,C0775,25,0.555,2,7,4,1,-1
17988340685942090,DVPx65yjFAk,ccfcheetah,Cheetah Conservation Fund,C0808,3,0.0,1,6,4,1,0
17982266720967358,DVPx65yjFAk,ccfcheetah,Cheetah Conservation Fund,C0011,6,0.0,1,6,4,1,0
18147543862454769,DUQkt2iDA7P,ehranamibia,Elephant Human Relations Aid,C0938,30,0.0,1,15,1,1,-1
18018212432639332,DUQkt2iDA7P,ehranamibia,Elephant Human Relations Aid,C0679,4,0.0,1,4,1,1,0
18375441280094106,DUQkt2iDA7P,ehranamibia,Elephant Human Relations Aid,C0181,8,0.0,1,21,0,1,0
18150833749443960,DUQkt2iDA7P,ehranamibia,Elephant Human Relations Aid,C0415,49,0.0,1,20,0,1,15
17940844059113769,DUQkt2iDA7P,ehranamibia,Elephant Human Relations Aid,C0310,4,0.0,1,19,0,1,0
17935514088015298,DUQkt2iDA7P,ehranamibia,Elephant Human Relations Aid,C1036,18,0.6458,1,17,0,1,6
18194079793336588,DSUdHpljhNG,namibia_nature_foundation,Namibia Nature Foundation,C1019,111,0.6369,0,19,1,1,4
17938908573076642,DUGHK9qjPW3,ehranamibia,Elephant Human Relations Aid,C1080,39,0.8477,2,11,3,1,4
18044234624706270,DUGHK9qjPW3,ehranamibia,Elephant Human Relations Aid,C0852,60,0.0,0,19,2,1,-1
18070852442159754,DUGHK9qjPW3,ehranamibia,Elephant Human Relations Aid,C0145,34,0.4926,2,17,2,1,-1
17844953838681771,DUGHK9qjPW3,ehranamibia,Elephant Human Relations Aid,C1018,4,0.0,1,16,2,1,0
18023056895796543,DUGHK9qjPW3,ehranamibia,Elephant Human Relations Aid,C1246,39,0.0772,0,14,2,1,24
17991660569751112,DUGHK9qjPW3,ehranamibia,Elephant Human Relations Aid,C0005,13,0.6369,1,13,2,1,-1
18078605387342120,DUGHK9qjPW3,ehranamibia,Elephant Human Relations Aid,C0674,94,0.0,3,13,2,1,3
18078789704587749,DUGHK9qjPW3,ehranamibia,Elephant Human Relations Aid,C0181,5,0.0,2,13,2,1,0
18094402070105358,DVqFzwkiKC1,namibia_nature_foundation,Namibia Nature Foundation,C0359,26,0.0,0,22,1,1,24
18076276934562440,DVqFzwkiKC1,namibia_nature_foundation,Namibia Nature Foundation,C0785,2,0.0,0,10,0,1,
18402062248134447,DUIs9smjU9U,gobabeb,Gobabeb Research & Training Centre,C0280,30,0.0,0,16,4,1,27
18067379477570221,DTc2Yz7FK4g,ongavagamereserve,Ongava Game Reserve,C0222,17,0.6369,0,12,1,1,-1
17852610864608151,DS8gr-cjs7N,ongavagamereserve,Ongava Game Reserve,C0271,11,-0.5574,0,23,2,1,9
17889606279402004,DSrIVS5jgIs,ongavagamereserve,Ongava Game Reserve,C0271,30,0.1531,0,6,3,1,-1
17997541388857026,DT-LDRWDLjo,ehranamibia,Elephant Human Relations Aid,C0310,1,0.0,1,11,0,1,
18101439647479664,DU-uqVPiIUw,ongavagamereserve,Ongava Game Reserve,C0289,3,0.0,0,1,2,1,0
17890640481407407,DTz7HPojK0l,ehranamibia,Elephant Human Relations Aid,C0310,2,0.0,1,12,3,1,
17989611602925949,DU0deWyDr98,ongavagamereserve,Ongava Game Reserve,C0713,42,0.5994,0,14,1,1,3
18106950460684214,DUGAYhbjqCg,savetherhinonamibia,Save the Rhino Trust Namibia,C0702,12,0.3382,0,13,4,1,-1
17842053063689491,DUGAYhbjqCg,savetherhinonamibia,Save the Rhino Trust Namibia,C1133,1,0.0,0,8,4,1,
18552818119056415,DTP7j3RDHLk,gobabeb,Gobabeb Research & Training Centre,C0844,41,0.4939,0,12,3,1,6
17900958603181254,DR_9tu4DEa9,wwfnamibia,WWF Namibia,C0080,28,0.665,1,10,0,1,-1
17871088479552172,DUvBEwdiOJq,ongavagamereserve,Ongava Game Reserve,C1085,5,0.5859,1,14,3,1,-1
18111869626644993,DUvBEwdiOJq,ongavagamereserve,Ongava Game Reserve,C0311,30,0.4003,2,5,2,1,6
17943540102114918,DUvBEwdiOJq,ongavagamereserve,Ongava Game Reserve,C0562,33,0.636,2,15,5,1,6
17886691692326125,DUvBEwdiOJq,ongavagamereserve,Ongava Game Reserve,C1141,12,0.3818,2,13,5,1,5
18114238699648073,DUvBEwdiOJq,ongavagamereserve,Ongava Game Reserve,C0766,14,0.5859,2,12,5,1,-1
18077734337580017,DUvBEwdiOJq,ongavagamereserve,Ongava Game Reserve,C0272,5,0.0,2,10,5,1,-1
18111873367714439,DTSSRVGDovn,gobabeb,Gobabeb Research & Training Centre,C1075,18,0.0,0,12,6,1,24
18052085282472407,DUlFFvqlza-,gobabeb,Gobabeb Research & Training Centre,C0350,41,0.891,0,15,1,1,-1
18445862980116671,DW6B_l-iuQh,namyouthchamber,Namibia Youth Chamber of Environment,C1236,13,0.0,2,5,4,1,6
17861424324559297,DSrLZqAACD4,savetherhinonamibia,Save the Rhino Trust Namibia,C0643,12,0.0,1,12,6,1,9
18057109133650354,DSrLZqAACD4,savetherhinonamibia,Save the Rhino Trust Namibia,C1070,32,0.784,1,15,5,1,17
18089565346990412,DSrLZqAACD4,savetherhinonamibia,Save the Rhino Trust Namibia,C1023,24,0.5423,1,15,3,1,-1
18079760255268954,DSrLZqAACD4,savetherhinonamibia,Save the Rhino Trust Namibia,C0855,43,0.0,1,13,3,1,-1
18089874280962725,DSrLZqAACD4,savetherhinonamibia,Save the Rhino Trust Namibia,C0947,20,0.5848,1,6,3,1,-1
18105231892811880,DUiOGOniVHI,ongavagamereserve,Ongava Game Reserve,C0031,4,0.0,0,21,6,1,-1
18043258022707144,DTxCXWpDE4V,wwfnamibia,WWF Namibia,C0229,10,0.6369,2,8,4,1,-1
18184299328362300,DTxCXWpDE4V,wwfnamibia,WWF Namibia,C1195,23,0.0,2,14,3,1,-1
18104805466745562,DTxCXWpDE4V,wwfnamibia,WWF Namibia,C1140,15,0.6696,1,20,2,1,12
17953548945063920,DTxCXWpDE4V,wwfnamibia,WWF Namibia,C0016,1,0.0,1,9,2,1,
17939028606035572,DXodK1uCjQS,namyouthchamber,Namibia Youth Chamber of Environment,C1236,22,0.0,1,18,2,1,-1
17851442892590812,DQyN13UDdWR,ongavagamereserve,Ongava Game Reserve,C0979,9,0.5859,0,17,3,1,12
18088534585952116,DSMjgNigije,ongavagamereserve,Ongava Game Reserve,C1142,6,0.6884,0,1,6,1,-1
18063472031210647,DSMjgNigije,ongavagamereserve,Ongava Game Reserve,C0271,51,0.1531,0,8,5,1,-1
17903934882343231,DTSTWrNDnOT,gobabeb,Gobabeb Research & Training Centre,C1075,18,0.0,0,12,6,1,24
18583337056033277,DXEgAVWCtkH,namyouthchamber,Namibia Youth Chamber of Environment,C0533,16,0.0,1,16,0,1,-1
17945368854170388,DXEgAVWCtkH,namyouthchamber,Namibia Youth Chamber of Environment,C1236,13,0.4995,2,14,0,1,11
18023547383592103,DRKPnfYCp6K,namibia_nature_foundation,Namibia Nature Foundation,C0207,3,0.0,0,16,0,1,0
17904232569314386,DScAMoqDGfB,ongavagamereserve,Ongava Game Reserve,C0709,42,0.0,0,20,4,1,-1
18005928053837939,DUDNt00DuTz,savetherhinonamibia,Save the Rhino Trust Namibia,C0162,1,0.0,0,8,3,1,
18139459978483161,DUDNt00DuTz,savetherhinonamibia,Save the Rhino Trust Namibia,C0903,27,0.3182,0,7,3,1,27
18107300128644851,DSMVuCOCTl_,gobabeb,Gobabeb Research & Training Centre,C1019,79,0.8555,0,19,1,1,-1
18122629603532850,DSMVuCOCTl_,gobabeb,Gobabeb Research & Training Centre,C0350,123,0.4019,0,18,5,1,-1
17903882676314044,DSMVuCOCTl_,gobabeb,Gobabeb Research & Training Centre,C0080,21,-0.1513,1,12,5,1,-1
18085474832048973,DSMVuCOCTl_,gobabeb,Gobabeb Research & Training Centre,C0967,1,0.0,0,8,5,1,
17927904462080398,DSXZ7bpjjzq,gobabeb,Gobabeb Research & Training Centre,C0101,9,0.5719,0,13,2,1,-1
18184595290361922,DTxnqemDkJW,gobabeb,Gobabeb Research & Training Centre,C0280,23,0.7513,0,16,2,1,4
17865439230538447,DS1qVQYjqcs,gobabeb,Gobabeb Research & Training Centre,C0328,10,0.5859,0,16,2,1,12
17907680061225871,DXwqAO0Fugv,naankuse_foundation,N/a'an ku se Foundation,C1167,158,0.0772,0,17,5,1,24
18435036199184059,DXwqAO0Fugv,naankuse_foundation,N/a'an ku se Foundation,C1150,63,0.3612,0,20,4,1,3
17854967679632597,DXwqAO0Fugv,naankuse_foundation,N/a'an ku se Foundation,C0212,25,0.0,0,17,3,1,16
17968078215024571,DXwqAO0Fugv,naankuse_foundation,N/a'an ku se Foundation,C1165,88,0.8516,0,15,3,1,3
18103479838938697,DXPmUSmAsWS,giraffe_conservation,Giraffe Conservation Foundation,C0437,9,0.0,0,18,5,1,-1
17944792301996762,DXPmUSmAsWS,giraffe_conservation,Giraffe Conservation Foundation,C0321,2,0.0,0,4,5,1,
17868691749665843,DXPmUSmAsWS,giraffe_conservation,Giraffe Conservation Foundation,C1255,12,0.8016,0,23,4,1,-1
18097458590025274,DXPmUSmAsWS,giraffe_conservation,Giraffe Conservation Foundation,C0616,1,0.0,0,19,4,1,
17999732492719511,DUDbb2FjD8p,ehranamibia,Elephant Human Relations Aid,C1030,4,0.0,1,5,2,1,0
17928225153199809,DUDbb2FjD8p,ehranamibia,Elephant Human Relations Aid,C0647,2,0.0,1,14,1,1,
18030658850587837,DUDbb2FjD8p,ehranamibia,Elephant Human Relations Aid,C0310,2,0.0,1,14,1,1,
17935937670158210,DUDbb2FjD8p,ehranamibia,Elephant Human Relations Aid,C0674,26,0.0,2,14,1,1,-1
18091473811784038,DS62I6pDk7E,gobabeb,Gobabeb Research & Training Centre,C0946,6,0.0,0,7,2,1,-1
18116981770643614,DWEnQrpO-q8,africat_foundation,AfriCat Foundation,C0482,15,0.836,0,20,6,1,-1
18351723784231201,DWEnQrpO-q8,africat_foundation,AfriCat Foundation,C0100,10,0.0,0,6,5,1,1
18118602199710583,DXbSywhDQWF,gobabeb,Gobabeb Research & Training Centre,C0245,37,0.6239,2,8,2,1,-1
18112943590809085,DWb7j2uDMKS,africat_foundation,AfriCat Foundation,C0886,11,0.5994,0,4,2,1,5
17947089456130143,DWb7j2uDMKS,africat_foundation,AfriCat Foundation,C0100,10,0.0,1,4,6,1,1
18200511049345985,DXg39MKjeJB,gobabeb,Gobabeb Research & Training Centre,C0907,53,0.8904,0,21,4,1,-1
18401792155180262,DVbcgVLDPGM,africat_foundation,AfriCat Foundation,C0530,21,0.0,0,14,2,1,12
17933886297195820,DVbcgVLDPGM,africat_foundation,AfriCat Foundation,C1139,8,0.6124,0,18,1,1,-1
18075811184273673,DXhA84pFEFq,naankuse_foundation,N/a'an ku se Foundation,C0986,29,0.0,0,19,6,1,24
18137730322546763,DXhA84pFEFq,naankuse_foundation,N/a'an ku se Foundation,C0986,20,0.4404,0,19,6,1,-1
18103804762921980,DWMgGWFjOeC,africat_foundation,AfriCat Foundation,C0935,5,0.0,1,10,0,1,0
17941043328191505,DWtzXr8ODrc,africat_foundation,AfriCat Foundation,C0261,15,0.0,0,15,4,1,-1
17870111217603528,DWtzXr8ODrc,africat_foundation,AfriCat Foundation,C0120,14,0.3182,1,10,6,1,-1
18069593849294635,DWtzXr8ODrc,africat_foundation,AfriCat Foundation,C0100,10,0.0,1,3,6,1,1
18571400236044976,DWtzXr8ODrc,africat_foundation,AfriCat Foundation,C0734,11,0.5994,1,20,5,1,5
18403425148198530,DVRGvV1DNZT,africat_foundation,AfriCat Foundation,C0530,2,0.0,1,14,0,1,
18002787275896448,DVRGvV1DNZT,africat_foundation,AfriCat Foundation,C1248,9,0.5994,1,13,0,1,-1
18190536121315382,DVRGvV1DNZT,africat_foundation,AfriCat Foundation,C0508,219,0.7713,1,20,6,1,-1
18106740397770078,DVRGvV1DNZT,africat_foundation,AfriCat Foundation,C0626,48,0.0,1,6,6,1,-1
18566320027033953,DVRGvV1DNZT,africat_foundation,AfriCat Foundation,C0362,30,0.5994,2,1,5,1,5
18127484809480931,DVRGvV1DNZT,africat_foundation,AfriCat Foundation,C0520,10,0.0,2,18,4,1,1
17857918221664994,DVRGvV1DNZT,africat_foundation,AfriCat Foundation,C0876,3,0.0,2,16,4,1,0
17860788195586145,DXt_IDBD93L,naankuse_foundation,N/a'an ku se Foundation,C0801,107,0.8012,0,6,3,1,3
18584498005062059,DXt_IDBD93L,naankuse_foundation,N/a'an ku se Foundation,C0716,9,0.0,0,11,5,1,1
17879678010427211,DXt_IDBD93L,naankuse_foundation,N/a'an ku se Foundation,C1137,8,0.0,0,15,2,1,-1
17907394386226168,DXt_IDBD93L,naankuse_foundation,N/a'an ku se Foundation,C0890,65,0.8715,0,15,2,1,3
17893549125439272,DVykjIEDLEb,africat_foundation,AfriCat Foundation,C1100,3,0.0,0,4,2,1,0
18157654840430186,DVykjIEDLEb,africat_foundation,AfriCat Foundation,C0330,3,0.0,1,22,3,1,0
18567277510038714,DVykjIEDLEb,africat_foundation,AfriCat Foundation,C0054,3,0.0,1,17,3,1,0
17983725347969017,DVykjIEDLEb,africat_foundation,AfriCat Foundation,C0225,1,0.0,1,17,3,1,
18328893697221411,DVykjIEDLEb,africat_foundation,AfriCat Foundation,C0881,9,0.6476,2,16,3,1,-1
18091575050519217,DXUcLv_jGa4,africat_foundation,AfriCat Foundation,C0738,12,0.0,1,12,3,1,-1
18113839663761396,DXUcLv_jGa4,africat_foundation,AfriCat Foundation,C0535,1,0.0,0,10,2,1,
18096087775853109,DXKc58qjZ0A,giraffe_conservation,Giraffe Conservation Foundation,C0908,15,0.6249,1,12,4,1,4
18105309016725765,DXKc58qjZ0A,giraffe_conservation,Giraffe Conservation Foundation,C0588,12,0.6892,1,1,4,1,4
18084858617357647,DXKc58qjZ0A,giraffe_conservation,Giraffe Conservation Foundation,C0633,8,0.0,1,21,2,1,0
17938327974215295,DXexE6XjJDv,africat_foundation,AfriCat Foundation,C0930,44,0.6696,0,22,4,1,8
18111294613657089,DXexE6XjJDv,africat_foundation,AfriCat Foundation,C1251,1,0.0,0,19,3,1,
18106453198926256,DXexE6XjJDv,africat_foundation,AfriCat Foundation,C0938,17,0.5994,0,18,5,1,5
18099263942008058,DXexE6XjJDv,africat_foundation,AfriCat Foundation,C0368,5,0.0,1,21,3,1,0
18118069951579043,DXY1VUcAHbh,savetherhinonamibia,Save the Rhino Trust Namibia,C1016,53,0.8479,0,17,2,1,12
17930517732076615,DXY1VUcAHbh,savetherhinonamibia,Save the Rhino Trust Namibia,C0092,11,0.5859,0,6,2,1,12
18103541413849812,DVc6DMtjoUk,harnaswildlifefoundation,Harnas Wildlife Foundation,C0046,12,0.0,0,9,3,1,1
17989512446986533,DXgcXcbFpJy,savetherhinonamibia,Save the Rhino Trust Namibia,C1258,21,0.2481,0,15,5,1,12
17896721871447946,DXpCdUhjNBm,africat_foundation,AfriCat Foundation,C0225,49,0.5859,1,18,4,1,3
18171188509410180,DXpCdUhjNBm,africat_foundation,AfriCat Foundation,C1249,62,0.3182,0,7,2,1,24
17959771980096314,DXpCdUhjNBm,africat_foundation,AfriCat Foundation,C0971,151,0.5848,2,21,0,1,13
17909482530387736,DXpCdUhjNBm,africat_foundation,AfriCat Foundation,C1011,1,0.0,2,20,0,1,
18096792740026423,DXpCdUhjNBm,africat_foundation,AfriCat Foundation,C1100,16,0.0,1,20,0,1,-1
17859215967688564,DXpCdUhjNBm,africat_foundation,AfriCat Foundation,C0354,18,0.0,2,18,0,1,-1
18100128722076906,DXpCdUhjNBm,africat_foundation,AfriCat Foundation,C0938,10,0.4939,2,16,0,1,5
18322454935253107,DXpCdUhjNBm,africat_foundation,AfriCat Foundation,C0206,19,0.6369,2,16,0,1,10
17876922378507139,DVJKgdwDE6k,harnaswildlifefoundation,Harnas Wildlife Foundation,C0826,31,0.0,0,14,1,1,2
18045034967444664,DQn6pZKjmE6,ongavagamereserve,Ongava Game Reserve,C1203,41,0.0,1,7,1,1,-1
17921703267254342,DVXwcGxjjIi,harnaswildlifefoundation,Harnas Wildlife Foundation,C1068,43,0.6948,1,20,0,1,3
17997038297913560,DVXwcGxjjIi,harnaswildlifefoundation,Harnas Wildlife Foundation,C0826,20,0.0,0,16,0,1,2
17857634580629826,DWf9kn4Dsd8,harnaswildlifefoundation,Harnas Wildlife Foundation,C0033,187,0.1779,1,21,4,1,13
17852368425643468,DWf9kn4Dsd8,harnaswildlifefoundation,Harnas Wildlife Foundation,C0826,35,0.0,0,13,0,1,2
18075477164215689,DW6x4dRjNxf,africat_foundation,AfriCat Foundation,C1240,2,0.0,0,9,3,1,
18059756147466724,DW6x4dRjNxf,africat_foundation,AfriCat Foundation,C0184,16,0.6239,0,9,5,1,12
18111912211648426,DW6x4dRjNxf,africat_foundation,AfriCat Foundation,C0063,14,0.0,0,16,5,1,26
17881081218550027,DW6x4dRjNxf,africat_foundation,AfriCat Foundation,C0155,763,0.7569,0,13,5,1,13
18070661648290264,DW6x4dRjNxf,africat_foundation,AfriCat Foundation,C0411,5,0.0,0,10,5,1,0
18151995868479412,DW6x4dRjNxf,africat_foundation,AfriCat Foundation,C1034,5,0.0,0,17,4,1,0
18467834110097094,DW6x4dRjNxf,africat_foundation,AfriCat Foundation,C0764,27,0.0,0,21,3,1,15
18099697952068064,DW6x4dRjNxf,africat_foundation,AfriCat Foundation,C0455,28,0.7845,0,15,2,1,5
18076017752190215,DW6x4dRjNxf,africat_foundation,AfriCat Foundation,C0124,6,0.0,1,6,2,1,0
18030077153803800,DW6x4dRjNxf,africat_foundation,AfriCat Foundation,C0992,3,0.0,2,0,2,1,0
17994812885929160,DW6x4dRjNxf,africat_foundation,AfriCat Foundation,C0834,3,0.0,1,17,1,1,0
17887785909471372,DW6x4dRjNxf,africat_foundation,AfriCat Foundation,C1193,26,0.4588,1,17,1,1,-1
18222436447314039,DW6x4dRjNxf,africat_foundation,AfriCat Foundation,C0312,4,0.0,1,17,1,1,0
17938676598030945,DW6x4dRjNxf,africat_foundation,AfriCat Foundation,C0320,29,0.0,1,9,1,1,-1
18098997079819683,DW6x4dRjNxf,africat_foundation,AfriCat Foundation,C0010,2,0.0,1,8,1,1,
17886243162451994,DViKhngjjX9,harnaswildlifefoundation,Harnas Wildlife Foundation,C0159,103,0.7645,1,11,4,1,3
18087498449125837,DU-OQhPjn88,harnaswildlifefoundation,Harnas Wildlife Foundation,C0159,59,0.836,1,15,5,1,10
17955977943101279,DWTFsBgjvPD,harnaswildlifefoundation,Harnas Wildlife Foundation,C0826,17,0.0,1,9,5,1,2
18124985257599722,DWTFsBgjvPD,harnaswildlifefoundation,Harnas Wildlife Foundation,C0885,42,-0.5994,1,7,2,1,15
17932123287191836,DUz7FfoDqtk,harnaswildlifefoundation,Harnas Wildlife Foundation,C0159,130,0.8431,1,8,0,1,10
18162228301439166,DXYu82YCEDr,youth4can_namibia,Youth4CAN,C1223,17,0.0,1,6,2,1,-1
18064750817281375,DUOX2sXjWu-,harnaswildlifefoundation,Harnas Wildlife Foundation,C1221,3,0.0,1,21,6,1,0
17846394453661672,DUOX2sXjWu-,harnaswildlifefoundation,Harnas Wildlife Foundation,C0826,15,0.0,1,18,6,1,1
18127224202549877,DUyh38sDYy-,giraffe_conservation,Giraffe Conservation Foundation,C0321,0,0.0,0,5,0,1,
18092059550031912,DVa3m5fDjN9,harnaswildlifefoundation,Harnas Wildlife Foundation,C0826,30,0.0,0,14,1,1,2
18360478627205430,DU5EsvWjsxF,harnaswildlifefoundation,Harnas Wildlife Foundation,C0826,20,0.0,1,14,2,1,2
18100051382087174,DXCuXRniIRH,giraffe_conservation,Giraffe Conservation Foundation,C0633,6,0.0,1,5,3,1,0
17933011695235682,DXCuXRniIRH,giraffe_conservation,Giraffe Conservation Foundation,C0535,2,0.0,1,8,0,1,
18079419542386661,DXCuXRniIRH,giraffe_conservation,Giraffe Conservation Foundation,C0321,2,0.0,0,0,0,1,
18059532824455594,DXCuXRniIRH,giraffe_conservation,Giraffe Conservation Foundation,C0616,1,0.0,1,19,6,1,
17868720354398038,DQ3dSnjDP3l,wwfnamibia,WWF Namibia,C0397,11,0.0,0,13,0,1,1
18029532548536677,DQ3dSnjDP3l,wwfnamibia,WWF Namibia,C1114,58,0.4404,0,8,0,1,4
18096743155788729,DVvCknRjvf6,harnaswildlifefoundation,Harnas Wildlife Foundation,C0751,82,0.7906,1,8,2,1,3
18099175031060458,DWerOqzAbIP,giraffe_conservation,Giraffe Conservation Foundation,C0535,1,0.0,0,6,4,1,
18068209718311854,DWerOqzAbIP,giraffe_conservation,Giraffe Conservation Foundation,C0437,2,0.0,1,6,0,1,
18023209892693573,DWerOqzAbIP,giraffe_conservation,Giraffe Conservation Foundation,C0381,35,0.8164,1,21,6,1,4
17934807444207040,DWerOqzAbIP,giraffe_conservation,Giraffe Conservation Foundation,C0616,1,0.0,1,19,6,1,
17997449813957901,DXwUHbmk-oD,oceanconservationnamibia,Ocean Conservation Namibia,C0337,89,0.6044,0,18,6,1,22
17856525063642547,DXwUHbmk-oD,oceanconservationnamibia,Ocean Conservation Namibia,C0507,90,0.6696,0,6,0,1,4
17866540734618755,DXwUHbmk-oD,oceanconservationnamibia,Ocean Conservation Namibia,C0686,177,0.0,0,19,6,1,30
18098630222109723,DXwUHbmk-oD,oceanconservationnamibia,Ocean Conservation Namibia,C0615,34,0.0,0,8,6,1,15
18100859807316755,DXwUHbmk-oD,oceanconservationnamibia,Ocean Conservation Namibia,C0765,44,0.8464,1,14,1,1,25
18008292347888393,DXwUHbmk-oD,oceanconservationnamibia,Ocean Conservation Namibia,C0276,35,0.8519,1,15,6,1,17
18120615661575828,DXwUHbmk-oD,oceanconservationnamibia,Ocean Conservation Namibia,C0268,73,0.8715,0,0,5,1,-1
18203103847342417,DXwUHbmk-oD,oceanconservationnamibia,Ocean Conservation Namibia,C0807,24,0.0,1,1,4,1,16
18115274626707270,DXwUHbmk-oD,oceanconservationnamibia,Ocean Conservation Namibia,C0189,124,0.8668,1,23,3,1,17
18323008195250899,DXwUHbmk-oD,oceanconservationnamibia,Ocean Conservation Namibia,C1185,5,0.0,1,21,3,1,0
18077918849533867,DXwUHbmk-oD,oceanconservationnamibia,Ocean Conservation Namibia,C0758,34,0.765,1,20,3,1,17
18124253392608449,DXwUHbmk-oD,oceanconservationnamibia,Ocean Conservation Namibia,C0586,18,0.0,1,19,3,1,1
18093820285913622,DXwUHbmk-oD,oceanconservationnamibia,Ocean Conservation Namibia,C0514,17,0.3612,1,18,3,1,11
18134924368536718,DXwUHbmk-oD,oceanconservationnamibia,Ocean Conservation Namibia,C0168,16,0.4898,1,18,3,1,-1
18317509234286907,DXwUHbmk-oD,oceanconservationnamibia,Ocean Conservation Namibia,C0543,58,0.6486,1,17,3,1,14
17858956020650951,DXvye8QFSV3,oceanconservationnamibia,Ocean Conservation Namibia,C1197,11,0.4404,0,11,1,1,6
17988818057971354,DXvye8QFSV3,oceanconservationnamibia,Ocean Conservation Namibia,C0423,41,0.6924,0,14,0,1,6
17997763196760962,DXvye8QFSV3,oceanconservationnamibia,Ocean Conservation Namibia,C0293,1,0.0,0,23,6,1,
18084368735528756,DXvye8QFSV3,oceanconservationnamibia,Ocean Conservation Namibia,C1209,1,0.0,0,7,4,1,
18023186261824279,DXvye8QFSV3,oceanconservationnamibia,Ocean Conservation Namibia,C0543,5,0.0,0,2,4,1,27
18044295068788138,DXvye8QFSV3,oceanconservationnamibia,Ocean Conservation Namibia,C0644,25,0.6892,0,0,4,1,17
18465877639098673,DXvye8QFSV3,oceanconservationnamibia,Ocean Conservation Namibia,C1185,1,0.0,0,21,3,1,
18407578240179692,DXvye8QFSV3,oceanconservationnamibia,Ocean Conservation Namibia,C0899,1,0.0,0,21,3,1,
18021990608829339,DXvye8QFSV3,oceanconservationnamibia,Ocean Conservation Namibia,C0072,35,0.0,0,19,3,1,27
18134476567553868,DXvye8QFSV3,oceanconservationnamibia,Ocean Conservation Namibia,C0446,2,0.0,0,19,3,1,
17945022471175127,DXvye8QFSV3,oceanconservationnamibia,Ocean Conservation Namibia,C0327,1,0.0,0,18,3,1,
18056633741712698,DXvye8QFSV3,oceanconservationnamibia,Ocean Conservation Namibia,C0469,67,0.0,0,18,3,1,14
18080221826433303,DXvye8QFSV3,oceanconservationnamibia,Ocean Conservation Namibia,C0026,1,0.0,0,17,3,1,
18134830840481006,DXvye8QFSV3,oceanconservationnamibia,Ocean Conservation Namibia,C0769,247,0.9664,3,13,3,1,-1
18117705169676699,DXvye8QFSV3,oceanconservationnamibia,Ocean Conservation Namibia,C0550,41,0.6204,2,11,3,1,4
17878407084391724,DUuxi5_DvLg,harnaswildlifefoundation,Harnas Wildlife Foundation,C0159,131,0.8566,1,8,6,1,21
18209711101319028,DUuxi5_DvLg,harnaswildlifefoundation,Harnas Wildlife Foundation,C0826,30,0.0,1,19,5,1,2
18257718322292034,DUvvTWQjyn4,harnaswildlifefoundation,Harnas Wildlife Foundation,C0166,11,-0.1531,1,21,6,1,9
17935800717169681,DUvvTWQjyn4,harnaswildlifefoundation,Harnas Wildlife Foundation,C0159,22,0.5859,1,8,6,1,-1
17930466879191899,DUvvTWQjyn4,harnaswildlifefoundation,Harnas Wildlife Foundation,C1221,2,0.0,1,17,5,1,
18008951600835808,DUvvTWQjyn4,harnaswildlifefoundation,Harnas Wildlife Foundation,C0567,2,0.0,1,17,5,1,
18316926358218057,DRQ69T9ir4N,namyouthchamber,Namibia Youth Chamber of Environment,C0862,33,0.7184,2,12,3,1,11
18080101082363490,DUm1Xg9Dmf3,harnaswildlifefoundation,Harnas Wildlife Foundation,C0333,18,0.0,1,18,2,1,-1
18166363441363253,DUm1Xg9Dmf3,harnaswildlifefoundation,Harnas Wildlife Foundation,C0826,15,0.0,1,17,2,1,1
18134348398452371,DUm1Xg9Dmf3,harnaswildlifefoundation,Harnas Wildlife Foundation,C0751,161,0.868,1,6,2,1,-1
17850766386631932,DUm1Xg9Dmf3,harnaswildlifefoundation,Harnas Wildlife Foundation,C1221,3,0.0,1,6,2,1,0
18101150789078334,DXWCXRoCX7X,naankuse_foundation,N/a'an ku se Foundation,C0620,100,0.8313,0,15,3,1,-1
18077994926429648,DXWCXRoCX7X,naankuse_foundation,N/a'an ku se Foundation,C0363,30,0.6588,0,15,0,1,-1
18140120605462407,DSsoe4NDfql,giraffe_conservation,Giraffe Conservation Foundation,C0757,53,0.4199,1,5,4,1,18
17979699734791655,DSsoe4NDfql,giraffe_conservation,Giraffe Conservation Foundation,C0570,32,0.743,1,23,3,1,-1
18094444736003391,DVcrAuRjsnE,ccfcheetah,Cheetah Conservation Fund,C0648,59,0.4019,0,4,4,1,19
18086053594952208,DVcrAuRjsnE,ccfcheetah,Cheetah Conservation Fund,C0874,39,0.7348,0,9,2,1,12
17934607632191084,DVcrAuRjsnE,ccfcheetah,Cheetah Conservation Fund,C0321,3,0.0,0,8,2,1,0
18095476654821540,DVcrAuRjsnE,ccfcheetah,Cheetah Conservation Fund,C0011,6,0.0,0,6,2,1,1
17924869545126768,DXtvQ9SgL98,oceanconservationnamibia,Ocean Conservation Namibia,C0337,12,0.0,0,18,6,1,1
18443036740136734,DXtvQ9SgL98,oceanconservationnamibia,Ocean Conservation Namibia,C1094,141,0.9753,0,15,6,1,-1
18079106225186830,DXtvQ9SgL98,oceanconservationnamibia,Ocean Conservation Namibia,C0294,6,0.0,0,18,0,1,0
18116913076776636,DXtvQ9SgL98,oceanconservationnamibia,Ocean Conservation Namibia,C0278,3,0.0,0,21,6,1,0
18083196452629114,DXtvQ9SgL98,oceanconservationnamibia,Ocean Conservation Namibia,C0109,5,0.0,0,2,5,1,0
18098597693025561,DXtvQ9SgL98,oceanconservationnamibia,Ocean Conservation Namibia,C0622,122,-0.7079,0,18,6,1,7
18113692492824334,DXtvQ9SgL98,oceanconservationnamibia,Ocean Conservation Namibia,C0864,13,0.0,0,11,6,1,1
17967003366063222,DXtvQ9SgL98,oceanconservationnamibia,Ocean Conservation Namibia,C0296,56,0.4968,0,18,5,1,-1
17942520414190368,DXtvQ9SgL98,oceanconservationnamibia,Ocean Conservation Namibia,C0765,72,0.4588,0,14,1,1,-1
18112869478875764,DXtvQ9SgL98,oceanconservationnamibia,Ocean Conservation Namibia,C0669,6,0.0,0,11,1,1,0
17940127458034809,DXtvQ9SgL98,oceanconservationnamibia,Ocean Conservation Namibia,C1181,6,0.0,0,11,0,1,0
18114952552809514,DXtvQ9SgL98,oceanconservationnamibia,Ocean Conservation Namibia,C0942,29,0.4215,0,20,6,1,-1
18097949992851909,DXtvQ9SgL98,oceanconservationnamibia,Ocean Conservation Namibia,C1004,40,0.0,0,19,5,1,15
18089489726254730,DXtvQ9SgL98,oceanconservationnamibia,Ocean Conservation Namibia,C1217,20,0.0,0,12,4,1,29
18101287189978363,DXtvQ9SgL98,oceanconservationnamibia,Ocean Conservation Namibia,C0485,8,0.0,0,5,4,1,0
18087040046164436,DUgMnW8jL3b,naankuse_foundation,N/a'an ku se Foundation,C0233,12,0.0,1,13,0,1,-1
17889167340352134,DXd19oFjkuQ,oceanconservationnamibia,Ocean Conservation Namibia,C0799,58,0.7845,0,15,3,1,-1
18101192303482888,DXd19oFjkuQ,oceanconservationnamibia,Ocean Conservation Namibia,C0180,2,0.0,1,7,3,1,
17856510909636992,DXd19oFjkuQ,oceanconservationnamibia,Ocean Conservation Namibia,C0047,27,0.6696,1,7,3,1,-1
17868749613559195,DUaaK2PjUEr,eif_namibia,Environmental Investment Fund,C0900,49,0.4696,0,19,0,1,6
18561800590055454,DU3rabWkYrT,naankuse_foundation,N/a'an ku se Foundation,C0592,39,0.0,2,21,1,1,6
18407007457130694,DUbWtOygfZh,naankuse_foundation,N/a'an ku se Foundation,C0890,4,0.0,1,19,4,1,0
17950997625153851,DXoC0N4mgkj,oceanconservationnamibia,Ocean Conservation Namibia,C0460,16,0.4939,0,20,2,1,14
17860176771633406,DXoC0N4mgkj,oceanconservationnamibia,Ocean Conservation Namibia,C0481,193,-0.1779,0,22,0,1,-1
17926839981312617,DXoC0N4mgkj,oceanconservationnamibia,Ocean Conservation Namibia,C0546,17,-0.4939,0,3,0,1,-1
18113645728804644,DXoC0N4mgkj,oceanconservationnamibia,Ocean Conservation Namibia,C0356,34,0.0,0,22,6,1,14
17964525630095995,DXoC0N4mgkj,oceanconservationnamibia,Ocean Conservation Namibia,C0149,10,-0.5696,0,18,6,1,10
17954736723133547,DXoC0N4mgkj,oceanconservationnamibia,Ocean Conservation Namibia,C1213,55,0.128,0,1,6,1,-1
17869375062522921,DXoC0N4mgkj,oceanconservationnamibia,Ocean Conservation Namibia,C0214,41,0.0,0,23,3,1,13
18357923347236612,DXoC0N4mgkj,oceanconservationnamibia,Ocean Conservation Namibia,C0894,103,-0.5719,1,7,2,1,14
18083851031617745,DXoC0N4mgkj,oceanconservationnamibia,Ocean Conservation Namibia,C0809,28,-0.6722,0,17,0,1,10
17923119324317254,DXoC0N4mgkj,oceanconservationnamibia,Ocean Conservation Namibia,C1206,104,-0.4767,0,16,0,1,14
18101623603789854,DXoC0N4mgkj,oceanconservationnamibia,Ocean Conservation Namibia,C0737,8,0.0,0,8,6,1,0
18096157514323608,DXoC0N4mgkj,oceanconservationnamibia,Ocean Conservation Namibia,C1073,103,0.0,0,10,4,1,14
18045275180535706,DXoC0N4mgkj,oceanconservationnamibia,Ocean Conservation Namibia,C1253,37,-0.5255,0,10,4,1,-1
18135019531557291,DXoC0N4mgkj,oceanconservationnamibia,Ocean Conservation Namibia,C1123,3,0.0,0,10,4,1,0
18101743741790454,DXoC0N4mgkj,oceanconservationnamibia,Ocean Conservation Namibia,C0231,101,-0.8042,0,1,4,1,14
17937206013069102,DXmA4Gtj_Zh,oceanconservationnamibia,Ocean Conservation Namibia,C1116,6,0.0,0,15,6,1,0
17881828851576126,DXmA4Gtj_Zh,oceanconservationnamibia,Ocean Conservation Namibia,C0427,104,0.8643,0,10,2,1,-1
17882867322575142,DXmA4Gtj_Zh,oceanconservationnamibia,Ocean Conservation Namibia,C0949,9,0.3612,0,14,0,1,23
18132407734563902,DXmA4Gtj_Zh,oceanconservationnamibia,Ocean Conservation Namibia,C1226,29,0.0,0,17,5,1,-1
18098600509863521,DXmA4Gtj_Zh,oceanconservationnamibia,Ocean Conservation Namibia,C1260,8,0.0,0,10,3,1,0
17861758785652525,DXmA4Gtj_Zh,oceanconservationnamibia,Ocean Conservation Namibia,C0603,67,0.1045,0,9,3,1,14
18102704923797421,DXmA4Gtj_Zh,oceanconservationnamibia,Ocean Conservation Namibia,C1063,71,0.865,0,2,3,1,-1
18105546196821869,DXmA4Gtj_Zh,oceanconservationnamibia,Ocean Conservation Namibia,C0574,2,0.0,0,22,0,1,
17894481567451011,DXmA4Gtj_Zh,oceanconservationnamibia,Ocean Conservation Namibia,C0707,113,0.7845,2,15,0,1,14
18091778729194816,DXmA4Gtj_Zh,oceanconservationnamibia,Ocean Conservation Namibia,C1093,6,0.0,0,12,0,1,0
18068829959667389,DXmA4Gtj_Zh,oceanconservationnamibia,Ocean Conservation Namibia,C0669,3,0.0,0,10,0,1,0
17878593972433938,DXmA4Gtj_Zh,oceanconservationnamibia,Ocean Conservation Namibia,C0428,12,0.0,0,23,5,1,1
17967962481027292,DXmA4Gtj_Zh,oceanconservationnamibia,Ocean Conservation Namibia,C0294,7,0.0,0,15,5,1,1
18464566384097484,DXmA4Gtj_Zh,oceanconservationnamibia,Ocean Conservation Namibia,C0792,5,0.0,0,9,5,1,0
17864858433653572,DXmA4Gtj_Zh,oceanconservationnamibia,Ocean Conservation Namibia,C0143,3,0.0,0,13,4,1,0
18095601638066513,DVU4KuJDJ9A,ccfcheetah,Cheetah Conservation Fund,C0011,6,0.0,0,13,6,1,0
17975079386940545,DQxCVcNj9Cw,giraffe_conservation,Giraffe Conservation Foundation,C0152,16,0.6581,1,13,0,1,-1
18047294420666110,DQxCVcNj9Cw,giraffe_conservation,Giraffe Conservation Foundation,C0154,4,0.0,1,16,5,1,0
18005828819818094,DQxCVcNj9Cw,giraffe_conservation,Giraffe Conservation Foundation,C1204,3,0.0,1,1,5,1,0
18082490243043804,DQxCVcNj9Cw,giraffe_conservation,Giraffe Conservation Foundation,C0691,8,0.6124,1,20,4,1,-1
17910475434253567,DQxCVcNj9Cw,giraffe_conservation,Giraffe Conservation Foundation,C0570,27,0.5386,1,19,4,1,25
18105124519651844,DQvrtOYjDeU,giraffe_conservation,Giraffe Conservation Foundation,C1271,46,0.743,1,7,0,1,25
18074397155244909,DQvrtOYjDeU,giraffe_conservation,Giraffe Conservation Foundation,C0437,61,0.891,0,4,0,1,18
18075765208954303,DQvrtOYjDeU,giraffe_conservation,Giraffe Conservation Foundation,C1031,16,0.0,0,14,1,1,2
18362325736088033,DQvrtOYjDeU,giraffe_conservation,Giraffe Conservation Foundation,C0570,140,0.9712,1,11,4,1,-1
18083240849097573,DQvrtOYjDeU,giraffe_conservation,Giraffe Conservation Foundation,C0770,3,0.0,1,10,4,1,0
18301266721264232,DQvrtOYjDeU,giraffe_conservation,Giraffe Conservation Foundation,C0310,2,0.0,1,7,4,1,
18099209650683751,DQvrtOYjDeU,giraffe_conservation,Giraffe Conservation Foundation,C1077,58,0.0,0,7,4,1,18
18088157687270105,DXZJA_liqWn,oceanconservationnamibia,Ocean Conservation Namibia,C1116,6,0.0,0,15,6,1,0
18179957740395586,DXZJA_liqWn,oceanconservationnamibia,Ocean Conservation Namibia,C1267,18,0.0,0,21,2,1,1
17989200089988738,DXZJA_liqWn,oceanconservationnamibia,Ocean Conservation Namibia,C1238,9,0.3612,0,16,5,1,23
18003990443916180,DXZJA_liqWn,oceanconservationnamibia,Ocean Conservation Namibia,C1020,66,0.0,0,17,4,1,29
18116509795787328,DXZJA_liqWn,oceanconservationnamibia,Ocean Conservation Namibia,C0686,123,0.0,0,6,3,1,30
17854061430659123,DXZJA_liqWn,oceanconservationnamibia,Ocean Conservation Namibia,C1148,22,0.0,0,15,0,1,15
18043705694741634,DXZJA_liqWn,oceanconservationnamibia,Ocean Conservation Namibia,C0737,8,0.0,0,13,6,1,5
17930545068256111,DXZJA_liqWn,oceanconservationnamibia,Ocean Conservation Namibia,C0998,18,0.0,0,4,6,1,1
18101957557983111,DXZJA_liqWn,oceanconservationnamibia,Ocean Conservation Namibia,C0864,45,0.0,0,9,5,1,15
18399084604148807,DXZJA_liqWn,oceanconservationnamibia,Ocean Conservation Namibia,C0428,8,0.0,0,6,4,1,0
18161321311440873,DXZJA_liqWn,oceanconservationnamibia,Ocean Conservation Namibia,C0905,1,0.0,0,18,2,1,
18395048371159145,DXZJA_liqWn,oceanconservationnamibia,Ocean Conservation Namibia,C0604,1,0.0,0,7,2,1,
17878002426437607,DXZJA_liqWn,oceanconservationnamibia,Ocean Conservation Namibia,C0084,142,-0.9148,0,3,0,1,-1
18107991443498156,DXZJA_liqWn,oceanconservationnamibia,Ocean Conservation Namibia,C1106,49,0.7702,0,21,6,1,-1
18193221415366805,DXZJA_liqWn,oceanconservationnamibia,Ocean Conservation Namibia,C1220,23,0.4767,0,21,6,1,9
17934276426175395,DUYx5HdiD09,naankuse_foundation,N/a'an ku se Foundation,C0414,6,0.0,1,9,0,1,0
18121488514608681,DUYx5HdiD09,naankuse_foundation,N/a'an ku se Foundation,C0614,53,0.784,1,2,0,1,-1
18076801292074201,DUYx5HdiD09,naankuse_foundation,N/a'an ku se Foundation,C0166,34,-0.1531,1,17,4,1,9
18036051710751527,DUYx5HdiD09,naankuse_foundation,N/a'an ku se Foundation,C0021,4,0.0,1,6,4,1,0
17919143073101242,DUYx5HdiD09,naankuse_foundation,N/a'an ku se Foundation,C0890,86,0.8478,1,22,3,1,-1
17928667407120348,DRP79xHj7NN,giraffe_conservation,Giraffe Conservation Foundation,C0437,52,0.7184,1,10,5,1,18
18110790256689349,DV_qawHEpSw,ccfcheetah,Cheetah Conservation Fund,C0770,3,0.0,0,5,3,1,0
17863347411607214,DV_qawHEpSw,ccfcheetah,Cheetah Conservation Fund,C0011,6,0.0,0,19,1,1,0
17935427475277113,DXbt7IqCLKa,oceanconservationnamibia,Ocean Conservation Namibia,C0794,29,0.6115,0,5,2,1,-1
18089303588061320,DXbt7IqCLKa,oceanconservationnamibia,Ocean Conservation Namibia,C0951,7,0.0,0,10,0,1,-1
18353006710242207,DXbt7IqCLKa,oceanconservationnamibia,Ocean Conservation Namibia,C0965,17,0.0,0,12,1,1,2
18080972534551682,DXbt7IqCLKa,oceanconservationnamibia,Ocean Conservation Namibia,C0989,101,-0.8728,0,6,2,1,22
18120709540733971,DXbt7IqCLKa,oceanconservationnamibia,Ocean Conservation Namibia,C1097,108,-0.25,0,11,1,1,-1
17962716711093323,DXbt7IqCLKa,oceanconservationnamibia,Ocean Conservation Namibia,C0427,115,0.5888,0,20,0,1,20
18142906528509438,DXbt7IqCLKa,oceanconservationnamibia,Ocean Conservation Namibia,C0699,50,0.8974,0,23,4,1,16
18155037400458364,DXbt7IqCLKa,oceanconservationnamibia,Ocean Conservation Namibia,C0296,13,0.0,0,18,5,1,20
18011234243854756,DXbt7IqCLKa,oceanconservationnamibia,Ocean Conservation Namibia,C0294,7,0.0,0,18,1,1,1
17929375872090410,DXbt7IqCLKa,oceanconservationnamibia,Ocean Conservation Namibia,C0792,5,0.0,0,9,1,1,0
18083470166630549,DXbt7IqCLKa,oceanconservationnamibia,Ocean Conservation Namibia,C0319,10,-0.4767,0,7,1,1,10
18099362189017916,DXbt7IqCLKa,oceanconservationnamibia,Ocean Conservation Namibia,C0669,3,0.0,0,3,1,1,0
18294161029304845,DXbt7IqCLKa,oceanconservationnamibia,Ocean Conservation Namibia,C0584,15,0.3612,1,0,1,1,23
18135705631542828,DXbt7IqCLKa,oceanconservationnamibia,Ocean Conservation Namibia,C0292,63,0.1531,0,21,0,1,7
18118502689679696,DXbt7IqCLKa,oceanconservationnamibia,Ocean Conservation Namibia,C0613,7,0.0,0,17,6,1,0
17929089192190995,DTitPQkAEdG,harnaswildlifefoundation,Harnas Wildlife Foundation,C0990,163,0.7437,0,19,3,1,-1
18078063626020074,DTitPQkAEdG,harnaswildlifefoundation,Harnas Wildlife Foundation,C1196,33,0.4754,1,21,4,1,10
18425781700114351,DTitPQkAEdG,harnaswildlifefoundation,Harnas Wildlife Foundation,C1113,12,0.4588,1,20,4,1,5
17897091084373168,DTitPQkAEdG,harnaswildlifefoundation,Harnas Wildlife Foundation,C0135,20,0.5719,1,11,4,1,-1
18083614622144003,DTitPQkAEdG,harnaswildlifefoundation,Harnas Wildlife Foundation,C0159,127,0.6478,1,5,4,1,-1
18088076738079986,DTitPQkAEdG,harnaswildlifefoundation,Harnas Wildlife Foundation,C0549,2,0.0,1,23,3,1,
18077166446591552,DTitPQkAEdG,harnaswildlifefoundation,Harnas Wildlife Foundation,C0114,2,0.0,1,20,3,1,
17940935537983157,DTitPQkAEdG,harnaswildlifefoundation,Harnas Wildlife Foundation,C0220,44,0.6705,1,19,3,1,-1
17896935948379030,DTitPQkAEdG,harnaswildlifefoundation,Harnas Wildlife Foundation,C1121,27,0.4588,1,19,3,1,5
17995981838731259,DTaOutKjo18,harnaswildlifefoundation,Harnas Wildlife Foundation,C0826,15,0.0,0,11,5,1,1
17862497238571697,DUANbOODsT-,harnaswildlifefoundation,Harnas Wildlife Foundation,C1221,2,0.0,0,7,1,1,
17931860139269852,DXjcLK4D8YD,oceanconservationnamibia,Ocean Conservation Namibia,C0285,7,0.0,0,20,0,1,0
17974460307036237,DXjcLK4D8YD,oceanconservationnamibia,Ocean Conservation Namibia,C0527,15,0.0,0,11,5,1,1
17890771170498377,DXjcLK4D8YD,oceanconservationnamibia,Ocean Conservation Namibia,C0380,9,0.0,0,12,4,1,1
17912475360400204,DXjcLK4D8YD,oceanconservationnamibia,Ocean Conservation Namibia,C0427,47,0.8277,0,11,2,1,7
18086838719617090,DXjcLK4D8YD,oceanconservationnamibia,Ocean Conservation Namibia,C0296,39,0.7645,0,18,5,1,-1
18013229891845011,DXjcLK4D8YD,oceanconservationnamibia,Ocean Conservation Namibia,C0407,103,0.6989,0,22,4,1,-1
17896293279446737,DXjcLK4D8YD,oceanconservationnamibia,Ocean Conservation Namibia,C1004,2,0.0,0,6,6,1,
18005188169730374,DXjcLK4D8YD,oceanconservationnamibia,Ocean Conservation Namibia,C0619,40,0.3382,0,21,4,1,-1
18008777213886278,DXjcLK4D8YD,oceanconservationnamibia,Ocean Conservation Namibia,C0896,15,0.0,0,10,2,1,1
18191100397322493,DXjcLK4D8YD,oceanconservationnamibia,Ocean Conservation Namibia,C0509,29,0.3612,0,20,0,1,-1
18062721797695224,DXjcLK4D8YD,oceanconservationnamibia,Ocean Conservation Namibia,C0804,29,0.0,0,11,0,1,-1
18098151413092644,DXjcLK4D8YD,oceanconservationnamibia,Ocean Conservation Namibia,C0136,3,0.0,0,20,6,1,0
18094906213897716,DXjcLK4D8YD,oceanconservationnamibia,Ocean Conservation Namibia,C0419,7,0.0,1,7,6,1,0
18174192778398743,DXjcLK4D8YD,oceanconservationnamibia,Ocean Conservation Namibia,C0765,16,0.0,1,3,6,1,10
18105372308307197,DXjcLK4D8YD,oceanconservationnamibia,Ocean Conservation Namibia,C0014,23,0.0772,0,0,6,1,-1
18089729681031248,DU-3de8iG-a,namibia_nature_foundation,Namibia Nature Foundation,C0873,2,0.0,0,18,5,1,
18139047127492514,DXrKi2OD1Hm,oceanconservationnamibia,Ocean Conservation Namibia,C1116,2,0.0,0,18,6,1,
18129673189590043,DXrKi2OD1Hm,oceanconservationnamibia,Ocean Conservation Namibia,C0285,7,0.0,0,20,0,1,1
18092838532970170,DXrKi2OD1Hm,oceanconservationnamibia,Ocean Conservation Namibia,C0949,9,0.3612,0,19,0,1,23
18111623788864721,DXrKi2OD1Hm,oceanconservationnamibia,Ocean Conservation Namibia,C0658,4,0.0,0,20,1,1,0
18073300544409708,DXrKi2OD1Hm,oceanconservationnamibia,Ocean Conservation Namibia,C1211,10,0.4404,0,17,1,1,4
18543830158068760,DXrKi2OD1Hm,oceanconservationnamibia,Ocean Conservation Namibia,C0296,7,0.0,0,18,5,1,20
18074114285273359,DXrKi2OD1Hm,oceanconservationnamibia,Ocean Conservation Namibia,C0246,55,0.743,0,5,6,1,-1
18123248410626423,DXrKi2OD1Hm,oceanconservationnamibia,Ocean Conservation Namibia,C1250,12,0.0,0,22,4,1,26
18092724506183345,DXrKi2OD1Hm,oceanconservationnamibia,Ocean Conservation Namibia,C0143,3,0.0,0,13,4,1,0
17886178269490738,DXrKi2OD1Hm,oceanconservationnamibia,Ocean Conservation Namibia,C0896,17,0.0,0,3,4,1,2
18309499648302846,DXrKi2OD1Hm,oceanconservationnamibia,Ocean Conservation Namibia,C0923,18,0.0,0,3,4,1,1
18390765637082212,DXrKi2OD1Hm,oceanconservationnamibia,Ocean Conservation Namibia,C1185,5,0.0,0,21,3,1,0
17874448785599557,DXrKi2OD1Hm,oceanconservationnamibia,Ocean Conservation Namibia,C0608,40,-0.4939,0,12,3,1,-1
18072641336285762,DXrKi2OD1Hm,oceanconservationnamibia,Ocean Conservation Namibia,C0190,135,0.8591,0,1,3,1,14
17924520045298877,DXrKi2OD1Hm,oceanconservationnamibia,Ocean Conservation Namibia,C0957,116,0.0,0,20,2,1,29
18104952418663153,DSW2mrgjs6h,harnaswildlifefoundation,Harnas Wildlife Foundation,C1221,6,0.0,1,8,2,1,1
18121706110546467,DSjukI4jv4D,harnaswildlifefoundation,Harnas Wildlife Foundation,C1221,3,0.0,1,9,0,1,0
18080141105196430,DXg3UF6CdnC,oceanconservationnamibia,Ocean Conservation Namibia,C0349,0,0.0,0,11,1,1,
18117821461681823,DXg3UF6CdnC,oceanconservationnamibia,Ocean Conservation Namibia,C0143,3,0.0,0,18,0,1,0
18007408751903882,DXg3UF6CdnC,oceanconservationnamibia,Ocean Conservation Namibia,C0701,46,0.0,1,11,1,1,15
17893530168459973,DXg3UF6CdnC,oceanconservationnamibia,Ocean Conservation Namibia,C0377,19,0.4648,0,17,2,1,-1
17960701562934717,DXg3UF6CdnC,oceanconservationnamibia,Ocean Conservation Namibia,C0172,122,-0.0772,0,18,1,1,-1
17948912697138515,DXg3UF6CdnC,oceanconservationnamibia,Ocean Conservation Namibia,C0074,1,0.0,0,18,0,1,
18094473353121975,DXg3UF6CdnC,oceanconservationnamibia,Ocean Conservation Namibia,C1033,6,0.0,0,1,0,1,1
17884321080539914,DXg3UF6CdnC,oceanconservationnamibia,Ocean Conservation Namibia,C1134,13,0.0,0,1,0,1,9
18226110799312286,DXg3UF6CdnC,oceanconservationnamibia,Ocean Conservation Namibia,C0744,29,0.0,0,23,5,1,20
18079633910428683,DXg3UF6CdnC,oceanconservationnamibia,Ocean Conservation Namibia,C0560,35,0.7096,1,17,5,1,-1
18087112034594043,DXg3UF6CdnC,oceanconservationnamibia,Ocean Conservation Namibia,C0901,127,0.6369,2,11,5,1,-1
18100325915018078,DXg3UF6CdnC,oceanconservationnamibia,Ocean Conservation Namibia,C0578,31,0.7003,2,1,5,1,4
18100528501953398,DXg3UF6CdnC,oceanconservationnamibia,Ocean Conservation Namibia,C0758,27,0.5719,2,22,4,1,17
18095684584881826,DXg3UF6CdnC,oceanconservationnamibia,Ocean Conservation Namibia,C0119,11,0.0,1,22,4,1,8
17989630277793691,DXg3UF6CdnC,oceanconservationnamibia,Ocean Conservation Namibia,C0301,88,0.891,2,20,4,1,-1
17892589353332841,DXtW3C-FV7E,oceanconservationnamibia,Ocean Conservation Namibia,C0453,25,-0.5574,0,12,3,1,-1
18082148924196771,DXtW3C-FV7E,oceanconservationnamibia,Ocean Conservation Namibia,C0543,47,0.0,0,20,2,1,-1
18089316926194834,DXtW3C-FV7E,oceanconservationnamibia,Ocean Conservation Namibia,C0142,6,0.0,0,17,2,1,1
17892149574461292,DXtW3C-FV7E,oceanconservationnamibia,Ocean Conservation Namibia,C0180,2,0.0,1,13,2,1,
18433769974143289,DXtW3C-FV7E,oceanconservationnamibia,Ocean Conservation Namibia,C0027,27,0.3182,2,8,2,1,16
18102091432830548,DTn2xOlD7JJ,harnaswildlifefoundation,Harnas Wildlife Foundation,C0826,15,0.0,1,12,6,1,2
17941078194122466,DTn2xOlD7JJ,harnaswildlifefoundation,Harnas Wildlife Foundation,C0796,66,0.807,1,0,6,1,6
18091912055297743,DTn2xOlD7JJ,harnaswildlifefoundation,Harnas Wildlife Foundation,C1221,2,0.0,1,21,5,1,
18086023753892398,DTn2xOlD7JJ,harnaswildlifefoundation,Harnas Wildlife Foundation,C0220,30,0.0,2,19,5,1,-1
18113032264626563,DTn2xOlD7JJ,harnaswildlifefoundation,Harnas Wildlife Foundation,C1152,32,0.0,2,19,5,1,16
17920960785094643,DUqUliEDNSs,ehranamibia,Elephant Human Relations Aid,C0192,5,0.0,1,18,4,1,0
18058448000358281,DUqUliEDNSs,ehranamibia,Elephant Human Relations Aid,C0723,9,0.4389,1,14,3,1,-1
18000567614760691,DXO1x-NCC5k,oceanconservationnamibia,Ocean Conservation Namibia,C0082,8,0.0,0,5,6,1,0
18601041715055349,DXO1x-NCC5k,oceanconservationnamibia,Ocean Conservation Namibia,C0295,52,0.0,0,9,1,1,-1
18103457053953386,DXO1x-NCC5k,oceanconservationnamibia,Ocean Conservation Namibia,C0278,15,0.6114,0,21,4,1,4
17925573057299817,DXO1x-NCC5k,oceanconservationnamibia,Ocean Conservation Namibia,C0581,8,0.0,0,4,3,1,-1
18116943022599689,DXO1x-NCC5k,oceanconservationnamibia,Ocean Conservation Namibia,C0959,29,0.5719,0,17,5,1,22
18113922934697398,DXO1x-NCC5k,oceanconservationnamibia,Ocean Conservation Namibia,C0294,6,0.0,0,15,5,1,0
18585241171028282,DXO1x-NCC5k,oceanconservationnamibia,Ocean Conservation Namibia,C0263,8,0.4215,0,23,4,1,4
17913539220180434,DXO1x-NCC5k,oceanconservationnamibia,Ocean Conservation Namibia,C0143,4,0.0,0,13,4,1,0
17932376124072147,DXO1x-NCC5k,oceanconservationnamibia,Ocean Conservation Namibia,C1005,3,0.0,0,9,4,1,0
17929067034264020,DXO1x-NCC5k,oceanconservationnamibia,Ocean Conservation Namibia,C1015,3,0.0,0,3,4,1,0
17875582806454733,DXO1x-NCC5k,oceanconservationnamibia,Ocean Conservation Namibia,C0300,116,-0.4482,0,21,0,1,7
18071459846304122,DXO1x-NCC5k,oceanconservationnamibia,Ocean Conservation Namibia,C1119,19,0.0,0,16,0,1,16
18086433209198010,DXO1x-NCC5k,oceanconservationnamibia,Ocean Conservation Namibia,C0798,9,0.3612,0,2,0,1,23
18094014449270893,DXO1x-NCC5k,oceanconservationnamibia,Ocean Conservation Namibia,C0811,18,0.4199,0,1,0,1,11
18202972513345011,DXO1x-NCC5k,oceanconservationnamibia,Ocean Conservation Namibia,C0290,121,-0.1779,0,17,6,1,14
18142226758502230,DXQrA_0jvq3,oceanconservationnamibia,Ocean Conservation Namibia,C0072,34,0.0,0,15,6,1,2
18098565449121721,DXQrA_0jvq3,oceanconservationnamibia,Ocean Conservation Namibia,C0142,5,0.0,0,17,5,1,0
17875199328584890,DXQrA_0jvq3,oceanconservationnamibia,Ocean Conservation Namibia,C0180,2,0.0,1,7,5,1,
17871428835486771,DXQrA_0jvq3,oceanconservationnamibia,Ocean Conservation Namibia,C0047,14,0.0,1,5,5,1,12
18105592298491804,DWk1d0DDHm-,oceanconservationnamibia,Ocean Conservation Namibia,C0701,34,0.3612,1,11,1,1,11
17853831165649065,DWk1d0DDHm-,oceanconservationnamibia,Ocean Conservation Namibia,C0807,3,0.0,0,7,0,1,0
17883377592501355,DWk1d0DDHm-,oceanconservationnamibia,Ocean Conservation Namibia,C0469,46,0.6486,0,15,4,1,-1
18072451712633943,DWk1d0DDHm-,oceanconservationnamibia,Ocean Conservation Namibia,C0539,7,0.0,0,12,4,1,0
17882366139508985,DWk1d0DDHm-,oceanconservationnamibia,Ocean Conservation Namibia,C0248,41,0.7125,0,17,6,1,-1
18575658193057482,DWk1d0DDHm-,oceanconservationnamibia,Ocean Conservation Namibia,C0899,4,0.0,0,20,5,1,0
18172524307395862,DWk1d0DDHm-,oceanconservationnamibia,Ocean Conservation Namibia,C0400,15,0.0,0,9,3,1,9
18073409930230589,DWk1d0DDHm-,oceanconservationnamibia,Ocean Conservation Namibia,C0419,2,0.0,0,8,3,1,
17877695325552560,DWk1d0DDHm-,oceanconservationnamibia,Ocean Conservation Namibia,C0732,134,0.9631,3,1,3,1,-1
18179572885377799,DWk1d0DDHm-,oceanconservationnamibia,Ocean Conservation Namibia,C0223,55,0.8356,1,0,3,1,-1
18220042177315098,DWk1d0DDHm-,oceanconservationnamibia,Ocean Conservation Namibia,C1027,23,0.5859,1,22,2,1,-1
18111340045812276,DWk1d0DDHm-,oceanconservationnamibia,Ocean Conservation Namibia,C0569,40,0.784,1,22,2,1,17
18110256691788106,DWk1d0DDHm-,oceanconservationnamibia,Ocean Conservation Namibia,C0642,3,0.0,1,20,2,1,0
17873243850577380,DWk1d0DDHm-,oceanconservationnamibia,Ocean Conservation Namibia,C1185,3,0.0,1,18,2,1,0
18013305701838438,DWk1d0DDHm-,oceanconservationnamibia,Ocean Conservation Namibia,C0049,33,0.5242,1,12,2,1,-1
18195416077361996,DXGonOCjTav,oceanconservationnamibia,Ocean Conservation Namibia,C1033,7,0.0,0,3,0,1,0
17859717576652619,DXGonOCjTav,oceanconservationnamibia,Ocean Conservation Namibia,C0223,79,0.8779,1,22,2,1,14
17883453621514681,DXGonOCjTav,oceanconservationnamibia,Ocean Conservation Namibia,C1166,18,0.6369,2,13,1,1,4
18099217172294814,DXGonOCjTav,oceanconservationnamibia,Ocean Conservation Namibia,C0469,82,-0.2263,1,12,1,1,-1
18053282465711702,DXGonOCjTav,oceanconservationnamibia,Ocean Conservation Namibia,C0248,19,0.0,1,10,1,1,1
18087949766585982,DXGonOCjTav,oceanconservationnamibia,Ocean Conservation Namibia,C0477,5,0.0,1,10,1,1,0
18179016241391132,DXGonOCjTav,oceanconservationnamibia,Ocean Conservation Namibia,C0180,2,0.0,1,7,1,1,
17899770489424388,DXGonOCjTav,oceanconservationnamibia,Ocean Conservation Namibia,C0047,14,0.3612,1,7,1,1,11
17874140784472075,DTINIX7jsOm,harnaswildlifefoundation,Harnas Wildlife Foundation,C1221,8,0.0,1,12,0,1,0
18077481353180276,DQ4Hgt0jmeW,harnaswildlifefoundation,Harnas Wildlife Foundation,C0055,37,0.0,1,17,0,1,8
17933198289102890,DQ4Hgt0jmeW,harnaswildlifefoundation,Harnas Wildlife Foundation,C1221,3,0.0,1,15,0,1,0
18109985878780187,DXWkHQnAsRS,oceanconservationnamibia,Ocean Conservation Namibia,C0001,17,0.0,0,20,5,1,-1
18133091557583694,DXWkHQnAsRS,oceanconservationnamibia,Ocean Conservation Namibia,C0076,8,0.0,0,21,0,1,15
17950475826160634,DXWkHQnAsRS,oceanconservationnamibia,Ocean Conservation Namibia,C0949,9,0.3612,0,20,0,1,23
18099689467934742,DXWkHQnAsRS,oceanconservationnamibia,Ocean Conservation Namibia,C0511,2,0.0,0,18,4,1,
18011996801704369,DXWkHQnAsRS,oceanconservationnamibia,Ocean Conservation Namibia,C0287,15,0.5574,0,18,5,1,4
18064153307391198,DXWkHQnAsRS,oceanconservationnamibia,Ocean Conservation Namibia,C0294,7,0.0,0,7,6,1,1
17886393465525705,DXWkHQnAsRS,oceanconservationnamibia,Ocean Conservation Namibia,C0143,3,0.0,0,13,4,1,0
18111757207891620,DXWkHQnAsRS,oceanconservationnamibia,Ocean Conservation Namibia,C0980,4,0.0,0,1,3,1,0
18038757521627093,DXWkHQnAsRS,oceanconservationnamibia,Ocean Conservation Namibia,C0653,4,0.0,0,16,1,1,0
18105446338931358,DXWkHQnAsRS,oceanconservationnamibia,Ocean Conservation Namibia,C1146,22,0.6908,0,17,0,1,11
17923101585306596,DXWkHQnAsRS,oceanconservationnamibia,Ocean Conservation Namibia,C1022,8,0.0,0,16,0,1,0
17885421879525808,DXWkHQnAsRS,oceanconservationnamibia,Ocean Conservation Namibia,C0865,1,0.0,0,21,6,1,
18007878224899778,DXWkHQnAsRS,oceanconservationnamibia,Ocean Conservation Namibia,C0136,3,0.0,0,18,6,1,0
18090921302224672,DXWkHQnAsRS,oceanconservationnamibia,Ocean Conservation Namibia,C0547,67,0.8442,0,13,6,1,22
17945861208000355,DXWkHQnAsRS,oceanconservationnamibia,Ocean Conservation Namibia,C1185,3,0.0,0,5,5,1,0
18077694907995701,DSo4NOsDnRq,harnaswildlifefoundation,Harnas Wildlife Foundation,C0751,131,0.8519,1,9,2,1,-1
17927793744090222,DWTncqqigcL,oceanconservationnamibia,Ocean Conservation Namibia,C0413,4,0.0,0,19,0,1,0
18124117825610801,DWTncqqigcL,oceanconservationnamibia,Ocean Conservation Namibia,C0896,17,0.0,0,10,6,1,1
18081388994171128,DWTncqqigcL,oceanconservationnamibia,Ocean Conservation Namibia,C0061,80,0.793,0,10,4,1,14
18095761592020123,DWTncqqigcL,oceanconservationnamibia,Ocean Conservation Namibia,C0899,6,0.0,0,20,5,1,1
17955817023102726,DWTncqqigcL,oceanconservationnamibia,Ocean Conservation Namibia,C0051,63,0.0,0,16,3,1,14
17848476249674973,DWTncqqigcL,oceanconservationnamibia,Ocean Conservation Namibia,C0404,2,0.0,0,21,5,1,
18001268633871053,DWTncqqigcL,oceanconservationnamibia,Ocean Conservation Namibia,C1006,64,0.4215,0,12,5,1,-1
18097122743513227,DWTncqqigcL,oceanconservationnamibia,Ocean Conservation Namibia,C1170,47,0.0,0,18,4,1,-1
18019500758817936,DWTncqqigcL,oceanconservationnamibia,Ocean Conservation Namibia,C0197,40,0.4199,0,20,3,1,-1
18085085366520972,DWTncqqigcL,oceanconservationnamibia,Ocean Conservation Namibia,C1185,4,0.0,0,20,3,1,0
18100354622480967,DWTncqqigcL,oceanconservationnamibia,Ocean Conservation Namibia,C0309,11,0.0,0,16,3,1,-1
17932869960226962,DWTncqqigcL,oceanconservationnamibia,Ocean Conservation Namibia,C0706,69,0.7959,0,11,3,1,-1
18073946753633486,DWTncqqigcL,oceanconservationnamibia,Ocean Conservation Namibia,C0113,82,0.0,0,8,3,1,8
18093907975869183,DWTncqqigcL,oceanconservationnamibia,Ocean Conservation Namibia,C0065,24,0.0,0,8,3,1,15
18089746517332637,DWTncqqigcL,oceanconservationnamibia,Ocean Conservation Namibia,C1181,6,0.0,1,4,3,1,1
17891971602366196,DQyN1z-jWP2,harnaswildlifefoundation,Harnas Wildlife Foundation,C0220,9,0.0,1,16,3,1,-1
18083086448089392,DQyN1z-jWP2,harnaswildlifefoundation,Harnas Wildlife Foundation,C0810,34,0.636,1,9,0,1,3
17850254688553796,DQyN1z-jWP2,harnaswildlifefoundation,Harnas Wildlife Foundation,C0826,29,0.0,1,9,5,1,2
18512882422066018,DQ9DYVGjs2Z,harnaswildlifefoundation,Harnas Wildlife Foundation,C0826,12,0.0,1,14,2,1,1
18090539800810055,DQ9DYVGjs2Z,harnaswildlifefoundation,Harnas Wildlife Foundation,C1003,51,0.0,2,14,2,1,26
18058010372270363,DQ9DYVGjs2Z,harnaswildlifefoundation,Harnas Wildlife Foundation,C0751,133,0.5719,1,11,2,1,3
18087440203979367,DRMLifyj68e,gobabeb,Gobabeb Research & Training Centre,C0754,112,0.7777,1,17,1,1,-1
18079746728235615,DSnAE6BjL8j,ehranamibia,Elephant Human Relations Aid,C0718,67,0.8807,1,20,4,1,-1
18051902204412916,DSnAE6BjL8j,ehranamibia,Elephant Human Relations Aid,C0081,6,0.0,1,22,3,1,1
18093185177496547,DSnAE6BjL8j,ehranamibia,Elephant Human Relations Aid,C1084,24,0.5849,1,22,1,1,-1
17849002959593054,DSnAE6BjL8j,ehranamibia,Elephant Human Relations Aid,C0782,6,0.0,1,18,1,1,0
17983665479927456,DSnAE6BjL8j,ehranamibia,Elephant Human Relations Aid,C0067,37,0.0,1,16,1,1,-1
17965250111989827,DSnAE6BjL8j,ehranamibia,Elephant Human Relations Aid,C1001,26,0.6572,1,16,1,1,-1
18076191971223914,DSnAE6BjL8j,ehranamibia,Elephant Human Relations Aid,C0310,2,0.0,1,14,1,1,
18064253153208356,DSnAE6BjL8j,ehranamibia,Elephant Human Relations Aid,C0122,46,0.2714,2,14,1,1,-1
17936609106056679,DWlb2t7FEje,oceanconservationnamibia,Ocean Conservation Namibia,C0386,135,-0.849,0,3,5,1,14
18104118632499389,DWlb2t7FEje,oceanconservationnamibia,Ocean Conservation Namibia,C1009,9,0.0,0,15,3,1,1
18111843472695824,DWlb2t7FEje,oceanconservationnamibia,Ocean Conservation Namibia,C0077,76,0.1027,0,8,3,1,22
18094882447890747,DWlb2t7FEje,oceanconservationnamibia,Ocean Conservation Namibia,C0115,6,0.0,0,5,1,1,1
17935966797200986,DWlb2t7FEje,oceanconservationnamibia,Ocean Conservation Namibia,C1033,4,0.0,0,1,1,1,0
18369199252161360,DWlb2t7FEje,oceanconservationnamibia,Ocean Conservation Namibia,C0396,4,0.0,0,12,0,1,0
18008981039849719,DWlb2t7FEje,oceanconservationnamibia,Ocean Conservation Namibia,C1143,2,0.0,0,8,6,1,
17897813883424905,DWlb2t7FEje,oceanconservationnamibia,Ocean Conservation Namibia,C0899,4,0.0,0,20,5,1,0
18132321148539773,DWlb2t7FEje,oceanconservationnamibia,Ocean Conservation Namibia,C1101,13,0.0,0,1,4,1,1
18076311740408758,DWlb2t7FEje,oceanconservationnamibia,Ocean Conservation Namibia,C0180,2,0.0,3,18,2,1,
18094689388876240,DWlb2t7FEje,oceanconservationnamibia,Ocean Conservation Namibia,C1185,3,0.0,3,18,2,1,0
18086491583004836,DWlb2t7FEje,oceanconservationnamibia,Ocean Conservation Namibia,C0815,13,0.0,3,17,2,1,1
18097592126515260,DWlb2t7FEje,oceanconservationnamibia,Ocean Conservation Namibia,C0142,7,0.0,3,16,2,1,1
18002873456872945,DWlb2t7FEje,oceanconservationnamibia,Ocean Conservation Namibia,C0642,28,0.3612,3,16,2,1,22
17916733359339001,DWlb2t7FEje,oceanconservationnamibia,Ocean Conservation Namibia,C1017,23,0.4199,3,14,2,1,17
18106345312997278,DW_Y85EldJH,oceanconservationnamibia,Ocean Conservation Namibia,C0451,18,0.0,0,17,4,1,1
18087874454096995,DW_Y85EldJH,oceanconservationnamibia,Ocean Conservation Namibia,C0398,6,0.0,0,16,1,1,0
18078080417292732,DW_Y85EldJH,oceanconservationnamibia,Ocean Conservation Namibia,C1116,6,0.0,0,15,6,1,1
18114495865859539,DW_Y85EldJH,oceanconservationnamibia,Ocean Conservation Namibia,C0099,3,0.0,0,17,0,1,0
18079777400251736,DW_Y85EldJH,oceanconservationnamibia,Ocean Conservation Namibia,C0299,41,0.659,0,20,6,1,10
18091390109039971,DW_Y85EldJH,oceanconservationnamibia,Ocean Conservation Namibia,C0374,1,0.0,0,9,3,1,
18029520059813049,DW_Y85EldJH,oceanconservationnamibia,Ocean Conservation Namibia,C0369,15,0.0,0,11,3,1,2
18175809844408425,DW_Y85EldJH,oceanconservationnamibia,Ocean Conservation Namibia,C1056,14,0.3612,0,13,2,1,11
18088898225037155,DW_Y85EldJH,oceanconservationnamibia,Ocean Conservation Namibia,C0042,0,0.0,0,20,0,1,
18101021891104676,DW_Y85EldJH,oceanconservationnamibia,Ocean Conservation Namibia,C0651,10,0.0,0,12,0,1,1
17906708889235610,DW_Y85EldJH,oceanconservationnamibia,Ocean Conservation Namibia,C0448,10,0.3612,0,1,4,1,23
18112963648877149,DW_Y85EldJH,oceanconservationnamibia,Ocean Conservation Namibia,C1247,14,0.0,0,14,6,1,29
18041943713787502,DW_Y85EldJH,oceanconservationnamibia,Ocean Conservation Namibia,C0608,35,0.0,0,7,6,1,-1
18397452877145210,DW_Y85EldJH,oceanconservationnamibia,Ocean Conservation Namibia,C0210,54,0.0,0,10,5,1,-1
17976832941034287,DW_Y85EldJH,oceanconservationnamibia,Ocean Conservation Namibia,C0925,3,0.0,0,11,4,1,0
18030220190803717,DXT_TNoj4Df,oceanconservationnamibia,Ocean Conservation Namibia,C0399,38,0.4574,0,2,4,1,-1
17991020132791114,DXT_TNoj4Df,oceanconservationnamibia,Ocean Conservation Namibia,C0105,37,0.0,0,1,3,1,20
18101580232950223,DXT_TNoj4Df,oceanconservationnamibia,Ocean Conservation Namibia,C1087,3,0.0,0,0,2,1,0
17917307232361054,DXT_TNoj4Df,oceanconservationnamibia,Ocean Conservation Namibia,C0431,4,0.0,0,3,1,1,0
17992743005956048,DXT_TNoj4Df,oceanconservationnamibia,Ocean Conservation Namibia,C0267,5,0.0,0,12,0,1,0
17918347329143370,DXT_TNoj4Df,oceanconservationnamibia,Ocean Conservation Namibia,C1185,3,0.0,0,5,5,1,0
17944475205180265,DXT_TNoj4Df,oceanconservationnamibia,Ocean Conservation Namibia,C1028,72,0.4215,0,6,4,1,7
18207785062330077,DXT_TNoj4Df,oceanconservationnamibia,Ocean Conservation Namibia,C1135,70,0.695,0,21,3,1,7
18396855022152674,DXT_TNoj4Df,oceanconservationnamibia,Ocean Conservation Namibia,C0896,11,0.0,0,12,2,1,1
18098116817089823,DXT_TNoj4Df,oceanconservationnamibia,Ocean Conservation Namibia,C0686,113,0.0,0,20,0,1,30
17965143645069588,DXT_TNoj4Df,oceanconservationnamibia,Ocean Conservation Namibia,C1103,4,0.0,0,15,0,1,0
18049397180562147,DXT_TNoj4Df,oceanconservationnamibia,Ocean Conservation Namibia,C0413,3,0.0,0,12,0,1,0
18074966558537099,DXT_TNoj4Df,oceanconservationnamibia,Ocean Conservation Namibia,C0253,10,0.0,1,11,0,1,1
18014579228686372,DXT_TNoj4Df,oceanconservationnamibia,Ocean Conservation Namibia,C0360,45,0.69,1,4,0,1,-1
18096471464025930,DXT_TNoj4Df,oceanconservationnamibia,Ocean Conservation Namibia,C0758,5,0.0,1,22,6,1,0
18084960155089709,DSkb8crjN7Y,ehranamibia,Elephant Human Relations Aid,C0165,10,0.6124,1,18,0,1,5
17865575862558293,DTH5ocQDAMc,ehranamibia,Elephant Human Relations Aid,C0910,52,0.4404,0,21,0,1,-1
18425284003112738,DTH5ocQDAMc,ehranamibia,Elephant Human Relations Aid,C0067,19,0.0,1,19,0,1,9
18553503592019112,DTH5ocQDAMc,ehranamibia,Elephant Human Relations Aid,C0617,25,0.0,2,17,0,1,-1
17943827321964788,DTH5ocQDAMc,ehranamibia,Elephant Human Relations Aid,C0674,2,0.0,1,10,0,1,
17991295895967557,DXB9wXvkQo4,oceanconservationnamibia,Ocean Conservation Namibia,C0143,3,0.0,0,14,4,1,0
18351219007234475,DXB9wXvkQo4,oceanconservationnamibia,Ocean Conservation Namibia,C0399,13,0.4199,0,1,6,1,11
18390927898154430,DXB9wXvkQo4,oceanconservationnamibia,Ocean Conservation Namibia,C0137,12,0.3612,0,14,3,1,11
18075424379643162,DXB9wXvkQo4,oceanconservationnamibia,Ocean Conservation Namibia,C0052,13,0.0,0,0,1,1,-1
18313919005286802,DXB9wXvkQo4,oceanconservationnamibia,Ocean Conservation Namibia,C0868,368,0.9803,0,7,0,1,7
18160964605437810,DXB9wXvkQo4,oceanconservationnamibia,Ocean Conservation Namibia,C0537,66,0.8622,0,20,6,1,-1
17891550879460449,DXB9wXvkQo4,oceanconservationnamibia,Ocean Conservation Namibia,C0612,9,0.3612,0,10,5,1,23
18092413231929648,DXB9wXvkQo4,oceanconservationnamibia,Ocean Conservation Namibia,C0522,64,0.0,0,22,2,1,8
18107140754491599,DXB9wXvkQo4,oceanconservationnamibia,Ocean Conservation Namibia,C0899,2,0.0,0,17,2,1,
17882162598517133,DXB9wXvkQo4,oceanconservationnamibia,Ocean Conservation Namibia,C0816,13,0.5106,0,6,2,1,-1
18096060695152343,DXB9wXvkQo4,oceanconservationnamibia,Ocean Conservation Namibia,C0197,54,-0.3671,0,18,1,1,-1
18074502290322061,DXB9wXvkQo4,oceanconservationnamibia,Ocean Conservation Namibia,C0966,11,0.3612,0,13,1,1,11
18010550627853426,DXB9wXvkQo4,oceanconservationnamibia,Ocean Conservation Namibia,C0358,0,0.0,0,8,1,1,
18545182042070878,DXB9wXvkQo4,oceanconservationnamibia,Ocean Conservation Namibia,C0619,33,0.8619,0,1,1,1,4
18064191989361495,DXB9wXvkQo4,oceanconservationnamibia,Ocean Conservation Namibia,C0253,18,0.0,0,19,0,1,1
17916310374358687,DWiVP96AE8O,oceanconservationnamibia,Ocean Conservation Namibia,C0883,50,0.6249,0,21,6,1,17
18079522754631027,DWiVP96AE8O,oceanconservationnamibia,Ocean Conservation Namibia,C0618,2,0.0,0,2,6,1,
18129538207562071,DWiVP96AE8O,oceanconservationnamibia,Ocean Conservation Namibia,C0897,27,0.4215,0,0,6,1,-1
18088809794220269,DWiVP96AE8O,oceanconservationnamibia,Ocean Conservation Namibia,C0469,43,0.5859,0,15,4,1,-1
17965858839028842,DWiVP96AE8O,oceanconservationnamibia,Ocean Conservation Namibia,C0539,202,0.4653,0,11,4,1,-1
18121492690537684,DWiVP96AE8O,oceanconservationnamibia,Ocean Conservation Namibia,C0528,3,0.0,0,12,2,1,2
18095169119118484,DWiVP96AE8O,oceanconservationnamibia,Ocean Conservation Namibia,C0763,1,0.0,0,15,6,1,
18006635495890518,DWiVP96AE8O,oceanconservationnamibia,Ocean Conservation Namibia,C0915,1,0.0,0,4,6,1,
17984003981800055,DWiVP96AE8O,oceanconservationnamibia,Ocean Conservation Namibia,C0704,3,0.0,0,16,5,1,27
18417199606130903,DWiVP96AE8O,oceanconservationnamibia,Ocean Conservation Namibia,C0228,13,0.0,0,4,5,1,27
18097950106826440,DWiVP96AE8O,oceanconservationnamibia,Ocean Conservation Namibia,C0964,1,0.0,0,23,4,1,
18097207867836615,DWiVP96AE8O,oceanconservationnamibia,Ocean Conservation Namibia,C1200,1,0.0,0,14,4,1,
17871032001479108,DWiVP96AE8O,oceanconservationnamibia,Ocean Conservation Namibia,C0767,1,0.0,0,11,3,1,
18099149335962517,DWiVP96AE8O,oceanconservationnamibia,Ocean Conservation Namibia,C0424,32,0.0,0,2,3,1,27
17857623135626924,DWiVP96AE8O,oceanconservationnamibia,Ocean Conservation Namibia,C1008,1,0.0,0,12,2,1,
18079399826641932,DXEhT7-jsJy,oceanconservationnamibia,Ocean Conservation Namibia,C1102,65,0.6705,0,9,1,1,7
18070222712682692,DXEhT7-jsJy,oceanconservationnamibia,Ocean Conservation Namibia,C0523,26,0.0,0,1,0,1,8
18078883076563523,DXEhT7-jsJy,oceanconservationnamibia,Ocean Conservation Namibia,C0454,6,0.0,0,4,5,1,0
18079993328386454,DXEhT7-jsJy,oceanconservationnamibia,Ocean Conservation Namibia,C1002,20,0.0,0,4,1,1,8
17925198963272583,DXEhT7-jsJy,oceanconservationnamibia,Ocean Conservation Namibia,C1184,40,0.8164,0,5,5,1,17
17936441208210471,DXEhT7-jsJy,oceanconservationnamibia,Ocean Conservation Namibia,C0458,44,0.8452,0,22,4,1,27
18216558703319243,DXEhT7-jsJy,oceanconservationnamibia,Ocean Conservation Namibia,C0613,13,0.0,0,20,2,1,27
18099067199068330,DXEhT7-jsJy,oceanconservationnamibia,Ocean Conservation Namibia,C0899,3,0.0,0,17,2,1,0
17894093235443399,DXEhT7-jsJy,oceanconservationnamibia,Ocean Conservation Namibia,C0490,10,0.0,0,12,2,1,1
17919231606341629,DXEhT7-jsJy,oceanconservationnamibia,Ocean Conservation Namibia,C0966,1,0.0,0,11,2,1,
17935134645238586,DXEhT7-jsJy,oceanconservationnamibia,Ocean Conservation Namibia,C0543,10,0.3612,0,5,2,1,23
18108744340681258,DXEhT7-jsJy,oceanconservationnamibia,Ocean Conservation Namibia,C0139,16,0.3612,0,18,1,1,11
18260809045295765,DXEhT7-jsJy,oceanconservationnamibia,Ocean Conservation Namibia,C0983,262,0.7263,0,17,1,1,-1
18076606217439958,DXEhT7-jsJy,oceanconservationnamibia,Ocean Conservation Namibia,C0688,12,0.3612,1,3,1,1,11
18418893718121735,DXEhT7-jsJy,oceanconservationnamibia,Ocean Conservation Namibia,C0661,30,0.0,0,1,1,1,16
17877974013488919,DU-u3Jljsfe,ongavagamereserve,Ongava Game Reserve,C1252,38,0.6114,1,12,6,1,25
17907588966279208,DSZYkGrjC9V,ehranamibia,Elephant Human Relations Aid,C0288,94,0.3612,0,14,3,1,24
18191314243370674,DWlpEQZkSwj,oceanconservationnamibia,Ocean Conservation Namibia,C1120,11,0.0,0,21,5,1,2
17861560422628713,DWlpEQZkSwj,oceanconservationnamibia,Ocean Conservation Namibia,C0143,4,0.0,0,13,4,1,0
18438682687136024,DWlpEQZkSwj,oceanconservationnamibia,Ocean Conservation Namibia,C0113,10,0.0,0,7,4,1,15
18112704127694961,DWlpEQZkSwj,oceanconservationnamibia,Ocean Conservation Namibia,C0413,4,0.0,0,21,0,1,0
18167107867418350,DWlpEQZkSwj,oceanconservationnamibia,Ocean Conservation Namibia,C0672,73,0.0,0,12,6,1,29
18179489461384912,DWlpEQZkSwj,oceanconservationnamibia,Ocean Conservation Namibia,C1161,5,0.0,0,10,5,1,0
18015918389824848,DWlpEQZkSwj,oceanconservationnamibia,Ocean Conservation Namibia,C0942,3,0.0,0,7,5,1,0
18081535946096042,DWlpEQZkSwj,oceanconservationnamibia,Ocean Conservation Namibia,C0827,29,0.0,0,19,4,1,8
18087389450258704,DWlpEQZkSwj,oceanconservationnamibia,Ocean Conservation Namibia,C0429,54,0.0,0,17,4,1,-1
17883659334488122,DWlpEQZkSwj,oceanconservationnamibia,Ocean Conservation Namibia,C0802,3,0.0,0,23,3,1,0
18070741283280187,DWlpEQZkSwj,oceanconservationnamibia,Ocean Conservation Namibia,C0621,70,0.0,0,13,1,1,8
18030872273796151,DWlpEQZkSwj,oceanconservationnamibia,Ocean Conservation Namibia,C0609,2,0.0,0,19,6,1,
17992389692776816,DWlpEQZkSwj,oceanconservationnamibia,Ocean Conservation Namibia,C0248,96,0.7616,0,4,6,1,20
18080488694455325,DWlpEQZkSwj,oceanconservationnamibia,Ocean Conservation Namibia,C0899,6,0.0,0,20,5,1,0
18132355780529961,DWlpEQZkSwj,oceanconservationnamibia,Ocean Conservation Namibia,C0814,0,0.0,0,15,5,1,
18095879402327105,DXMRBetlLiz,oceanconservationnamibia,Ocean Conservation Namibia,C0036,24,0.7163,0,17,0,1,17
18108896764916549,DXMRBetlLiz,oceanconservationnamibia,Ocean Conservation Namibia,C0294,7,0.0,0,7,6,1,1
17934864576249392,DXMRBetlLiz,oceanconservationnamibia,Ocean Conservation Namibia,C0143,3,0.0,0,14,4,1,0
18552493114070319,DXMRBetlLiz,oceanconservationnamibia,Ocean Conservation Namibia,C0936,13,0.0,0,10,2,1,-1
17991855800955138,DXMRBetlLiz,oceanconservationnamibia,Ocean Conservation Namibia,C0982,6,0.0,0,19,0,1,0
18076141310547332,DXMRBetlLiz,oceanconservationnamibia,Ocean Conservation Namibia,C1146,21,0.4939,0,17,0,1,11
18108585443506187,DXMRBetlLiz,oceanconservationnamibia,Ocean Conservation Namibia,C0686,133,0.0,0,12,0,1,30
17927076873269619,DXMRBetlLiz,oceanconservationnamibia,Ocean Conservation Namibia,C1173,19,0.0,0,8,0,1,9
18585299254041971,DXMRBetlLiz,oceanconservationnamibia,Ocean Conservation Namibia,C0865,1,0.0,0,21,6,1,
18417499114135786,DXMRBetlLiz,oceanconservationnamibia,Ocean Conservation Namibia,C0916,12,0.0,0,20,6,1,1
17857946604688768,DXMRBetlLiz,oceanconservationnamibia,Ocean Conservation Namibia,C0840,12,0.0,0,15,5,1,1
18101850065478080,DXMRBetlLiz,oceanconservationnamibia,Ocean Conservation Namibia,C0835,7,0.0,0,14,5,1,-1
18097629730848278,DXMRBetlLiz,oceanconservationnamibia,Ocean Conservation Namibia,C1235,8,0.0,0,15,4,1,0
17935050375216357,DXMRBetlLiz,oceanconservationnamibia,Ocean Conservation Namibia,C0413,5,0.0,0,13,0,1,0
18080407844413618,DXMRBetlLiz,oceanconservationnamibia,Ocean Conservation Namibia,C0105,48,0.5837,0,22,5,1,-1
17946666078151237,DWYxBt2jWH0,oceanconservationnamibia,Ocean Conservation Namibia,C0923,12,0.0,0,5,6,1,1
18046070459767617,DWYxBt2jWH0,oceanconservationnamibia,Ocean Conservation Namibia,C0266,6,0.0,0,5,3,1,0
18159027496446815,DWYxBt2jWH0,oceanconservationnamibia,Ocean Conservation Namibia,C0413,4,0.0,0,6,0,1,0
18079934993132243,DWYxBt2jWH0,oceanconservationnamibia,Ocean Conservation Namibia,C1219,4,0.0,0,15,5,1,0
18100477378800829,DWYxBt2jWH0,oceanconservationnamibia,Ocean Conservation Namibia,C0641,28,0.0,0,7,1,1,15
17928504954266408,DWYxBt2jWH0,oceanconservationnamibia,Ocean Conservation Namibia,C0942,76,-0.5697,0,11,4,1,-1
17984956499972173,DWYxBt2jWH0,oceanconservationnamibia,Ocean Conservation Namibia,C0456,101,0.8994,0,20,2,1,-1
18110937142795559,DWYxBt2jWH0,oceanconservationnamibia,Ocean Conservation Namibia,C0589,69,0.4767,0,6,1,1,7
18085255163200893,DWYxBt2jWH0,oceanconservationnamibia,Ocean Conservation Namibia,C0976,4,0.0,0,6,0,1,0
18049332896721449,DWYxBt2jWH0,oceanconservationnamibia,Ocean Conservation Namibia,C0609,2,0.0,0,19,6,1,
18067028339667929,DWYxBt2jWH0,oceanconservationnamibia,Ocean Conservation Namibia,C0899,6,0.0,0,20,5,1,0
18191523514367451,DWYxBt2jWH0,oceanconservationnamibia,Ocean Conservation Namibia,C0179,7,0.0,0,20,3,1,0
17944563666151781,DWYxBt2jWH0,oceanconservationnamibia,Ocean Conservation Namibia,C0197,29,0.4199,0,19,3,1,-1
17919688257302723,DWYxBt2jWH0,oceanconservationnamibia,Ocean Conservation Namibia,C0765,55,0.8058,0,12,0,1,17
17972527796858301,DWYxBt2jWH0,oceanconservationnamibia,Ocean Conservation Namibia,C0836,17,0.5994,0,4,6,1,-1
17946548973156186,DXHHXHCCcgT,oceanconservationnamibia,Ocean Conservation Namibia,C0269,0,0.0,0,4,2,1,
18145882225488664,DXHHXHCCcgT,oceanconservationnamibia,Ocean Conservation Namibia,C0807,46,0.5859,0,3,3,1,-1
18096801392039090,DXHHXHCCcgT,oceanconservationnamibia,Ocean Conservation Namibia,C0899,3,0.0,1,17,2,1,0
18102329486476447,DXHHXHCCcgT,oceanconservationnamibia,Ocean Conservation Namibia,C0963,229,0.8588,3,10,2,1,-1
18098246360045629,DXHHXHCCcgT,oceanconservationnamibia,Ocean Conservation Namibia,C0341,93,0.7485,1,8,2,1,-1
17920226298323238,DXHHXHCCcgT,oceanconservationnamibia,Ocean Conservation Namibia,C1012,24,0.7906,1,23,1,1,4
17884029306526915,DXHHXHCCcgT,oceanconservationnamibia,Ocean Conservation Namibia,C0485,25,0.3612,1,22,1,1,-1
18124184950590974,DXHHXHCCcgT,oceanconservationnamibia,Ocean Conservation Namibia,C0485,27,0.0,2,22,1,1,13
18090459061964756,DXHHXHCCcgT,oceanconservationnamibia,Ocean Conservation Namibia,C0586,18,0.0,1,17,1,1,1
17880396195553474,DXHHXHCCcgT,oceanconservationnamibia,Ocean Conservation Namibia,C0995,133,0.6892,6,16,1,1,-1
18077449631439446,DXHHXHCCcgT,oceanconservationnamibia,Ocean Conservation Namibia,C0173,107,0.3382,9,16,1,1,14
18126514357589691,DXHHXHCCcgT,oceanconservationnamibia,Ocean Conservation Namibia,C0453,155,-0.4374,0,16,1,1,-1
18431586829189740,DXHHXHCCcgT,oceanconservationnamibia,Ocean Conservation Namibia,C0827,33,0.0,1,15,1,1,15
17964834909064314,DXHHXHCCcgT,oceanconservationnamibia,Ocean Conservation Namibia,C0522,43,0.0,1,15,1,1,8
17970574755031445,DXHHXHCCcgT,oceanconservationnamibia,Ocean Conservation Namibia,C0983,61,0.75,0,15,1,1,27
18313518400218078,DQoIZkHDhRS,harnaswildlifefoundation,Harnas Wildlife Foundation,C0135,43,0.7906,1,9,2,1,-1
18045904454765895,DWd6n6mD1JJ,oceanconservationnamibia,Ocean Conservation Namibia,C0933,11,0.0,1,4,4,1,1
17885670288533207,DWd6n6mD1JJ,oceanconservationnamibia,Ocean Conservation Namibia,C1105,68,0.9062,0,22,2,1,-1
18006781364911221,DWd6n6mD1JJ,oceanconservationnamibia,Ocean Conservation Namibia,C0798,14,0.5994,0,23,5,1,-1
18117695230726573,DWd6n6mD1JJ,oceanconservationnamibia,Ocean Conservation Namibia,C0039,3,0.0,0,11,1,1,0
18102154972947552,DWd6n6mD1JJ,oceanconservationnamibia,Ocean Conservation Namibia,C0413,4,0.0,0,6,1,1,0
18095243891160830,DWd6n6mD1JJ,oceanconservationnamibia,Ocean Conservation Namibia,C0413,4,0.0,0,21,0,1,0
18090169910267216,DWd6n6mD1JJ,oceanconservationnamibia,Ocean Conservation Namibia,C1087,3,0.0,0,5,3,1,0
17956145091113716,DWd6n6mD1JJ,oceanconservationnamibia,Ocean Conservation Namibia,C0469,90,-0.5514,0,17,4,1,7
18117895408722389,DWd6n6mD1JJ,oceanconservationnamibia,Ocean Conservation Namibia,C0896,13,0.0,0,16,4,1,1
18080935742102333,DWd6n6mD1JJ,oceanconservationnamibia,Ocean Conservation Namibia,C0236,12,0.0,0,20,0,1,1
18111747331841051,DWd6n6mD1JJ,oceanconservationnamibia,Ocean Conservation Namibia,C0609,2,0.0,0,19,6,1,
17913523671356914,DWd6n6mD1JJ,oceanconservationnamibia,Ocean Conservation Namibia,C0899,6,0.0,0,20,5,1,0
17902544136405360,DWd6n6mD1JJ,oceanconservationnamibia,Ocean Conservation Namibia,C1191,4,0.0,0,12,5,1,0
18173388949399526,DWd6n6mD1JJ,oceanconservationnamibia,Ocean Conservation Namibia,C0788,3,0.0,0,7,5,1,0
18117241513634231,DWd6n6mD1JJ,oceanconservationnamibia,Ocean Conservation Namibia,C1265,260,0.0,0,18,3,1,8
18115920823841558,DWWMPeZggaK,oceanconservationnamibia,Ocean Conservation Namibia,C1116,2,0.0,0,18,6,1,
18041664998788264,DWWMPeZggaK,oceanconservationnamibia,Ocean Conservation Namibia,C1056,14,0.3612,0,4,4,1,11
17986432874808175,DWWMPeZggaK,oceanconservationnamibia,Ocean Conservation Namibia,C0307,33,0.0,0,10,0,1,29
18127888459581778,DWWMPeZggaK,oceanconservationnamibia,Ocean Conservation Namibia,C1087,3,0.0,0,10,0,1,0
17869752552657861,DWWMPeZggaK,oceanconservationnamibia,Ocean Conservation Namibia,C0896,13,0.0,0,10,6,1,1
18110993788699275,DWWMPeZggaK,oceanconservationnamibia,Ocean Conservation Namibia,C0089,51,0.3612,2,21,0,1,10
18079849229111366,DWWMPeZggaK,oceanconservationnamibia,Ocean Conservation Namibia,C0899,6,0.0,0,20,5,1,1
17935411590082122,DWWMPeZggaK,oceanconservationnamibia,Ocean Conservation Namibia,C0332,167,0.0,0,21,2,1,15
17916084426145350,DWWMPeZggaK,oceanconservationnamibia,Ocean Conservation Namibia,C1006,86,0.3987,0,19,1,1,20
18120535936653828,DWWMPeZggaK,oceanconservationnamibia,Ocean Conservation Namibia,C0183,22,0.3612,0,19,1,1,11
18578362720046216,DWWMPeZggaK,oceanconservationnamibia,Ocean Conservation Namibia,C1033,4,0.0,0,1,1,1,0
17957993625089690,DWWMPeZggaK,oceanconservationnamibia,Ocean Conservation Namibia,C0148,38,0.0,0,16,6,1,20
17972251718861665,DWWMPeZggaK,oceanconservationnamibia,Ocean Conservation Namibia,C0128,6,0.0,1,10,5,1,0
17865123120527941,DWWMPeZggaK,oceanconservationnamibia,Ocean Conservation Namibia,C0586,10,0.0,1,20,4,1,1
17992262360940920,DWWMPeZggaK,oceanconservationnamibia,Ocean Conservation Namibia,C0558,34,-0.5859,4,18,4,1,-1
18049239080666810,DRboXapDRPH,harnaswildlifefoundation,Harnas Wildlife Foundation,C0673,25,0.6688,1,1,3,1,25
18064427054408676,DRboXapDRPH,harnaswildlifefoundation,Harnas Wildlife Foundation,C0220,15,0.6361,1,20,1,1,5
18411400903185207,DRboXapDRPH,harnaswildlifefoundation,Harnas Wildlife Foundation,C0435,13,0.5859,1,16,0,1,25
18070789634077523,DRboXapDRPH,harnaswildlifefoundation,Harnas Wildlife Foundation,C0751,104,0.4019,1,9,0,1,-1
18071569037056591,DRboXapDRPH,harnaswildlifefoundation,Harnas Wildlife Foundation,C1221,3,0.0,1,8,0,1,0
17972640354032986,DWqyl7vlIzO,oceanconservationnamibia,Ocean Conservation Namibia,C0143,3,0.0,0,13,4,1,0
18050055089566445,DWqyl7vlIzO,oceanconservationnamibia,Ocean Conservation Namibia,C0923,4,0.0,0,3,4,1,0
18113883988788839,DWqyl7vlIzO,oceanconservationnamibia,Ocean Conservation Namibia,C0413,2,0.0,0,6,0,1,
18081038504618070,DWqyl7vlIzO,oceanconservationnamibia,Ocean Conservation Namibia,C0202,9,0.0,1,8,2,1,1
18112418809795011,DWqyl7vlIzO,oceanconservationnamibia,Ocean Conservation Namibia,C0019,18,0.4572,0,19,5,1,17
17866549350527595,DWqyl7vlIzO,oceanconservationnamibia,Ocean Conservation Namibia,C0133,20,0.6249,0,14,5,1,17
17860733601625541,DWqyl7vlIzO,oceanconservationnamibia,Ocean Conservation Namibia,C0060,11,0.0,0,4,5,1,1
18078403580454115,DWqyl7vlIzO,oceanconservationnamibia,Ocean Conservation Namibia,C0050,42,-0.1275,0,2,5,1,7
18118848322642691,DWqyl7vlIzO,oceanconservationnamibia,Ocean Conservation Namibia,C0827,29,0.0,0,19,4,1,8
18104021474306352,DWqyl7vlIzO,oceanconservationnamibia,Ocean Conservation Namibia,C0904,11,-0.4767,0,4,4,1,10
18074590115197256,DWqyl7vlIzO,oceanconservationnamibia,Ocean Conservation Namibia,C1108,58,0.6369,0,3,1,1,20
18116281612731791,DWqyl7vlIzO,oceanconservationnamibia,Ocean Conservation Namibia,C1269,22,0.0,0,16,0,1,-1
17965082760026914,DWqyl7vlIzO,oceanconservationnamibia,Ocean Conservation Namibia,C0609,2,0.0,0,19,6,1,
17940012645186901,DWqyl7vlIzO,oceanconservationnamibia,Ocean Conservation Namibia,C0199,8,0.0,0,11,6,1,0
18311147677277223,DWqyl7vlIzO,oceanconservationnamibia,Ocean Conservation Namibia,C0543,4,0.0,0,20,5,1,0
17927507823278440,DWjEN2Vk60m,oceanconservationnamibia,Ocean Conservation Namibia,C0896,13,0.0,0,8,5,1,1
18073932500352479,DWjEN2Vk60m,oceanconservationnamibia,Ocean Conservation Namibia,C0923,8,0.0,0,4,4,1,0
18007918046888353,DWjEN2Vk60m,oceanconservationnamibia,Ocean Conservation Namibia,C0923,4,0.0,0,4,4,1,0
18110262178890370,DWjEN2Vk60m,oceanconservationnamibia,Ocean Conservation Namibia,C0266,6,0.0,0,0,4,1,0
18338299111173540,DWjEN2Vk60m,oceanconservationnamibia,Ocean Conservation Namibia,C1164,58,0.1027,0,1,0,1,7
18120815329728619,DWjEN2Vk60m,oceanconservationnamibia,Ocean Conservation Namibia,C0301,40,0.296,0,20,3,1,-1
18082073297096598,DWjEN2Vk60m,oceanconservationnamibia,Ocean Conservation Namibia,C0171,30,0.0,0,0,3,1,8
18103397861312960,DWjEN2Vk60m,oceanconservationnamibia,Ocean Conservation Namibia,C0061,26,0.3612,0,7,3,1,17
18098702629990853,DWjEN2Vk60m,oceanconservationnamibia,Ocean Conservation Namibia,C0984,44,0.0,0,20,0,1,14
18086322059600166,DWjEN2Vk60m,oceanconservationnamibia,Ocean Conservation Namibia,C0494,12,0.0,0,18,0,1,1
18009698840854072,DWjEN2Vk60m,oceanconservationnamibia,Ocean Conservation Namibia,C0097,15,0.6696,0,17,6,1,14
18098649191000011,DWjEN2Vk60m,oceanconservationnamibia,Ocean Conservation Namibia,C0426,20,0.5106,0,10,5,1,16
18118654219637060,DWjEN2Vk60m,oceanconservationnamibia,Ocean Conservation Namibia,C1161,3,0.0,0,9,5,1,0
18232426594308180,DWjEN2Vk60m,oceanconservationnamibia,Ocean Conservation Namibia,C0805,65,0.0,0,16,2,1,7
17907342717389954,DWjEN2Vk60m,oceanconservationnamibia,Ocean Conservation Namibia,C0185,10,0.0,0,6,0,1,1
18340648522229265,DSErGl1jPiD,ehranamibia,Elephant Human Relations Aid,C0694,64,-0.0772,1,19,2,1,15
18107163034560860,DSErGl1jPiD,ehranamibia,Elephant Human Relations Aid,C0161,124,0.296,1,12,2,1,3
18075119741349538,DSErGl1jPiD,ehranamibia,Elephant Human Relations Aid,C0067,55,0.0,1,11,2,1,-1
18046097459550665,DXRbK38DM3W,oceanconservationnamibia,Ocean Conservation Namibia,C0098,13,0.0,0,20,4,1,20
18114639130836933,DXRbK38DM3W,oceanconservationnamibia,Ocean Conservation Namibia,C0686,161,0.0,0,7,0,1,30
18101312551806498,DXRbK38DM3W,oceanconservationnamibia,Ocean Conservation Namibia,C0470,11,0.0,0,3,6,1,20
17981719949830552,DXRbK38DM3W,oceanconservationnamibia,Ocean Conservation Namibia,C1185,6,0.0,0,6,5,1,1
18113309473751324,DXRbK38DM3W,oceanconservationnamibia,Ocean Conservation Namibia,C0765,39,0.0,1,11,2,1,20
18121479244558059,DXRbK38DM3W,oceanconservationnamibia,Ocean Conservation Namibia,C1235,16,0.3612,1,11,6,1,11
17934413484213180,DXRbK38DM3W,oceanconservationnamibia,Ocean Conservation Namibia,C0744,28,0.0,1,10,6,1,2
18079244204618195,DXRbK38DM3W,oceanconservationnamibia,Ocean Conservation Namibia,C1009,6,0.0,1,7,6,1,1
18134550097571275,DV8HsvgjHW4,oceanconservationnamibia,Ocean Conservation Namibia,C0536,2,0.0,0,11,5,1,
18044375381792551,DV8HsvgjHW4,oceanconservationnamibia,Ocean Conservation Namibia,C0374,1,0.0,0,9,3,1,
17967829986098431,DV8HsvgjHW4,oceanconservationnamibia,Ocean Conservation Namibia,C0034,52,0.8165,0,4,4,1,14
18341931793172320,DV8HsvgjHW4,oceanconservationnamibia,Ocean Conservation Namibia,C1056,14,0.3612,0,15,3,1,11
18009211055722260,DV8HsvgjHW4,oceanconservationnamibia,Ocean Conservation Namibia,C1163,78,0.6369,0,21,5,1,-1
18089283452365525,DV8HsvgjHW4,oceanconservationnamibia,Ocean Conservation Namibia,C0949,9,0.3612,0,1,0,1,23
18120030256634760,DV8HsvgjHW4,oceanconservationnamibia,Ocean Conservation Namibia,C1189,8,0.0,0,11,3,1,0
18114250678767415,DV8HsvgjHW4,oceanconservationnamibia,Ocean Conservation Namibia,C0609,2,0.0,0,6,5,1,
18570418684062386,DW8ZEQcGmuw,oceanconservationnamibia,Ocean Conservation Namibia,C0660,89,-0.1027,0,23,2,1,-1
18048840815741364,DW8ZEQcGmuw,oceanconservationnamibia,Ocean Conservation Namibia,C1039,52,0.0,0,16,1,1,14
17852062497662826,DW8ZEQcGmuw,oceanconservationnamibia,Ocean Conservation Namibia,C0599,10,0.0,2,4,6,1,9
18103442464941442,DW8ZEQcGmuw,oceanconservationnamibia,Ocean Conservation Namibia,C0934,51,0.4019,2,8,5,1,-1
18192660391317856,DW8ZEQcGmuw,oceanconservationnamibia,Ocean Conservation Namibia,C0270,2,0.0,0,1,5,1,
18079302653403361,DW8ZEQcGmuw,oceanconservationnamibia,Ocean Conservation Namibia,C0217,2,0.0,0,1,5,1,
18580866280057537,DW8ZEQcGmuw,oceanconservationnamibia,Ocean Conservation Namibia,C0144,139,-0.5574,9,10,4,1,-1
18083182169068719,DW8ZEQcGmuw,oceanconservationnamibia,Ocean Conservation Namibia,C0204,12,0.0,0,10,4,1,16
17993383427950703,DW-3Ni3gdfG,naankuse_foundation,N/a'an ku se Foundation,C0762,11,0.4738,2,18,3,1,23
18099070690996359,DW-3Ni3gdfG,naankuse_foundation,N/a'an ku se Foundation,C0890,38,0.6239,2,23,6,1,10
18200844601346941,DXE-OgWjDbf,africat_foundation,AfriCat Foundation,C0719,6,0.0,0,14,2,1,0
17971272944881699,DXE-OgWjDbf,africat_foundation,AfriCat Foundation,C0261,19,0.0,0,11,1,1,10
18045225887762223,DXE-OgWjDbf,africat_foundation,AfriCat Foundation,C0482,0,0.0,1,17,0,1,
18168874885384169,DTgIY48D2Bx,giraffe_conservation,Giraffe Conservation Foundation,C0393,62,0.784,1,7,5,1,22
18027651110798577,DWMpxKqjnAZ,naankuse_foundation,N/a'an ku se Foundation,C0021,6,0.0,0,7,0,1,0
17869981695586426,DWD4O7tiJcr,ministry_of_environment_nam,Ministry of Environment Forestry & Tourism,C1228,235,0.8225,0,4,5,1,13
18077975657523433,DUJVGkOjxSn,giraffe_conservation,Giraffe Conservation Foundation,C0152,10,0.0,0,13,5,1,-1
18092435344818838,DUJVGkOjxSn,giraffe_conservation,Giraffe Conservation Foundation,C0321,0,0.0,0,0,5,1,
18104890663700468,DUJVGkOjxSn,giraffe_conservation,Giraffe Conservation Foundation,C0616,1,0.0,0,19,4,1,
18196713142337662,DUdtwy-jdBl,harnaswildlifefoundation,Harnas Wildlife Foundation,C0159,145,0.9811,1,6,1,1,-1
18095199781777934,DUdtwy-jdBl,harnaswildlifefoundation,Harnas Wildlife Foundation,C0163,31,-0.5994,1,9,6,1,15
18361414798202393,DUdtwy-jdBl,harnaswildlifefoundation,Harnas Wildlife Foundation,C0796,120,0.5399,1,8,6,1,-1
18117687961607486,DUdtwy-jdBl,harnaswildlifefoundation,Harnas Wildlife Foundation,C0826,17,0.0,1,7,6,1,2
18132504103511252,DUdtwy-jdBl,harnaswildlifefoundation,Harnas Wildlife Foundation,C1262,23,0.6124,1,19,5,1,-1
17979472448797912,DUdtwy-jdBl,harnaswildlifefoundation,Harnas Wildlife Foundation,C1221,3,0.0,1,17,5,1,0
18067639367320273,DSB_StyiP9N,ministry_of_environment_nam,Ministry of Environment Forestry & Tourism,C0315,138,-0.8015,0,22,0,1,14
18068189216438934,DS1zuecDLC0,ehranamibia,Elephant Human Relations Aid,C0241,13,0.636,1,16,0,1,-1
17907053454285358,DS1zuecDLC0,ehranamibia,Elephant Human Relations Aid,C0324,1,0.0,1,18,0,1,
18106204051670001,DS1zuecDLC0,ehranamibia,Elephant Human Relations Aid,C1159,12,0.0,3,11,0,1,26
17852269944608088,DS1zuecDLC0,ehranamibia,Elephant Human Relations Aid,C0351,15,0.6696,1,10,0,1,-1
18088542115885178,DSFsknpDGEy,africat_foundation,AfriCat Foundation,C0663,380,0.7845,0,14,4,1,-1
18170105578342039,DSFsknpDGEy,africat_foundation,AfriCat Foundation,C0850,6,0.0,1,16,3,1,-1
17866748736510304,DSFsknpDGEy,africat_foundation,AfriCat Foundation,C0563,20,0.7065,1,22,2,1,12
17967884238054775,DXJsM3zibUp,oceanconservationnamibia,Ocean Conservation Namibia,C0143,2,0.0,0,13,4,1,
18073250690644054,DXJsM3zibUp,oceanconservationnamibia,Ocean Conservation Namibia,C0923,10,0.0,0,10,4,1,1
18110946655886494,DXJsM3zibUp,oceanconservationnamibia,Ocean Conservation Namibia,C0572,21,0.0,0,23,0,1,8
18068582825443675,DXJsM3zibUp,oceanconservationnamibia,Ocean Conservation Namibia,C0205,17,0.3382,0,0,6,1,-1
18084762770601402,DXJsM3zibUp,oceanconservationnamibia,Ocean Conservation Namibia,C0065,28,0.0,0,11,0,1,15
18350111647208014,DXJsM3zibUp,oceanconservationnamibia,Ocean Conservation Namibia,C0402,34,0.0,1,14,5,1,7
18088066475256867,DXJsM3zibUp,oceanconservationnamibia,Ocean Conservation Namibia,C0765,53,0.3382,0,20,4,1,4
18345496456208053,DXJsM3zibUp,oceanconservationnamibia,Ocean Conservation Namibia,C0966,1,0.0,1,23,3,1,
17906096901223926,DXJsM3zibUp,oceanconservationnamibia,Ocean Conservation Namibia,C0419,7,0.0,2,4,3,1,1
18179836354381249,DXJsM3zibUp,oceanconservationnamibia,Ocean Conservation Namibia,C0248,38,0.0,2,1,3,1,9
17967339810043298,DXJsM3zibUp,oceanconservationnamibia,Ocean Conservation Namibia,C0805,28,0.0,2,0,3,1,6
17909379864385492,DXJsM3zibUp,oceanconservationnamibia,Ocean Conservation Namibia,C0714,31,0.0,1,0,3,1,7
17885533692498530,DXJsM3zibUp,oceanconservationnamibia,Ocean Conservation Namibia,C0522,50,0.0,2,22,2,1,8
18011975414692616,DXJsM3zibUp,oceanconservationnamibia,Ocean Conservation Namibia,C0932,37,0.0,3,22,2,1,10
18136526764460767,DXJsM3zibUp,oceanconservationnamibia,Ocean Conservation Namibia,C0134,13,0.5106,4,20,2,1,16
18110297362877740,DW9k7GUDah6,giraffe_conservation,Giraffe Conservation Foundation,C0633,3,0.0,0,11,2,1,0
17859794289682597,DW9k7GUDah6,giraffe_conservation,Giraffe Conservation Foundation,C0321,2,0.0,0,6,5,1,
18579962740042187,DW9k7GUDah6,giraffe_conservation,Giraffe Conservation Foundation,C1202,20,0.5719,1,4,5,1,25
17931149223238520,DW9k7GUDah6,giraffe_conservation,Giraffe Conservation Foundation,C0345,11,0.3818,1,20,4,1,-1
18088333124193770,DW9k7GUDah6,giraffe_conservation,Giraffe Conservation Foundation,C0977,6,0.0,0,19,4,1,0
18070496090539861,DUneNtoiFmf,eif_namibia,Environmental Investment Fund,C0772,61,0.0,0,14,2,1,-1
17860602699543690,DVl64BGCPgg,naankuse_foundation,N/a'an ku se Foundation,C0640,53,0.8807,1,23,5,1,3
18123514318536173,DSqDr_mAgXH,giraffe_conservation,Giraffe Conservation Foundation,C1031,18,0.0,2,15,3,1,1
18248185915295046,DSqDr_mAgXH,giraffe_conservation,Giraffe Conservation Foundation,C0770,4,0.0,1,1,3,1,0
18055331372338641,DSqDr_mAgXH,giraffe_conservation,Giraffe Conservation Foundation,C0616,1,0.0,1,21,2,1,
18333237385241608,DSqDr_mAgXH,giraffe_conservation,Giraffe Conservation Foundation,C0570,76,0.7633,2,21,2,1,10
18123615223622649,DW80StjCdhc,oceanconservationnamibia,Ocean Conservation Namibia,C0627,337,-0.2621,0,12,3,1,7
18114162205781667,DW80StjCdhc,oceanconservationnamibia,Ocean Conservation Namibia,C1235,6,0.0,0,4,6,1,0
18084772706051451,DW80StjCdhc,oceanconservationnamibia,Ocean Conservation Namibia,C1170,32,0.0,1,14,5,1,-1
17955009690117327,DW80StjCdhc,oceanconservationnamibia,Ocean Conservation Namibia,C1033,4,0.0,1,12,5,1,0
17880541488545125,DW80StjCdhc,oceanconservationnamibia,Ocean Conservation Namibia,C0543,29,0.8065,1,5,5,1,17
18079742864183420,DW80StjCdhc,oceanconservationnamibia,Ocean Conservation Namibia,C1017,12,0.4926,1,4,5,1,23
18089011985241369,DW80StjCdhc,oceanconservationnamibia,Ocean Conservation Namibia,C1185,3,0.0,1,22,4,1,0
18097110350089823,DW80StjCdhc,oceanconservationnamibia,Ocean Conservation Namibia,C1213,163,0.7469,3,21,4,1,14
18007066055901795,DW80StjCdhc,oceanconservationnamibia,Ocean Conservation Namibia,C1125,67,0.832,0,18,4,1,22
18107265667803972,DW80StjCdhc,oceanconservationnamibia,Ocean Conservation Namibia,C0586,18,0.0,1,17,4,1,1
17894846829435088,DW80StjCdhc,oceanconservationnamibia,Ocean Conservation Namibia,C0765,62,0.8389,2,16,4,1,10
18019537718820341,DW80StjCdhc,oceanconservationnamibia,Ocean Conservation Namibia,C0180,2,0.0,1,16,4,1,
18152240188461039,DW80StjCdhc,oceanconservationnamibia,Ocean Conservation Namibia,C0522,36,0.0,1,16,4,1,8
18082028114093236,DW80StjCdhc,oceanconservationnamibia,Ocean Conservation Namibia,C0012,4,0.0,1,15,4,1,0
18076472333393735,DW80StjCdhc,oceanconservationnamibia,Ocean Conservation Namibia,C0829,36,0.5229,1,15,4,1,-1
18034395200546769,DTQJTa4DCHb,ehranamibia,Elephant Human Relations Aid,C0310,6,0.0,1,16,3,1,0
18013691048815117,DT16QUUjpHs,harnaswildlifefoundation,Harnas Wildlife Foundation,C0720,9,0.0,0,19,4,1,6
18069927836167360,DT16QUUjpHs,harnaswildlifefoundation,Harnas Wildlife Foundation,C0826,15,0.0,0,15,4,1,2
18104496670766716,DT16QUUjpHs,harnaswildlifefoundation,Harnas Wildlife Foundation,C0166,18,-0.1531,0,11,4,1,9
18165513700397003,DT16QUUjpHs,harnaswildlifefoundation,Harnas Wildlife Foundation,C1221,3,0.0,0,7,4,1,0
18084556991019308,DRmBxuCjPTR,ehranamibia,Elephant Human Relations Aid,C1069,3,0.0,1,12,0,1,0
18106139428567305,DRmBxuCjPTR,ehranamibia,Elephant Human Relations Aid,C0403,5,0.5859,2,11,5,1,-1
18111402136591200,DRmBxuCjPTR,ehranamibia,Elephant Human Relations Aid,C0749,4,0.0,2,9,4,1,0
17997137066765313,DXqvhiqlt1o,savetherhinonamibia,Save the Rhino Trust Namibia,C1249,44,0.0,0,8,2,1,24
18101612677782988,DWjhZ4BOz6Q,africat_foundation,AfriCat Foundation,C0261,19,0.0,0,15,5,1,9
17883331848492151,DWjhZ4BOz6Q,africat_foundation,AfriCat Foundation,C1100,6,0.0,0,4,2,1,0
18100677403965717,DWjhZ4BOz6Q,africat_foundation,AfriCat Foundation,C0354,18,0.0,1,16,1,1,13
17897424234413334,DWCWecbj-kV,naankuse_foundation,N/a'an ku se Foundation,C1035,41,0.5994,1,20,5,1,-1
18093192178869875,DWCWecbj-kV,naankuse_foundation,N/a'an ku se Foundation,C0021,4,0.0,0,11,3,1,0
18544706887011817,DRR08Jyiog6,namibia_nature_foundation,Namibia Nature Foundation,C0020,236,0.6597,1,13,3,1,-1
18139100500508662,DVlRHoTjUBR,oceanconservationnamibia,Ocean Conservation Namibia,C0658,77,-0.2247,0,14,0,1,13
18404929210176701,DVlRHoTjUBR,oceanconservationnamibia,Ocean Conservation Namibia,C0942,29,0.4215,0,10,2,1,-1
18103518823715441,DVlRHoTjUBR,oceanconservationnamibia,Ocean Conservation Namibia,C0899,3,0.0,0,16,2,1,0
18123299845578631,DVlRHoTjUBR,oceanconservationnamibia,Ocean Conservation Namibia,C0060,14,0.0,0,14,0,1,1
17933773185192152,DVlRHoTjUBR,oceanconservationnamibia,Ocean Conservation Namibia,C0896,17,0.0,0,13,0,1,2
17990540219948361,DVlRHoTjUBR,oceanconservationnamibia,Ocean Conservation Namibia,C0512,10,0.0,2,15,6,1,1
17923894497086679,DVlRHoTjUBR,oceanconservationnamibia,Ocean Conservation Namibia,C0283,1,0.0,3,9,6,1,
18108728719691420,DVlRHoTjUBR,oceanconservationnamibia,Ocean Conservation Namibia,C0293,374,0.8829,5,3,6,1,7
18083304338586205,DVlRHoTjUBR,oceanconservationnamibia,Ocean Conservation Namibia,C0807,28,0.0,3,3,6,1,6
18065988773309761,DVlRHoTjUBR,oceanconservationnamibia,Ocean Conservation Namibia,C0177,16,0.0,3,3,6,1,2
18341968336211845,DVlRHoTjUBR,oceanconservationnamibia,Ocean Conservation Namibia,C0531,4,0.0,3,1,6,1,0
18120056521587498,DVlRHoTjUBR,oceanconservationnamibia,Ocean Conservation Namibia,C0522,38,0.0,3,1,6,1,8
18010292153832135,DVlRHoTjUBR,oceanconservationnamibia,Ocean Conservation Namibia,C1174,5,0.0,3,22,5,1,0
18174829336377390,DVlRHoTjUBR,oceanconservationnamibia,Ocean Conservation Namibia,C0879,6,0.0,3,22,5,1,0
18339870382211080,DVlRHoTjUBR,oceanconservationnamibia,Ocean Conservation Namibia,C0419,6,0.0,3,20,5,1,0
17889064338330259,DVHpOKMj7dH,ccfcheetah,Cheetah Conservation Fund,C0525,32,0.0,0,0,5,1,2
18084086270211572,DVHpOKMj7dH,ccfcheetah,Cheetah Conservation Fund,C0648,59,0.4019,0,4,4,1,19
18107240878691222,DVHpOKMj7dH,ccfcheetah,Cheetah Conservation Fund,C0812,19,0.0,0,23,1,1,-1
17865401541589123,DVHpOKMj7dH,ccfcheetah,Cheetah Conservation Fund,C0376,13,0.5994,0,17,1,1,5
17934482475189862,DVHpOKMj7dH,ccfcheetah,Cheetah Conservation Fund,C0011,6,0.0,0,10,1,1,0
18172687999387498,DVHpOKMj7dH,ccfcheetah,Cheetah Conservation Fund,C1157,18,0.0,0,3,1,1,1
17943140943072535,DVHpOKMj7dH,ccfcheetah,Cheetah Conservation Fund,C0775,40,0.7783,1,2,1,1,21
17844966642665020,DS4mHSFjKnm,ehranamibia,Elephant Human Relations Aid,C0750,18,0.636,1,10,2,1,3
18137644777472278,DTK_tKrDXs3,ehranamibia,Elephant Human Relations Aid,C0007,78,0.6476,1,15,1,1,24
18069364163312543,DWGc_DrGmla,oceanconservationnamibia,Ocean Conservation Namibia,C0899,2,0.0,0,20,5,1,
18126709273576402,DWGc_DrGmla,oceanconservationnamibia,Ocean Conservation Namibia,C0619,13,0.7351,0,17,2,1,12
18187877440323357,DWGc_DrGmla,oceanconservationnamibia,Ocean Conservation Namibia,C0543,27,0.6114,0,22,1,1,-1
18112782493671610,DWGc_DrGmla,oceanconservationnamibia,Ocean Conservation Namibia,C0142,8,0.0,1,0,5,1,0
17958855957064522,DWGc_DrGmla,oceanconservationnamibia,Ocean Conservation Namibia,C1074,1,0.0,1,13,4,1,
18094934372091585,DWGc_DrGmla,oceanconservationnamibia,Ocean Conservation Namibia,C0769,205,-0.0258,3,12,4,1,-1
17910441888350714,DWGc_DrGmla,oceanconservationnamibia,Ocean Conservation Namibia,C0180,3,0.0,1,12,4,1,0
17922533379269273,DWGc_DrGmla,oceanconservationnamibia,Ocean Conservation Namibia,C1033,4,0.0,2,12,4,1,0
18052054850376507,DR4b_cPjF6A,ehranamibia,Elephant Human Relations Aid,C0249,25,0.0,0,20,1,1,-1
17868496587500315,DR4b_cPjF6A,ehranamibia,Elephant Human Relations Aid,C0489,5,0.0,0,19,1,1,16
18088784779784829,DR4b_cPjF6A,ehranamibia,Elephant Human Relations Aid,C0489,54,0.8016,1,19,1,1,-1
18094277687135335,DXUv-0KjLn4,giraffe_conservation,Giraffe Conservation Foundation,C0535,1,0.0,0,12,0,1,
18127645939586458,DXUv-0KjLn4,giraffe_conservation,Giraffe Conservation Foundation,C0633,9,0.0,0,23,6,1,1
18057914504478096,DXUv-0KjLn4,giraffe_conservation,Giraffe Conservation Foundation,C0616,1,0.0,0,19,6,1,
17879610546328176,DQuKrLZDCfh,africat_foundation,AfriCat Foundation,C0833,34,0.7351,1,4,1,1,-1
17945833665063122,DQuKrLZDCfh,africat_foundation,AfriCat Foundation,C0893,20,0.5399,2,21,3,1,-1
18047747126494882,DTu6OvXDGvb,ehranamibia,Elephant Human Relations Aid,C1263,3,0.0,1,12,1,1,0
18066429794228378,DT5BcGpDCOg,ehranamibia,Elephant Human Relations Aid,C0310,1,0.0,1,18,5,1,
18578655472056380,DWaZbb-D-L5,ccfcheetah,Cheetah Conservation Fund,C0870,6,0.0,0,3,6,1,0
18081197300374487,DWaZbb-D-L5,ccfcheetah,Cheetah Conservation Fund,C0459,18,0.4601,0,15,5,1,16
18104013509501114,DWaZbb-D-L5,ccfcheetah,Cheetah Conservation Fund,C0011,6,0.0,0,12,5,1,0
18200753575336984,DWaZbb-D-L5,ccfcheetah,Cheetah Conservation Fund,C0917,8,0.0,0,8,5,1,0
18097270081975730,DWaZbb-D-L5,ccfcheetah,Cheetah Conservation Fund,C0791,0,0.0,0,3,5,1,
18315188839249813,DVZeWt7AodX,naankuse_foundation,N/a'an ku se Foundation,C0284,29,0.6369,0,5,1,1,-1
18046435907518795,DWcGfdLjB95,naankuse_foundation,N/a'an ku se Foundation,C0890,14,0.636,0,3,1,1,5
17909865108366356,DWzDJHOkk7W,ccfcheetah,Cheetah Conservation Fund,C1231,27,0.4545,0,18,1,1,-1
18086471756590498,DWzDJHOkk7W,ccfcheetah,Cheetah Conservation Fund,C0238,5,0.0,0,5,1,1,0
18067540658658973,DWzDJHOkk7W,ccfcheetah,Cheetah Conservation Fund,C0211,2,0.0,0,4,1,1,
18419060575133343,DWzDJHOkk7W,ccfcheetah,Cheetah Conservation Fund,C1096,6,0.0,0,2,1,1,0
17869069515605145,DWzDJHOkk7W,ccfcheetah,Cheetah Conservation Fund,C0687,83,0.6369,1,0,1,1,21
18173825983398288,DWzDJHOkk7W,ccfcheetah,Cheetah Conservation Fund,C0860,46,0.6239,0,23,0,1,16
17873527065584407,DWzDJHOkk7W,ccfcheetah,Cheetah Conservation Fund,C0736,4,0.0,0,22,0,1,0
18575440945014775,DWzDJHOkk7W,ccfcheetah,Cheetah Conservation Fund,C1079,2,0.0,0,20,0,1,
17972349009008938,DWzDJHOkk7W,ccfcheetah,Cheetah Conservation Fund,C0011,6,0.0,0,17,0,1,0
18106816300872593,DSWvw0ojpo2,ongavagamereserve,Ongava Game Reserve,C1169,26,0.6369,0,15,3,1,12
18321546394251110,DV84SaljvmX,africat_foundation,AfriCat Foundation,C1111,3,0.0,0,13,2,1,0
18099612562824746,DV84SaljvmX,africat_foundation,AfriCat Foundation,C1190,7,0.0,0,13,0,1,-1
18088338376952444,DV84SaljvmX,africat_foundation,AfriCat Foundation,C0103,24,0.6369,0,17,2,1,-1
18256475128294620,DV84SaljvmX,africat_foundation,AfriCat Foundation,C1178,67,-0.7088,2,11,1,1,-1
18110283442717428,DSAKbvCjEN5,ehranamibia,Elephant Human Relations Aid,C0208,37,0.8002,1,20,5,1,-1
18204185116316888,DSAKbvCjEN5,ehranamibia,Elephant Human Relations Aid,C0367,8,0.5267,1,15,3,1,6
18104318320673768,DSAKbvCjEN5,ehranamibia,Elephant Human Relations Aid,C1066,2,0.0,1,11,2,1,
17944863393082429,DSAKbvCjEN5,ehranamibia,Elephant Human Relations Aid,C0647,2,0.0,1,13,0,1,
18082266368157415,DSAKbvCjEN5,ehranamibia,Elephant Human Relations Aid,C1064,1,0.0,1,13,0,1,
17858826120484798,DRCT53DAXcY,gobabeb,Gobabeb Research & Training Centre,C0259,28,0.8122,0,9,0,1,6
18065646131428039,DRwohMGDDYj,ehranamibia,Elephant Human Relations Aid,C1216,17,0.0,2,16,5,1,6
17864886114529768,DRwohMGDDYj,ehranamibia,Elephant Human Relations Aid,C0373,17,0.0,0,12,1,1,-1
17845747041617892,DRwohMGDDYj,ehranamibia,Elephant Human Relations Aid,C1118,91,0.7645,3,11,1,1,3
18204499108337969,DXwKK3PCoiw,namyouthchamber,Namibia Youth Chamber of Environment,C0939,26,0.5994,2,9,4,1,6
17954836823960308,DXwKK3PCoiw,namyouthchamber,Namibia Youth Chamber of Environment,C0849,29,0.5994,1,16,3,1,-1
17882602857523895,DW3daffjCif,ehranamibia,Elephant Human Relations Aid,C0483,98,-0.3612,4,20,2,1,9
18369407146203547,DW3daffjCif,ehranamibia,Elephant Human Relations Aid,C0379,13,0.0,2,12,2,1,26
18097168529279414,DW3daffjCif,ehranamibia,Elephant Human Relations Aid,C0165,43,-0.2225,3,11,2,1,3
18037432631584765,DW3daffjCif,ehranamibia,Elephant Human Relations Aid,C1118,37,0.6369,2,10,2,1,6
18098510567087456,DW3daffjCif,ehranamibia,Elephant Human Relations Aid,C0187,6,0.0,2,10,2,1,0
18434362321139651,DW3daffjCif,ehranamibia,Elephant Human Relations Aid,C0871,3,0.0,1,10,2,1,0
18141483910395628,DQoS5CdDHLo,ehranamibia,Elephant Human Relations Aid,C0140,10,0.0,2,17,2,1,9
18046106441433756,DQoS5CdDHLo,ehranamibia,Elephant Human Relations Aid,C0181,4,0.0,1,11,1,1,0
18075109403258116,DR39HtJgmv4,harnaswildlifefoundation,Harnas Wildlife Foundation,C0601,9,0.6588,1,21,1,1,12
18070655513579127,DR39HtJgmv4,harnaswildlifefoundation,Harnas Wildlife Foundation,C1221,4,0.0,1,8,4,1,0
17977760216790661,DRzSbhZDEfq,ehranamibia,Elephant Human Relations Aid,C0192,10,0.0,1,6,3,1,1
18304452052264794,DRzSbhZDEfq,ehranamibia,Elephant Human Relations Aid,C1212,10,0.6249,1,15,2,1,12
18134846671481259,DQ6Ud-djNHm,ehranamibia,Elephant Human Relations Aid,C0871,3,0.0,2,11,1,1,0
17908270263123683,DQ6Ud-djNHm,ehranamibia,Elephant Human Relations Aid,C0617,6,0.0,2,9,1,1,1
17948477031175638,DVsocbBDE-3,oceanconservationnamibia,Ocean Conservation Namibia,C1189,87,0.4199,0,10,6,1,14
18582482299034233,DVsocbBDE-3,oceanconservationnamibia,Ocean Conservation Namibia,C0923,12,0.0,0,6,6,1,1
17922260133290638,DVsocbBDE-3,oceanconservationnamibia,Ocean Conservation Namibia,C0004,29,0.6249,0,17,5,1,17
18225173767311050,DVsocbBDE-3,oceanconservationnamibia,Ocean Conservation Namibia,C0138,59,0.0,0,15,5,1,-1
18124961068598180,DVsocbBDE-3,oceanconservationnamibia,Ocean Conservation Namibia,C1186,3,0.0,0,15,3,1,0
18073010861542167,DVsocbBDE-3,oceanconservationnamibia,Ocean Conservation Namibia,C0645,73,0.0,0,23,0,1,29
18146845246467197,DVsocbBDE-3,oceanconservationnamibia,Ocean Conservation Namibia,C0683,9,0.3612,0,16,4,1,23
18215867353319150,DVsocbBDE-3,oceanconservationnamibia,Ocean Conservation Namibia,C0955,5,0.0,0,20,3,1,0
18089930056926618,DVsocbBDE-3,oceanconservationnamibia,Ocean Conservation Namibia,C0686,113,0.0,0,13,3,1,30
18306835195285007,DVsocbBDE-3,oceanconservationnamibia,Ocean Conservation Namibia,C0726,7,0.0,0,5,2,1,1
18070531487257347,DVsocbBDE-3,oceanconservationnamibia,Ocean Conservation Namibia,C0685,1,0.0,0,20,0,1,
17913007764161510,DVsocbBDE-3,oceanconservationnamibia,Ocean Conservation Namibia,C1078,25,0.0,0,16,4,1,8
17993894261930274,DVsocbBDE-3,oceanconservationnamibia,Ocean Conservation Namibia,C0213,139,0.5859,0,22,2,1,7
17975107832844416,DVsocbBDE-3,oceanconservationnamibia,Ocean Conservation Namibia,C0527,8,0.0,0,10,2,1,0
18260625226289610,DVsocbBDE-3,oceanconservationnamibia,Ocean Conservation Namibia,C0916,14,0.0,0,22,1,1,1
18102233680795490,DS9vxx7jGRU,ehranamibia,Elephant Human Relations Aid,C0310,4,0.0,1,15,3,1,0
18082146250919862,DS9vxx7jGRU,ehranamibia,Elephant Human Relations Aid,C0067,216,0.9776,1,11,3,1,3
18030376676607974,DVGseIDDyuy,ccfcheetah,Cheetah Conservation Fund,C0321,2,0.0,0,5,2,1,
18093961558762796,DTw-cDsjg1M,harnaswildlifefoundation,Harnas Wildlife Foundation,C0826,15,0.0,0,17,2,1,2
18158888056415410,DTw-cDsjg1M,harnaswildlifefoundation,Harnas Wildlife Foundation,C1221,4,0.0,0,10,2,1,0
17846132652678247,DVWk_muDRUJ,naankuse_foundation,N/a'an ku se Foundation,C0890,2,0.0,0,12,3,1,
18138379207495835,DVWk_muDRUJ,naankuse_foundation,N/a'an ku se Foundation,C0496,27,-0.5994,0,19,6,1,15
17865934797500154,DRM2T3YjOAm,ehranamibia,Elephant Human Relations Aid,C0232,81,0.6588,2,14,1,1,-1
18088049860791359,DR2Pq0aDO16,africat_foundation,AfriCat Foundation,C0225,43,0.4767,1,18,3,1,3
17990808702004923,DVqBtGKjNAj,oceanconservationnamibia,Ocean Conservation Namibia,C0781,43,0.0,0,18,1,1,2
18229025173311593,DVqBtGKjNAj,oceanconservationnamibia,Ocean Conservation Namibia,C0386,61,0.0,0,3,5,1,16
18075530942651609,DVqBtGKjNAj,oceanconservationnamibia,Ocean Conservation Namibia,C0386,3,0.0,0,3,5,1,0
18172795156410178,DVqBtGKjNAj,oceanconservationnamibia,Ocean Conservation Namibia,C0408,15,0.0,0,18,2,1,2
17888081892509677,DVqBtGKjNAj,oceanconservationnamibia,Ocean Conservation Namibia,C1098,113,0.6124,0,18,2,1,-1
18326817715270401,DVqBtGKjNAj,oceanconservationnamibia,Ocean Conservation Namibia,C1045,13,0.0,0,9,0,1,1
18161766679431829,DVqBtGKjNAj,oceanconservationnamibia,Ocean Conservation Namibia,C0572,12,0.0,0,17,2,1,8
17945942735999599,DVqBtGKjNAj,oceanconservationnamibia,Ocean Conservation Namibia,C1109,4,0.0,1,21,0,1,0
18013587836845315,DVqBtGKjNAj,oceanconservationnamibia,Ocean Conservation Namibia,C0923,12,0.0,0,5,6,1,1
18044144234765071,DVqBtGKjNAj,oceanconservationnamibia,Ocean Conservation Namibia,C0401,73,0.7906,0,20,1,1,-1
18090254618239545,DVqBtGKjNAj,oceanconservationnamibia,Ocean Conservation Namibia,C0609,2,0.0,0,19,4,1,
18070929437661056,DVqBtGKjNAj,oceanconservationnamibia,Ocean Conservation Namibia,C1186,3,0.0,0,15,3,1,0
17955771735113205,DVqBtGKjNAj,oceanconservationnamibia,Ocean Conservation Namibia,C0292,23,0.4019,0,13,2,1,-1
18089394449238312,DVqBtGKjNAj,oceanconservationnamibia,Ocean Conservation Namibia,C1128,12,0.0,0,4,2,1,1
18112751266779467,DVqBtGKjNAj,oceanconservationnamibia,Ocean Conservation Namibia,C1205,91,-0.2732,0,0,2,1,7
17888072820305128,DUUz0iRDln7,harnaswildlifefoundation,Harnas Wildlife Foundation,C0826,17,0.0,1,7,2,1,2
18105684415790512,DUUz0iRDln7,harnaswildlifefoundation,Harnas Wildlife Foundation,C1221,2,0.0,1,6,2,1,
18106492252808585,DVLlSpkFEpk,ongavagamereserve,Ongava Game Reserve,C0372,57,0.0,0,18,3,1,-1
17988970076931676,DVLlSpkFEpk,ongavagamereserve,Ongava Game Reserve,C0938,22,0.0,0,17,3,1,-1
18066104045183512,DR1YTLCDIz2,harnaswildlifefoundation,Harnas Wildlife Foundation,C0648,59,0.4019,0,15,6,1,19
17979515081786656,DR1YTLCDIz2,harnaswildlifefoundation,Harnas Wildlife Foundation,C0826,15,0.0,1,13,3,1,2
18063706712399265,DR1YTLCDIz2,harnaswildlifefoundation,Harnas Wildlife Foundation,C0220,19,0.6369,1,12,3,1,10
18096097669676321,DR1YTLCDIz2,harnaswildlifefoundation,Harnas Wildlife Foundation,C1221,3,0.0,1,10,3,1,0
18357042514213088,DV8cRb7k5JC,oceanconservationnamibia,Ocean Conservation Namibia,C1116,6,0.0,0,15,6,1,0
18037243229603493,DV8cRb7k5JC,oceanconservationnamibia,Ocean Conservation Namibia,C0294,10,0.0,0,5,4,1,1
17891045247355826,DV8cRb7k5JC,oceanconservationnamibia,Ocean Conservation Namibia,C1098,9,0.4404,0,18,2,1,4
18007714556885343,DV8cRb7k5JC,oceanconservationnamibia,Ocean Conservation Namibia,C0143,3,0.0,0,6,5,1,0
17987171459975474,DV8cRb7k5JC,oceanconservationnamibia,Ocean Conservation Namibia,C0378,4,0.0,0,0,5,1,0
18090304574186639,DV8cRb7k5JC,oceanconservationnamibia,Ocean Conservation Namibia,C0117,3,0.0,0,14,1,1,0
18047588735529087,DV8cRb7k5JC,oceanconservationnamibia,Ocean Conservation Namibia,C0572,21,0.0,0,23,0,1,8
17959093218092787,DV8cRb7k5JC,oceanconservationnamibia,Ocean Conservation Namibia,C1146,23,0.7249,0,17,0,1,-1
17909010159384030,DV8cRb7k5JC,oceanconservationnamibia,Ocean Conservation Namibia,C0401,30,0.5229,0,18,1,1,-1
17883806229507914,DV8cRb7k5JC,oceanconservationnamibia,Ocean Conservation Namibia,C1256,60,0.0,0,22,5,1,29
18107981269700165,DV8cRb7k5JC,oceanconservationnamibia,Ocean Conservation Namibia,C1237,98,0.8582,0,17,3,1,14
17948348468979630,DV8cRb7k5JC,oceanconservationnamibia,Ocean Conservation Namibia,C0385,54,0.9043,129,21,3,1,10
18213638893321287,DV8cRb7k5JC,oceanconservationnamibia,Ocean Conservation Namibia,C1208,16,0.0,1,13,2,1,2
18351247372234612,DV8cRb7k5JC,oceanconservationnamibia,Ocean Conservation Namibia,C0106,4,0.0,0,13,2,1,0
17903707317394993,DV8cRb7k5JC,oceanconservationnamibia,Ocean Conservation Namibia,C0832,23,0.0,0,18,6,1,-1
17875014597448894,DRhQzupjAyP,ehranamibia,Elephant Human Relations Aid,C0833,33,0.7351,1,0,0,1,-1
18086962039976948,DRhQzupjAyP,ehranamibia,Elephant Human Relations Aid,C0310,6,0.0,1,12,2,1,0
18068890949426044,DTSgXWbDah5,gobabeb,Gobabeb Research & Training Centre,C0628,57,0.4376,0,18,5,1,-1
18101532529877005,DTSgXWbDah5,gobabeb,Gobabeb Research & Training Centre,C0350,3,0.5859,0,18,5,1,-1
17934034578131207,DRRgrmyjLcD,ehranamibia,Elephant Human Relations Aid,C0087,42,0.6588,1,19,1,1,13
18082882028279487,DRRgrmyjLcD,ehranamibia,Elephant Human Relations Aid,C0845,2,0.0,1,10,3,1,
18108990442982331,DW1FxNZDbnS,oceanconservationnamibia,Ocean Conservation Namibia,C0655,23,0.0,0,8,2,1,29
17940168798084274,DW1FxNZDbnS,oceanconservationnamibia,Ocean Conservation Namibia,C0083,3,0.0,0,19,1,1,0
18597201424051706,DW1FxNZDbnS,oceanconservationnamibia,Ocean Conservation Namibia,C0630,62,0.9274,0,0,1,1,-1
17955905258981478,DW1FxNZDbnS,oceanconservationnamibia,Ocean Conservation Namibia,C0178,42,0.4767,0,16,0,1,7
18410247193145300,DW1FxNZDbnS,oceanconservationnamibia,Ocean Conservation Namibia,C0692,4,0.0,0,8,0,1,0
18077951486306715,DW1FxNZDbnS,oceanconservationnamibia,Ocean Conservation Namibia,C0662,8,0.0,1,5,0,1,0
18082428176645596,DW1FxNZDbnS,oceanconservationnamibia,Ocean Conservation Namibia,C0416,4,0.0,0,21,6,1,0
17861183364648904,DW1FxNZDbnS,oceanconservationnamibia,Ocean Conservation Namibia,C1010,6,0.0,0,18,6,1,0
18124897717655339,DW1FxNZDbnS,oceanconservationnamibia,Ocean Conservation Namibia,C1053,2,0.0,0,16,6,1,
17937897993075329,DW1FxNZDbnS,oceanconservationnamibia,Ocean Conservation Namibia,C0566,6,0.0,0,16,6,1,1
18009866084916838,DW1FxNZDbnS,oceanconservationnamibia,Ocean Conservation Namibia,C0583,33,0.0,0,15,6,1,-1
17969396976076106,DW1FxNZDbnS,oceanconservationnamibia,Ocean Conservation Namibia,C0857,41,0.7717,0,15,6,1,-1
17945166675213241,DW1FxNZDbnS,oceanconservationnamibia,Ocean Conservation Namibia,C0605,3,0.0,0,10,6,1,0
18130593874566242,DW1FxNZDbnS,oceanconservationnamibia,Ocean Conservation Namibia,C0365,4,0.0,0,6,6,1,0
18124380970676877,DW1FxNZDbnS,oceanconservationnamibia,Ocean Conservation Namibia,C0675,74,0.0,0,19,2,1,8
18138001456459041,DQ_nfCKDKZ8,ehranamibia,Elephant Human Relations Aid,C0929,1,0.0,1,18,3,1,
18086977429791672,DQ_nfCKDKZ8,ehranamibia,Elephant Human Relations Aid,C0310,1,0.0,1,12,3,1,
17897075031430542,DW4bUExGWiB,giraffe_conservation,Giraffe Conservation Foundation,C0321,2,0.0,1,7,4,1,
18071294279363378,DRh9fYtF7oD,giraffe_conservation,Giraffe Conservation Foundation,C0437,64,0.6597,1,13,3,1,-1
18105327034628904,DRh9fYtF7oD,giraffe_conservation,Giraffe Conservation Foundation,C0945,45,0.6369,1,9,3,1,-1
17843938209620530,DRh9fYtF7oD,giraffe_conservation,Giraffe Conservation Foundation,C0304,34,0.5191,2,3,3,1,-1
17855482491522908,DRh9fYtF7oD,giraffe_conservation,Giraffe Conservation Foundation,C1031,16,0.0,2,20,2,1,2
17967805232993045,DRh9fYtF7oD,giraffe_conservation,Giraffe Conservation Foundation,C0310,2,0.0,1,19,2,1,
17934758553217135,DWGve9tjlkE,oceanconservationnamibia,Ocean Conservation Namibia,C1219,4,0.0,0,15,5,1,0
18086290097368298,DWGve9tjlkE,oceanconservationnamibia,Ocean Conservation Namibia,C0061,119,0.6476,0,10,4,1,-1
18080801366374361,DWGve9tjlkE,oceanconservationnamibia,Ocean Conservation Namibia,C0993,8,0.0,0,22,6,1,0
18132841834543007,DWGve9tjlkE,oceanconservationnamibia,Ocean Conservation Namibia,C0899,3,0.0,0,20,5,1,0
18003656492726305,DWGve9tjlkE,oceanconservationnamibia,Ocean Conservation Namibia,C0671,4,0.0,0,3,0,1,0
18567568108045162,DWGve9tjlkE,oceanconservationnamibia,Ocean Conservation Namibia,C1005,4,0.0,0,10,5,1,0
18097594043049408,DWGve9tjlkE,oceanconservationnamibia,Ocean Conservation Namibia,C0335,3,0.0,0,12,6,1,0
18110388310750596,DWGve9tjlkE,oceanconservationnamibia,Ocean Conservation Namibia,C0064,3,0.0,0,12,6,1,0
18097319161978187,DWGve9tjlkE,oceanconservationnamibia,Ocean Conservation Namibia,C0866,7,0.0,0,9,6,1,1
17902854048397014,DWGve9tjlkE,oceanconservationnamibia,Ocean Conservation Namibia,C0987,10,0.3382,0,9,6,1,-1
18104300320914651,DWGve9tjlkE,oceanconservationnamibia,Ocean Conservation Namibia,C0119,25,0.0,0,6,6,1,8
18095103590032209,DWGve9tjlkE,oceanconservationnamibia,Ocean Conservation Namibia,C0119,0,0.0,0,6,6,1,
18176045263385200,DWGve9tjlkE,oceanconservationnamibia,Ocean Conservation Namibia,C0568,35,0.3612,0,21,5,1,-1
18003023981904934,DWGve9tjlkE,oceanconservationnamibia,Ocean Conservation Namibia,C1235,2,0.0,0,20,5,1,
17968397831881724,DWGve9tjlkE,oceanconservationnamibia,Ocean Conservation Namibia,C0740,6,-0.2263,1,15,5,1,16
18116853277825091,DWEKr45jLWk,oceanconservationnamibia,Ocean Conservation Namibia,C0176,128,0.0,0,0,1,1,8
18161131267444056,DWEKr45jLWk,oceanconservationnamibia,Ocean Conservation Namibia,C0386,79,0.0,0,3,5,1,-1
18078896108419752,DWEKr45jLWk,oceanconservationnamibia,Ocean Conservation Namibia,C1087,3,0.0,0,12,4,1,0
18402588280198720,DWEKr45jLWk,oceanconservationnamibia,Ocean Conservation Namibia,C0899,6,0.0,0,20,5,1,0
17877606696545771,DWEKr45jLWk,oceanconservationnamibia,Ocean Conservation Namibia,C1107,2,0.0,0,15,5,1,
17996265275755657,DWEKr45jLWk,oceanconservationnamibia,Ocean Conservation Namibia,C0463,34,0.6369,0,15,4,1,10
17991942566941352,DWEKr45jLWk,oceanconservationnamibia,Ocean Conservation Namibia,C0976,5,0.0,0,10,0,1,0
18171761299395249,DWEKr45jLWk,oceanconservationnamibia,Ocean Conservation Namibia,C0658,61,0.8658,0,0,6,1,14
17988359078958143,DWEKr45jLWk,oceanconservationnamibia,Ocean Conservation Namibia,C0323,47,-0.2429,1,15,5,1,20
18110059897688396,DWEKr45jLWk,oceanconservationnamibia,Ocean Conservation Namibia,C1185,20,0.0,1,20,4,1,27
18405562504180230,DWEKr45jLWk,oceanconservationnamibia,Ocean Conservation Namibia,C0470,9,0.5106,1,12,4,1,16
18063714008678656,DWEKr45jLWk,oceanconservationnamibia,Ocean Conservation Namibia,C0235,14,0.6588,1,10,4,1,4
18141435397496623,DWEKr45jLWk,oceanconservationnamibia,Ocean Conservation Namibia,C0975,0,0.0,7,10,4,1,
18320090377269671,DWEKr45jLWk,oceanconservationnamibia,Ocean Conservation Namibia,C0680,107,0.6124,0,7,4,1,-1
18095232767318889,DWEKr45jLWk,oceanconservationnamibia,Ocean Conservation Namibia,C1138,5,0.0,1,6,4,1,0
17935024077239298,DWOcsnUDIpz,oceanconservationnamibia,Ocean Conservation Namibia,C0996,80,-0.6351,0,8,4,1,8
18099502564811498,DWOcsnUDIpz,oceanconservationnamibia,Ocean Conservation Namibia,C0730,73,0.8313,0,3,4,1,-1
17956915407130164,DWOcsnUDIpz,oceanconservationnamibia,Ocean Conservation Namibia,C0899,2,0.0,0,20,5,1,
18080412815086440,DWOcsnUDIpz,oceanconservationnamibia,Ocean Conservation Namibia,C0172,189,0.4404,0,5,4,1,7
17847907830675283,DWOcsnUDIpz,oceanconservationnamibia,Ocean Conservation Namibia,C1185,3,0.0,0,20,3,1,0
18459727282103701,DWOcsnUDIpz,oceanconservationnamibia,Ocean Conservation Namibia,C0074,40,0.0,0,11,3,1,-1
18072382430231152,DWOcsnUDIpz,oceanconservationnamibia,Ocean Conservation Namibia,C1082,102,0.0,0,7,3,1,8
17980914429001092,DWOcsnUDIpz,oceanconservationnamibia,Ocean Conservation Namibia,C1126,49,0.0,0,23,2,1,-1
18054048035491721,DWOcsnUDIpz,oceanconservationnamibia,Ocean Conservation Namibia,C0485,6,0.0,0,22,2,1,1
17879577966405940,DWOcsnUDIpz,oceanconservationnamibia,Ocean Conservation Namibia,C0453,4,0.3182,1,5,1,1,12
18097473682958522,DWOcsnUDIpz,oceanconservationnamibia,Ocean Conservation Namibia,C0453,99,0.3182,0,5,1,1,-1
18044133188746144,DWOcsnUDIpz,oceanconservationnamibia,Ocean Conservation Namibia,C1005,77,0.0,1,22,0,1,4
18098113706004014,DWOcsnUDIpz,oceanconservationnamibia,Ocean Conservation Namibia,C0093,137,0.4019,1,22,0,1,7
18085170716350660,DWOcsnUDIpz,oceanconservationnamibia,Ocean Conservation Namibia,C1006,55,0.0,1,21,0,1,-1
17881231872487251,DWOcsnUDIpz,oceanconservationnamibia,Ocean Conservation Namibia,C0341,72,0.9485,1,21,0,1,22
18139691818526495,DWgLGvxDPxZ,oceanconservationnamibia,Ocean Conservation Namibia,C0326,2,0.0,0,15,1,1,
18093467030582234,DWgLGvxDPxZ,oceanconservationnamibia,Ocean Conservation Namibia,C0882,19,0.5994,0,19,0,1,-1
18133307626605997,DWgLGvxDPxZ,oceanconservationnamibia,Ocean Conservation Namibia,C0941,136,0.9228,0,13,5,1,4
18097695766897796,DWgLGvxDPxZ,oceanconservationnamibia,Ocean Conservation Namibia,C1105,55,0.8658,0,16,2,1,16
17892479448535958,DWgLGvxDPxZ,oceanconservationnamibia,Ocean Conservation Namibia,C0830,197,0.751,0,12,3,1,13
17886248949399098,DWgLGvxDPxZ,oceanconservationnamibia,Ocean Conservation Namibia,C0006,137,0.0,0,19,6,1,7
18129137959610254,DWgLGvxDPxZ,oceanconservationnamibia,Ocean Conservation Namibia,C0651,10,0.0,0,20,5,1,1
18139178011540956,DWgLGvxDPxZ,oceanconservationnamibia,Ocean Conservation Namibia,C0637,22,0.5719,0,21,4,1,-1
17874998511669961,DWgLGvxDPxZ,oceanconservationnamibia,Ocean Conservation Namibia,C1129,3,0.0,0,14,4,1,0
18153850108468679,DWgLGvxDPxZ,oceanconservationnamibia,Ocean Conservation Namibia,C1062,2,0.0,0,2,3,1,
18079557656424607,DWgLGvxDPxZ,oceanconservationnamibia,Ocean Conservation Namibia,C0696,3,0.0,0,5,3,1,0
18330205000252733,DWgLGvxDPxZ,oceanconservationnamibia,Ocean Conservation Namibia,C1046,13,0.5994,0,20,6,1,-1
18074513018276251,DWgLGvxDPxZ,oceanconservationnamibia,Ocean Conservation Namibia,C0043,4,0.0,0,13,6,1,0
18046189988546318,DWgLGvxDPxZ,oceanconservationnamibia,Ocean Conservation Namibia,C1007,101,0.8772,0,20,5,1,-1
18111110303496513,DWgLGvxDPxZ,oceanconservationnamibia,Ocean Conservation Namibia,C0668,16,0.0,0,8,5,1,-1
17874555318617011,DWL5GC_FZ3M,oceanconservationnamibia,Ocean Conservation Namibia,C0794,27,0.6115,0,5,2,1,-1
17937067446258798,DWL5GC_FZ3M,oceanconservationnamibia,Ocean Conservation Namibia,C1116,2,0.0,0,18,6,1,
18123868768660018,DWL5GC_FZ3M,oceanconservationnamibia,Ocean Conservation Namibia,C0781,64,0.0,0,18,1,1,2
18535041805078770,DWL5GC_FZ3M,oceanconservationnamibia,Ocean Conservation Namibia,C0243,130,-0.7501,0,19,4,1,-1
18095670767517633,DWL5GC_FZ3M,oceanconservationnamibia,Ocean Conservation Namibia,C1071,24,0.0,0,12,4,1,2
17940816564242289,DWL5GC_FZ3M,oceanconservationnamibia,Ocean Conservation Namibia,C0585,21,0.4199,0,1,4,1,-1
18099299063043107,DWL5GC_FZ3M,oceanconservationnamibia,Ocean Conservation Namibia,C0699,27,0.5106,0,1,6,1,16
17951081850152846,DWL5GC_FZ3M,oceanconservationnamibia,Ocean Conservation Namibia,C0954,23,0.0,0,16,6,1,10
17919766947142185,DWL5GC_FZ3M,oceanconservationnamibia,Ocean Conservation Namibia,C0993,8,0.0,0,20,5,1,0
18590278630013686,DWL5GC_FZ3M,oceanconservationnamibia,Ocean Conservation Namibia,C1060,24,0.0,0,7,2,1,16
18076780340640622,DWL5GC_FZ3M,oceanconservationnamibia,Ocean Conservation Namibia,C0927,15,0.0,0,23,6,1,2
18041952899563792,DWL5GC_FZ3M,oceanconservationnamibia,Ocean Conservation Namibia,C0923,12,0.0,0,5,6,1,1
18116288521737974,DWL5GC_FZ3M,oceanconservationnamibia,Ocean Conservation Namibia,C0957,5,0.0,0,13,5,1,0
17918360787351361,DWL5GC_FZ3M,oceanconservationnamibia,Ocean Conservation Namibia,C0240,34,0.0,0,17,4,1,2
18336282103218482,DWL5GC_FZ3M,oceanconservationnamibia,Ocean Conservation Namibia,C0572,29,0.3612,0,21,2,1,11
18143819377518040,DWoNzCxChJd,oceanconservationnamibia,Ocean Conservation Namibia,C1056,14,0.3612,0,5,4,1,11
17997727289761055,DWoNzCxChJd,oceanconservationnamibia,Ocean Conservation Namibia,C0667,27,0.0,0,19,6,1,-1
18421821148123726,DWoNzCxChJd,oceanconservationnamibia,Ocean Conservation Namibia,C0606,9,0.0,0,13,0,1,-1
18578222785002093,DWoNzCxChJd,oceanconservationnamibia,Ocean Conservation Namibia,C0516,2,0.0,0,18,1,1,
18093042632138131,DWoNzCxChJd,oceanconservationnamibia,Ocean Conservation Namibia,C0686,123,0.0,0,11,1,1,30
17933820480055431,DWoNzCxChJd,oceanconservationnamibia,Ocean Conservation Namibia,C0993,14,0.0,0,14,0,1,1
18580452574017644,DWoNzCxChJd,oceanconservationnamibia,Ocean Conservation Namibia,C0896,16,0.0,0,16,4,1,2
18189448618369057,DWoNzCxChJd,oceanconservationnamibia,Ocean Conservation Namibia,C0218,83,0.8593,0,3,3,1,14
18073774721642087,DWoNzCxChJd,oceanconservationnamibia,Ocean Conservation Namibia,C0205,20,0.0,0,20,2,1,7
17901826554405956,DWoNzCxChJd,oceanconservationnamibia,Ocean Conservation Namibia,C0582,33,0.4019,0,20,2,1,24
18067013093410860,DWoNzCxChJd,oceanconservationnamibia,Ocean Conservation Namibia,C0450,17,0.6369,0,11,1,1,-1
18105219145898641,DWoNzCxChJd,oceanconservationnamibia,Ocean Conservation Namibia,C0609,2,0.0,0,19,6,1,
18101262331939536,DWoNzCxChJd,oceanconservationnamibia,Ocean Conservation Namibia,C0858,67,0.1511,0,10,6,1,-1
18086785289221637,DWoNzCxChJd,oceanconservationnamibia,Ocean Conservation Namibia,C0899,6,0.0,0,20,5,1,0
17955872976094327,DWoNzCxChJd,oceanconservationnamibia,Ocean Conservation Namibia,C0807,54,0.7351,0,13,5,1,17
18039432530787983,DV53hf2Eop2,oceanconservationnamibia,Ocean Conservation Namibia,C0797,29,-0.5994,0,19,5,1,15
18126499957585161,DV53hf2Eop2,oceanconservationnamibia,Ocean Conservation Namibia,C0631,30,0.3612,0,10,4,1,7
17937077523195385,DV53hf2Eop2,oceanconservationnamibia,Ocean Conservation Namibia,C0490,7,0.0,0,21,2,1,0
17869177086485959,DV53hf2Eop2,oceanconservationnamibia,Ocean Conservation Namibia,C0994,4,0.0,0,13,5,1,0
18461554012101728,DV53hf2Eop2,oceanconservationnamibia,Ocean Conservation Namibia,C1185,3,0.0,0,8,3,1,0
18077301191411969,DV53hf2Eop2,oceanconservationnamibia,Ocean Conservation Namibia,C0105,76,0.7946,0,0,3,1,7
17921410785269527,DV53hf2Eop2,oceanconservationnamibia,Ocean Conservation Namibia,C0527,8,0.0,0,10,2,1,0
18067355843307755,DV53hf2Eop2,oceanconservationnamibia,Ocean Conservation Namibia,C0537,15,0.5574,0,9,1,1,16
17889377223447999,DV53hf2Eop2,oceanconservationnamibia,Ocean Conservation Namibia,C0966,10,0.3612,0,2,1,1,11
18112511707601514,DV53hf2Eop2,oceanconservationnamibia,Ocean Conservation Namibia,C0531,4,0.0,0,15,0,1,0
18082150784052376,DV53hf2Eop2,oceanconservationnamibia,Ocean Conservation Namibia,C0491,3,0.0,0,7,0,1,0
17879441424530518,DV53hf2Eop2,oceanconservationnamibia,Ocean Conservation Namibia,C0419,7,0.0,1,5,0,1,0
18109232422793638,DV53hf2Eop2,oceanconservationnamibia,Ocean Conservation Namibia,C0983,15,0.0,1,5,0,1,-1
18099783571743697,DV53hf2Eop2,oceanconservationnamibia,Ocean Conservation Namibia,C0485,69,0.0,1,3,0,1,7
18074838350407625,DV53hf2Eop2,oceanconservationnamibia,Ocean Conservation Namibia,C0688,12,0.3612,1,3,0,1,11
17994519347899288,DSqGNSaDeGo,eif_namibia,Environmental Investment Fund,C0712,46,0.69,0,20,2,1,-1
17971268235026210,DWyg-oLjGQN,oceanconservationnamibia,Ocean Conservation Namibia,C1266,60,0.0,0,22,5,1,8
17897514342441184,DWyg-oLjGQN,oceanconservationnamibia,Ocean Conservation Namibia,C0143,3,0.0,0,14,4,1,0
17974365876039910,DWyg-oLjGQN,oceanconservationnamibia,Ocean Conservation Namibia,C0896,15,0.0,0,3,4,1,2
18053705906502108,DWyg-oLjGQN,oceanconservationnamibia,Ocean Conservation Namibia,C0413,3,0.0,0,6,0,1,0
18074799986207168,DWyg-oLjGQN,oceanconservationnamibia,Ocean Conservation Namibia,C0619,60,0.8516,0,20,3,1,-1
17961613365069173,DWyg-oLjGQN,oceanconservationnamibia,Ocean Conservation Namibia,C0686,109,0.0,0,11,1,1,30
17959777815082878,DWyg-oLjGQN,oceanconservationnamibia,Ocean Conservation Namibia,C0981,52,0.5255,1,3,3,1,10
18101177813475099,DWyg-oLjGQN,oceanconservationnamibia,Ocean Conservation Namibia,C0480,7,0.0,1,18,2,1,0
18097398755020852,DWyg-oLjGQN,oceanconservationnamibia,Ocean Conservation Namibia,C0899,2,0.0,1,17,2,1,
18089063249240925,DWyg-oLjGQN,oceanconservationnamibia,Ocean Conservation Namibia,C0179,6,0.0,1,16,1,1,0
17925235227267795,DWyg-oLjGQN,oceanconservationnamibia,Ocean Conservation Namibia,C0485,7,0.0,1,4,1,1,1
18259885651294297,DWyg-oLjGQN,oceanconservationnamibia,Ocean Conservation Namibia,C1108,12,0.2732,1,3,1,1,-1
17966794494046870,DWyg-oLjGQN,oceanconservationnamibia,Ocean Conservation Namibia,C0649,0,0.0,1,0,1,1,
17862682215617622,DWyg-oLjGQN,oceanconservationnamibia,Ocean Conservation Namibia,C0543,74,0.5106,1,22,0,1,14
17946091446141466,DWyg-oLjGQN,oceanconservationnamibia,Ocean Conservation Namibia,C0091,18,0.6249,1,22,0,1,4
18134981953536484,DXgjOMjoc5M,ehranamibia,Elephant Human Relations Aid,C0564,61,0.7955,2,23,4,1,-1
18089381939193864,DXgjOMjoc5M,ehranamibia,Elephant Human Relations Aid,C0132,505,0.9739,1,21,4,1,3
18099804224077149,DXgjOMjoc5M,ehranamibia,Elephant Human Relations Aid,C0597,209,0.7351,1,20,4,1,3
18087645752017982,DXgjOMjoc5M,ehranamibia,Elephant Human Relations Aid,C0361,757,0.9939,1,19,4,1,3
18045902966533704,DXgjOMjoc5M,ehranamibia,Elephant Human Relations Aid,C0079,54,0.8316,1,19,4,1,-1
18008522174901543,DXgjOMjoc5M,ehranamibia,Elephant Human Relations Aid,C0972,638,0.9892,1,19,4,1,3
18068361101662379,DXgjOMjoc5M,ehranamibia,Elephant Human Relations Aid,C0950,2,0.0,1,18,4,1,
17885286741501179,DXgjOMjoc5M,ehranamibia,Elephant Human Relations Aid,C0227,966,0.9904,1,17,4,1,3
18081820757419952,DXgjOMjoc5M,ehranamibia,Elephant Human Relations Aid,C0911,200,0.946,1,16,4,1,3
18320382088250881,DXgjOMjoc5M,ehranamibia,Elephant Human Relations Aid,C1037,340,0.9796,1,16,4,1,3
17969095401019732,DXgjOMjoc5M,ehranamibia,Elephant Human Relations Aid,C1092,610,0.7269,1,16,4,1,3
18089720674986054,DXgjOMjoc5M,ehranamibia,Elephant Human Relations Aid,C0384,14,0.0,1,15,4,1,9
18089257505244744,DXgjOMjoc5M,ehranamibia,Elephant Human Relations Aid,C0506,45,0.8309,1,15,4,1,-1
18001524035916360,DXgjOMjoc5M,ehranamibia,Elephant Human Relations Aid,C0355,319,0.9022,1,15,4,1,3
18101526884513509,DXgjOMjoc5M,ehranamibia,Elephant Human Relations Aid,C0828,275,0.9467,1,14,4,1,3
17956736609940575,DV_BFLlAtic,oceanconservationnamibia,Ocean Conservation Namibia,C0309,11,0.0,0,11,4,1,-1
18106140094846019,DV_BFLlAtic,oceanconservationnamibia,Ocean Conservation Namibia,C0827,5,0.0,0,15,1,1,0
18096227143995562,DV_BFLlAtic,oceanconservationnamibia,Ocean Conservation Namibia,C0658,65,0.7906,0,19,0,1,24
18098038903953117,DV_BFLlAtic,oceanconservationnamibia,Ocean Conservation Namibia,C1185,24,0.0,0,20,4,1,8
17929016370233734,DV_BFLlAtic,oceanconservationnamibia,Ocean Conservation Namibia,C0612,22,0.69,0,7,4,1,-1
18148782598461294,DV_BFLlAtic,oceanconservationnamibia,Ocean Conservation Namibia,C0201,27,0.3612,0,1,4,1,-1
18367698457204341,DV_BFLlAtic,oceanconservationnamibia,Ocean Conservation Namibia,C0463,70,0.9184,0,18,3,1,10
18092743292514851,DV_BFLlAtic,oceanconservationnamibia,Ocean Conservation Namibia,C0236,14,0.0,0,12,3,1,1
18139513771498791,DV_BFLlAtic,oceanconservationnamibia,Ocean Conservation Namibia,C0105,10,0.0,0,0,3,1,-1
18085667207258408,DV_BFLlAtic,oceanconservationnamibia,Ocean Conservation Namibia,C0250,65,0.8001,0,18,2,1,16
18115909093630999,DV_BFLlAtic,oceanconservationnamibia,Ocean Conservation Namibia,C0575,8,0.0,0,16,2,1,2
17872187172457428,DV_BFLlAtic,oceanconservationnamibia,Ocean Conservation Namibia,C1119,14,0.4926,0,16,2,1,-1
17938685196173705,DV_BFLlAtic,oceanconservationnamibia,Ocean Conservation Namibia,C0521,164,0.842,0,2,2,1,7
17971331591862328,DV_BFLlAtic,oceanconservationnamibia,Ocean Conservation Namibia,C0879,3,0.0,1,0,2,1,0
18130761916539182,DV_BFLlAtic,oceanconservationnamibia,Ocean Conservation Namibia,C0569,10,0.0,1,23,1,1,1
18074395271408417,DVisU9BDETE,oceanconservationnamibia,Ocean Conservation Namibia,C0343,11,0.0,0,14,2,1,1
18097838941783135,DVisU9BDETE,oceanconservationnamibia,Ocean Conservation Namibia,C1214,3,0.0,0,20,4,1,0
17934331434179398,DVisU9BDETE,oceanconservationnamibia,Ocean Conservation Namibia,C1176,27,0.0,0,5,1,1,29
18057773465442619,DVisU9BDETE,oceanconservationnamibia,Ocean Conservation Namibia,C0088,29,0.4404,0,1,1,1,4
18060898082355396,DVisU9BDETE,oceanconservationnamibia,Ocean Conservation Namibia,C0896,9,0.0,0,1,1,1,1
17846442822676671,DVisU9BDETE,oceanconservationnamibia,Ocean Conservation Namibia,C1244,83,-0.9022,2,22,6,1,7
18381721978088429,DVisU9BDETE,oceanconservationnamibia,Ocean Conservation Namibia,C0926,26,0.5574,1,17,5,1,12
18013081898818585,DVisU9BDETE,oceanconservationnamibia,Ocean Conservation Namibia,C0168,40,-0.539,1,17,5,1,7
18074974085148121,DVisU9BDETE,oceanconservationnamibia,Ocean Conservation Namibia,C0840,12,0.0,2,16,5,1,1
18088374044137557,DVisU9BDETE,oceanconservationnamibia,Ocean Conservation Namibia,C0531,4,0.0,2,14,5,1,0
17883449517465732,DVisU9BDETE,oceanconservationnamibia,Ocean Conservation Namibia,C0909,3,0.0,3,10,5,1,0
18425355211138521,DVisU9BDETE,oceanconservationnamibia,Ocean Conservation Namibia,C0512,3,0.0,3,9,5,1,0
17971097025007402,DVisU9BDETE,oceanconservationnamibia,Ocean Conservation Namibia,C0519,3,0.0,4,7,5,1,0
18090735557113542,DVisU9BDETE,oceanconservationnamibia,Ocean Conservation Namibia,C0522,38,0.0,4,3,5,1,8
18519075979078154,DVisU9BDETE,oceanconservationnamibia,Ocean Conservation Namibia,C1170,9,-0.5255,4,3,5,1,10
17880605682438310,DXolt9eDCcN,oceanconservationnamibia,Ocean Conservation Namibia,C0623,37,0.0,0,12,6,1,16
18098314879887980,DXolt9eDCcN,oceanconservationnamibia,Ocean Conservation Namibia,C0527,15,0.0,0,11,5,1,2
18137297677476701,DXolt9eDCcN,oceanconservationnamibia,Ocean Conservation Namibia,C0511,2,0.0,0,13,1,1,
17929359771281032,DXolt9eDCcN,oceanconservationnamibia,Ocean Conservation Namibia,C0877,13,0.0,0,14,0,1,1
17863461786628274,DXolt9eDCcN,oceanconservationnamibia,Ocean Conservation Namibia,C0109,5,0.0,0,11,5,1,0
18088922222255947,DXolt9eDCcN,oceanconservationnamibia,Ocean Conservation Namibia,C1004,6,0.0,0,21,5,1,1
18320779720281293,DXolt9eDCcN,oceanconservationnamibia,Ocean Conservation Namibia,C0197,10,0.3612,0,20,5,1,23
18098422577282309,DXolt9eDCcN,oceanconservationnamibia,Ocean Conservation Namibia,C0464,15,0.0,0,19,4,1,29
18170291755412792,DXolt9eDCcN,oceanconservationnamibia,Ocean Conservation Namibia,C0143,3,0.0,0,13,4,1,0
17974027089030901,DXolt9eDCcN,oceanconservationnamibia,Ocean Conservation Namibia,C0896,14,0.0,0,3,4,1,1
17883213588396728,DXolt9eDCcN,oceanconservationnamibia,Ocean Conservation Namibia,C1185,4,0.0,0,21,3,1,0
17993224820950757,DXolt9eDCcN,oceanconservationnamibia,Ocean Conservation Namibia,C0309,11,0.0,0,7,3,1,-1
18003073793869875,DXolt9eDCcN,oceanconservationnamibia,Ocean Conservation Namibia,C1189,24,0.0,0,6,3,1,17
18008888849896087,DXolt9eDCcN,oceanconservationnamibia,Ocean Conservation Namibia,C0060,14,0.0,1,6,2,1,1
18445495219115676,DXolt9eDCcN,oceanconservationnamibia,Ocean Conservation Namibia,C0619,40,0.5994,1,22,1,1,-1
18038535470802711,DWRCqLyAs94,oceanconservationnamibia,Ocean Conservation Namibia,C1116,2,0.0,0,18,6,1,
18082095434157552,DWRCqLyAs94,oceanconservationnamibia,Ocean Conservation Namibia,C1162,29,0.0,0,22,4,1,7
18098912309056878,DWRCqLyAs94,oceanconservationnamibia,Ocean Conservation Namibia,C1087,3,0.0,0,5,3,1,0
18076451366622613,DWRCqLyAs94,oceanconservationnamibia,Ocean Conservation Namibia,C0607,2,0.0,0,15,6,1,
18074833001634791,DWRCqLyAs94,oceanconservationnamibia,Ocean Conservation Namibia,C0742,77,-0.6037,0,6,3,1,7
18015065741836000,DWRCqLyAs94,oceanconservationnamibia,Ocean Conservation Namibia,C0899,2,0.0,0,20,5,1,
18418376083122010,DWRCqLyAs94,oceanconservationnamibia,Ocean Conservation Namibia,C0179,19,0.0,0,20,3,1,1
18102325103474192,DWRCqLyAs94,oceanconservationnamibia,Ocean Conservation Namibia,C0558,64,0.296,0,19,4,1,-1
17942381358168806,DWRCqLyAs94,oceanconservationnamibia,Ocean Conservation Namibia,C0371,13,0.4767,0,18,4,1,-1
18046486451729575,DWRCqLyAs94,oceanconservationnamibia,Ocean Conservation Namibia,C0410,3,0.0,0,15,4,1,0
18040324151556021,DWRCqLyAs94,oceanconservationnamibia,Ocean Conservation Namibia,C1185,25,-0.5871,0,20,3,1,8
17881989498484279,DWRCqLyAs94,oceanconservationnamibia,Ocean Conservation Namibia,C0686,125,0.0,0,12,2,1,30
18093417733895051,DWRCqLyAs94,oceanconservationnamibia,Ocean Conservation Namibia,C0706,19,0.4404,0,10,2,1,20
17915797467337724,DWRCqLyAs94,oceanconservationnamibia,Ocean Conservation Namibia,C0512,3,0.0,2,8,2,1,0
18440873767114446,DWRCqLyAs94,oceanconservationnamibia,Ocean Conservation Namibia,C0248,39,0.0,2,6,2,1,9
18012496031714567,DW3qjZfjcDh,oceanconservationnamibia,Ocean Conservation Namibia,C0216,71,0.8899,0,17,4,1,4
18045788156534918,DW3qjZfjcDh,oceanconservationnamibia,Ocean Conservation Namibia,C1122,0,0.0,0,6,5,1,
18116436274779861,DW3qjZfjcDh,oceanconservationnamibia,Ocean Conservation Namibia,C0143,3,0.0,0,14,4,1,0
18091079729184729,DW3qjZfjcDh,oceanconservationnamibia,Ocean Conservation Namibia,C0695,58,0.8579,0,18,6,1,-1
18098118086027608,DW3qjZfjcDh,oceanconservationnamibia,Ocean Conservation Namibia,C1040,81,0.5647,0,11,6,1,-1
18158001664446570,DW3qjZfjcDh,oceanconservationnamibia,Ocean Conservation Namibia,C1219,4,0.0,0,15,5,1,0
18141224800507329,DW3qjZfjcDh,oceanconservationnamibia,Ocean Conservation Namibia,C0108,6,0.0,0,4,5,1,0
18089999078247750,DW3qjZfjcDh,oceanconservationnamibia,Ocean Conservation Namibia,C0305,25,0.0,0,21,4,1,-1
17939261448195945,DW3qjZfjcDh,oceanconservationnamibia,Ocean Conservation Namibia,C0818,8,0.0,0,6,3,1,0
18118291789634446,DW3qjZfjcDh,oceanconservationnamibia,Ocean Conservation Namibia,C0432,6,0.0,0,17,2,1,1
17934701706082924,DW3qjZfjcDh,oceanconservationnamibia,Ocean Conservation Namibia,C0097,30,0.4939,0,17,6,1,27
18064457972345522,DW3qjZfjcDh,oceanconservationnamibia,Ocean Conservation Namibia,C0060,13,0.4404,0,13,4,1,11
18050985290735617,DW3qjZfjcDh,oceanconservationnamibia,Ocean Conservation Namibia,C0902,35,0.0,0,5,4,1,-1
17861634330653980,DW3qjZfjcDh,oceanconservationnamibia,Ocean Conservation Namibia,C0902,18,0.6696,0,5,4,1,10
18551045188067112,DW3qjZfjcDh,oceanconservationnamibia,Ocean Conservation Namibia,C0325,25,0.4199,0,19,3,1,17
18360785014235192,DVn1_0tkheU,oceanconservationnamibia,Ocean Conservation Namibia,C0131,13,0.0,0,8,0,1,1
17952869940175729,DVn1_0tkheU,oceanconservationnamibia,Ocean Conservation Namibia,C0545,72,-0.128,0,13,5,1,-1
18095367539349912,DVn1_0tkheU,oceanconservationnamibia,Ocean Conservation Namibia,C0340,16,0.8213,0,1,5,1,4
18451848979118070,DVn1_0tkheU,oceanconservationnamibia,Ocean Conservation Namibia,C0781,83,0.0,0,20,0,1,2
18323908039282940,DVn1_0tkheU,oceanconservationnamibia,Ocean Conservation Namibia,C0440,24,0.0,0,17,0,1,2
17940040629250814,DVn1_0tkheU,oceanconservationnamibia,Ocean Conservation Namibia,C0526,10,0.4404,0,8,0,1,12
17894027103476693,DVn1_0tkheU,oceanconservationnamibia,Ocean Conservation Namibia,C0499,3,0.0,0,16,6,1,0
18215884291334001,DVn1_0tkheU,oceanconservationnamibia,Ocean Conservation Namibia,C1201,9,0.0,0,1,6,1,1
17891888118537050,DVn1_0tkheU,oceanconservationnamibia,Ocean Conservation Namibia,C0299,16,0.4404,0,16,5,1,4
18106369987997238,DVn1_0tkheU,oceanconservationnamibia,Ocean Conservation Namibia,C0501,1,0.0,0,15,5,1,
18153559120487419,DVn1_0tkheU,oceanconservationnamibia,Ocean Conservation Namibia,C0861,5,0.0,0,21,2,1,0
17888801793556740,DVn1_0tkheU,oceanconservationnamibia,Ocean Conservation Namibia,C0504,2,0.0,0,15,0,1,
17861409624602131,DVn1_0tkheU,oceanconservationnamibia,Ocean Conservation Namibia,C1059,5,0.0,1,13,5,1,0
18560549455065556,DVn1_0tkheU,oceanconservationnamibia,Ocean Conservation Namibia,C0551,3,0.0,0,8,5,1,0
17943065226036806,DVn1_0tkheU,oceanconservationnamibia,Ocean Conservation Namibia,C0657,2,0.0,0,3,5,1,
18098626382081234,DWtXeL1ipwh,oceanconservationnamibia,Ocean Conservation Namibia,C0462,29,0.3382,0,23,3,1,4
18004113791875088,DWtXeL1ipwh,oceanconservationnamibia,Ocean Conservation Namibia,C0294,7,0.0,0,19,0,1,1
18119168617578212,DWtXeL1ipwh,oceanconservationnamibia,Ocean Conservation Namibia,C0143,4,0.0,0,13,4,1,0
18317380327259142,DWtXeL1ipwh,oceanconservationnamibia,Ocean Conservation Namibia,C0923,12,0.0,0,10,4,1,1
17975231685008438,DWtXeL1ipwh,oceanconservationnamibia,Ocean Conservation Namibia,C0413,2,0.0,0,6,0,1,
18394802173153475,DWtXeL1ipwh,oceanconservationnamibia,Ocean Conservation Namibia,C0680,136,0.0,0,10,6,1,20
17879611380556997,DWtXeL1ipwh,oceanconservationnamibia,Ocean Conservation Namibia,C0431,4,0.0,0,14,2,1,0
18432213001138913,DWtXeL1ipwh,oceanconservationnamibia,Ocean Conservation Namibia,C0202,10,0.0,1,6,2,1,1
18126392428593128,DWtXeL1ipwh,oceanconservationnamibia,Ocean Conservation Namibia,C0619,24,0.8516,0,15,1,1,4
18063963803363300,DWtXeL1ipwh,oceanconservationnamibia,Ocean Conservation Namibia,C1186,1,0.0,0,15,3,1,
18582309889059729,DWtXeL1ipwh,oceanconservationnamibia,Ocean Conservation Namibia,C0686,117,0.0,0,9,3,1,30
17965521417065793,DWtXeL1ipwh,oceanconservationnamibia,Ocean Conservation Namibia,C0476,10,0.0,0,0,3,1,1
17957977215102917,DWtXeL1ipwh,oceanconservationnamibia,Ocean Conservation Namibia,C0678,77,0.7435,0,10,2,1,-1
17905562559398665,DWtXeL1ipwh,oceanconservationnamibia,Ocean Conservation Namibia,C0731,2,0.0,0,22,1,1,
17936314647203210,DWtXeL1ipwh,oceanconservationnamibia,Ocean Conservation Namibia,C1091,7,0.0,0,15,1,1,0
18103640861515645,DW6Pc5tFHYE,oceanconservationnamibia,Ocean Conservation Namibia,C0127,70,0.6908,0,20,5,1,7
18041598710568062,DW6Pc5tFHYE,oceanconservationnamibia,Ocean Conservation Namibia,C0143,4,0.0,0,13,4,1,0
17853857742662988,DW6Pc5tFHYE,oceanconservationnamibia,Ocean Conservation Namibia,C0923,12,0.0,0,10,4,1,1
18567122782003618,DW6Pc5tFHYE,oceanconservationnamibia,Ocean Conservation Namibia,C0111,8,0.0,0,20,6,1,0
17895900261298305,DW6Pc5tFHYE,oceanconservationnamibia,Ocean Conservation Namibia,C0413,4,0.0,0,21,0,1,0
18072083831638161,DW6Pc5tFHYE,oceanconservationnamibia,Ocean Conservation Namibia,C1219,51,0.0,0,15,5,1,8
18084541010057060,DW6Pc5tFHYE,oceanconservationnamibia,Ocean Conservation Namibia,C1245,4,0.0,0,6,5,1,0
17894050086306916,DW6Pc5tFHYE,oceanconservationnamibia,Ocean Conservation Namibia,C1047,17,0.4588,0,11,2,1,-1
18100892843489082,DW6Pc5tFHYE,oceanconservationnamibia,Ocean Conservation Namibia,C0473,52,-0.3612,0,22,0,1,7
18098033549060800,DW6Pc5tFHYE,oceanconservationnamibia,Ocean Conservation Namibia,C0619,77,0.8402,0,13,0,1,7
18095974048863881,DW6Pc5tFHYE,oceanconservationnamibia,Ocean Conservation Namibia,C0743,43,0.7717,0,12,6,1,17
18099206398820244,DW6Pc5tFHYE,oceanconservationnamibia,Ocean Conservation Namibia,C0329,43,0.3612,0,17,5,1,14
18074473841541339,DW6Pc5tFHYE,oceanconservationnamibia,Ocean Conservation Namibia,C0244,46,0.0,0,22,4,1,7
17946014160151382,DW6Pc5tFHYE,oceanconservationnamibia,Ocean Conservation Namibia,C0899,6,0.0,0,22,4,1,0
18095586569120060,DW6Pc5tFHYE,oceanconservationnamibia,Ocean Conservation Namibia,C1185,4,0.0,0,22,4,1,0
17932501410208997,DWbV1NRgceI,oceanconservationnamibia,Ocean Conservation Namibia,C0646,189,-0.4767,127,12,5,1,7
18334735288219712,DWbV1NRgceI,oceanconservationnamibia,Ocean Conservation Namibia,C0257,10,0.0,2,20,5,1,9
18079707752086916,DWbV1NRgceI,oceanconservationnamibia,Ocean Conservation Namibia,C0521,37,0.5994,2,12,6,1,-1
18093310247131172,DWbV1NRgceI,oceanconservationnamibia,Ocean Conservation Namibia,C0688,12,0.3612,2,3,6,1,11
18085143191358572,DWbV1NRgceI,oceanconservationnamibia,Ocean Conservation Namibia,C0619,77,0.2023,6,3,6,1,-1
17933129505212271,DWbV1NRgceI,oceanconservationnamibia,Ocean Conservation Namibia,C0745,26,0.0,4,19,5,1,-1
17995009775926642,DWbV1NRgceI,oceanconservationnamibia,Ocean Conservation Namibia,C0909,49,0.0,6,12,5,1,29
17943902991157991,DWbV1NRgceI,oceanconservationnamibia,Ocean Conservation Namibia,C0858,45,0.3595,1,11,6,1,-1
18059198936695637,DWbV1NRgceI,oceanconservationnamibia,Ocean Conservation Namibia,C0686,143,0.0,1,17,5,1,30
18091365551326011,DWbV1NRgceI,oceanconservationnamibia,Ocean Conservation Namibia,C0569,7,0.0,1,17,5,1,1
18144852796488804,DWbV1NRgceI,oceanconservationnamibia,Ocean Conservation Namibia,C0342,2,0.0,1,1,6,1,
18115818562630657,DWbV1NRgceI,oceanconservationnamibia,Ocean Conservation Namibia,C0090,4,0.0,1,20,5,1,0
18082483277524985,DWbV1NRgceI,oceanconservationnamibia,Ocean Conservation Namibia,C0502,11,0.0,1,16,5,1,1
18065133479660852,DWbV1NRgceI,oceanconservationnamibia,Ocean Conservation Namibia,C0966,1,0.0,2,14,5,1,
18575006872043931,DWbV1NRgceI,oceanconservationnamibia,Ocean Conservation Namibia,C0382,39,0.2732,35,18,5,1,-1
18173730970420729,DWv8LJvlSEd,oceanconservationnamibia,Ocean Conservation Namibia,C0131,17,0.0,0,7,4,1,1
18096470996264740,DWv8LJvlSEd,oceanconservationnamibia,Ocean Conservation Namibia,C1116,2,0.0,0,15,6,1,
18120956119667796,DWv8LJvlSEd,oceanconservationnamibia,Ocean Conservation Namibia,C0366,4,0.0,0,18,0,1,0
18105728467798839,DWv8LJvlSEd,oceanconservationnamibia,Ocean Conservation Namibia,C1056,14,0.3612,0,9,3,1,11
18106049713994190,DWv8LJvlSEd,oceanconservationnamibia,Ocean Conservation Namibia,C1168,57,0.3612,0,11,2,1,3
18124902298572057,DWv8LJvlSEd,oceanconservationnamibia,Ocean Conservation Namibia,C0527,13,0.0,0,11,5,1,1
17920078263142646,DWv8LJvlSEd,oceanconservationnamibia,Ocean Conservation Namibia,C0164,0,0.0,0,12,6,1,
18095696807155141,DWv8LJvlSEd,oceanconservationnamibia,Ocean Conservation Namibia,C0669,3,0.0,0,1,1,1,0
18090229067598322,DWv8LJvlSEd,oceanconservationnamibia,Ocean Conservation Namibia,C0294,7,0.0,0,14,5,1,1
18176530933392495,DWv8LJvlSEd,oceanconservationnamibia,Ocean Conservation Namibia,C0143,3,0.0,0,13,4,1,0
18044301215551116,DWv8LJvlSEd,oceanconservationnamibia,Ocean Conservation Namibia,C0699,43,0.8682,0,23,2,1,4
18209887195333769,DWv8LJvlSEd,oceanconservationnamibia,Ocean Conservation Namibia,C0813,15,0.0,0,17,0,1,29
18100117804997330,DWv8LJvlSEd,oceanconservationnamibia,Ocean Conservation Namibia,C0798,10,0.4199,0,15,6,1,23
18090987476335902,DWv8LJvlSEd,oceanconservationnamibia,Ocean Conservation Namibia,C0134,15,0.0,0,12,4,1,9
18101183218988073,DWv8LJvlSEd,oceanconservationnamibia,Ocean Conservation Namibia,C0468,18,0.0,0,17,1,1,4
18107642620854068,DV3SrNtD80c,oceanconservationnamibia,Ocean Conservation Namibia,C0686,97,0.0,0,18,3,1,30
17979120654005478,DV3SrNtD80c,oceanconservationnamibia,Ocean Conservation Namibia,C0490,8,0.0,0,11,3,1,0
18149007547411986,DV3SrNtD80c,oceanconservationnamibia,Ocean Conservation Namibia,C0537,24,0.5994,0,19,1,1,-1
18068528270302642,DV3SrNtD80c,oceanconservationnamibia,Ocean Conservation Namibia,C0827,6,0.0,0,17,1,1,1
18155901067446211,DV3SrNtD80c,oceanconservationnamibia,Ocean Conservation Namibia,C0215,68,0.7506,0,5,1,1,-1
18125849371572709,DV3SrNtD80c,oceanconservationnamibia,Ocean Conservation Namibia,C1033,4,0.0,0,12,0,1,0
17879752512509045,DV3SrNtD80c,oceanconservationnamibia,Ocean Conservation Namibia,C0976,5,0.0,0,10,0,1,0
18315470419259523,DV3SrNtD80c,oceanconservationnamibia,Ocean Conservation Namibia,C0105,66,0.8388,0,0,3,1,7
18097034098812217,DV3SrNtD80c,oceanconservationnamibia,Ocean Conservation Namibia,C0514,11,0.3612,0,11,1,1,11
18091167419126933,DV3SrNtD80c,oceanconservationnamibia,Ocean Conservation Namibia,C0422,9,0.0,0,21,0,1,1
18098833195940587,DV3SrNtD80c,oceanconservationnamibia,Ocean Conservation Namibia,C0461,3,0.0,0,14,0,1,0
18093506588013638,DV3SrNtD80c,oceanconservationnamibia,Ocean Conservation Namibia,C1243,78,0.6901,0,12,0,1,14
17965619949029615,DV3SrNtD80c,oceanconservationnamibia,Ocean Conservation Namibia,C0485,7,0.0,1,3,0,1,1
18088790008907177,DV3SrNtD80c,oceanconservationnamibia,Ocean Conservation Namibia,C1052,4,0.0,1,2,0,1,0
18103976455718846,DV3SrNtD80c,oceanconservationnamibia,Ocean Conservation Namibia,C0262,3,0.0,1,19,6,1,0
18078517676159763,DWJUQOwkd-V,oceanconservationnamibia,Ocean Conservation Namibia,C0302,76,0.0,0,4,5,1,7
18127936174507467,DWJUQOwkd-V,oceanconservationnamibia,Ocean Conservation Namibia,C0061,4,0.0,0,7,6,1,-1
18112108729698084,DWJUQOwkd-V,oceanconservationnamibia,Ocean Conservation Namibia,C1087,12,0.3612,0,7,2,1,11
18108374776884928,DWJUQOwkd-V,oceanconservationnamibia,Ocean Conservation Namibia,C0686,105,0.0,0,13,0,1,30
18113221036683598,DWJUQOwkd-V,oceanconservationnamibia,Ocean Conservation Namibia,C0353,2,0.0,0,18,4,1,
18063692258342362,DWJUQOwkd-V,oceanconservationnamibia,Ocean Conservation Namibia,C0797,71,0.0,0,20,2,1,15
17911875912358428,DWJUQOwkd-V,oceanconservationnamibia,Ocean Conservation Namibia,C0899,3,0.0,0,20,5,1,0
18079096772429366,DWJUQOwkd-V,oceanconservationnamibia,Ocean Conservation Namibia,C0197,29,0.3612,0,19,4,1,20
18012467117682137,DWJUQOwkd-V,oceanconservationnamibia,Ocean Conservation Namibia,C1185,4,0.0,0,20,3,1,0
17911751082428824,DWJUQOwkd-V,oceanconservationnamibia,Ocean Conservation Namibia,C0896,11,0.0,0,14,3,1,1
18046689056536320,DWJUQOwkd-V,oceanconservationnamibia,Ocean Conservation Namibia,C1198,2,0.0,0,20,6,1,
18116736595569293,DWJUQOwkd-V,oceanconservationnamibia,Ocean Conservation Namibia,C0341,16,-0.5423,1,16,6,1,-1
17879714913397877,DWJUQOwkd-V,oceanconservationnamibia,Ocean Conservation Namibia,C0182,93,0.3544,2,16,6,1,-1
17918756286125589,DWJUQOwkd-V,oceanconservationnamibia,Ocean Conservation Namibia,C1033,4,0.0,1,13,6,1,0
18577155640006655,DWJUQOwkd-V,oceanconservationnamibia,Ocean Conservation Namibia,C0514,14,0.3612,4,12,6,1,11
17988660530955159,DW8ZEQcGmuw,oceanconservationnamibia,Ocean Conservation Namibia,C0421,127,0.0,5,8,4,1,-1
18087923528261603,DXRbK38DM3W,oceanconservationnamibia,Ocean Conservation Namibia,C0615,32,0.6351,1,5,6,1,-1
18170217208417306,DXRbK38DM3W,oceanconservationnamibia,Ocean Conservation Namibia,C0119,13,0.0,1,3,6,1,8
17985901745972329,DXRbK38DM3W,oceanconservationnamibia,Ocean Conservation Namibia,C0688,12,0.3612,1,2,6,1,11
18093092666146960,DXRbK38DM3W,oceanconservationnamibia,Ocean Conservation Namibia,C0276,47,0.596,1,20,5,1,16
18099081449021616,DXRbK38DM3W,oceanconservationnamibia,Ocean Conservation Namibia,C0618,17,0.6249,1,20,5,1,17
17937652293195767,DXRbK38DM3W,oceanconservationnamibia,Ocean Conservation Namibia,C0586,15,0.0,1,18,5,1,2
18075925367199778,DXRbK38DM3W,oceanconservationnamibia,Ocean Conservation Namibia,C1218,88,0.0,1,17,5,1,15
17900253405260711,DV8HsvgjHW4,oceanconservationnamibia,Ocean Conservation Namibia,C0061,24,0.6369,0,10,3,1,12
18456587998129286,DV8HsvgjHW4,oceanconservationnamibia,Ocean Conservation Namibia,C0023,111,0.7644,1,16,6,1,22
17985124055961497,DV8HsvgjHW4,oceanconservationnamibia,Ocean Conservation Namibia,C0899,3,0.0,0,20,5,1,0
17948006016131428,DV8HsvgjHW4,oceanconservationnamibia,Ocean Conservation Namibia,C0106,23,0.0,0,13,2,1,15
18580847761043701,DV8HsvgjHW4,oceanconservationnamibia,Ocean Conservation Namibia,C0556,12,0.0,0,0,2,1,-1
18114487561673102,DV8HsvgjHW4,oceanconservationnamibia,Ocean Conservation Namibia,C0671,4,0.0,0,17,6,1,0
18077691143142072,DV8HsvgjHW4,oceanconservationnamibia,Ocean Conservation Namibia,C1107,2,0.0,0,14,5,1,
