brightness,contrast,saturation,colourfulness,warm_share,dominant_hex,dominant_share,text_edge_density,aspect_ratio,Post_ID,nn_post_id,nn_cosine,is_near_dup,dup_cluster,Actor_Name,Handle
0.322,0.1851,0.3387,25.2,0.9313,#6c594c,0.5443,0.1243,0.563,DWbxil5DMTW,DVthvBkjAAF,0.5559,0,,WWF Namibia,wwfnamibia
0.3928,0.2061,0.4499,58.71,0.237,#345828,0.4566,0.077,0.771,DXbu79iDCnX,DXbynlCjsnU,0.8213,0,,WWF Namibia,wwfnamibia
0.4985,0.2551,0.2727,39.17,0.516,#6c6454,0.4343,0.0932,1.48,DWjdIZtjHgI,DUELhjJjd7D,0.6814,0,,WWF Namibia,wwfnamibia
0.3983,0.2977,0.2165,45.42,0.4261,#070706,0.5438,0.1678,0.75,DWbAAoijFTa,DQkKY5FCLco,0.598,0,,WWF Namibia,wwfnamibia
0.499,0.1893,0.3443,46.71,0.7666,#997155,0.4271,0.0667,0.562,DWW4P-5CLtE,DWUhj7VjtYE,0.7857,0,,Ministry of Environment Forestry & Tourism,ministry_of_environment_nam
0.4708,0.188,0.3135,53.12,0.4596,#565964,0.5975,0.069,0.563,DWUhj7VjtYE,DWW4P-5CLtE,0.7857,0,,Ministry of Environment Forestry & Tourism,ministry_of_environment_nam
0.7959,0.2256,0.0756,24.71,0.8087,#eae8e6,0.7998,0.14,1.5,DRUGF9ajCli,DXuVGWBCGa5,0.703,0,,Youth4CAN,youth4can_namibia
0.5925,0.0798,0.2301,41.61,0.3152,#9ca6c5,0.4252,0.0094,1.6,DXceVTokb5e,DRwcckvjYNV,0.9498,0,,Giraffe Conservation Foundation,giraffe_conservation
0.5451,0.206,0.1394,24.13,0.427,#8e9497,0.5557,0.0629,0.8,DUxWaDAiHXN,DUx-o2qCL2l,0.757,0,,NACSO,nacso_namibia1
0.6161,0.2258,0.2791,54.76,0.141,#d0dae3,0.5431,0.1309,0.75,DXbU3-0DCwx,DWdkN4BiJyf,0.6754,0,,Youth4CAN,youth4can_namibia
0.4979,0.2476,0.2321,28.6,0.4978,#d5ddec,0.3895,0.0267,1.909,DXuf7d6EZeD,DSGA6a6gTQ3,0.9546,1,0,Giraffe Conservation Foundation,giraffe_conservation
0.5555,0.2343,0.2831,34.05,0.9537,#ae8b6e,0.4461,0.091,1.0,DVAe29YCKEl,DVa3m5fDjN9,0.6469,0,,NACSO,nacso_namibia1
0.4347,0.1678,0.2684,38.7,0.4061,#5a646a,0.6075,0.0507,1.0,DXhn93Tjbxw,DUtYO6nDaS4,0.9444,0,,Giraffe Conservation Foundation,giraffe_conservation
0.44,0.2049,0.4189,70.61,0.9278,#925b34,0.4923,0.0712,1.5,DXgfcC4CBh-,DXOusaviOJN,0.8777,0,,Ministry of Environment Forestry & Tourism,ministry_of_environment_nam
0.4975,0.2449,0.4723,85.76,0.2358,#0c6ea5,0.5584,0.1138,0.8,DUx-o2qCL2l,DUxWaDAiHXN,0.757,0,,NACSO,nacso_namibia1
0.5371,0.2011,0.3331,50.36,0.6689,#a49865,0.6058,0.0838,0.8,DXmxhmVDVZm,DVO3p9GDGew,0.687,0,,Giraffe Conservation Foundation,giraffe_conservation
0.4285,0.1958,0.2971,37.97,0.6195,#6d665d,0.4812,0.0583,1.5,DVGf_p2iJ72,DUaqWnPCDxU,0.721,0,,NACSO,nacso_namibia1
0.7217,0.2364,0.2082,37.58,0.241,#d4e4fe,0.688,0.0332,1.772,DXqj3iSiA-v,DVyJyHCoyal,0.6807,0,,Ministry of Environment Forestry & Tourism,ministry_of_environment_nam
0.5126,0.2004,0.3161,32.62,0.9887,#d6ab99,0.4663,0.028,0.562,DXivehMRBFx,DV7XJOljNi_,0.8584,0,,Ongava Game Reserve,ongavagamereserve
0.488,0.2947,0.2584,30.94,0.4763,#d7dde1,0.4383,0.0611,1.517,DVvS2FYjO4c,DRR08Jyiog6,0.7692,0,,WWF Namibia,wwfnamibia
0.3967,0.1668,0.2288,46.54,0.4368,#676666,0.5858,0.0528,1.5,DXhEfFxiKkR,DXb9mmtiBmy,0.8798,0,,Ministry of Environment Forestry & Tourism,ministry_of_environment_nam
0.4152,0.2511,0.3095,46.76,1.0,#352723,0.3799,0.0044,1.501,DU2f6MXjhAG,DQwlJwfDWbc,0.8626,0,,Save the Rhino Trust Namibia,savetherhinonamibia
0.2884,0.1146,0.3394,29.12,0.5577,#5f5b4c,0.3183,0.0141,1.5,DUh5k2lAUk4,DRj2I1ODuFl,0.7659,0,,Save the Rhino Trust Namibia,savetherhinonamibia
0.5299,0.1759,0.3982,72.53,0.2732,#9b9a63,0.5159,0.0181,1.778,DVIyH5WjD2M,DV1dpcLjf4m,0.6085,0,,WWF Namibia,wwfnamibia
0.4547,0.2355,0.2292,40.84,0.5493,#575658,0.4762,0.1173,0.8,DXtx6MkCJiI,DXHaZrliNMl,0.6112,0,,Ministry of Environment Forestry & Tourism,ministry_of_environment_nam
0.6803,0.1902,0.4149,60.32,0.9898,#d3b05f,0.4668,0.117,1.779,DVYvpYOjOdh,DSSZ_zZjCkl,0.8054,0,,WWF Namibia,wwfnamibia
0.5527,0.2261,0.2068,33.5,0.6914,#635d54,0.3864,0.1449,1.499,DV8qrmUDGoW,DXG_Rg6gKjW,0.7534,0,,Save the Rhino Trust Namibia,savetherhinonamibia
0.4325,0.1024,0.5451,39.15,0.9998,#a2654b,0.5723,0.0226,1.501,DVa3opXjgA4,DXbSvspFoHk,0.9398,0,,Save the Rhino Trust Namibia,savetherhinonamibia
0.4833,0.1339,0.1344,24.0,0.3052,#88888c,0.7677,0.0291,1.501,DVF8oQhjpcp,DQmoSzej7Cs,0.7729,0,,Save the Rhino Trust Namibia,savetherhinonamibia
0.5753,0.1774,0.255,37.8,0.7775,#a58e6f,0.3796,0.0994,1.778,DUP4CreEVt1,DVl64BGCPgg,0.7613,0,,Save the Rhino Trust Namibia,savetherhinonamibia
0.4699,0.1143,0.4389,67.07,0.7655,#946b52,0.5183,0.0341,1.501,DWny2u3DoHP,DWlb0sNDFI2,0.8491,0,,Save the Rhino Trust Namibia,savetherhinonamibia
0.4756,0.1002,0.2061,18.38,0.9167,#6c5e54,0.3139,0.0059,1.501,DWBK6wwjrgc,DXbSvspFoHk,0.9429,0,,Save the Rhino Trust Namibia,savetherhinonamibia
0.4305,0.2037,0.2141,29.23,0.3878,#61695d,0.3929,0.0374,1.501,DVskknKErzC,DUPqMmljuGv,0.7457,0,,Save the Rhino Trust Namibia,savetherhinonamibia
0.5311,0.1862,0.393,86.13,0.5646,#ae9b90,0.5193,0.0732,1.0,DXJwT-bjkEW,DUYS-aeDTbR,0.7443,0,,Gobabeb Research & Training Centre,gobabeb
0.4746,0.1393,0.4763,66.0,0.7389,#895a39,0.2899,0.0094,1.501,DWQnsyXjpjb,DS1wKIEjqZf,0.9214,0,,Save the Rhino Trust Namibia,savetherhinonamibia
0.7889,0.2204,0.1461,60.52,0.473,#f0f4f5,0.7049,0.22,1.82,DWws0QXjeph,DT2pb6hiLJo,0.5565,0,,Giraffe Conservation Foundation,giraffe_conservation
0.8353,0.3126,0.0,0.0,1.0,#f5f5f5,0.8218,0.0241,1.501,DVX-MaIDs-A,DXMYTYjlr_q,0.8268,0,,Save the Rhino Trust Namibia,savetherhinonamibia
0.5951,0.1974,0.3657,78.13,0.5641,#6eb3f3,0.5015,0.1222,1.0,DU8LQZCDHZD,DWMOLvjI0E1,0.7608,0,,WWF Namibia,wwfnamibia
0.3477,0.2036,0.429,67.43,0.5155,#5b5f63,0.3609,0.0167,1.501,DWgEfuPDuiu,DR9lkQmjMsq,0.8456,0,,Save the Rhino Trust Namibia,savetherhinonamibia
0.5257,0.2607,0.3639,65.61,0.5741,#a0d0f2,0.5354,0.1759,1.91,DW4bUExGWiB,DUELhjJjd7D,0.8862,0,,Giraffe Conservation Foundation,giraffe_conservation
0.3722,0.2798,0.2595,30.3,0.347,#1b1c23,0.6282,0.135,1.253,DXMoBOzDnXM,DXca0cil6Mk,0.6694,0,,Gobabeb Research & Training Centre,gobabeb
0.9175,0.1177,0.0361,19.22,0.6424,#f1f4f4,0.8776,0.0879,0.801,DXWs260ldFZ,DRz_BrsjG0U,0.6287,0,,Gobabeb Research & Training Centre,gobabeb
0.5179,0.2666,0.3714,46.25,0.5246,#cfcfdc,0.5329,0.1373,1.186,DWrjZFUDvNu,DSGA6a6gTQ3,0.9491,0,,Giraffe Conservation Foundation,giraffe_conservation
0.6836,0.1687,0.2444,47.32,0.4082,#c6cee8,0.5197,0.0557,1.5,DWmZr1-Ewni,DSLMZorAZyc,1.0,1,0,Giraffe Conservation Foundation,giraffe_conservation
0.4302,0.1905,0.2952,32.87,0.5992,#654d2f,0.372,0.0833,0.743,DTfkmjZiIqB,DTSTWrNDnOT,0.6649,0,,NACSO,nacso_namibia1
0.5407,0.2118,0.3063,48.57,0.5312,#9c926d,0.523,0.1481,1.498,DTxc-x1iMoN,DWhVFUtDubq,0.7532,0,,NACSO,nacso_namibia1
0.4629,0.2395,0.4464,86.91,0.6199,#201e21,0.5561,0.1313,1.052,DW4hFLgDm7x,DW3WLwbiIzy,0.8142,0,,Ministry of Environment Forestry & Tourism,ministry_of_environment_nam
0.4328,0.2745,0.4573,52.36,0.8492,#251714,0.3822,0.0534,1.333,DRe7J7VjG1W,DROvNLoDNmc,0.8005,0,,NACSO,nacso_namibia1
0.3406,0.2,0.3769,40.89,0.8104,#271f1e,0.5066,0.0641,1.333,DRb4AbSDIld,DRyly-3Elxh,0.8359,0,,NACSO,nacso_namibia1
0.5979,0.3655,0.086,21.14,0.5883,#fafafb,0.5049,0.046,0.742,DXHaZrliNMl,DXuDcJQiA2H,0.7793,0,,Ministry of Environment Forestry & Tourism,ministry_of_environment_nam
0.6745,0.1126,0.2056,31.59,0.8391,#c6b49c,0.3909,0.0278,1.5,DXCNPQDCMkN,DVgC6V2ioa5,0.9043,0,,Ministry of Environment Forestry & Tourism,ministry_of_environment_nam
0.3164,0.2578,0.3999,86.73,0.4248,#191920,0.6786,0.0914,1.197,DXMfT__iL4g,DVtwG76oLp5,0.7366,0,,Ministry of Environment Forestry & Tourism,ministry_of_environment_nam
0.9369,0.1097,0.0088,7.47,0.9437,#f7f7f7,0.8891,0.0541,0.743,DXHih5GiFjt,DVO6X1fiLN9,0.8702,0,,Ministry of Environment Forestry & Tourism,ministry_of_environment_nam
0.5056,0.1624,0.2798,42.89,0.3046,#679069,0.5187,0.0579,1.5,DXCM5WvCK1G,DWd8TPlCGNF,0.7338,0,,Ministry of Environment Forestry & Tourism,ministry_of_environment_nam
0.6376,0.1249,0.2312,43.7,0.5476,#b6c1ce,0.4447,0.0164,1.333,DSJ-pEaCZpG,DWQnsyXjpjb,0.9185,0,,Save the Rhino Trust Namibia,savetherhinonamibia
0.4404,0.2597,0.2406,37.58,0.9397,#2d2a28,0.5456,0.0571,1.503,DXOusaviOJN,DRzUzfEiDhG,0.8951,0,,Ministry of Environment Forestry & Tourism,ministry_of_environment_nam
0.5456,0.1766,0.2309,39.47,0.7194,#aba793,0.4072,0.0805,1.824,DSRtCbRj9Wv,DQmoSzej7Cs,0.8314,0,,Save the Rhino Trust Namibia,savetherhinonamibia
0.3034,0.1681,0.1421,12.75,0.5336,#57514f,0.3843,0.0649,0.563,DSJ-qKtlVzK,DVHpOKMj7dH,0.7118,0,,Save the Rhino Trust Namibia,savetherhinonamibia
0.4362,0.2239,0.2898,39.06,0.6361,#25241e,0.4361,0.0889,0.563,DXcTP6pCFgr,DVSdPEfDGlm,0.685,0,,Ministry of Environment Forestry & Tourism,ministry_of_environment_nam
0.5884,0.2998,0.3089,55.89,0.5808,#f2f5f6,0.4748,0.1319,0.8,DSetnWpEdUz,DWQnsyXjpjb,0.5588,0,,Save the Rhino Trust Namibia,savetherhinonamibia
0.4224,0.2069,0.1216,25.33,0.3827,#5e5b5e,0.4742,0.0768,1.501,DXLzm_7CPil,DUI6f7uiG8n,0.7128,0,,Ministry of Environment Forestry & Tourism,ministry_of_environment_nam
0.6001,0.2433,0.3186,77.01,0.6021,#e6d8d6,0.6943,0.0602,1.5,DXb9mmtiBmy,DWUGbt-DAvh,0.8941,0,,Ministry of Environment Forestry & Tourism,ministry_of_environment_nam
0.3502,0.2164,0.3923,58.51,0.2504,#1a1e2f,0.5682,0.0694,1.778,DXPSz7wCFzY,DVyJyHCoyal,0.7315,0,,Ministry of Environment Forestry & Tourism,ministry_of_environment_nam
0.4279,0.2149,0.4534,46.64,0.9948,#cb976a,0.3665,0.089,0.743,DRPdL0MjNdg,DXfEn4XjoXB,0.5455,0,,Desert Lion Conservation Trust,desertlionconservation
0.2308,0.2597,0.0687,13.36,0.9851,#0a0a0a,0.5947,0.1505,1.0,DXfEn4XjoXB,DRPdL0MjNdg,0.5455,0,,Desert Lion Conservation Trust,desertlionconservation
0.4114,0.2176,0.1558,63.68,0.8564,#5d5e5d,0.5561,0.176,1.0,DWI5Bgrijl6,DWLzna6im7B,0.6158,0,,Namibia Youth Chamber of Environment,namyouthchamber
0.4027,0.2103,0.3435,57.42,0.5635,#5d5952,0.4662,0.0768,1.193,DQrx5BLD64o,DQ4p6A_j2N8,0.6551,0,,Save the Rhino Trust Namibia,savetherhinonamibia
0.8219,0.2396,0.1585,40.61,0.8507,#faf7eb,0.7678,0.2201,2.004,DWoX4BUCpCZ,DUX_wPFCgIs,0.8169,0,,Namibia Youth Chamber of Environment,namyouthchamber
0.919,0.1327,0.1546,81.14,0.8889,#fbfbf9,0.7816,0.1059,0.8,DWlbimAChbY,DVgLvVmipRs,0.6946,0,,Namibia Youth Chamber of Environment,namyouthchamber
0.7551,0.1863,0.2248,53.36,0.0615,#e1ecf3,0.5478,0.0768,1.0,DWLzna6im7B,DWBU3t0ilGW,0.6801,0,,Namibia Youth Chamber of Environment,namyouthchamber
0.479,0.2462,0.3573,30.04,0.976,#cab59a,0.351,0.0516,0.562,DRJmoBPDER3,DROvNLoDNmc,0.7917,0,,NACSO,nacso_namibia1
0.812,0.234,0.209,73.8,0.9222,#f9f8f7,0.7347,0.1811,0.749,DWYsdYrCvaE,DReQDwTDOOM,0.5548,0,,Namibia Youth Chamber of Environment,namyouthchamber
0.4813,0.1818,0.5817,119.73,0.1609,#20a79c,0.6842,0.0823,1.0,DWOYeqICgEF,DWV5l8TCp7a,0.6973,0,,Namibia Youth Chamber of Environment,namyouthchamber
0.3914,0.233,0.3869,44.56,0.312,#193428,0.6091,0.2129,1.0,DWV5l8TCp7a,DXbu79iDCnX,0.7031,0,,Namibia Youth Chamber of Environment,namyouthchamber
0.4919,0.1969,0.3674,52.63,0.6093,#684e35,0.5043,0.0642,1.193,DQmoSzej7Cs,DWQnsyXjpjb,0.8396,0,,Save the Rhino Trust Namibia,savetherhinonamibia
0.3815,0.2761,0.248,31.79,0.9413,#130f0f,0.525,0.1138,1.334,DRKRMspjOJr,DRb4AbSDIld,0.8283,0,,NACSO,nacso_namibia1
0.5314,0.2138,0.3654,54.48,0.6674,#936d52,0.493,0.0658,0.566,DQmVJK-ji6U,DQmoSzej7Cs,0.7454,0,,Save the Rhino Trust Namibia,savetherhinonamibia
0.3537,0.2181,0.5319,85.09,0.3655,#201411,0.4557,0.0502,1.498,DRPZSnICLAt,DROvNLoDNmc,0.8169,0,,NACSO,nacso_namibia1
0.4278,0.1981,0.3519,69.05,0.3945,#615e53,0.3925,0.0969,1.0,DXJOpNMFqRt,DWW44aTDSt2,0.7343,0,,N/a'an ku se Foundation,naankuse_foundation
0.5148,0.2442,0.3094,57.9,0.6533,#e7c98c,0.4348,0.0286,0.8,DXwfTUBjkcO,DXbYa58lhWu,0.7625,0,,Cheetah Conservation Fund,ccfcheetah
0.5703,0.0915,0.3587,65.61,0.4821,#8f98a4,0.4258,0.0113,1.193,DQ8u1Tdjfxy,DWgSNwADO1W,0.7656,0,,Save the Rhino Trust Namibia,savetherhinonamibia
0.699,0.2734,0.1995,40.47,0.4036,#f8f9f9,0.5294,0.1698,1.992,DW1KVyzCmTL,DT-JQYiimAB,0.6909,0,,Namibia Youth Chamber of Environment,namyouthchamber
0.4461,0.2385,0.3313,51.0,0.8438,#6d5c4e,0.4594,0.0884,1.193,DQvufAaFCLQ,DRNXF-BgS9b,0.7928,0,,Save the Rhino Trust Namibia,savetherhinonamibia
0.445,0.2386,0.2274,44.03,0.4768,#1f1d1f,0.388,0.0394,1.0,DROvNLoDNmc,DRPZSnICLAt,0.8169,0,,Namibia Nature Foundation,namibia_nature_foundation
0.4545,0.2314,0.2272,36.18,0.3485,#515660,0.4729,0.0767,0.563,DQoIHPqDDxC,DWUhj7VjtYE,0.7228,0,,WWF Namibia,wwfnamibia
0.5525,0.2225,0.7272,85.43,0.105,#5aa224,0.5379,0.1013,1.778,DW9k8REk6pa,DWZose4CUA7,1.0,1,1,N/a'an ku se Foundation,naankuse_foundation
0.4824,0.2378,0.4418,94.19,0.4975,#e0def3,0.5645,0.1521,1.0,DW-3Ni3gdfG,DXGjtBPFtcW,0.7682,0,,N/a'an ku se Foundation,naankuse_foundation
0.3923,0.2154,0.3644,51.92,0.6018,#567a9b,0.4653,0.1569,1.333,DRC9C5yCNUK,DWa67ppjZEz,0.7564,0,,Save the Rhino Trust Namibia,savetherhinonamibia
0.5844,0.1649,0.3446,58.21,0.7951,#ae8e6b,0.4811,0.0348,1.193,DRNXF-BgS9b,DQ4p6A_j2N8,0.8394,0,,Save the Rhino Trust Namibia,savetherhinonamibia
0.4567,0.1901,0.092,17.58,0.5678,#62615f,0.5418,0.02,0.8,DXxKLyiGcYl,DXVdVqvGBrZ,0.8817,0,,Cheetah Conservation Fund,ccfcheetah
0.3826,0.2206,0.3834,52.16,0.7269,#261b1e,0.5242,0.1149,1.0,DXGjtBPFtcW,DWcGfdLjB95,0.7997,0,,N/a'an ku se Foundation,naankuse_foundation
0.5603,0.2482,0.1631,30.16,0.5264,#4e5f52,0.4898,0.0743,0.8,DXEY-ltlqzA,DXoAP_2lqoE,0.6174,0,,N/a'an ku se Foundation,naankuse_foundation
0.8931,0.1815,0.1019,42.51,0.8844,#fafaf9,0.7232,0.1404,1.297,DWn1ukqCqP6,DTamIGPCnjn,0.5068,0,,Namibia Youth Chamber of Environment,namyouthchamber
0.4305,0.2648,0.397,64.05,0.693,#21181b,0.5946,0.0954,0.8,DXO2wrHFpDS,DXi6TshgSo5,0.8331,0,,N/a'an ku se Foundation,naankuse_foundation
0.474,0.166,0.2412,44.74,0.7539,#655b5a,0.4617,0.1057,0.8,DXbYa58lhWu,DXwfTUBjkcO,0.7625,0,,N/a'an ku se Foundation,naankuse_foundation
0.4413,0.2379,0.3464,59.11,0.7089,#211c1b,0.5506,0.1034,0.8,DXWIgNFloaI,DUYx4VLDCYU,0.7276,0,,N/a'an ku se Foundation,naankuse_foundation
0.7456,0.1541,0.1564,56.12,0.8019,#d6d5d0,0.6992,0.0281,0.8,DXMHXGjlv3g,DVWk_9XDbv8,0.7303,0,,N/a'an ku se Foundation,naankuse_foundation
0.6962,0.2254,0.2418,47.88,0.2411,#d5e6f3,0.6334,0.036,1.778,DVwU7pzDM_m,DWYj25RjKBe,0.8755,0,,Giraffe Conservation Foundation,giraffe_conservation
0.6272,0.2073,0.322,68.86,0.2246,#95d9e6,0.4878,0.0586,1.097,DV6oG8iDJKi,DUYx5HdiD09,0.65,0,,Giraffe Conservation Foundation,giraffe_conservation
0.6632,0.1131,0.1782,36.25,0.4186,#adaaac,0.4909,0.0345,1.332,DVomlnGjA8A,DUoOpqdjEUM,0.9595,1,2,Giraffe Conservation Foundation,giraffe_conservation
0.7129,0.198,0.201,28.45,0.9547,#f3d8d6,0.5944,0.0539,1.499,DWHgHlgj4h3,DRwcckvjYNV,0.9601,1,0,Giraffe Conservation Foundation,giraffe_conservation
0.7291,0.1735,0.3173,71.2,0.4733,#d6dbe9,0.6157,0.0584,1.506,DWCWeXDDvpY,DXCuXRniIRH,0.9001,0,,Giraffe Conservation Foundation,giraffe_conservation
0.8276,0.0986,0.1796,50.48,0.3866,#d1d9ae,0.4392,0.0322,1.908,DWUYKewCPZI,DRz_BrsjG0U,0.7582,0,,Giraffe Conservation Foundation,giraffe_conservation
0.1123,0.1706,0.1871,32.63,0.9792,#0a0807,0.836,0.0886,0.983,DV1ejcrjD4w,DRjkb12glvq,0.9325,0,,Giraffe Conservation Foundation,giraffe_conservation
0.1545,0.1683,0.3129,19.76,0.9233,#17130f,0.7582,0.019,1.499,DWZhpaAj9mI,DS8FQVIjdpH,0.9245,0,,Giraffe Conservation Foundation,giraffe_conservation
0.5846,0.2719,0.329,66.83,0.4172,#aedefc,0.5771,0.157,1.208,DWMpye-jTwn,DS1zuecDLC0,0.8311,0,,Giraffe Conservation Foundation,giraffe_conservation
0.3585,0.1288,0.4528,35.63,0.9732,#664e31,0.3156,0.0571,0.563,DR2Pq0aDO16,DSpvIk3DMXZ,0.8186,0,,AfriCat Foundation,africat_foundation
0.2429,0.2341,0.6166,36.64,0.882,#221008,0.5729,0.0177,0.564,DSpvIk3DMXZ,DW9CcE-D6SX,0.8264,0,,AfriCat Foundation,africat_foundation
0.5797,0.2024,0.2668,44.89,0.9446,#645b56,0.3977,0.0382,0.8,DXe7m2rEo4m,DVZ3LZRElaC,0.9255,0,,Cheetah Conservation Fund,ccfcheetah
0.5806,0.165,0.5199,54.5,1.0,#dea165,0.5973,0.0431,0.8,DXr5rGXmV5m,DVZ3LZRElaC,0.9361,0,,Cheetah Conservation Fund,ccfcheetah
0.4719,0.1684,0.3829,32.1,0.9877,#615034,0.3817,0.0791,0.8,DWqKBa7j5v4,DUtUiVNjyqn,0.6235,0,,N/a'an ku se Foundation,naankuse_foundation
0.3964,0.2637,0.2102,31.47,0.388,#1a191f,0.5277,0.0687,1.0,DW3oE3qFjbF,DW4bUExGWiB,0.6048,0,,N/a'an ku se Foundation,naankuse_foundation
0.3298,0.2473,0.3092,31.7,0.8716,#171510,0.5753,0.1021,1.778,DWjZfpulh0r,DUggSmvjmH0,0.7352,0,,N/a'an ku se Foundation,naankuse_foundation
0.511,0.3038,0.3135,26.06,0.6576,#dce2df,0.3841,0.3099,1.505,DSVJ6XUDP5G,DVbcgVLDPGM,0.8903,0,,AfriCat Foundation,africat_foundation
0.5525,0.2225,0.7272,85.43,0.105,#5aa224,0.5379,0.1013,1.778,DWZose4CUA7,DW9k8REk6pa,1.0,1,1,N/a'an ku se Foundation,naankuse_foundation
0.5471,0.1783,0.2938,37.54,0.8533,#907459,0.3261,0.0261,1.333,DWs8j4KATCm,DVwU7pzDM_m,0.8304,0,,N/a'an ku se Foundation,naankuse_foundation
0.433,0.1973,0.3886,50.53,0.9665,#b17357,0.5384,0.0164,0.563,DS2oMpeDIjB,DRFUHr8DPls,0.8973,0,,AfriCat Foundation,africat_foundation
0.5039,0.246,0.436,34.73,0.978,#ceb19a,0.4664,0.2019,1.5,DVeTWHdlzyU,DVomlnGjA8A,0.934,0,,Giraffe Conservation Foundation,giraffe_conservation
0.577,0.2495,0.3391,53.01,0.5136,#ced2dc,0.4998,0.0782,0.563,DTGPqHUjOPo,DXexE6XjJDv,0.9941,1,3,AfriCat Foundation,africat_foundation
0.4998,0.2045,0.1672,22.58,0.4611,#a6a79c,0.4563,0.0611,1.0,DW6aWEHllsp,DWa0GEIgUev,0.6931,0,,N/a'an ku se Foundation,naankuse_foundation
0.8151,0.2427,0.1431,37.88,0.783,#f9f6eb,0.7361,0.2253,1.998,DU-bZq3inWr,DUX_wPFCgIs,0.877,0,,Namibia Youth Chamber of Environment,namyouthchamber
0.7199,0.2214,0.1793,36.75,0.4009,#d2deea,0.6648,0.1161,1.499,DUtYO6nDaS4,DXhn93Tjbxw,0.9444,0,,Giraffe Conservation Foundation,giraffe_conservation
0.4891,0.2303,0.1989,24.75,0.7872,#655f56,0.3866,0.0325,1.496,DWn5r-flixF,DU-uqVPiIUw,0.9329,0,,N/a'an ku se Foundation,naankuse_foundation
0.5632,0.1743,0.1711,45.81,0.2112,#a0a59f,0.5718,0.0418,1.0,DWa0GEIgUev,DVqcuKHmK2G,0.7268,0,,N/a'an ku se Foundation,naankuse_foundation
0.4274,0.1492,0.2246,27.88,0.9567,#6c5e57,0.5892,0.0331,0.563,DXpWrXrDEJt,DV7XJOljNi_,0.7871,0,,Cheetah Conservation Fund,ccfcheetah
0.566,0.2677,0.266,44.01,0.7068,#e3dfd2,0.5277,0.1106,0.8,DW5xIWgllJY,DUOX2sXjWu-,0.6038,0,,N/a'an ku se Foundation,naankuse_foundation
0.3387,0.1294,0.4005,30.06,0.9723,#6a5049,0.3156,0.0052,1.499,DU_ZzNqDJmc,DUJVGkOjxSn,0.8491,0,,Giraffe Conservation Foundation,giraffe_conservation
0.6122,0.2169,0.2796,44.6,0.6339,#ccd5e4,0.5422,0.0732,1.418,DVMRx8yCMbB,DTOG1rZj1Wf,0.9095,0,,Giraffe Conservation Foundation,giraffe_conservation
0.5525,0.2225,0.7272,85.43,0.105,#5aa224,0.5379,0.1013,1.778,DWrjZUMCXX9,DW9k8REk6pa,1.0,1,1,N/a'an ku se Foundation,naankuse_foundation
0.5264,0.235,0.4319,64.04,0.4013,#99b7ea,0.5054,0.0931,1.5,DVRbYULjY8q,DRVFd6ziFlp,0.925,0,,Giraffe Conservation Foundation,giraffe_conservation
0.4551,0.1902,0.3087,33.41,0.9768,#6d574a,0.3284,0.0219,1.0,DVjc9hvjaPy,DSvNTG6DxNi,0.8284,0,,Giraffe Conservation Foundation,giraffe_conservation
0.5003,0.1721,0.3746,34.55,0.9992,#937255,0.4541,0.0284,0.8,DXZhne-jWEN,DWHfqggD7KW,0.8118,0,,Cheetah Conservation Fund,ccfcheetah
0.5102,0.1865,0.3535,62.97,0.7793,#92785b,0.5335,0.1206,1.0,DVa5zYsCm_O,DVakVfSCFgS,0.809,0,,Namibia Youth Chamber of Environment,namyouthchamber
0.4102,0.2648,0.2838,35.56,0.7168,#1a1c1d,0.424,0.1026,0.562,DSAiXtljEJ3,DV84SaljvmX,0.8237,0,,AfriCat Foundation,africat_foundation
0.4133,0.2263,0.2775,52.16,0.4198,#211e20,0.4557,0.0702,1.907,DVWk_9XDbv8,DRaPEBQjOK7,0.7772,0,,Giraffe Conservation Foundation,giraffe_conservation
0.33,0.1758,0.3647,28.49,0.98,#31281e,0.3541,0.0152,0.563,DTQXoYHDNgM,DVBpQ6sjE5H,0.779,0,,AfriCat Foundation,africat_foundation
0.5296,0.2968,0.2546,53.63,0.6636,#242427,0.4065,0.1053,1.193,DVEjcvgj1xY,DWGywKJiuW1,0.6601,0,,Giraffe Conservation Foundation,giraffe_conservation
0.371,0.2258,0.3705,59.22,0.4664,#161718,0.472,0.12,1.0,DU6QOvFk9xX,DVteIrHkpr9,0.7429,0,,Giraffe Conservation Foundation,giraffe_conservation
0.4808,0.2322,0.1766,29.2,0.8072,#656057,0.3926,0.1286,0.8,DXuRr8pGfJ_,DV99gHxDCdy,0.7221,0,,Cheetah Conservation Fund,ccfcheetah
0.8278,0.2368,0.1439,37.22,0.8173,#f9f6eb,0.7708,0.2361,1.998,DViTTw0CueE,DUX_wPFCgIs,0.8201,0,,Namibia Youth Chamber of Environment,namyouthchamber
0.638,0.2472,0.3898,73.56,0.5984,#facca8,0.5815,0.0703,0.563,DXca0cil6Mk,DWOuG89jwy0,0.7623,0,,Cheetah Conservation Fund,ccfcheetah
0.474,0.1975,0.5012,67.63,0.9397,#e0a558,0.4728,0.0259,0.8,DXVdVqvGBrZ,DXxKLyiGcYl,0.8817,0,,Cheetah Conservation Fund,ccfcheetah
0.2707,0.1509,0.1395,11.22,0.2305,#222026,0.4599,0.0205,0.562,DSFsknpDGEy,DXpCdUhjNBm,0.8134,0,,AfriCat Foundation,africat_foundation
0.5279,0.1527,0.4152,107.09,0.5679,#e87211,0.4848,0.1065,1.0,DVtL7Z1Cgjg,DXbo4bICltt,0.5485,0,,Namibia Youth Chamber of Environment,namyouthchamber
0.8484,0.2741,0.0521,13.91,0.6752,#f5f5f5,0.8347,0.1396,1.337,DVtRIKfigl2,DVyHG_Jijrz,0.7712,0,,Namibia Youth Chamber of Environment,namyouthchamber
0.5561,0.231,0.2094,44.76,0.4421,#dedbd1,0.4647,0.0664,0.8,DWnyV1Wls37,DU81AbnCf5j,0.7109,0,,N/a'an ku se Foundation,naankuse_foundation
0.4363,0.2397,0.3652,50.52,0.765,#231b1e,0.5044,0.1526,0.8,DWcGfdLjB95,DXGjtBPFtcW,0.7997,0,,N/a'an ku se Foundation,naankuse_foundation
0.9198,0.133,0.1541,82.29,0.9244,#fbfbf9,0.7866,0.1025,0.8,DVgLvVmipRs,DWlbimAChbY,0.6946,0,,Namibia Youth Chamber of Environment,namyouthchamber
0.5527,0.2225,0.7259,85.46,0.1062,#5aa224,0.5394,0.1013,1.778,DV1elZ8D0VV,DW9k8REk6pa,0.9921,1,1,N/a'an ku se Foundation,naankuse_foundation
0.7271,0.2433,0.159,37.5,0.6054,#f7f7f7,0.5723,0.1537,1.523,DT-JQYiimAB,DW1KVyzCmTL,0.6909,0,,Namibia Youth Chamber of Environment,namyouthchamber
0.8113,0.2444,0.1624,39.65,0.8227,#f9f6eb,0.7547,0.2284,2.025,DUX_wPFCgIs,DU-bZq3inWr,0.877,0,,Namibia Youth Chamber of Environment,namyouthchamber
0.5406,0.2341,0.1027,17.67,0.4407,#666662,0.4399,0.1129,0.8,DT98qQrCBCZ,DUx-o2qCL2l,0.5404,0,,Namibia Nature Foundation,namibia_nature_foundation
0.448,0.2701,0.37,63.05,0.8489,#231a1a,0.5029,0.1165,1.0,DWMpxKqjnAZ,DXwqAO0Fugv,0.6664,0,,N/a'an ku se Foundation,naankuse_foundation
0.338,0.1584,0.4887,77.0,0.34,#2759a0,0.5079,0.077,1.333,DUQylVEiPWw,DS9vxx7jGRU,0.7449,0,,Namibia Nature Foundation,namibia_nature_foundation
0.5339,0.1825,0.4154,70.08,0.5305,#6797c3,0.4365,0.0295,1.0,DV9M4tnAc73,DUPqMmljuGv,0.7791,0,,N/a'an ku se Foundation,naankuse_foundation
0.4633,0.2355,0.4737,83.95,0.1163,#0f1b2f,0.4853,0.0833,1.333,DV4Db60iEI4,DRKJ-EZigFp,0.6526,0,,N/a'an ku se Foundation,naankuse_foundation
0.4487,0.2413,0.1473,72.26,0.8924,#5e5e5d,0.4163,0.2079,1.0,DTugAKuirZm,DVa5zYsCm_O,0.6742,0,,Namibia Youth Chamber of Environment,namyouthchamber
0.4536,0.2185,0.4385,90.14,0.5427,#1c1a19,0.6052,0.1582,1.333,DV6hPrUj1sO,DVqo_9BgVKV,0.7975,0,,N/a'an ku se Foundation,naankuse_foundation
0.5605,0.2589,0.2604,30.78,0.8674,#e5dfd4,0.4264,0.0621,1.096,DUOesl5jXwq,DTHj9wWDrOW,0.9167,0,,Giraffe Conservation Foundation,giraffe_conservation
0.3838,0.1287,0.4684,41.8,0.9964,#64512f,0.3869,0.0495,0.8,DT8dIW2iCC3,DT3TiZ9DdmI,0.9418,0,,Giraffe Conservation Foundation,giraffe_conservation
0.7207,0.2249,0.1985,41.84,0.2196,#dbe1ee,0.5141,0.0841,1.506,DUbWq9sk2fR,DRVFd6ziFlp,0.9396,0,,Giraffe Conservation Foundation,giraffe_conservation
0.4385,0.1154,0.1263,18.93,0.523,#66665f,0.6664,0.0223,0.801,DUWNHNmDsUE,DWCWeXDDvpY,0.8241,0,,Giraffe Conservation Foundation,giraffe_conservation
0.6207,0.1254,0.2725,50.3,0.3405,#92a9a8,0.5463,0.078,0.922,DTqbkOCjdCj,DSqDr_mAgXH,0.8264,0,,Giraffe Conservation Foundation,giraffe_conservation
0.514,0.1565,0.2901,42.21,0.68,#9f9d95,0.4602,0.0887,1.909,DT3TiZ9DdmI,DT8dIW2iCC3,0.9418,0,,Giraffe Conservation Foundation,giraffe_conservation
0.3405,0.2386,0.6696,74.0,0.9976,#380e10,0.5762,0.1191,0.8,DTyJ9OpgXzm,DVa3m5fDjN9,0.5489,0,,Giraffe Conservation Foundation,giraffe_conservation
0.4265,0.2102,0.4916,99.97,0.6746,#5d5665,0.5649,0.0359,1.778,DWE0qc5Evit,DWI1jSjCECU,0.712,0,,N/a'an ku se Foundation,naankuse_foundation
0.6251,0.3276,0.1392,19.02,0.3761,#f1f2f5,0.4804,0.1508,1.694,DU5v6CKCn_O,DRhQzupjAyP,0.7599,0,,Namibia Youth Chamber of Environment,namyouthchamber
0.5525,0.2225,0.7272,85.43,0.105,#5aa224,0.5379,0.1013,1.778,DWHgK_VkmUt,DW9k8REk6pa,1.0,1,1,N/a'an ku se Foundation,naankuse_foundation
0.4822,0.2189,0.3945,67.68,0.7291,#aca89d,0.6056,0.1081,1.0,DWI5bFigUef,DRl7hUtgW--,0.6961,0,,N/a'an ku se Foundation,naankuse_foundation
0.4746,0.1552,0.3634,67.67,0.7471,#9a6c5e,0.4353,0.0537,1.497,DUoOpqdjEUM,DVomlnGjA8A,0.9595,1,2,Giraffe Conservation Foundation,giraffe_conservation
0.4087,0.1949,0.3869,73.61,0.8089,#605a57,0.5167,0.0788,0.801,DWCWecbj-kV,DVen7U1DDSX,0.7156,0,,N/a'an ku se Foundation,naankuse_foundation
0.3483,0.1694,0.4653,29.62,0.944,#61522d,0.4347,0.0474,1.778,DUggSmvjmH0,DUggUj0iE_S,0.7693,0,,Giraffe Conservation Foundation,giraffe_conservation
0.5409,0.2482,0.3448,70.61,0.7335,#ebc999,0.525,0.1347,1.333,DV_xrwzjCSH,DW4bUExGWiB,0.7446,0,,N/a'an ku se Foundation,naankuse_foundation
0.5939,0.1538,0.1714,19.69,0.942,#b0a494,0.6114,0.027,0.563,DV1RBwxDDEe,DVJlhV9DD_m,0.6273,0,,N/a'an ku se Foundation,naankuse_foundation
0.2917,0.2276,0.239,34.72,0.6439,#1a1916,0.6347,0.1154,0.8,DW4VErZEjmD,DSS-iu4jtyt,0.618,0,,Cheetah Conservation Fund,ccfcheetah
0.3088,0.1009,0.3137,27.63,0.0401,#3a5238,0.9451,0.0491,0.563,DXFDkC8EZUF,DXhA84pFEFq,0.4842,0,,Cheetah Conservation Fund,ccfcheetah
0.5023,0.1782,0.2557,41.89,0.6156,#5f6263,0.6014,0.0437,0.563,DXB-DjOjmZ2,DVSdPEfDGlm,0.838,0,,Cheetah Conservation Fund,ccfcheetah
0.4882,0.2645,0.3659,33.38,0.9755,#a2928d,0.3753,0.0214,0.563,DXMiL7jjXgk,DXT_TNoj4Df,0.764,0,,Cheetah Conservation Fund,ccfcheetah
0.5006,0.1314,0.4712,43.33,0.9821,#b2895a,0.4287,0.0528,0.563,DRFUHr8DPls,DS2oMpeDIjB,0.8973,0,,AfriCat Foundation,africat_foundation
0.454,0.2161,0.2088,25.85,0.8828,#605551,0.5449,0.065,1.5,DQuKrLZDCfh,DXbSvspFoHk,0.916,0,,AfriCat Foundation,africat_foundation
0.4759,0.1912,0.3906,49.64,0.9495,#ab8f67,0.4687,0.0896,0.563,DRkL8DrjBZz,DRSKePSDN6A,0.883,0,,AfriCat Foundation,africat_foundation
0.5188,0.2335,0.4596,67.41,0.8463,#97570d,0.494,0.0118,0.563,DW69EwJESBc,DXivehMRBFx,0.8136,0,,Cheetah Conservation Fund,ccfcheetah
0.4906,0.2033,0.3089,51.0,0.5847,#91664a,0.5504,0.0853,0.563,DW2bF8jjNJE,DVBDGWRjKFU,0.7092,0,,Cheetah Conservation Fund,ccfcheetah
0.8427,0.2861,0.0519,11.79,0.6906,#f5f6f6,0.8215,0.1273,1.304,DVvyBh7Csmj,DV0so-eCkJk,0.8559,0,,Namibia Youth Chamber of Environment,namyouthchamber
0.7025,0.26,0.1958,48.68,0.4787,#fbfbfa,0.4866,0.1656,1.0,DWBU3t0ilGW,DWLzna6im7B,0.6801,0,,Namibia Youth Chamber of Environment,namyouthchamber
0.8238,0.2357,0.1496,38.37,0.8204,#faf7ec,0.747,0.2205,2.017,DWD7q9hijMg,DXOW8EeCnoE,0.8229,0,,Namibia Youth Chamber of Environment,namyouthchamber
0.8489,0.2744,0.0523,15.15,0.6651,#f5f5f5,0.8241,0.1234,1.314,DVyHG_Jijrz,DVvyBh7Csmj,0.8274,0,,Namibia Youth Chamber of Environment,namyouthchamber
0.3805,0.1948,0.4706,44.42,0.9679,#282014,0.3783,0.1027,0.563,DTibOjAjHCe,DXE-OgWjDbf,0.848,0,,AfriCat Foundation,africat_foundation
0.8396,0.284,0.0518,12.47,0.673,#f4f5f5,0.8199,0.1321,1.292,DV0so-eCkJk,DVvyBh7Csmj,0.8559,0,,Namibia Youth Chamber of Environment,namyouthchamber
0.4693,0.1403,0.3691,34.27,0.9693,#ab8b6a,0.4144,0.0582,0.563,DRhp-g_DJMg,DWEnQrpO-q8,0.9142,0,,AfriCat Foundation,africat_foundation
0.4371,0.1875,0.3554,46.82,0.6424,#9f9558,0.4281,0.1138,0.8,DUJVGkOjxSn,DXuf7d6EZeD,0.9399,0,,Giraffe Conservation Foundation,giraffe_conservation
0.8081,0.2482,0.1332,33.11,0.1128,#f0f1e1,0.8098,0.0584,0.8,DVimfKujWUT,DUDf5d4DUm_,0.5733,0,,Tosco Trust,tosconamibia
0.5551,0.2551,0.2435,35.53,0.7507,#ede4d8,0.444,0.19,1.911,DQ4iGjBjLUz,DXEHsmhjlft,0.7537,0,,Namibia Youth Chamber of Environment,namyouthchamber
0.7997,0.2564,0.2252,93.6,0.9714,#fafaf9,0.6021,0.2743,0.785,DRP35sUjLR6,DWlx5zxDR9z,0.5675,0,,Namibia Youth Chamber of Environment,namyouthchamber
0.8216,0.2407,0.1502,39.66,0.7862,#faf6ea,0.7625,0.2052,2.039,DQ87jsuDEw5,DU-bZq3inWr,0.8074,0,,Namibia Youth Chamber of Environment,namyouthchamber
0.6703,0.2404,0.2106,25.98,0.6786,#e7e8d4,0.5515,0.048,0.8,DWURr-cDbzB,DTdBVo0DE80,0.6558,0,,Tosco Trust,tosconamibia
0.9415,0.1154,0.0088,5.62,0.8486,#f8f8f8,0.8971,0.0947,1.295,DTamIGPCnjn,DUP8i2Qigcf,0.661,0,,Namibia Youth Chamber of Environment,namyouthchamber
0.4705,0.2427,0.3492,66.91,0.7681,#1f1b23,0.5709,0.0689,0.801,DVen7U1DDSX,DVqo_9BgVKV,0.7766,0,,N/a'an ku se Foundation,naankuse_foundation
0.435,0.2201,0.2371,31.31,0.508,#616051,0.4827,0.0809,0.8,DVl64BGCPgg,DWCWeXDDvpY,0.7938,0,,N/a'an ku se Foundation,naankuse_foundation
0.4651,0.2351,0.4331,54.3,0.4567,#585f2c,0.4419,0.1309,1.489,DWW44aTDSt2,DVOQ3h4DCqP,0.7948,0,,Tosco Trust,tosconamibia
0.3304,0.1628,0.3692,40.9,0.6884,#906d59,0.3684,0.055,0.563,DWouAPSEVB9,DVthvBkjAAF,0.7244,0,,Cheetah Conservation Fund,ccfcheetah
0.5893,0.1389,0.2425,33.24,0.8562,#caaea2,0.3569,0.0618,0.563,DWl7H61DbCB,DXE-OgWjDbf,0.8774,0,,Cheetah Conservation Fund,ccfcheetah
0.6596,0.3152,0.2097,43.25,0.677,#f7f7f7,0.6507,0.1805,1.3,DRj_EEGDNma,DXwKK3PCoiw,0.7359,0,,Namibia Youth Chamber of Environment,namyouthchamber
0.6263,0.086,0.3826,34.32,0.9998,#b28d6b,0.3825,0.0196,0.8,DWhFSe_Epwk,DUi1DKFEswt,0.8914,0,,Cheetah Conservation Fund,ccfcheetah
0.5799,0.2263,0.2488,40.56,0.6388,#6b6054,0.425,0.1093,1.778,DV1dpcLjf4m,DXca0cil6Mk,0.6733,0,,Tosco Trust,tosconamibia
0.4791,0.2271,0.2171,35.74,0.6225,#5e575b,0.4788,0.04,0.8,DWaZbb-D-L5,DXVdVqvGBrZ,0.7563,0,,Cheetah Conservation Fund,ccfcheetah
0.3882,0.1792,0.4674,88.22,0.6399,#61575e,0.5865,0.0558,0.8,DVqo_9BgVKV,DSKdhqgDD_b,0.8381,0,,N/a'an ku se Foundation,naankuse_foundation
0.5063,0.1367,0.2768,28.46,0.9423,#907164,0.4304,0.0468,0.563,DWsMJvfjOo5,DUwbUUNj_NO,0.8505,0,,Cheetah Conservation Fund,ccfcheetah
0.6503,0.2339,0.6321,104.1,0.0876,#b0e317,0.4341,0.0472,0.8,DVtwG76oLp5,DXMfT__iL4g,0.7366,0,,N/a'an ku se Foundation,naankuse_foundation
0.3708,0.3422,0.5475,56.93,0.7838,#1b0d05,0.5454,0.0983,1.0,DVqcuKHmK2G,DWa0GEIgUev,0.7268,0,,N/a'an ku se Foundation,naankuse_foundation
0.7039,0.2948,0.1578,31.98,0.4861,#f4f5f7,0.6217,0.1615,1.985,DRKInR5DE1a,DXZHhSxCp6z,0.7715,0,,Namibia Youth Chamber of Environment,namyouthchamber
0.6359,0.1159,0.3185,61.95,0.8412,#cb9a5d,0.5159,0.0194,0.8,DUDf5d4DUm_,DWlx5zxDR9z,0.6722,0,,Tosco Trust,tosconamibia
0.5525,0.2225,0.7272,85.43,0.105,#5aa224,0.5379,0.1013,1.778,DVjdARTD6tT,DW9k8REk6pa,1.0,1,1,N/a'an ku se Foundation,naankuse_foundation
0.4237,0.2089,0.4476,57.83,0.8675,#5f4f26,0.3622,0.025,0.563,DVyJnZlDMPe,DR39HtJgmv4,0.7027,0,,N/a'an ku se Foundation,naankuse_foundation
0.4332,0.2209,0.3521,58.32,0.5258,#202023,0.5221,0.0687,0.563,DVmCpq8jAER,DVSdPEfDGlm,0.6973,0,,N/a'an ku se Foundation,naankuse_foundation
0.176,0.2276,0.5528,38.15,0.9798,#050201,0.6632,0.0828,0.8,DWWv0b4kmFB,DWf9kn4Dsd8,0.6757,0,,Cheetah Conservation Fund,ccfcheetah
0.8329,0.1999,0.217,72.12,0.8891,#f9f8f7,0.6701,0.1434,1.553,DReQDwTDOOM,DT-JQYiimAB,0.6505,0,,Namibia Youth Chamber of Environment,namyouthchamber
0.6058,0.1854,0.4622,61.34,0.9998,#e99d6c,0.4954,0.0188,1.499,DSvNTG6DxNi,DWHgHlgj4h3,0.943,0,,Giraffe Conservation Foundation,giraffe_conservation
0.4079,0.2698,0.3311,40.24,0.9126,#201a16,0.5691,0.0588,0.563,DVrBQE7jEWE,DVmCpq8jAER,0.6602,0,,N/a'an ku se Foundation,naankuse_foundation
0.5397,0.2162,0.4272,87.81,0.6042,#609ed0,0.4723,0.0835,1.0,DVwVD1GjiEL,DUirI8jCpq9,0.8087,0,,N/a'an ku se Foundation,naankuse_foundation
0.4904,0.2091,0.496,53.36,0.9451,#592e06,0.4032,0.0175,1.767,DVy5ucnCAYI,DR39HtJgmv4,0.861,0,,N/a'an ku se Foundation,naankuse_foundation
0.5266,0.3294,0.3746,64.96,0.279,#f9fcdf,0.5122,0.1159,1.421,DS0W5kkD2zk,DWMpye-jTwn,0.7678,0,,Giraffe Conservation Foundation,giraffe_conservation
0.5465,0.1135,0.4044,37.96,0.993,#9d7353,0.6437,0.0133,0.563,DVthvBkjAAF,DWWMPeZggaK,0.8011,0,,N/a'an ku se Foundation,naankuse_foundation
0.4737,0.2491,0.2771,36.64,0.604,#1e1914,0.4286,0.1341,0.8,DU-ncR0jTOc,DXeGKudihBK,0.7029,0,,Tosco Trust,tosconamibia
0.7754,0.2212,0.214,28.43,1.0,#f7e4d9,0.7063,0.0389,1.499,DS8FQVIjdpH,DSdLvtCiO9N,0.9467,0,,Giraffe Conservation Foundation,giraffe_conservation
0.4846,0.2467,0.3843,43.33,0.4458,#5a5b2b,0.3636,0.0274,1.547,DTGYcjdjeVp,DTOG1rZj1Wf,0.8728,0,,Giraffe Conservation Foundation,giraffe_conservation
0.6671,0.1532,0.3425,73.17,0.2638,#a9cbec,0.3737,0.0893,0.8,DS-qEVPADma,DS8FQVIjdpH,0.9318,0,,Giraffe Conservation Foundation,giraffe_conservation
0.3153,0.2004,0.0,0.0,1.0,#262626,0.3636,0.0364,1.5,DTBO21Djf01,DSYCJfoj4ik,0.7805,0,,Giraffe Conservation Foundation,giraffe_conservation
0.5284,0.2294,0.2404,44.08,0.3017,#61615b,0.4726,0.1532,1.906,DTgIY48D2Bx,DT2HsqsjWhH,0.8448,0,,Giraffe Conservation Foundation,giraffe_conservation
0.5497,0.2221,0.2764,40.28,0.5588,#aec7d0,0.4604,0.0371,1.778,DTYZ__3jMEy,DWGNnrpDtYm,0.7837,0,,Giraffe Conservation Foundation,giraffe_conservation
0.6133,0.2295,0.2923,47.36,0.3306,#c8d6e9,0.492,0.1499,1.0,DTOG1rZj1Wf,DSGA6a6gTQ3,0.9569,1,0,Giraffe Conservation Foundation,giraffe_conservation
0.3963,0.2101,0.3762,39.89,0.9495,#95705c,0.3685,0.0291,1.502,DT8Hxp4DMQV,DQ9Ck7CiNTM,0.8047,0,,AfriCat Foundation,africat_foundation
0.4375,0.105,0.3115,38.42,0.3952,#686d57,0.4585,0.0298,0.8,DTTQcXSDwcQ,DQ2L-kBgaVr,0.9303,0,,Giraffe Conservation Foundation,giraffe_conservation
0.5467,0.2147,0.1668,22.23,0.1836,#d9d1db,0.3842,0.0231,1.778,DTlR_2oEp9y,DR5IqOsiJb_,0.8676,0,,Giraffe Conservation Foundation,giraffe_conservation
0.2029,0.0789,0.5263,23.87,0.9967,#4f3023,0.471,0.0022,0.563,DU59lkXjDeX,DWl7H61DbCB,0.8466,0,,AfriCat Foundation,africat_foundation
0.1604,0.1363,0.3016,26.56,0.7177,#161512,0.7311,0.0112,0.563,DUlV2iNCOB0,DRkL8DrjBZz,0.8207,0,,AfriCat Foundation,africat_foundation
0.4082,0.1956,0.3266,24.08,1.0,#654b37,0.3596,0.0205,0.563,DUGbxzVDE1m,DV7XJOljNi_,0.7815,0,,AfriCat Foundation,africat_foundation
0.6593,0.2204,0.2425,42.03,0.4384,#d1d4d7,0.6656,0.0755,1.5,DSGA6a6gTQ3,DRwcckvjYNV,0.958,1,0,Giraffe Conservation Foundation,giraffe_conservation
0.5958,0.2374,0.1258,19.43,0.5638,#d5dce1,0.383,0.0718,0.563,DVJlhV9DD_m,DSS-iu4jtyt,0.7595,0,,N/a'an ku se Foundation,naankuse_foundation
0.5913,0.1512,0.4906,70.66,0.776,#cdb061,0.5039,0.0374,0.8,DWOuG89jwy0,DVqFzwkiKC1,0.7747,0,,Cheetah Conservation Fund,ccfcheetah
0.2676,0.2114,0.4465,32.67,0.8506,#18140c,0.5632,0.0907,1.778,DVWk_muDRUJ,DUPqMmljuGv,0.7382,0,,N/a'an ku se Foundation,naankuse_foundation
0.3831,0.2318,0.3372,35.99,0.4596,#192a1b,0.583,0.1448,0.858,DVCCqirFE2-,DXLyjUAjZ73,0.5501,0,,N/a'an ku se Foundation,naankuse_foundation
0.5737,0.1344,0.3847,64.43,0.6236,#526e97,0.3913,0.016,0.562,DVBDGWRjKFU,DWdtfb8Cewk,0.754,0,,N/a'an ku se Foundation,naankuse_foundation
0.5404,0.2488,0.27,39.31,0.5448,#e3eff9,0.4493,0.0126,1.778,DVeTYKBDDi-,DSUkrmxDAR0,0.7249,0,,N/a'an ku se Foundation,naankuse_foundation
0.595,0.0867,0.3309,65.29,0.1672,#629bc9,0.4169,0.0242,1.5,DRwcckvjYNV,DWHgHlgj4h3,0.9601,1,0,Giraffe Conservation Foundation,giraffe_conservation
0.602,0.1205,0.2898,41.26,0.8369,#cba487,0.4591,0.0088,1.669,DR5IqOsiJb_,DXuf7d6EZeD,0.8694,0,,Giraffe Conservation Foundation,giraffe_conservation
0.3181,0.182,0.4185,44.44,0.28,#1b1e16,0.5304,0.068,1.638,DVZeWt7AodX,DRoZZFWDisZ,0.7496,0,,N/a'an ku se Foundation,naankuse_foundation
0.4535,0.2585,0.2377,32.54,0.8776,#685954,0.4915,0.1511,0.591,DV99gHxDCdy,DXuRr8pGfJ_,0.7221,0,,Cheetah Conservation Fund,ccfcheetah
0.235,0.1426,0.5281,29.09,0.88,#1f1a0e,0.4424,0.051,1.778,DVZJxG8gdBv,DT8Hxp4DMQV,0.7655,0,,N/a'an ku se Foundation,naankuse_foundation
0.6557,0.1421,0.2997,62.09,0.6763,#d59e71,0.4738,0.0546,0.801,DVHILyij3Ej,DVqFzwkiKC1,0.7257,0,,N/a'an ku se Foundation,naankuse_foundation
0.8175,0.1562,0.1489,35.22,0.1344,#ecf0e8,0.5546,0.1053,1.0,DRz_BrsjG0U,DWUYKewCPZI,0.7582,0,,Giraffe Conservation Foundation,giraffe_conservation
0.7175,0.3552,0.0837,34.96,0.6782,#f2f2f1,0.5786,0.0682,1.909,DSiVUl0gTF5,DRz_BrsjG0U,0.6349,0,,Giraffe Conservation Foundation,giraffe_conservation
0.5384,0.1382,0.3299,38.04,0.9974,#a98e73,0.3726,0.0668,1.304,DSQTzsPDRJ6,DXuf7d6EZeD,0.7721,0,,Giraffe Conservation Foundation,giraffe_conservation
0.6222,0.1949,0.2852,45.99,0.4203,#cbd1e0,0.3951,0.0311,1.5,DSdLvtCiO9N,DWmZr1-Ewni,0.9564,1,0,Giraffe Conservation Foundation,giraffe_conservation
0.3968,0.3157,0.4608,39.17,0.7128,#1d180c,0.5116,0.1329,1.778,DVT5VGnDVSk,DUggUj0iE_S,0.6618,0,,N/a'an ku se Foundation,naankuse_foundation
0.628,0.2007,0.2908,33.54,0.9789,#cbb298,0.3628,0.1133,0.8,DSqDr_mAgXH,DRjkb12glvq,0.929,0,,Giraffe Conservation Foundation,giraffe_conservation
0.6836,0.1687,0.2444,47.32,0.4082,#c6cee8,0.5197,0.0557,1.5,DSLMZorAZyc,DWmZr1-Ewni,1.0,1,0,Giraffe Conservation Foundation,giraffe_conservation
0.6038,0.2238,0.1632,41.27,0.5279,#a49daa,0.4412,0.0954,0.563,DVv5Vyeje89,DXwfTUBjkcO,0.6313,0,,Cheetah Conservation Fund,ccfcheetah
0.49,0.2591,0.4915,99.28,0.5908,#221a12,0.6575,0.1573,1.0,DR-SMDzDZx2,DWMpye-jTwn,0.7964,0,,Giraffe Conservation Foundation,giraffe_conservation
0.5316,0.2056,0.3335,47.76,0.4982,#a8b5cc,0.5311,0.0818,1.263,DSYCJfoj4ik,DTOG1rZj1Wf,0.944,0,,Giraffe Conservation Foundation,giraffe_conservation
0.5031,0.2562,0.1687,32.42,0.4309,#605857,0.4608,0.0474,0.563,DVavhOlDFHe,DXJRMa_AkWD,0.6623,0,,N/a'an ku se Foundation,naankuse_foundation
0.4356,0.1822,0.2515,27.84,0.5641,#655f65,0.5027,0.0448,0.8,DRsQo-BARQL,DTQJTa4DCHb,0.7412,0,,Giraffe Conservation Foundation,giraffe_conservation
0.5149,0.2047,0.2028,32.15,0.5402,#a6a192,0.4634,0.0651,1.0,DXtaDoijIT_,DUVa739DPUG,0.8339,0,,Elephant Human Relations Aid,ehranamibia
0.5705,0.1506,0.3775,80.31,0.2726,#5f9ade,0.478,0.0119,0.563,DVO3p9GDGew,DUQMkcKCKzR,0.7749,0,,N/a'an ku se Foundation,naankuse_foundation
0.6033,0.2159,0.2661,32.49,0.9955,#a98c6e,0.3531,0.0887,0.8,DWAqKGpkuSD,DS1wKIEjqZf,0.6407,0,,Cheetah Conservation Fund,ccfcheetah
0.5079,0.4089,0.2772,5.99,0.1045,#dcdadd,0.5665,0.0546,0.563,DWFHDlUj2ZX,DWZhpaAj9mI,0.6973,0,,Cheetah Conservation Fund,ccfcheetah
0.4799,0.1778,0.1956,19.63,0.8981,#aa9b94,0.3696,0.1525,0.563,DV7XJOljNi_,DXivehMRBFx,0.8584,0,,Cheetah Conservation Fund,ccfcheetah
0.4958,0.2218,0.2354,37.41,0.5514,#a5a59e,0.609,0.0917,0.563,DWCI-u-Ee46,DWl7H61DbCB,0.6287,0,,Cheetah Conservation Fund,ccfcheetah
0.5782,0.3186,0.4462,58.14,0.926,#f1f1ef,0.5457,0.0483,1.501,DXUHBZnltwo,DU0deWyDr98,0.935,0,,Ongava Game Reserve,ongavagamereserve
0.521,0.1891,0.1089,19.83,0.6533,#635f61,0.5118,0.0243,0.8,DWHfqggD7KW,DRboXapDRPH,0.917,0,,Cheetah Conservation Fund,ccfcheetah
0.6442,0.2854,0.3094,48.57,0.9994,#eee8df,0.6286,0.0287,1.501,DXMYTYjlr_q,DTw-cDsjg1M,0.8828,0,,Ongava Game Reserve,ongavagamereserve
0.2626,0.2711,0.525,28.97,0.9341,#120e06,0.6419,0.0524,0.805,DXQx2jFFrjg,DRoZZFWDisZ,0.8781,0,,Ongava Game Reserve,ongavagamereserve
0.4511,0.177,0.2911,39.76,0.564,#695d58,0.4955,0.0864,0.563,DXG8IUMDeZj,DUr-88XjjJb,0.8091,0,,Ongava Game Reserve,ongavagamereserve
0.374,0.1838,0.4157,43.5,0.6477,#221e12,0.3671,0.0493,0.805,DXEcMZZDgY7,DUVa739DPUG,0.9465,0,,Ongava Game Reserve,ongavagamereserve
0.4132,0.2383,0.3465,39.03,0.6584,#242116,0.5623,0.1282,0.805,DXO2QOUln2I,DTxc-x1iMoN,0.702,0,,Ongava Game Reserve,ongavagamereserve
0.2986,0.1291,0.1637,15.1,0.856,#605753,0.5537,0.0062,0.563,DW9CcE-D6SX,DXpCdUhjNBm,0.8615,0,,Ongava Game Reserve,ongavagamereserve
0.3986,0.2356,0.2729,27.0,0.7218,#2c2b22,0.3131,0.0227,0.563,DXWQDv-iRp8,DWnsHF-DQxD,0.8645,0,,Ongava Game Reserve,ongavagamereserve
0.4309,0.2553,0.2745,37.9,0.3843,#1f242d,0.5433,0.1209,1.499,DXJnfgRDJCq,DQ_CaSgikVa,0.5362,0,,Elephant Human Relations Aid,ehranamibia
0.688,0.2076,0.217,31.18,0.9293,#e4c7b4,0.5125,0.0612,0.563,DWgtt_SgXiB,DTCaWV3DqXt,0.7457,0,,Ongava Game Reserve,ongavagamereserve
0.3722,0.1855,0.484,53.17,0.8404,#231c10,0.367,0.0467,0.75,DWWoOTkjmc6,DUVa739DPUG,0.94,0,,Ongava Game Reserve,ongavagamereserve
0.3606,0.1595,0.4475,30.96,0.4847,#56562c,0.3995,0.0647,0.805,DW0itq8DiiZ,DUafvG0Dt8S,0.8409,0,,Ongava Game Reserve,ongavagamereserve
0.5253,0.1783,0.2425,27.36,0.7289,#737153,0.4891,0.0123,0.563,DWnsHF-DQxD,DXWQDv-iRp8,0.8645,0,,Ongava Game Reserve,ongavagamereserve
0.5525,0.2225,0.7272,85.43,0.105,#5aa224,0.5379,0.1013,1.778,DUtRbGeCDvW,DW9k8REk6pa,1.0,1,1,N/a'an ku se Foundation,naankuse_foundation
0.3535,0.2523,0.4408,64.84,0.2676,#221b3a,0.5052,0.1334,1.0,DXWUuVLiluH,DSAAY7CCL0h,0.9311,0,,Namibia Nature Foundation,namibia_nature_foundation
0.6203,0.2487,0.1358,20.63,0.3679,#efefef,0.3797,0.1186,0.8,DXLyjUAjZ73,DVCCqirFE2-,0.5501,0,,Namibia Nature Foundation,namibia_nature_foundation
0.3314,0.1696,0.4398,35.21,0.8457,#231f12,0.3706,0.0723,0.805,DWELR2UDkdM,DU-uqVPiIUw,0.8478,0,,Ongava Game Reserve,ongavagamereserve
0.6423,0.219,0.2842,59.04,0.5122,#a6cff0,0.571,0.1684,1.194,DXPE5MbDHp0,DU5EsvWjsxF,0.8026,0,,Elephant Human Relations Aid,ehranamibia
0.6496,0.246,0.3348,58.21,0.6114,#e6ecec,0.5555,0.0558,0.805,DWatI5sjiv8,DU0deWyDr98,0.8172,0,,Ongava Game Reserve,ongavagamereserve
0.4424,0.1893,0.3683,52.06,0.5305,#9b999f,0.5489,0.0827,0.8,DXbe6nYCnwx,DXbu79iDCnX,0.8005,0,,Namibia Nature Foundation,namibia_nature_foundation
0.5224,0.1935,0.4147,65.45,0.7732,#a9905e,0.4732,0.1002,1.278,DWlb0sNDFI2,DWny2u3DoHP,0.8491,0,,Elephant Human Relations Aid,ehranamibia
0.504,0.2746,0.2314,49.69,0.7394,#e6c9aa,0.3473,0.0141,1.505,DW3daffjCif,DTpriFKDEoy,0.8358,0,,Elephant Human Relations Aid,ehranamibia
0.4935,0.2708,0.231,37.44,0.3282,#dae0e6,0.4627,0.134,0.75,DXoz26sjP1a,DU81AbnCf5j,0.5368,0,,Elephant Human Relations Aid,ehranamibia
0.2976,0.2954,0.6694,44.69,0.9676,#1d1506,0.5595,0.054,1.5,DWtKKg3jMKm,DTMth9CDqsA,0.776,0,,Elephant Human Relations Aid,ehranamibia
0.7916,0.1809,0.0892,25.64,0.5302,#e1e0e0,0.7668,0.1002,1.232,DXWhPTbE16s,DWYPQRHjtlS,0.471,0,,Namibia Nature Foundation,namibia_nature_foundation
0.4274,0.1549,0.1858,20.61,0.4836,#5e6354,0.4956,0.0312,1.0,DUi-O5xmKYK,DT2qXbkDhAW,0.9507,1,4,N/a'an ku se Foundation,naankuse_foundation
0.5567,0.2229,0.3279,42.64,0.742,#a2a1a0,0.5174,0.0559,0.805,DWODCFVDkCp,DV3ClNUjpXi,0.7391,0,,Ongava Game Reserve,ongavagamereserve
0.6291,0.2239,0.2244,31.19,0.924,#e6dac8,0.4791,0.0617,1.498,DXTqzuxjCXj,DTu6OvXDGvb,0.6719,0,,Elephant Human Relations Aid,ehranamibia
0.4994,0.2376,0.3248,51.3,0.6435,#aac9ed,0.4195,0.0648,0.562,DXgjOMjoc5M,DVlOuZXjkcq,0.734,0,,Elephant Human Relations Aid,ehranamibia
0.4323,0.1756,0.2147,30.26,0.6846,#a38596,0.4455,0.0024,1.767,DUqspAglZWX,DVy5ucnCAYI,0.7595,0,,N/a'an ku se Foundation,naankuse_foundation
0.5266,0.3142,0.1751,22.99,0.3188,#e1dfdd,0.4414,0.0496,0.563,DU0pr3KjK2K,DXmA4Gtj_Zh,0.7336,0,,N/a'an ku se Foundation,naankuse_foundation
0.4213,0.2228,0.5012,67.33,0.715,#281d0c,0.5607,0.1148,0.8,DUv9CdXiIPB,DUvvTWQjyn4,0.737,0,,N/a'an ku se Foundation,naankuse_foundation
0.4725,0.2081,0.2993,53.03,0.4812,#5e5f52,0.5448,0.0542,0.563,DUk1QjjDDWR,DUdtwy-jdBl,0.7582,0,,N/a'an ku se Foundation,naankuse_foundation
0.4319,0.1714,0.3863,38.2,0.3664,#515b31,0.4248,0.0807,1.0,DUoHy9SjDWf,DU-uqVPiIUw,0.8835,0,,N/a'an ku se Foundation,naankuse_foundation
0.2817,0.1458,0.291,30.89,0.8059,#2c2229,0.4463,0.0349,0.75,DXbqi4PDIfu,DW3daffjCif,0.6962,0,,Elephant Human Relations Aid,ehranamibia
0.5495,0.3316,0.344,52.3,0.8521,#dfd5d2,0.5164,0.0169,1.901,DWp8LUSDnGz,DVo7FqKjnUw,0.9149,0,,Ongava Game Reserve,ongavagamereserve
0.4541,0.2112,0.3263,32.94,0.2912,#516834,0.4127,0.0603,1.25,DWyTxceDHN1,DSpk1urDKtR,0.8631,0,,Elephant Human Relations Aid,ehranamibia
0.5113,0.2787,0.3892,50.02,0.9073,#eed1a7,0.4741,0.094,0.8,DU81AbnCf5j,DVen7U1DDSX,0.7212,0,,N/a'an ku se Foundation,naankuse_foundation
0.5525,0.2225,0.7272,85.43,0.105,#5aa224,0.5379,0.1013,1.778,DU_MJCCghr8,DW9k8REk6pa,1.0,1,1,N/a'an ku se Foundation,naankuse_foundation
0.2703,0.2549,0.5814,57.28,0.7521,#21100f,0.4714,0.0973,1.0,DU0kTVJiYGd,DXO2wrHFpDS,0.8161,0,,N/a'an ku se Foundation,naankuse_foundation
0.494,0.3257,0.3277,28.15,0.0522,#d9e5f0,0.4545,0.0809,0.563,DU8KNrLDLWc,DXY1VUcAHbh,0.5687,0,,N/a'an ku se Foundation,naankuse_foundation
0.4587,0.1577,0.2849,41.07,0.2354,#556558,0.4904,0.0172,1.24,DRDKx7WjEV0,DRwcckvjYNV,0.9512,1,0,Giraffe Conservation Foundation,giraffe_conservation
0.529,0.1487,0.2689,25.95,0.9598,#9e8d72,0.3505,0.051,0.8,DVZ3LZRElaC,DXr5rGXmV5m,0.9361,0,,Cheetah Conservation Fund,ccfcheetah
0.4751,0.2455,0.2194,42.52,0.4131,#5c5754,0.4522,0.0979,0.563,DVXZSXLDLb0,DVU4KuJDJ9A,0.8675,0,,Cheetah Conservation Fund,ccfcheetah
0.3246,0.2194,0.2738,41.34,0.4355,#1d1a1b,0.5834,0.1868,0.563,DVoFl_YDezG,DVghGJuDbWD,0.6155,0,,Cheetah Conservation Fund,ccfcheetah
0.4385,0.2088,0.3793,58.87,0.7504,#211a1f,0.4549,0.0866,0.563,DVghGJuDbWD,DVoFl_YDezG,0.6155,0,,Cheetah Conservation Fund,ccfcheetah
0.0359,0.1414,0.8614,11.76,0.1164,#000201,0.9598,0.0629,0.563,DVeHLEsEZn4,DV99gHxDCdy,0.4882,0,,Cheetah Conservation Fund,ccfcheetah
0.4878,0.1984,0.3154,44.83,0.8786,#ad8d6e,0.4481,0.0875,0.8,DVteIrHkpr9,DUi1DKFEswt,0.8545,0,,Cheetah Conservation Fund,ccfcheetah
0.6204,0.1792,0.248,48.91,0.6395,#9c988a,0.4807,0.0293,1.0,DQ2L-kBgaVr,DSGA6a6gTQ3,0.9463,0,,Giraffe Conservation Foundation,giraffe_conservation
0.541,0.1786,0.3734,42.4,0.9838,#a78d67,0.5023,0.0944,0.8,DQ96W0vD9A5,DRP79xHj7NN,0.7722,0,,Giraffe Conservation Foundation,giraffe_conservation
0.4186,0.2223,0.3936,46.17,0.7582,#5b3217,0.4146,0.0384,1.333,DVqtQN1Deaf,DQ9DYVGjs2Z,0.7836,0,,Cheetah Conservation Fund,ccfcheetah
0.4943,0.1762,0.3066,29.94,0.9769,#906f56,0.4506,0.0248,0.75,DVe15yLj6YW,DWHfqggD7KW,0.8702,0,,Cheetah Conservation Fund,ccfcheetah
0.5319,0.18,0.3581,36.53,0.8638,#a08f67,0.4537,0.099,1.456,DRVFd6ziFlp,DSGA6a6gTQ3,0.9542,1,0,Giraffe Conservation Foundation,giraffe_conservation
0.5422,0.2821,0.2513,35.47,0.4485,#e9eded,0.4308,0.1491,0.8,DRaPEBQjOK7,DSVAuMcDEaR,0.8014,0,,Giraffe Conservation Foundation,giraffe_conservation
0.5759,0.2383,0.1287,16.49,0.281,#c8ccd3,0.5009,0.0533,1.5,DRIGtULDGKm,DUyh38sDYy-,0.7908,0,,Giraffe Conservation Foundation,giraffe_conservation
0.5935,0.214,0.2755,31.8,0.9697,#d0b397,0.4696,0.0593,1.502,DXWaGU2DI8-,DQrZ7TJDHjS,0.9285,0,,Elephant Human Relations Aid,ehranamibia
0.5525,0.2225,0.7272,85.43,0.105,#5aa224,0.5379,0.1013,1.778,DVRbbXIiHaN,DW9k8REk6pa,1.0,1,1,N/a'an ku se Foundation,naankuse_foundation
0.5982,0.2446,0.1962,39.03,0.0591,#afd1f1,0.5013,0.021,0.563,DV8V_PjFMlT,DQrZ7TJDHjS,0.8716,0,,Ongava Game Reserve,ongavagamereserve
0.3808,0.2005,0.5533,54.63,0.8859,#714e26,0.4091,0.1054,0.804,DVgPtlCDbl3,DV_Pa2ujuyN,0.8941,0,,Ongava Game Reserve,ongavagamereserve
0.4684,0.2353,0.2364,36.73,0.7103,#615855,0.3639,0.0788,0.563,DVSdPEfDGlm,DXB-DjOjmZ2,0.838,0,,Cheetah Conservation Fund,ccfcheetah
0.3615,0.1723,0.2117,18.79,0.5929,#615f5d,0.4395,0.1968,0.8,DVTW8GMjZim,DRL9xcejsyu,0.8022,0,,Ongava Game Reserve,ongavagamereserve
0.4626,0.1679,0.4036,103.37,0.2539,#60615a,0.4206,0.0484,1.333,DQpT_FHjeeA,DVbLx5hjV9r,0.7238,0,,Giraffe Conservation Foundation,giraffe_conservation
0.4523,0.1999,0.2733,51.69,0.3498,#5d5d5a,0.6525,0.072,0.562,DVmWaukkpqC,DXO1x-NCC5k,0.7764,0,,Ongava Game Reserve,ongavagamereserve
0.4244,0.0855,0.7522,92.39,0.7875,#986e0e,0.6377,0.0015,0.8,DVo7FqKjnUw,DWp8LUSDnGz,0.9149,0,,Ongava Game Reserve,ongavagamereserve
0.2961,0.2153,0.3511,47.42,0.555,#181c1c,0.5915,0.038,0.799,DQr4xc2jBxf,DT8Hxp4DMQV,0.744,0,,Giraffe Conservation Foundation,giraffe_conservation
0.475,0.138,0.1866,22.17,0.2002,#616b58,0.3865,0.0112,0.8,DVbLx5hjV9r,DTINIX7jsOm,0.9057,0,,Ongava Game Reserve,ongavagamereserve
0.4081,0.2286,0.2834,34.87,0.9609,#6b5958,0.421,0.071,1.501,DV8bdWGGfP1,DS7VL1aDlsL,0.6806,0,,Elephant Human Relations Aid,ehranamibia
0.4122,0.1504,0.3288,58.62,0.4687,#605f59,0.4139,0.067,0.75,DVdps8pDG1E,DUamruyjIvp,0.8027,0,,Elephant Human Relations Aid,ehranamibia
0.5524,0.2253,0.2371,27.92,0.8895,#ceb39a,0.3885,0.0449,1.502,DV3ir46kge2,DSUkrmxDAR0,0.8572,0,,Elephant Human Relations Aid,ehranamibia
0.5749,0.1042,0.3661,47.84,0.9109,#b08869,0.34,0.0041,0.562,DVHpOKMj7dH,DWtzXr8ODrc,0.8297,0,,Cheetah Conservation Fund,ccfcheetah
0.6328,0.2108,0.1951,36.02,0.8406,#ddd9d4,0.5061,0.0757,0.562,DWRTGNGlQCt,DSrLZqAACD4,0.7352,0,,Ongava Game Reserve,ongavagamereserve
0.5608,0.2135,0.2463,40.41,0.4949,#a3a49b,0.5362,0.0537,0.562,DVLlSpkFEpk,DTc2Yz7FK4g,0.6617,0,,Ongava Game Reserve,ongavagamereserve
0.6427,0.1613,0.1013,18.73,0.7565,#aca7a1,0.687,0.0297,0.8,DWGywKJiuW1,DTkNTvlF3zS,0.7163,0,,Namibia Nature Foundation,namibia_nature_foundation
0.3965,0.2652,0.2699,52.53,0.995,#1c1817,0.4585,0.0315,1.335,DWgSNwADO1W,DWp8LUSDnGz,0.8089,0,,Elephant Human Relations Aid,ehranamibia
0.6941,0.1499,0.3662,64.39,0.968,#fe99d7,0.8446,0.0971,0.8,DUtUiVNjyqn,DWaZbb-D-L5,0.6414,0,,Cheetah Conservation Fund,ccfcheetah
0.5133,0.2384,0.3995,52.53,0.9511,#b28c67,0.5088,0.0574,0.75,DVnOjbSjT6J,DXhaLKmlu0M,0.772,0,,Ongava Game Reserve,ongavagamereserve
0.4951,0.2051,0.386,73.72,0.6138,#68a3ee,0.5248,0.116,1.78,DVyb81qEv7Z,DS9vxx7jGRU,0.791,0,,Elephant Human Relations Aid,ehranamibia
0.5712,0.1966,0.3697,45.78,0.9857,#9c6c54,0.4272,0.0202,1.0,DWQ_vNvDHIN,DT0Ic-vDqZS,0.7237,0,,Elephant Human Relations Aid,ehranamibia
0.3957,0.2436,0.2485,40.07,0.8415,#100d0c,0.4484,0.1383,0.8,DVGseIDDyuy,DSKdhqgDD_b,0.6982,0,,Cheetah Conservation Fund,ccfcheetah
0.5499,0.1891,0.562,92.53,0.6721,#a45e23,0.5432,0.0239,0.561,DWMOLvjI0E1,DS1iZTWjqdX,0.8253,0,,Elephant Human Relations Aid,ehranamibia
0.2974,0.2523,0.2936,21.86,0.6309,#1e1e16,0.6543,0.0403,1.503,DViwwfADNh2,DTz7HPojK0l,0.924,0,,Elephant Human Relations Aid,ehranamibia
0.5767,0.115,0.1986,27.24,0.9487,#ac9d93,0.4686,0.0369,0.563,DVPx65yjFAk,DU59lkXjDeX,0.7728,0,,Cheetah Conservation Fund,ccfcheetah
0.4432,0.2273,0.3719,41.88,0.9086,#936b5e,0.4197,0.1527,0.563,DWHAQoDDCFJ,DWGMzA5iEYq,0.7849,0,,Elephant Human Relations Aid,ehranamibia
0.5025,0.2468,0.4131,42.68,0.9588,#d5ae94,0.4639,0.2195,0.563,DU--e3nDTLy,DXE-OgWjDbf,0.7402,0,,Cheetah Conservation Fund,ccfcheetah
0.5485,0.1674,0.2015,27.91,0.2789,#9fa9b6,0.6911,0.0095,1.333,DWYj25RjKBe,DRM2T3YjOAm,0.899,0,,Elephant Human Relations Aid,ehranamibia
0.5825,0.1056,0.1831,32.89,0.9718,#a59793,0.6101,0.0568,0.563,DUwbUUNj_NO,DWsMJvfjOo5,0.8505,0,,Cheetah Conservation Fund,ccfcheetah
0.4581,0.25,0.3184,45.05,0.5154,#23191a,0.5044,0.0657,1.333,DWOp8pRgrY-,DW4bUExGWiB,0.7868,0,,Namibia Nature Foundation,namibia_nature_foundation
0.6525,0.252,0.17,27.3,0.9847,#dcc8b1,0.3289,0.1253,0.8,DVKnOCFkeoh,DXexE6XjJDv,0.7189,0,,Cheetah Conservation Fund,ccfcheetah
0.4861,0.2421,0.3975,76.76,0.8425,#b3a490,0.4992,0.0462,0.563,DWI1jSjCECU,DWE0qc5Evit,0.712,0,,Namibia Nature Foundation,namibia_nature_foundation
0.4211,0.2263,0.2886,36.25,0.8468,#665e59,0.4382,0.0881,0.563,DVRh1txjwyW,DVSdPEfDGlm,0.7797,0,,Cheetah Conservation Fund,ccfcheetah
0.5526,0.2458,0.338,75.03,0.4371,#699cac,0.3977,0.1368,0.562,DWlx5zxDR9z,DUDf5d4DUm_,0.6722,0,,Namibia Nature Foundation,namibia_nature_foundation
0.4078,0.2493,0.2355,42.45,0.4899,#212128,0.5626,0.1507,1.778,DWW2_T3iBZt,DWTTNs3iO3h,0.8377,0,,Ministry of Environment Forestry & Tourism,ministry_of_environment_nam
0.5344,0.198,0.2201,29.41,0.944,#ac9b8d,0.4458,0.1245,1.333,DXJDgC_j8QH,DSUdHpljhNG,0.8379,0,,Namibia Nature Foundation,namibia_nature_foundation
0.4654,0.2574,0.2744,38.67,0.2493,#24271d,0.3985,0.1782,1.5,DXG_Rg6gKjW,DRhNyZnjIg1,0.8533,0,,Namibia Nature Foundation,namibia_nature_foundation
0.2958,0.1971,0.3529,46.89,0.5365,#1d1919,0.477,0.0853,1.497,DXGuQgdClUM,DW4bUExGWiB,0.7111,0,,Namibia Nature Foundation,namibia_nature_foundation
0.6157,0.2738,0.3449,54.22,0.4277,#dfeafc,0.5302,0.0423,1.0,DRh9fYtF7oD,DXceVTokb5e,0.9344,0,,Giraffe Conservation Foundation,giraffe_conservation
0.4869,0.2239,0.406,52.08,0.4406,#a19c62,0.5373,0.2264,0.8,DWIr7PTE4-T,DXbu79iDCnX,0.7098,0,,Namibia Nature Foundation,namibia_nature_foundation
0.8826,0.1637,0.0907,36.36,0.6261,#f4f5f5,0.8311,0.101,0.8,DQkKY5FCLco,DWbAAoijFTa,0.598,0,,Giraffe Conservation Foundation,giraffe_conservation
0.3961,0.2904,0.3148,38.98,0.593,#1c1812,0.5829,0.0311,1.5,DRnHDGCDVEp,DWHgHlgj4h3,0.9257,0,,Giraffe Conservation Foundation,giraffe_conservation
0.3722,0.1919,0.3245,54.21,0.6008,#625761,0.4561,0.0711,0.75,DXhaLKmlu0M,DVnOjbSjT6J,0.772,0,,Ongava Game Reserve,ongavagamereserve
0.5156,0.2457,0.2165,39.68,0.3821,#aec7e3,0.4189,0.0791,0.563,DVDHgPFCJDL,DUP4CreEVt1,0.7441,0,,Ongava Game Reserve,ongavagamereserve
0.4668,0.2932,0.5998,47.12,0.9873,#512a03,0.4546,0.0747,0.66,DV3ClNUjpXi,DU0deWyDr98,0.8323,0,,Ongava Game Reserve,ongavagamereserve
0.5676,0.0858,0.2346,29.83,0.0697,#8f9db0,0.5412,0.0047,1.0,DWOMpv0ipjl,DUz7IcljPlu,0.797,0,,Gobabeb Research & Training Centre,gobabeb
0.5642,0.2568,0.269,28.06,0.9959,#b1aba0,0.4473,0.0968,0.8,DRjkb12glvq,DV1ejcrjD4w,0.9325,0,,Giraffe Conservation Foundation,giraffe_conservation
0.4859,0.1915,0.2528,37.63,0.8439,#615a59,0.3719,0.0523,0.563,DU5pU_UjQsQ,DWl7H61DbCB,0.7207,0,,Cheetah Conservation Fund,ccfcheetah
0.349,0.2526,0.279,42.58,0.2625,#1e2125,0.7017,0.2182,1.0,DWYWQYjjZtc,DUhrzlZjphA,0.8191,0,,Gobabeb Research & Training Centre,gobabeb
0.577,0.2425,0.3853,85.37,0.4712,#9bcffe,0.4371,0.1231,1.333,DWa67ppjZEz,DS9vxx7jGRU,0.8211,0,,Gobabeb Research & Training Centre,gobabeb
0.7075,0.1927,0.2151,48.52,0.5396,#dbd8e1,0.6027,0.0473,1.333,DWipTbxDK8S,DW6RMLZinP8,0.8307,0,,Gobabeb Research & Training Centre,gobabeb
0.4627,0.1814,0.3133,36.86,0.4744,#9ca1a7,0.4362,0.0041,0.9,DWgIriWDQxg,DWdtfb8Cewk,0.8849,0,,Gobabeb Research & Training Centre,gobabeb
0.4839,0.2596,0.212,30.1,0.4989,#a2a29f,0.3712,0.3921,1.169,DWlOT-GDX6g,DTkNTvlF3zS,0.7834,0,,Gobabeb Research & Training Centre,gobabeb
0.5793,0.1132,0.328,73.11,0.5518,#a2a1a4,0.5818,0.0305,1.056,DVgC6V2ioa5,DXCNPQDCMkN,0.9043,0,,Gobabeb Research & Training Centre,gobabeb
0.5192,0.2529,0.2399,51.42,0.4541,#161718,0.4032,0.1132,1.0,DVTDeXjjmMZ,DUYS-aeDTbR,0.8194,0,,Gobabeb Research & Training Centre,gobabeb
0.5952,0.1994,0.1014,17.66,0.4596,#69625c,0.3423,0.0003,1.253,DU50x96jR1d,DXbSywhDQWF,0.8703,0,,Gobabeb Research & Training Centre,gobabeb
0.4482,0.308,0.2059,27.11,0.3955,#20222a,0.4741,0.1288,1.165,DVyESaDDdiT,DT8Hxp4DMQV,0.7561,0,,Gobabeb Research & Training Centre,gobabeb
0.6105,0.2366,0.3566,68.83,0.5633,#93cef0,0.5329,0.0296,1.0,DVI864ZjNsa,DWipTbxDK8S,0.757,0,,Gobabeb Research & Training Centre,gobabeb
0.5466,0.1546,0.465,83.47,0.75,#b6875f,0.4664,0.0493,1.0,DVLjRgJDs5J,DVlOuZXjkcq,0.8208,0,,Gobabeb Research & Training Centre,gobabeb
0.4432,0.2181,0.3027,52.92,0.3252,#615f58,0.4753,0.1651,0.743,DR1lAl1DNyj,DRboXapDRPH,0.8348,0,,WWF Namibia,wwfnamibia
0.5205,0.2521,0.3207,72.18,0.4452,#63aafb,0.4439,0.0971,1.333,DVtYmYXDoF9,DVLjRgJDs5J,0.7125,0,,Gobabeb Research & Training Centre,gobabeb
0.3762,0.1362,0.9367,87.45,0.0405,#0075b3,0.9181,0.0729,1.193,DRoh4CgjIdg,DSSZ_zZjCkl,0.5661,0,,WWF Namibia,wwfnamibia
0.636,0.1544,0.3021,64.14,0.7588,#d1b597,0.5372,0.0469,0.876,DV1DmH0CkLB,DScbrOljail,0.7892,0,,Gobabeb Research & Training Centre,gobabeb
0.6055,0.2038,0.2245,24.99,0.9604,#c5b39a,0.4169,0.195,1.41,DSSZ_zZjCkl,DVYvpYOjOdh,0.8054,0,,WWF Namibia,wwfnamibia
0.4332,0.2447,0.2571,36.91,0.5326,#5b5c56,0.4448,0.0208,1.5,DSVAuMcDEaR,DXqvhiqlt1o,0.8217,0,,WWF Namibia,wwfnamibia
0.3787,0.2984,0.2585,34.85,0.4809,#0d0f11,0.5563,0.0359,1.0,DVOUUsFiHNk,DWVnGAginZE,0.8546,0,,Namibia Nature Foundation,namibia_nature_foundation
0.343,0.2206,0.3253,37.73,0.6826,#201f22,0.531,0.0698,1.0,DVYvl7RiVL5,DRj2I1ODuFl,0.767,0,,Gobabeb Research & Training Centre,gobabeb
0.4941,0.2577,0.2992,65.37,0.5954,#d3d2d0,0.5168,0.1497,0.75,DRZpsCYDKQo,DUak3CWihKh,0.6938,0,,WWF Namibia,wwfnamibia
0.576,0.2103,0.4487,83.28,0.8681,#f0955e,0.5529,0.1972,0.563,DU0iQhODA9h,DQoS5CdDHLo,0.7781,0,,Elephant Human Relations Aid,ehranamibia
0.2582,0.217,0.5807,43.74,0.9968,#1e110b,0.5961,0.3209,0.75,DRjpDiHjHFV,DQ9Ck7CiNTM,0.7279,0,,WWF Namibia,wwfnamibia
0.4926,0.2949,0.2814,43.84,0.5835,#1c1b1b,0.5081,0.0976,1.167,DVlOuZXjkcq,DVLjRgJDs5J,0.8208,0,,Gobabeb Research & Training Centre,gobabeb
0.4989,0.1399,0.2363,33.95,0.9495,#655c54,0.3834,0.0517,0.8,DUi1DKFEswt,DUm1Xg9Dmf3,0.9115,0,,Cheetah Conservation Fund,ccfcheetah
0.3908,0.1669,0.1677,24.88,0.7461,#5d5757,0.5801,0.0983,0.8,DVTacFEDDjq,DTK_tKrDXs3,0.7283,0,,Elephant Human Relations Aid,ehranamibia
0.4632,0.2161,0.5016,47.38,0.6776,#5f5d24,0.4861,0.2921,1.5,DRbhlL9jFj-,DSjukI4jv4D,0.759,0,,WWF Namibia,wwfnamibia
0.4882,0.1956,0.3405,60.58,0.7184,#a3936a,0.5375,0.1236,1.334,DUamruyjIvp,DS9vxx7jGRU,0.8472,0,,Elephant Human Relations Aid,ehranamibia
0.5809,0.1291,0.3782,76.51,0.5576,#68b0e3,0.3594,0.0186,1.193,DU8Q-V6Eh8X,DSUkrmxDAR0,0.7251,0,,Elephant Human Relations Aid,ehranamibia
0.4383,0.2503,0.3488,67.93,0.9085,#0d0b0a,0.5227,0.1439,0.8,DVakVfSCFgS,DVa3m5fDjN9,0.8821,0,,Namibia Nature Foundation,namibia_nature_foundation
0.3974,0.2225,0.3629,52.51,0.7833,#1a1515,0.4693,0.1373,0.563,DUq4ZLtj73l,DUYx5HdiD09,0.5922,0,,Cheetah Conservation Fund,ccfcheetah
0.6783,0.2163,0.2158,45.54,0.5854,#ebf3f6,0.5164,0.0863,1.333,DVOQ3h4DCqP,DS9vxx7jGRU,0.8059,0,,Elephant Human Relations Aid,ehranamibia
0.6174,0.1527,0.3259,39.87,0.8595,#a79d6b,0.4054,0.0405,1.505,DVIvSh2jPbB,DUi-O5xmKYK,0.9435,0,,Elephant Human Relations Aid,ehranamibia
0.5406,0.1988,0.2413,35.41,0.6831,#a5a89d,0.5756,0.0666,0.563,DU-1O9BCJ5U,DWW4P-5CLtE,0.6379,0,,Namibia Nature Foundation,namibia_nature_foundation
0.8606,0.1193,0.0275,6.29,0.9989,#eae6e3,0.8343,0.1182,0.8,DU_BedZDHK_,DUaaK2PjUEr,0.5355,0,,Elephant Human Relations Aid,ehranamibia
0.4512,0.2592,0.1744,29.43,0.7136,#5e5856,0.4239,0.1043,0.8,DUlJ-T9DMsS,DWcGfdLjB95,0.6051,0,,Elephant Human Relations Aid,ehranamibia
0.5389,0.2686,0.3103,59.06,0.5322,#dacab1,0.5241,0.1441,1.528,DVan0V-iFrF,DRhNyZnjIg1,0.8806,0,,Namibia Nature Foundation,namibia_nature_foundation
0.5248,0.2148,0.1592,29.59,0.6281,#a5a09b,0.4969,0.0582,0.562,DU-z_9ziHyK,DRpNB6jiCEl,0.7698,0,,Namibia Nature Foundation,namibia_nature_foundation
0.4402,0.2463,0.4454,46.03,0.9988,#4b3727,0.4179,0.0259,1.415,DUVa739DPUG,DXEcMZZDgY7,0.9465,0,,Elephant Human Relations Aid,ehranamibia
0.8161,0.2535,0.0507,15.84,0.9759,#f1f0ef,0.7935,0.1745,0.8,DTe7EkljNLD,DVfdclaCI5r,0.6234,0,,WWF Namibia,wwfnamibia
0.5049,0.2438,0.2538,36.93,0.106,#606060,0.4013,0.0561,1.769,DWB8QHqjWrn,DUyh38sDYy-,0.743,0,,Namibia Nature Foundation,namibia_nature_foundation
0.4368,0.2465,0.4773,67.34,0.7321,#6d5b29,0.4814,0.1184,1.485,DVdH45gAVk4,DUak3CWihKh,0.7604,0,,Namibia Nature Foundation,namibia_nature_foundation
0.4793,0.1979,0.3495,44.88,0.6798,#9799ad,0.4852,0.1052,1.194,DUQkt2iDA7P,DQn6pZKjmE6,0.756,0,,Elephant Human Relations Aid,ehranamibia
0.4266,0.1705,0.339,30.81,0.9095,#8a755d,0.3688,0.0513,0.563,DUGHK9qjPW3,DXT_TNoj4Df,0.7076,0,,Elephant Human Relations Aid,ehranamibia
0.4903,0.252,0.2547,45.4,0.6486,#635e5e,0.4725,0.0892,1.333,DVslJUkiCXw,DU5EsvWjsxF,0.8286,0,,Namibia Nature Foundation,namibia_nature_foundation
0.4066,0.2243,0.2905,25.35,0.7128,#1e1f13,0.417,0.1441,0.805,DUDUlzWDmzd,DR32LTpDqq9,0.924,0,,Ongava Game Reserve,ongavagamereserve
0.4267,0.2025,0.2887,47.12,0.7014,#615a56,0.5578,0.0727,0.562,DWGMzA5iEYq,DWHAQoDDCFJ,0.7849,0,,Namibia Nature Foundation,namibia_nature_foundation
0.5862,0.2334,0.242,35.91,0.5972,#d6dde6,0.4254,0.1138,0.805,DULC8MvjkTx,DSo4McVCYZ-,0.7901,0,,Ongava Game Reserve,ongavagamereserve
0.4779,0.2803,0.2608,32.25,0.9884,#0f0c0b,0.3375,0.0559,0.563,DUQMkcKCKzR,DVO3p9GDGew,0.7749,0,,Ongava Game Reserve,ongavagamereserve
0.4933,0.1787,0.3255,33.28,0.6131,#979765,0.4863,0.1045,0.75,DVqFzwkiKC1,DVLjRgJDs5J,0.8106,0,,Namibia Nature Foundation,namibia_nature_foundation
0.7413,0.312,0.0884,12.67,0.8044,#f0efee,0.6984,0.189,0.8,DQ33W_MDIWT,DTigcpbjOyn,0.7831,0,,WWF Namibia,wwfnamibia
0.4855,0.2634,0.4336,94.76,0.6854,#1a1d21,0.5631,0.1261,1.158,DQwc21VjCay,DVgNyhriNtn,0.761,0,,WWF Namibia,wwfnamibia
0.2468,0.1971,0.2056,20.03,0.3657,#1b1d18,0.659,0.0494,0.8,DTrtFpEjvQr,DW3IxVCjip9,0.8253,0,,Ongava Game Reserve,ongavagamereserve
0.8704,0.0419,0.1354,13.56,1.0,#efe3d2,0.4329,0.0057,0.8,DSrIVS5jgIs,DS8gr-cjs7N,0.7644,0,,Ongava Game Reserve,ongavagamereserve
0.2753,0.1037,0.4041,24.64,0.8415,#54502e,0.4003,0.0102,0.804,DT2qXbkDhAW,DUi-O5xmKYK,0.9507,1,4,Ongava Game Reserve,ongavagamereserve
0.6913,0.2447,0.1214,23.81,0.3302,#c9dae5,0.6978,0.1446,0.805,DTHj9wWDrOW,DUOesl5jXwq,0.9167,0,,Ongava Game Reserve,ongavagamereserve
0.471,0.1899,0.3856,72.4,0.2737,#64a0ec,0.4215,0.0882,0.805,DTz6o0ADgsG,DUxWVHkkQKe,0.762,0,,Ongava Game Reserve,ongavagamereserve
0.6351,0.2101,0.1069,22.71,0.9346,#e1d7d3,0.3408,0.1452,0.743,DROlo6ODMZ2,DQ33W_MDIWT,0.6271,0,,WWF Namibia,wwfnamibia
0.1843,0.1017,0.684,32.7,0.6667,#24230c,0.7107,0.0222,0.805,DTMth9CDqsA,DWTFsBgjvPD,0.7924,0,,Ongava Game Reserve,ongavagamereserve
0.5577,0.1083,0.157,18.68,0.9486,#a49c93,0.524,0.0144,0.805,DS1iZTWjqdX,DRysmMAjjkE,0.8605,0,,Ongava Game Reserve,ongavagamereserve
0.6703,0.095,0.1585,24.49,0.0806,#a4b4c1,0.8229,0.0327,0.805,DTCaWV3DqXt,DWgtt_SgXiB,0.7457,0,,Ongava Game Reserve,ongavagamereserve
0.4669,0.2194,0.2027,36.0,0.4156,#a5a5a4,0.5357,0.2015,1.333,DSRfVglE9R7,DUqU3urCOlq,0.7683,0,,Namibia Nature Foundation,namibia_nature_foundation
0.3444,0.2334,0.2177,31.53,0.658,#221d1e,0.5348,0.1138,1.0,DSUdHpljhNG,DXJDgC_j8QH,0.8379,0,,Namibia Nature Foundation,namibia_nature_foundation
0.5496,0.2226,0.1674,34.75,0.7246,#655a59,0.4304,0.0825,1.338,DTu6OvXDGvb,DSAKbvCjEN5,0.7459,0,,Elephant Human Relations Aid,ehranamibia
0.4888,0.3242,0.3254,41.06,0.578,#1a1011,0.5142,0.1586,1.495,DUak3CWihKh,DVan0V-iFrF,0.7984,0,,Namibia Nature Foundation,namibia_nature_foundation
0.5065,0.203,0.4489,40.75,0.9964,#b28e70,0.3675,0.0157,0.563,DTc2Yz7FK4g,DRtp4TYlAGG,0.8033,0,,Ongava Game Reserve,ongavagamereserve
0.3125,0.2847,0.5111,79.47,0.9479,#100a09,0.5771,0.0318,1.511,DTpriFKDEoy,DW3daffjCif,0.8358,0,,Elephant Human Relations Aid,ehranamibia
0.7995,0.1746,0.0849,19.06,0.5866,#eae6e4,0.6464,0.0449,0.563,DUAvy1HCrdK,DSCJVfvDiLC,0.7975,0,,Ongava Game Reserve,ongavagamereserve
0.8215,0.1647,0.1913,61.47,0.3982,#e6ebf4,0.6093,0.0668,1.0,DTpkqRcjKoI,DTK_tKrDXs3,0.7468,0,,Elephant Human Relations Aid,ehranamibia
0.539,0.2164,0.193,31.96,0.7121,#aba397,0.5276,0.0589,1.041,DUDwkx3CoSw,DUYx4VLDCYU,0.6999,0,,Gobabeb Research & Training Centre,gobabeb
0.3917,0.2137,0.2021,19.34,0.3561,#5b5f51,0.487,0.0695,0.75,DTdBVo0DE80,DTz7HPojK0l,0.9347,0,,Elephant Human Relations Aid,ehranamibia
0.3826,0.252,0.2547,31.85,0.1948,#1b1a23,0.5262,0.1857,1.498,DU-z0VTCIDD,DUqU3urCOlq,0.8204,0,,Namibia Nature Foundation,namibia_nature_foundation
0.3453,0.1483,0.2073,20.24,0.5336,#5f5852,0.5367,0.087,0.563,DTQJTa4DCHb,DV8V_PjFMlT,0.8405,0,,Elephant Human Relations Aid,ehranamibia
0.5127,0.2061,0.3096,51.17,0.5853,#a2724e,0.435,0.1799,0.75,DT-LDRWDLjo,DUh5k2lAUk4,0.7077,0,,Elephant Human Relations Aid,ehranamibia
0.665,0.1634,0.1544,29.53,0.439,#ab9f97,0.4382,0.0595,0.995,DUYS-aeDTbR,DVTDeXjjmMZ,0.8194,0,,Gobabeb Research & Training Centre,gobabeb
0.4913,0.2166,0.2034,20.63,0.907,#ada291,0.4345,0.1613,1.153,DUIs9smjU9U,DVBpQ6sjE5H,0.7593,0,,Gobabeb Research & Training Centre,gobabeb
0.4076,0.2288,0.3014,39.04,0.7937,#1f1a18,0.4279,0.0947,0.8,DUFkxsrAbe6,DWOcsnUDIpz,0.7555,0,,Gobabeb Research & Training Centre,gobabeb
0.4815,0.1928,0.3346,46.52,0.6079,#9aaab6,0.4447,0.0707,1.333,DTZwVuyDPzv,DU0kTVJiYGd,0.7521,0,,Elephant Human Relations Aid,ehranamibia
0.8966,0.0455,0.0458,10.38,1.0,#ece8e5,0.5234,0.0079,0.8,DS8gr-cjs7N,DSrIVS5jgIs,0.7644,0,,Ongava Game Reserve,ongavagamereserve
0.6917,0.2783,0.1101,11.45,0.8994,#ddd8cc,0.6189,0.1653,0.563,DQ_R3ppjGei,DWD7q9hijMg,0.5261,0,,WWF Namibia,wwfnamibia
0.4932,0.2132,0.1991,25.08,0.7084,#a59a99,0.4759,0.0841,0.562,DUlFFvqlza-,DWYPQRHjtlS,0.6743,0,,Gobabeb Research & Training Centre,gobabeb
0.3878,0.2061,0.582,44.05,0.9941,#523016,0.3589,0.1986,1.1,DUu_PDljEOn,DVTW8GMjZim,0.7516,0,,Gobabeb Research & Training Centre,gobabeb
0.5581,0.1714,0.3887,40.3,0.9927,#d5ac8f,0.4371,0.0198,0.8,DUsTl7-CLzI,DVOUUsFiHNk,0.7243,0,,Gobabeb Research & Training Centre,gobabeb
0.5727,0.1144,0.2726,53.26,0.5638,#a1a3a7,0.4924,0.0133,1.0,DUirI8jCpq9,DWgEfuPDuiu,0.8182,0,,Gobabeb Research & Training Centre,gobabeb
0.5253,0.1748,0.5162,42.27,1.0,#a06e4d,0.4318,0.0296,0.8,DUm4LN7ij2P,DRR08Jyiog6,0.7159,0,,Gobabeb Research & Training Centre,gobabeb
0.6357,0.1699,0.0859,14.83,0.8445,#b7b6b5,0.7212,0.0282,1.0,DUxWVHkkQKe,DTz6o0ADgsG,0.762,0,,Gobabeb Research & Training Centre,gobabeb
0.2625,0.2016,0.2152,17.61,0.5109,#1d1f19,0.6412,0.0456,1.558,DTz7HPojK0l,DTdBVo0DE80,0.9347,0,,Elephant Human Relations Aid,ehranamibia
0.4454,0.2667,0.2159,35.92,0.5185,#1c1a20,0.4961,0.1302,1.32,DUSPBlNAdD2,DVslJUkiCXw,0.7428,0,,Gobabeb Research & Training Centre,gobabeb
0.5636,0.1463,0.2889,53.5,0.4582,#b0a58b,0.3552,0.0369,1.333,DUz7IcljPlu,DQ6lpEcAAZE,0.8168,0,,Gobabeb Research & Training Centre,gobabeb
0.6171,0.1642,0.181,27.06,0.5557,#a79c93,0.5299,0.0502,1.252,DR_9tu4DEa9,DV9M4tnAc73,0.6784,0,,WWF Namibia,wwfnamibia
0.7727,0.2286,0.2084,61.04,0.882,#f1f1ef,0.6702,0.1827,0.8,DTSSRVGDovn,DRmG7PPDcg3,0.7372,0,,Gobabeb Research & Training Centre,gobabeb
0.3464,0.2389,0.4489,69.42,0.2755,#221b39,0.4716,0.1522,1.0,DSAAY7CCL0h,DXWUuVLiluH,0.9311,0,,Namibia Nature Foundation,namibia_nature_foundation
0.3421,0.1578,0.5136,48.64,0.8683,#60502b,0.5468,0.0672,1.284,DRUoRnVip6U,DUx-o2qCL2l,0.661,0,,Namibia Nature Foundation,namibia_nature_foundation
0.4777,0.1653,0.2564,53.93,0.3726,#66605a,0.5214,0.0572,1.302,DTkwKMyDiTL,DS1wKIEjqZf,0.7694,0,,Gobabeb Research & Training Centre,gobabeb
0.5225,0.1559,0.3198,31.89,0.9966,#c9a493,0.3954,0.084,1.0,DRwLY29iqCu,DTkh7UFjvTh,0.7904,0,,Namibia Nature Foundation,namibia_nature_foundation
0.4612,0.2706,0.2302,17.27,0.7439,#dddedf,0.2783,0.0522,0.805,DRysmMAjjkE,DS1iZTWjqdX,0.8605,0,,Ongava Game Reserve,ongavagamereserve
0.7319,0.1885,0.0004,1.27,0.9888,#b3b3b3,0.6072,0.1274,1.0,DTZ8t_rjf0K,DRMLifyj68e,0.7302,0,,Gobabeb Research & Training Centre,gobabeb
0.4013,0.194,0.3078,42.08,0.7114,#2c2424,0.4121,0.0589,1.907,DRkD-f8ChaE,DWTTNs3iO3h,0.733,0,,Namibia Nature Foundation,namibia_nature_foundation
0.6636,0.2615,0.2469,54.0,0.6533,#e7e3d4,0.5726,0.0898,1.0,DTP7j3RDHLk,DSXZ7bpjjzq,0.7681,0,,Gobabeb Research & Training Centre,gobabeb
0.4913,0.2816,0.271,47.23,0.5811,#1b1817,0.4893,0.1282,1.333,DRyly-3Elxh,DRb4AbSDIld,0.8359,0,,Namibia Nature Foundation,namibia_nature_foundation
0.3462,0.2109,0.2939,35.7,0.6506,#1f1e17,0.4745,0.159,0.805,DSRmHo9jktf,DVQP4NojqaK,0.7022,0,,Ongava Game Reserve,ongavagamereserve
0.5836,0.2042,0.3382,73.58,0.2962,#6fa4ed,0.53,0.0837,0.8,DT0Ic-vDqZS,DTP7j3RDHLk,0.7297,0,,Gobabeb Research & Training Centre,gobabeb
0.5413,0.1848,0.2536,36.98,0.5173,#a6acb3,0.5357,0.0246,0.805,DRoZZFWDisZ,DXQx2jFFrjg,0.8781,0,,Ongava Game Reserve,ongavagamereserve
0.5319,0.1391,0.3134,32.85,0.9715,#a18b70,0.3553,0.0405,0.805,DUafvG0Dt8S,DVbLx5hjV9r,0.8751,0,,Ongava Game Reserve,ongavagamereserve
0.3455,0.2002,0.395,47.93,0.8325,#251e19,0.4389,0.0438,1.0,DTczhoqCMi3,DSCwOfFDlpl,0.7095,0,,Gobabeb Research & Training Centre,gobabeb
0.5108,0.1963,0.2822,43.57,0.8078,#9c6a51,0.3476,0.0195,1.333,DTxbld2jk4g,DVbS9aUDhBA,0.8074,0,,Gobabeb Research & Training Centre,gobabeb
0.6047,0.1722,0.2342,40.75,0.2165,#a0b0c3,0.8012,0.0476,0.805,DSjumFdDrHH,DSWvw0ojpo2,0.8848,0,,Ongava Game Reserve,ongavagamereserve
0.5468,0.0946,0.075,10.55,0.0537,#8f9697,0.8173,0.0389,0.8,DTsjxydDrqm,DWOMpv0ipjl,0.7413,0,,Gobabeb Research & Training Centre,gobabeb
0.5522,0.1757,0.263,38.1,0.6082,#9cadc1,0.4634,0.0881,0.805,DSWvw0ojpo2,DSjumFdDrHH,0.8848,0,,Ongava Game Reserve,ongavagamereserve
0.5156,0.2438,0.2874,35.02,0.8101,#a79573,0.4182,0.063,0.75,DRUeLV4kVdA,DRyly-3Elxh,0.7298,0,,Namibia Nature Foundation,namibia_nature_foundation
0.4088,0.2774,0.3403,46.93,0.3998,#1e2019,0.4428,0.0748,0.563,DRti-4hkrSH,DSKFeTFjnt2,0.7602,0,,Ongava Game Reserve,ongavagamereserve
0.5088,0.205,0.2005,24.14,0.6377,#a69f98,0.5062,0.0667,1.0,DSANRZ7Csag,DUP8i2Qigcf,0.5183,0,,Namibia Nature Foundation,namibia_nature_foundation
0.5202,0.2124,0.1746,28.92,0.7979,#b3aaad,0.5868,0.0724,1.497,DRylxXvCGVv,DWTPuYYiBmk,0.7423,0,,Namibia Nature Foundation,namibia_nature_foundation
0.4255,0.1707,0.4043,31.43,0.9675,#8a7654,0.2891,0.0537,0.805,DUVWG6IDlEW,DVBpQ6sjE5H,0.7911,0,,Ongava Game Reserve,ongavagamereserve
0.6588,0.1949,0.2869,64.38,0.4902,#cbd3da,0.6562,0.0528,0.805,DSHS8tCjoMU,DWatI5sjiv8,0.695,0,,Ongava Game Reserve,ongavagamereserve
0.3692,0.1271,0.3457,55.1,0.6257,#6e6756,0.4175,0.0376,0.563,DSo4McVCYZ-,DULC8MvjkTx,0.7901,0,,Ongava Game Reserve,ongavagamereserve
0.8715,0.2265,0.1091,37.08,0.8483,#fdfdfd,0.7339,0.1159,1.173,DTxnqemDkJW,DTZ8t_rjf0K,0.6078,0,,Gobabeb Research & Training Centre,gobabeb
0.428,0.0902,0.1139,15.77,0.5276,#666164,0.708,0.0043,0.563,DScAMoqDGfB,DRl0mmRiO6j,0.9091,0,,Ongava Game Reserve,ongavagamereserve
0.4864,0.2282,0.183,17.58,0.8998,#a49c96,0.3986,0.195,0.805,DR32LTpDqq9,DUDUlzWDmzd,0.924,0,,Ongava Game Reserve,ongavagamereserve
0.4393,0.2717,0.1346,14.83,0.1198,#595c61,0.3422,0.0751,0.563,DSMjgNigije,DRoZZFWDisZ,0.7852,0,,Ongava Game Reserve,ongavagamereserve
0.476,0.1778,0.4798,56.52,0.2998,#5a6716,0.5495,0.0487,0.805,DUl-h-iDtVF,DXUHBZnltwo,0.8298,0,,Ongava Game Reserve,ongavagamereserve
0.5573,0.2061,0.3457,66.73,0.4303,#9f8874,0.4881,0.0307,0.8,DWn0BodDtvi,DRCT53DAXcY,0.878,0,,Gobabeb Research & Training Centre,gobabeb
0.3985,0.3129,0.185,17.89,0.1632,#1e2421,0.4936,0.1117,0.563,DU2k5TgCEm4,DU0deWyDr98,0.8153,0,,Ongava Game Reserve,ongavagamereserve
0.5376,0.2647,0.2641,57.15,0.8478,#1c1716,0.4548,0.0908,1.5,DRkDGmqil3i,DRKRMspjOJr,0.7825,0,,Namibia Nature Foundation,namibia_nature_foundation
0.4397,0.2462,0.3768,46.33,0.6977,#24170d,0.4678,0.0644,0.563,DUvBEwdiOJq,DV_Pa2ujuyN,0.8739,0,,Ongava Game Reserve,ongavagamereserve
0.4375,0.1916,0.2727,31.54,0.1122,#91ac95,0.4091,0.0218,0.8,DU-uqVPiIUw,DWn5r-flixF,0.9329,0,,Ongava Game Reserve,ongavagamereserve
0.5093,0.285,0.4136,35.09,0.826,#ecebe6,0.3972,0.0906,0.804,DU0deWyDr98,DXUHBZnltwo,0.935,0,,Ongava Game Reserve,ongavagamereserve
0.7345,0.1666,0.1589,29.39,0.6428,#e3e4e7,0.417,0.0338,0.805,DSCJVfvDiLC,DUPqMmljuGv,0.8417,0,,Ongava Game Reserve,ongavagamereserve
0.4087,0.1327,0.3512,43.62,0.787,#6f6453,0.4051,0.0494,0.8,DW3h9rpioLY,DRzYNeKCo0L,0.773,0,,Gobabeb Research & Training Centre,gobabeb
0.5294,0.204,0.2154,38.79,0.4275,#a29b9b,0.5182,0.0961,1.333,DUGAYhbjqCg,DXtW3C-FV7E,0.7512,0,,Save the Rhino Trust Namibia,savetherhinonamibia
0.7317,0.3191,0.119,20.42,0.9578,#eeedec,0.7196,0.1957,0.8,DUF8p2CDAtQ,DTigcpbjOyn,0.8031,0,,WWF Namibia,wwfnamibia
0.7319,0.2241,0.2241,45.08,0.9357,#f1f1ef,0.5546,0.0957,0.75,DU3V6-wjMVm,DWlx5zxDR9z,0.6323,0,,WWF Namibia,wwfnamibia
0.6365,0.2102,0.4964,109.5,0.8748,#fba751,0.702,0.1441,0.75,DW6B_l-iuQh,DW1KVyzCmTL,0.5587,0,,Namibia Youth Chamber of Environment,namyouthchamber
0.4754,0.2389,0.6259,65.93,1.0,#eba062,0.4705,0.0439,1.91,DXLuD9Wijhj,DQn6pZKjmE6,0.8679,0,,Namibia Youth Chamber of Environment,namyouthchamber
0.7066,0.2349,0.3683,63.88,0.3436,#edf7ec,0.5659,0.077,0.563,DUiOGOniVHI,DTz6o0ADgsG,0.7399,0,,Ongava Game Reserve,ongavagamereserve
0.4675,0.2254,0.3152,40.04,0.9454,#645953,0.4364,0.0932,0.562,DSrLZqAACD4,DWRTGNGlQCt,0.7352,0,,Save the Rhino Trust Namibia,savetherhinonamibia
0.4355,0.1387,0.2046,23.14,0.9825,#60534e,0.4915,0.0173,1.5,DSmTYczjsqm,DWBK6wwjrgc,0.894,0,,Save the Rhino Trust Namibia,savetherhinonamibia
0.6178,0.0727,0.4453,33.92,1.0,#c99e6f,0.5125,0.0013,1.334,DTw-cFFjt7_,DSUkrmxDAR0,0.8484,0,,Save the Rhino Trust Namibia,savetherhinonamibia
0.5725,0.1897,0.3217,37.71,0.8879,#caaf8f,0.5368,0.0303,1.042,DW6RMLZinP8,DWipTbxDK8S,0.8307,0,,Gobabeb Research & Training Centre,gobabeb
0.7298,0.2902,0.1571,46.08,0.7879,#f4f3f1,0.6604,0.1584,1.985,DXZHhSxCp6z,DVan0V-iFrF,0.777,0,,Namibia Youth Chamber of Environment,namyouthchamber
0.7698,0.2253,0.1733,51.28,0.7096,#edeeea,0.6481,0.2224,0.8,DTSTWrNDnOT,DRmJOstCBKD,1.0,1,5,Gobabeb Research & Training Centre,gobabeb
0.6671,0.187,0.241,44.06,0.6035,#d9c8b0,0.6462,0.1077,0.8,DXbqlj7CmfU,DXbu79iDCnX,0.7711,0,,Namibia Youth Chamber of Environment,namyouthchamber
0.5759,0.1344,0.113,21.81,0.5717,#9d999b,0.6552,0.0545,1.333,DUDNt00DuTz,DTw-cDsjg1M,0.8992,0,,Save the Rhino Trust Namibia,savetherhinonamibia
0.8261,0.2333,0.1487,39.39,0.8027,#faf7eb,0.7631,0.2014,2.013,DXOW8EeCnoE,DU-bZq3inWr,0.8396,0,,Namibia Youth Chamber of Environment,namyouthchamber
0.4948,0.2216,0.3872,77.58,0.6614,#c9b49b,0.5524,0.1773,0.563,DXEgAVWCtkH,DWY0epAiNPH,0.6914,0,,Namibia Youth Chamber of Environment,namyouthchamber
0.567,0.2891,0.1922,33.8,0.6879,#e0ddd8,0.47,0.0627,0.563,DTxCXWpDE4V,DRJmoBPDER3,0.67,0,,WWF Namibia,wwfnamibia
0.4848,0.1209,0.2948,41.02,0.7663,#8d6d5c,0.3691,0.0096,1.375,DS1wKIEjqZf,DWQnsyXjpjb,0.9214,0,,Save the Rhino Trust Namibia,savetherhinonamibia
0.5159,0.2401,0.1879,29.94,0.2646,#5a5a60,0.4707,0.0899,1.0,DXeGKudihBK,DUaqWnPCDxU,0.7309,0,,Namibia Nature Foundation,namibia_nature_foundation
0.5827,0.2071,0.1845,36.19,0.575,#5a535d,0.4298,0.0459,1.333,DTHxtDGDjph,DU5EsvWjsxF,0.7879,0,,Save the Rhino Trust Namibia,savetherhinonamibia
0.4012,0.1616,0.4961,72.31,0.4018,#2b65a1,0.4843,0.0385,0.562,DW8ck9sijNW,DXca0cil6Mk,0.6822,0,,Namibia Youth Chamber of Environment,namyouthchamber
0.2883,0.1894,0.4944,45.39,0.17,#1b3259,0.4277,0.1207,0.8,DXbo4bICltt,DXYu82YCEDr,0.7103,0,,Namibia Nature Foundation,namibia_nature_foundation
0.4969,0.1295,0.2798,31.34,0.8146,#9d8774,0.3568,0.0149,0.805,DQyN13UDdWR,DQn6pZKjmE6,0.8688,0,,Ongava Game Reserve,ongavagamereserve
0.675,0.3166,0.1576,36.16,0.5168,#f9f9f9,0.6371,0.1499,1.292,DXodK1uCjQS,DSZ41IKiPsl,0.7104,0,,Namibia Youth Chamber of Environment,namyouthchamber
0.4727,0.2503,0.2538,40.21,0.9154,#a9a196,0.3759,0.0936,1.5,DQ_hY2pDcxc,DRCbRmxja_O,0.7405,0,,Namibia Nature Foundation,namibia_nature_foundation
0.3984,0.2304,0.3826,52.09,0.5873,#1e1d1e,0.5125,0.0725,1.042,DQ9QJa0iknB,DWCAWs1iCox,0.7082,0,,Namibia Nature Foundation,namibia_nature_foundation
0.3952,0.2078,0.2818,48.73,0.5769,#2c2b28,0.5047,0.0602,1.333,DSCwOfFDlpl,DRyly-3Elxh,0.8155,0,,Gobabeb Research & Training Centre,gobabeb
0.4771,0.0918,0.2251,27.54,0.9611,#9f896d,0.4599,0.0027,0.805,DRgkG3FDuJS,DQn6pZKjmE6,0.9089,0,,Ongava Game Reserve,ongavagamereserve
0.5462,0.1374,0.1152,15.0,0.6535,#a3a29f,0.5585,0.0298,1.0,DRzYNeKCo0L,DU50x96jR1d,0.8019,0,,Gobabeb Research & Training Centre,gobabeb
0.4821,0.1844,0.2336,18.78,0.9752,#a79c91,0.4481,0.0504,0.805,DRL9xcejsyu,DVTW8GMjZim,0.8022,0,,Ongava Game Reserve,ongavagamereserve
0.4266,0.2389,0.2376,34.27,0.6828,#23201e,0.4955,0.1343,1.041,DRKJ-EZigFp,DVan0V-iFrF,0.8174,0,,Namibia Nature Foundation,namibia_nature_foundation
0.3814,0.1966,0.2185,32.53,0.3186,#4d544c,0.534,0.0409,0.874,DSMVuCOCTl_,DU0pr3KjK2K,0.7091,0,,Gobabeb Research & Training Centre,gobabeb
0.5024,0.1978,0.2337,38.96,0.8196,#a99b95,0.6283,0.0928,1.041,DRKTe9SitKH,DSCwOfFDlpl,0.7682,0,,Namibia Nature Foundation,namibia_nature_foundation
0.5118,0.2516,0.2,25.28,0.7058,#6d635a,0.404,0.1659,0.8,DSXZ7bpjjzq,DTP7j3RDHLk,0.7681,0,,Gobabeb Research & Training Centre,gobabeb
0.6498,0.1397,0.286,40.67,0.9164,#b39171,0.3656,0.0315,1.442,DRKPnfYCp6K,DWL5GC_FZ3M,0.7861,0,,Namibia Nature Foundation,namibia_nature_foundation
0.5259,0.0752,0.516,33.26,1.0,#b28858,0.5595,0.0028,1.281,DS1qVQYjqcs,DXT_TNoj4Df,0.7687,0,,Gobabeb Research & Training Centre,gobabeb
0.6104,0.1843,0.229,39.6,0.8983,#b2a590,0.3409,0.0677,1.0,DScbrOljail,DWdtfb8Cewk,0.8336,0,,Gobabeb Research & Training Centre,gobabeb
0.2706,0.2907,0.2337,41.03,0.3806,#151617,0.7124,0.0461,0.776,DRCbRmxja_O,DQ_hY2pDcxc,0.7405,0,,Namibia Nature Foundation,namibia_nature_foundation
0.8031,0.1196,0.1228,16.91,0.9996,#e4d8cd,0.7858,0.0705,0.743,DT2pb6hiLJo,DT5hZMKCC1d,0.5831,0,,NACSO,nacso_namibia1
0.715,0.0447,0.3319,24.31,1.0,#cbb889,0.4852,0.0034,1.778,DSIF5R8D3c2,DV_BFLlAtic,0.8838,0,,Gobabeb Research & Training Centre,gobabeb
0.6519,0.1659,0.2005,56.22,0.6394,#aba79e,0.5129,0.0568,1.333,DUDbb2FjD8p,DWlb0sNDFI2,0.8301,0,,Elephant Human Relations Aid,ehranamibia
0.5236,0.2911,0.2603,23.48,0.9487,#e9e3dd,0.4398,0.1347,0.806,DReHoxSjt92,DXQx2jFFrjg,0.7764,0,,Ongava Game Reserve,ongavagamereserve
0.5745,0.2556,0.1647,26.07,0.4375,#a2a1a0,0.4402,0.1416,1.486,DT2HsqsjWhH,DQoxtvHiEiB,0.8607,0,,NACSO,nacso_namibia1
0.4667,0.1989,0.1474,22.87,0.355,#63685d,0.6307,0.0323,0.563,DRl0mmRiO6j,DScAMoqDGfB,0.9091,0,,Ongava Game Reserve,ongavagamereserve
0.5315,0.2768,0.1186,17.34,0.477,#d2d3d2,0.4051,0.0558,1.5,DUaqWnPCDxU,DWUhj7VjtYE,0.7426,0,,NACSO,nacso_namibia1
0.4941,0.1969,0.3717,60.03,0.4175,#999e9b,0.5572,0.0358,1.0,DS62I6pDk7E,DTSgWRoloBs,0.6522,0,,Gobabeb Research & Training Centre,gobabeb
0.4189,0.1132,0.2672,29.86,0.8516,#6e6158,0.3876,0.0108,1.5,DRWQ-B9jmwx,DWn5r-flixF,0.8508,0,,Ongava Game Reserve,ongavagamereserve
0.5975,0.2521,0.3207,60.11,0.4004,#cfd5ee,0.517,0.0978,0.875,DRTyj6qimZ8,DWny2u3DoHP,0.8145,0,,Namibia Nature Foundation,namibia_nature_foundation
0.5155,0.0559,0.4177,69.8,0.6361,#ac795c,0.4987,0.003,1.0,DSZ25aFj-dD,DUz7IcljPlu,0.7934,0,,Gobabeb Research & Training Centre,gobabeb
0.5764,0.2354,0.3068,43.65,0.5062,#d2dde9,0.4276,0.0205,1.499,DXPmUSmAsWS,DRwcckvjYNV,0.9355,0,,Giraffe Conservation Foundation,giraffe_conservation
0.7404,0.2887,0.1525,38.12,0.6664,#f5f5f6,0.6538,0.1712,1.314,DXwKK3PCoiw,DRj_EEGDNma,0.7359,0,,Namibia Youth Chamber of Environment,namyouthchamber
0.8674,0.1997,0.1712,62.22,0.7093,#fcfcfb,0.7803,0.1103,0.8,DXbynlCjsnU,DXbu79iDCnX,0.8213,0,,Gobabeb Research & Training Centre,gobabeb
0.5631,0.1407,0.1804,30.31,0.6668,#a39d93,0.4671,0.0511,1.249,DXg39MKjeJB,DWgIriWDQxg,0.7502,0,,Gobabeb Research & Training Centre,gobabeb
0.6648,0.1957,0.2117,41.03,0.5774,#d4d8de,0.5688,0.0329,1.5,DXUv-0KjLn4,DVMRx8yCMbB,0.8764,0,,Giraffe Conservation Foundation,giraffe_conservation
0.4981,0.0699,0.3456,50.34,0.4264,#708aaa,0.4764,0.0123,1.0,DXbSywhDQWF,DU50x96jR1d,0.8703,0,,Gobabeb Research & Training Centre,gobabeb
0.4649,0.2687,0.251,39.26,0.7268,#292921,0.4022,0.1465,0.563,DWEnQrpO-q8,DRhp-g_DJMg,0.9142,0,,AfriCat Foundation,africat_foundation
0.4271,0.2301,0.3311,31.41,0.9713,#201c14,0.4524,0.0393,0.563,DV84SaljvmX,DW6x4dRjNxf,0.8256,0,,AfriCat Foundation,africat_foundation
0.4719,0.3508,0.2143,21.73,0.6611,#29231d,0.3556,0.1346,0.563,DVbcgVLDPGM,DXexE6XjJDv,0.9231,0,,AfriCat Foundation,africat_foundation
0.3527,0.1474,0.3516,26.83,0.6121,#6b694c,0.3757,0.0524,1.5,DWb7j2uDMKS,DV_qawHEpSw,0.922,0,,AfriCat Foundation,africat_foundation
0.1846,0.0983,0.3157,31.75,0.6034,#201e20,0.6395,0.0118,0.562,DVRGvV1DNZT,DVisU9BDETE,0.775,0,,AfriCat Foundation,africat_foundation
0.4569,0.1517,0.2534,26.13,0.9961,#9d896e,0.4052,0.019,1.5,DQn6pZKjmE6,DQrZ7TJDHjS,0.91,0,,Ongava Game Reserve,ongavagamereserve
0.4635,0.275,0.2496,30.61,0.5795,#28241c,0.3636,0.1373,1.502,DWMgGWFjOeC,DXexE6XjJDv,0.8986,0,,AfriCat Foundation,africat_foundation
0.4659,0.2723,0.2323,33.41,0.4858,#231f20,0.4413,0.0753,1.048,DXofbb7Dbv5,DSCwOfFDlpl,0.691,0,,Gobabeb Research & Training Centre,gobabeb
0.3401,0.183,0.2612,34.93,0.7308,#292022,0.4183,0.0436,0.563,DVq2xA8DRA_,DSo4McVCYZ-,0.698,0,,AfriCat Foundation,africat_foundation
0.3761,0.1875,0.2695,36.77,0.5359,#282727,0.4836,0.0125,0.563,DVykjIEDLEb,DXpCdUhjNBm,0.8689,0,,AfriCat Foundation,africat_foundation
0.6769,0.2617,0.2944,61.33,0.5552,#f7fafa,0.6652,0.1505,0.801,DXKc58qjZ0A,DTSSRVGDovn,0.6875,0,,Giraffe Conservation Foundation,giraffe_conservation
0.5297,0.2607,0.1588,20.27,0.5339,#4e5f51,0.4852,0.0815,0.8,DXoAP_2lqoE,DXEY-ltlqzA,0.6174,0,,N/a'an ku se Foundation,naankuse_foundation
0.2984,0.2284,0.4183,25.13,0.9186,#2b2315,0.5188,0.0161,0.562,DXhA84pFEFq,DWWMPeZggaK,0.5085,0,,N/a'an ku se Foundation,naankuse_foundation
0.3765,0.1659,0.2912,27.22,0.9367,#6b5d51,0.4344,0.0838,0.75,DW6x4dRjNxf,DV84SaljvmX,0.8256,0,,AfriCat Foundation,africat_foundation
0.3699,0.0887,0.2361,14.9,0.0332,#636a53,0.7065,0.0,1.778,DXt_IDBD93L,DTINIX7jsOm,0.7729,0,,N/a'an ku se Foundation,naankuse_foundation
0.4835,0.2498,0.359,68.38,0.7423,#e1a370,0.5843,0.1547,1.333,DXi6TshgSo5,DXO2wrHFpDS,0.8331,0,,N/a'an ku se Foundation,naankuse_foundation
0.4663,0.173,0.3105,68.02,0.5488,#5f605d,0.5547,0.1255,0.563,DV3Sws3jIWU,DTw-cFFjt7_,0.7191,0,,WWF Namibia,wwfnamibia
0.4356,0.1435,0.4962,46.76,0.967,#675630,0.3563,0.025,0.562,DWtzXr8ODrc,DRFUHr8DPls,0.871,0,,AfriCat Foundation,africat_foundation
0.4903,0.2252,0.2358,47.25,0.4754,#9d9ea0,0.5213,0.0568,0.801,DXwqAO0Fugv,DWGMzA5iEYq,0.7135,0,,N/a'an ku se Foundation,naankuse_foundation
0.6251,0.2184,0.2407,59.66,0.2618,#719565,0.533,0.0821,1.5,DWUGbt-DAvh,DXb9mmtiBmy,0.8941,0,,Ministry of Environment Forestry & Tourism,ministry_of_environment_nam
0.4648,0.2364,0.2549,24.97,0.4708,#565435,0.4421,0.0038,0.75,DXwKk3HCCrp,DWnsHF-DQxD,0.8084,0,,Ongava Game Reserve,ongavagamereserve
0.4507,0.2247,0.2647,37.25,0.4662,#626255,0.4897,0.1779,1.335,DVLyohjjzzO,DTgIY48D2Bx,0.8177,0,,NACSO,nacso_namibia1
0.5779,0.249,0.338,53.06,0.512,#ced2dc,0.4964,0.0784,0.563,DXexE6XjJDv,DTGPqHUjOPo,0.9941,1,3,AfriCat Foundation,africat_foundation
0.3205,0.1453,0.63,50.5,0.9299,#5f5524,0.5468,0.0462,1.498,DXUcLv_jGa4,DSW2mrgjs6h,0.9202,0,,AfriCat Foundation,africat_foundation
0.3324,0.2254,0.5258,44.52,0.023,#1c2d4a,0.4444,0.0191,0.563,DXY1VUcAHbh,DWlpEQZkSwj,0.6913,0,,Save the Rhino Trust Namibia,savetherhinonamibia
0.4537,0.0911,0.2709,27.0,0.7918,#8d6f5e,0.3821,0.0042,1.501,DXbSvspFoHk,DWBK6wwjrgc,0.9429,0,,Save the Rhino Trust Namibia,savetherhinonamibia
0.4486,0.2305,0.2683,40.38,0.4971,#202322,0.4855,0.0991,1.5,DWyGEHKDo5E,DWGc_DrGmla,0.8083,0,,Save the Rhino Trust Namibia,savetherhinonamibia
0.4928,0.2204,0.3973,50.92,0.8152,#61532d,0.4825,0.087,1.501,DXqvhiqlt1o,DRl7hUtgW--,0.8551,0,,Save the Rhino Trust Namibia,savetherhinonamibia
0.5517,0.1782,0.3018,49.21,0.4726,#96704f,0.468,0.0239,0.563,DXJRMa_AkWD,DR39HtJgmv4,0.7974,0,,Save the Rhino Trust Namibia,savetherhinonamibia
0.7059,0.2955,0.1447,29.46,0.6618,#f6f6f5,0.6234,0.1274,0.75,DXWX-PXFqnF,DVgNyhriNtn,0.5801,0,,Save the Rhino Trust Namibia,savetherhinonamibia
0.5319,0.2828,0.2856,56.31,0.7226,#e3ddd8,0.5489,0.1573,0.8,DVnoukUjl9S,DQoS5CdDHLo,0.6565,0,,Harnas Wildlife Foundation,harnaswildlifefoundation
0.6707,0.1468,0.3448,103.11,0.4164,#5be0fc,0.4838,0.0938,1.333,DXgcXcbFpJy,DS9vxx7jGRU,0.7915,0,,Save the Rhino Trust Namibia,savetherhinonamibia
0.4606,0.246,0.3201,35.39,0.5843,#282a17,0.4411,0.1611,1.5,DVvCknRjvf6,DViKhngjjX9,0.6769,0,,Harnas Wildlife Foundation,harnaswildlifefoundation
0.3091,0.1551,0.3152,35.0,0.7554,#291d1f,0.374,0.0113,0.563,DXpCdUhjNBm,DVykjIEDLEb,0.8689,0,,AfriCat Foundation,africat_foundation
0.4409,0.2359,0.5471,57.4,0.8934,#956428,0.4441,0.0689,1.5,DVQP4NojqaK,DU0deWyDr98,0.7482,0,,Harnas Wildlife Foundation,harnaswildlifefoundation
0.0814,0.1395,0.5751,34.4,0.7068,#0d0704,0.8549,0.0225,1.5,DVc6DMtjoUk,DS2LnHADquv,0.8957,0,,Harnas Wildlife Foundation,harnaswildlifefoundation
0.1067,0.1885,0.5807,40.11,0.4905,#0a0606,0.7992,0.0401,1.5,DVF8tnJDu1d,DS2LnHADquv,0.9126,0,,Harnas Wildlife Foundation,harnaswildlifefoundation
0.6348,0.2215,0.1413,25.41,0.5305,#d5d5d7,0.5284,0.0509,1.5,DVXwcGxjjIi,DWYPQRHjtlS,0.7469,0,,Harnas Wildlife Foundation,harnaswildlifefoundation
0.5373,0.183,0.3166,28.11,0.9989,#d4aa97,0.4338,0.0547,0.714,DVJKgdwDE6k,DV8HsvgjHW4,0.8225,0,,Harnas Wildlife Foundation,harnaswildlifefoundation
0.3798,0.1623,0.4166,34.32,0.9455,#5b4d2e,0.3562,0.1079,1.5,DWf9kn4Dsd8,DRboXapDRPH,0.8934,0,,Harnas Wildlife Foundation,harnaswildlifefoundation
0.5238,0.2096,0.1363,21.86,0.4151,#61635c,0.436,0.1066,0.8,DVl6803ArIo,DQuKrLZDCfh,0.9138,0,,Harnas Wildlife Foundation,harnaswildlifefoundation
0.5205,0.1859,0.3438,41.29,0.8213,#9a8a63,0.5429,0.1186,0.805,DUz7FfoDqtk,DV76dOJjpxd,0.831,0,,Harnas Wildlife Foundation,harnaswildlifefoundation
0.5583,0.2118,0.2505,36.32,0.7754,#c8b399,0.4139,0.1167,0.8,DVa3m5fDjN9,DVakVfSCFgS,0.8821,0,,Harnas Wildlife Foundation,harnaswildlifefoundation
0.5971,0.1887,0.3551,53.35,0.5741,#c5ced6,0.379,0.0221,1.5,DWGNnrpDtYm,DTaOutKjo18,0.924,0,,Harnas Wildlife Foundation,harnaswildlifefoundation
0.4822,0.2092,0.3366,42.44,0.7678,#6c6453,0.5142,0.1183,1.5,DViKhngjjX9,DUCyOBzjtGW,1.0,1,6,Harnas Wildlife Foundation,harnaswildlifefoundation
0.4054,0.2655,0.3263,48.32,0.5668,#1e1c1e,0.6436,0.125,1.499,DU5EsvWjsxF,DW4bUExGWiB,0.8503,0,,Harnas Wildlife Foundation,harnaswildlifefoundation
0.6128,0.2026,0.1953,31.08,0.5928,#d4dbe2,0.4434,0.0573,1.5,DU-OQhPjn88,DWTFsBgjvPD,0.8169,0,,Harnas Wildlife Foundation,harnaswildlifefoundation
0.3375,0.2235,0.3459,27.59,0.8081,#221d15,0.5219,0.1107,1.501,DVLGQ7hDvlC,DRT5_MkDmVi,0.8157,0,,Harnas Wildlife Foundation,harnaswildlifefoundation
0.6478,0.2509,0.2697,46.77,0.4895,#ebece9,0.5448,0.1127,1.5,DWN8CmPDmjg,DViKhngjjX9,0.8556,0,,Harnas Wildlife Foundation,harnaswildlifefoundation
0.6149,0.2391,0.2462,41.3,0.8021,#dfdbda,0.5547,0.0685,0.667,DWYPQRHjtlS,DVXwcGxjjIi,0.7469,0,,Harnas Wildlife Foundation,harnaswildlifefoundation
0.454,0.2078,0.3751,51.24,0.5964,#241f16,0.4928,0.0957,0.667,DWTFsBgjvPD,DRl7hUtgW--,0.8417,0,,Harnas Wildlife Foundation,harnaswildlifefoundation
0.513,0.2724,0.2056,30.99,0.3988,#5f5e5f,0.4832,0.1045,1.5,DWBEEBWjifc,DWN8CmPDmjg,0.8394,0,,Harnas Wildlife Foundation,harnaswildlifefoundation
0.5457,0.275,0.2932,32.65,0.8758,#e7ceb0,0.4441,0.1576,0.667,DV76dOJjpxd,DUz7FfoDqtk,0.831,0,,Harnas Wildlife Foundation,harnaswildlifefoundation
0.4015,0.2009,0.2745,40.47,0.4,#556352,0.4918,0.0745,1.772,DXuDcJQiA2H,DWlUKAsCBNC,0.8394,0,,Ministry of Environment Forestry & Tourism,ministry_of_environment_nam
0.6268,0.2352,0.2798,44.25,0.3847,#d6d9ec,0.486,0.0286,1.333,DXCuXRniIRH,DRh9fYtF7oD,0.921,0,,Giraffe Conservation Foundation,giraffe_conservation
0.4573,0.2728,0.5378,76.57,0.281,#196b4d,0.5427,0.1463,1.0,DXYu82YCEDr,DXbo4bICltt,0.7103,0,,Youth4CAN,youth4can_namibia
0.4425,0.2245,0.3704,55.82,0.1925,#1c1b17,0.5274,0.0929,1.333,DRhNyZnjIg1,DVan0V-iFrF,0.8806,0,,NACSO,nacso_namibia1
0.4834,0.1329,0.2121,21.88,0.8352,#6c6753,0.5648,0.0523,1.0,DQ4p6A_j2N8,DRNXF-BgS9b,0.8394,0,,Save the Rhino Trust Namibia,savetherhinonamibia
0.5398,0.24,0.2424,44.81,0.5371,#b09370,0.4245,0.0478,1.5,DXb98OkiLtY,DW3WLwbiIzy,0.7904,0,,Ministry of Environment Forestry & Tourism,ministry_of_environment_nam
0.6246,0.1916,0.2757,60.87,0.4827,#a6cff3,0.4981,0.1102,1.0,DWerOqzAbIP,DRwcckvjYNV,0.9491,0,,Giraffe Conservation Foundation,giraffe_conservation
0.4614,0.2326,0.4989,95.88,0.1984,#044baa,0.596,0.2061,1.0,DU7v1hOilMn,DVa5zYsCm_O,0.7144,0,,Namibia Youth Chamber of Environment,namyouthchamber
0.5866,0.1948,0.4345,51.66,0.9966,#d7a36b,0.5083,0.0754,0.563,DRSKePSDN6A,DRkL8DrjBZz,0.883,0,,AfriCat Foundation,africat_foundation
0.2589,0.1651,0.2138,20.15,0.8373,#24201f,0.5479,0.051,0.8,DWzDJHOkk7W,DXwfTUBjkcO,0.7191,0,,Cheetah Conservation Fund,ccfcheetah
0.7827,0.2847,0.1736,67.3,0.9346,#fafaf9,0.7225,0.1869,0.75,DV8ic1cCqAP,DWhU7LCjva2,0.5043,0,,Namibia Youth Chamber of Environment,namyouthchamber
0.4821,0.1831,0.1723,27.27,0.6569,#666058,0.4704,0.0175,0.563,DQ3dSnjDP3l,DXwqAO0Fugv,0.572,0,,WWF Namibia,wwfnamibia
0.5383,0.2394,0.1915,26.84,0.1949,#a1a7af,0.3796,0.0717,1.509,DUyh38sDYy-,DRIGtULDGKm,0.7908,0,,Giraffe Conservation Foundation,giraffe_conservation
0.6724,0.313,0.0948,10.95,0.7861,#f3f2f1,0.491,0.1418,1.254,DTw3Yjzim57,DRhQzupjAyP,0.7174,0,,Namibia Youth Chamber of Environment,namyouthchamber
0.6612,0.2861,0.1952,32.73,0.6539,#f4f4f3,0.57,0.1581,1.525,DUP8i2Qigcf,DU5v6CKCn_O,0.686,0,,Namibia Youth Chamber of Environment,namyouthchamber
0.5494,0.2578,0.34,69.37,0.4312,#d9e6e7,0.5775,0.0956,1.0,DUOX2sXjWu-,DU0kTVJiYGd,0.7975,0,,Harnas Wildlife Foundation,harnaswildlifefoundation
0.5991,0.1599,0.1555,29.6,0.662,#ada59f,0.6818,0.0384,0.75,DWn68aHCAaP,DVMf89JiGPo,0.8054,0,,Ministry of Environment Forestry & Tourism,ministry_of_environment_nam
0.5952,0.2212,0.2542,27.66,0.9876,#b1a093,0.4984,0.1042,1.5,DUm1Xg9Dmf3,DUuxi5_DvLg,0.9991,1,7,Harnas Wildlife Foundation,harnaswildlifefoundation
0.3837,0.2139,0.3041,36.68,0.6073,#222016,0.406,0.091,0.667,DUH7zAPjiP7,DRT5_MkDmVi,0.7911,0,,Harnas Wildlife Foundation,harnaswildlifefoundation
0.4257,0.2026,0.2984,40.54,0.7041,#685f4d,0.4373,0.1648,1.385,DW3KFFOCN4A,DRpNNWuiEbq,0.7872,0,,Ministry of Environment Forestry & Tourism,ministry_of_environment_nam
0.4987,0.3118,0.2172,29.43,0.5602,#dce2e6,0.4179,0.0277,1.5,DUPqMmljuGv,DV0MHPLDsfO,0.8617,0,,Harnas Wildlife Foundation,harnaswildlifefoundation
0.9376,0.1334,0.0071,9.08,0.9756,#fafafa,0.8866,0.1466,1.015,DW3WDZWiA6v,DVO6X1fiLN9,0.7374,0,,Ministry of Environment Forestry & Tourism,ministry_of_environment_nam
0.5099,0.1547,0.3366,65.28,0.5243,#675c52,0.4468,0.0321,0.75,DW3Jis6CDlb,DVOGgyQDCdJ,0.7124,0,,Ministry of Environment Forestry & Tourism,ministry_of_environment_nam
0.4894,0.2561,0.4266,67.43,0.9156,#1b1514,0.4871,0.0744,1.073,DW3WLwbiIzy,DVRF9_RCMyN,0.8354,0,,Ministry of Environment Forestry & Tourism,ministry_of_environment_nam
0.4098,0.2983,0.276,52.39,0.6431,#101016,0.5158,0.0529,0.562,DW4f5mjjpGm,DWn68aHCAaP,0.7651,0,,Ministry of Environment Forestry & Tourism,ministry_of_environment_nam
0.574,0.0945,0.4445,84.2,0.5189,#c78c5a,0.4194,0.0116,1.5,DW3JUnYiHWQ,DT5U_tKCLTG,0.9369,0,,Ministry of Environment Forestry & Tourism,ministry_of_environment_nam
0.5075,0.1858,0.1233,19.85,0.8377,#95938f,0.4639,0.0693,1.798,DWoNu2YiMLw,DWlpEQZkSwj,0.6703,0,,Ministry of Environment Forestry & Tourism,ministry_of_environment_nam
0.5565,0.2957,0.1727,25.66,0.7207,#ddd8ca,0.3465,0.1219,1.333,DWhVFUtDubq,DXuVGWBCGa5,0.8137,0,,Ministry of Environment Forestry & Tourism,ministry_of_environment_nam
0.3649,0.1865,0.2123,28.17,0.588,#272725,0.4517,0.127,1.0,DUYx4VLDCYU,DWW44aTDSt2,0.7424,0,,Harnas Wildlife Foundation,harnaswildlifefoundation
0.5458,0.2214,0.3118,56.35,0.6782,#6b6051,0.5653,0.1139,1.555,DUdtwy-jdBl,DUYx5HdiD09,0.947,0,,Harnas Wildlife Foundation,harnaswildlifefoundation
0.5718,0.256,0.2305,25.72,0.9527,#dad7d2,0.5039,0.0425,1.5,DUr-88XjjJb,DXG8IUMDeZj,0.8091,0,,Harnas Wildlife Foundation,harnaswildlifefoundation
0.3425,0.1801,0.2427,41.18,0.6421,#232320,0.3985,0.1568,1.0,DWI6-PhCgDu,DVa5zYsCm_O,0.7011,0,,Namibia Youth Chamber of Environment,namyouthchamber
0.487,0.3381,0.313,35.06,0.7255,#221f16,0.4259,0.1091,1.798,DWlUKAsCBNC,DXuDcJQiA2H,0.8394,0,,Ministry of Environment Forestry & Tourism,ministry_of_environment_nam
0.5511,0.3317,0.289,39.08,0.1808,#eeeeef,0.4524,0.1284,0.75,DWhU7LCjva2,DRmG7PPDcg3,0.5054,0,,Ministry of Environment Forestry & Tourism,ministry_of_environment_nam
0.5085,0.269,0.1947,25.24,0.5807,#a5a4a1,0.4077,0.0586,1.501,DUZ9b7jDh1Z,DWYPQRHjtlS,0.7314,0,,Harnas Wildlife Foundation,harnaswildlifefoundation
0.6003,0.2023,0.5094,117.36,0.2329,#239fea,0.4498,0.1416,0.8,DXvye8QFSV3,DWiVP96AE8O,0.8898,0,,Ocean Conservation Namibia,oceanconservationnamibia
0.4811,0.205,0.3682,56.22,0.4943,#a4a59f,0.5684,0.1301,1.0,DUvvTWQjyn4,DUv9CdXiIPB,0.737,0,,Harnas Wildlife Foundation,harnaswildlifefoundation
0.595,0.2211,0.2543,27.64,0.9868,#b1a093,0.4963,0.1037,1.5,DUuxi5_DvLg,DUm1Xg9Dmf3,0.9991,1,7,Harnas Wildlife Foundation,harnaswildlifefoundation
0.2634,0.2468,0.3127,36.78,0.2957,#17161a,0.6208,0.0639,0.562,DXwUHbmk-oD,DXEhT7-jsJy,0.7671,0,,Ocean Conservation Namibia,oceanconservationnamibia
0.5503,0.2441,0.1505,21.86,0.4641,#506052,0.5346,0.098,0.8,DXWCXRoCX7X,DXoAP_2lqoE,0.581,0,,N/a'an ku se Foundation,naankuse_foundation
0.8434,0.226,0.1992,72.97,0.9793,#fbfaf8,0.7622,0.1886,0.749,DRQ69T9ir4N,DROlo6ODMZ2,0.5489,0,,Namibia Youth Chamber of Environment,namyouthchamber
0.4123,0.1824,0.371,36.23,0.7852,#6e5138,0.4023,0.013,0.562,DXtvQ9SgL98,DWL5GC_FZ3M,0.9153,0,,Ocean Conservation Namibia,oceanconservationnamibia
0.6618,0.205,0.2601,55.12,0.7093,#efe8e9,0.4402,0.1158,1.193,DSsoe4NDfql,DSrc9q6DsW-,0.7406,0,,Giraffe Conservation Foundation,giraffe_conservation
0.2958,0.1835,0.4198,43.94,0.9684,#27201a,0.5061,0.0241,0.563,DUYeCeoDJs6,DVOUUsFiHNk,0.7826,0,,AfriCat Foundation,africat_foundation
0.5374,0.2181,0.2516,44.89,0.8341,#ac9794,0.4814,0.1157,0.8,DVcrAuRjsnE,DVWk_9XDbv8,0.7292,0,,Cheetah Conservation Fund,ccfcheetah
0.4239,0.2099,0.4709,39.42,0.99,#28190d,0.4121,0.0551,0.563,DVBpQ6sjE5H,DQ9Ck7CiNTM,0.8409,0,,AfriCat Foundation,africat_foundation
0.5015,0.245,0.3322,72.0,0.5956,#1f201e,0.592,0.1257,1.333,DW8Lka0Dbrn,DVWk_9XDbv8,0.6076,0,,N/a'an ku se Foundation,naankuse_foundation
0.4837,0.1423,0.1523,25.0,0.6914,#62605d,0.5048,0.0595,0.8,DV_qawHEpSw,DWb7j2uDMKS,0.922,0,,Cheetah Conservation Fund,ccfcheetah
0.5289,0.2431,0.3246,50.68,0.4905,#d7dbd1,0.4795,0.1077,1.0,DU3rabWkYrT,DU0kTVJiYGd,0.7773,0,,N/a'an ku se Foundation,naankuse_foundation
0.4859,0.1912,0.4379,60.34,0.7839,#61635c,0.5036,0.06,1.5,DQxCVcNj9Cw,DRwcckvjYNV,0.9347,0,,Giraffe Conservation Foundation,giraffe_conservation
0.4681,0.1982,0.2599,50.28,0.463,#57665b,0.5957,0.1071,0.563,DVU4KuJDJ9A,DVXZSXLDLb0,0.8675,0,,Cheetah Conservation Fund,ccfcheetah
0.5387,0.21,0.2813,46.64,0.6348,#a8c8da,0.4556,0.1077,1.0,DQvrtOYjDeU,DWCWeXDDvpY,0.8486,0,,Giraffe Conservation Foundation,giraffe_conservation
0.4287,0.167,0.2143,29.32,0.5201,#655f5a,0.5218,0.0625,1.909,DRP79xHj7NN,DSdLvtCiO9N,0.7911,0,,Giraffe Conservation Foundation,giraffe_conservation
0.4524,0.2542,0.3356,37.2,0.3842,#505f31,0.3894,0.0697,1.5,DVMmZpTjq1t,DULC8MvjkTx,0.7025,0,,Ongava Game Reserve,ongavagamereserve
0.4076,0.2576,0.4906,73.66,0.9907,#211c18,0.5375,0.1056,1.5,DWTTNs3iO3h,DWW2_T3iBZt,0.8377,0,,Ministry of Environment Forestry & Tourism,ministry_of_environment_nam
0.4903,0.2322,0.1432,25.82,0.7473,#a29a9a,0.3784,0.0778,0.75,DXOrcNijX05,DW3WLwbiIzy,0.7334,0,,Environmental Investment Fund,eif_namibia
0.7517,0.1832,0.3539,76.09,0.519,#f1efe3,0.5378,0.1207,0.75,DVfdclaCI5r,DQlvwlSjZA2,0.7286,0,,Environmental Investment Fund,eif_namibia
0.7601,0.2511,0.1451,33.61,0.7873,#eae8dc,0.8045,0.1056,0.818,DWIac_JiEFz,DWI5Bgrijl6,0.5735,0,,Environmental Investment Fund,eif_namibia
0.7038,0.148,0.4279,61.97,0.2688,#9ba136,0.5182,0.0171,0.818,DUaaK2PjUEr,DUDieQziKe2,0.6065,0,,Environmental Investment Fund,eif_namibia
0.1423,0.1326,0.5071,59.43,0.4489,#160e18,0.7448,0.0387,1.778,DXM5JzSjdGk,DWUGbt-DAvh,0.8454,0,,Environmental Investment Fund,eif_namibia
0.4766,0.1807,0.2406,40.59,0.2034,#606855,0.5057,0.0555,1.798,DWdxehuCDJo,DWd8TPlCGNF,0.7928,0,,Ministry of Environment Forestry & Tourism,ministry_of_environment_nam
0.4347,0.1821,0.399,41.9,0.9109,#a58f61,0.3699,0.1322,0.563,DUgMnW8jL3b,DUwbUUNj_NO,0.7659,0,,N/a'an ku se Foundation,naankuse_foundation
0.5504,0.1797,0.0836,10.39,0.0344,#a0a4ab,0.611,0.0711,1.5,DXd19oFjkuQ,DXZJA_liqWn,0.7652,0,,Ocean Conservation Namibia,oceanconservationnamibia
0.5525,0.2225,0.7272,85.43,0.105,#5aa224,0.5379,0.1013,1.778,DUbWtOygfZh,DW9k8REk6pa,1.0,1,1,N/a'an ku se Foundation,naankuse_foundation
0.5425,0.2356,0.3087,59.02,0.5717,#a7a098,0.5327,0.1633,0.965,DWdkN4BiJyf,DQ4iGjBjLUz,0.7096,0,,Ministry of Environment Forestry & Tourism,ministry_of_environment_nam
0.3967,0.3339,0.2753,43.09,0.7934,#130e0b,0.4781,0.2351,0.8,DXoC0N4mgkj,DW8ZEQcGmuw,0.6641,0,,Ocean Conservation Namibia,oceanconservationnamibia
0.4492,0.2439,0.396,57.97,0.7421,#9b6c47,0.4652,0.0176,0.562,DXmA4Gtj_Zh,DWyg-oLjGQN,0.8859,0,,Ocean Conservation Namibia,oceanconservationnamibia
0.6086,0.2493,0.3565,76.24,0.7204,#f1d7d4,0.7078,0.0833,1.5,DWef2hPCOlX,DWUGbt-DAvh,0.8871,0,,Ministry of Environment Forestry & Tourism,ministry_of_environment_nam
0.4987,0.3469,0.2608,43.6,0.318,#e4f0f7,0.4684,0.0529,0.562,DXeSg6pAHo-,DW3daffjCif,0.7101,0,,Ocean Conservation Namibia,oceanconservationnamibia
0.5363,0.2151,0.3371,58.96,0.7389,#6d6051,0.5867,0.1081,1.912,DUYx5HdiD09,DUdtwy-jdBl,0.947,0,,N/a'an ku se Foundation,naankuse_foundation
0.364,0.2104,0.172,19.36,0.8079,#6b5950,0.4691,0.0182,0.562,DXZJA_liqWn,DVn1_0tkheU,0.9253,0,,Ocean Conservation Namibia,oceanconservationnamibia
0.515,0.2295,0.2246,27.29,0.4779,#b9c5d7,0.3352,0.0122,0.562,DXbt7IqCLKa,DWqyl7vlIzO,0.8606,0,,Ocean Conservation Namibia,oceanconservationnamibia
0.5359,0.2793,0.4294,48.43,0.6895,#a09762,0.4386,0.1683,1.778,DUggUj0iE_S,DUggSmvjmH0,0.7693,0,,N/a'an ku se Foundation,naankuse_foundation
0.3298,0.2599,0.2655,32.24,0.5661,#241b1c,0.6194,0.061,0.562,DXg3UF6CdnC,DWOcsnUDIpz,0.834,0,,Ocean Conservation Namibia,oceanconservationnamibia
0.4927,0.2282,0.3339,63.18,0.4888,#a7cdee,0.3291,0.0112,0.562,DXolt9eDCcN,DWv8LJvlSEd,0.8967,0,,Ocean Conservation Namibia,oceanconservationnamibia
0.5756,0.1882,0.2046,28.47,0.572,#697055,0.4612,0.0502,0.667,DTfYVUaDupz,DULC8MvjkTx,0.6756,0,,Harnas Wildlife Foundation,harnaswildlifefoundation
0.5182,0.1708,0.3045,35.08,0.7904,#8a7058,0.5718,0.012,0.562,DXjcLK4D8YD,DWWMPeZggaK,0.9129,0,,Ocean Conservation Namibia,oceanconservationnamibia
0.4544,0.147,0.2882,37.97,0.2937,#636d4f,0.7386,0.0462,1.778,DWd8TPlCGNF,DWef2hPCOlX,0.8291,0,,Ministry of Environment Forestry & Tourism,ministry_of_environment_nam
0.6025,0.0882,0.0604,12.12,0.8123,#a19b9a,0.8937,0.0157,1.5,DTSgWRoloBs,DS62I6pDk7E,0.6522,0,,Harnas Wildlife Foundation,harnaswildlifefoundation
0.6379,0.1378,0.4312,42.68,0.1375,#929d4c,0.7835,0.15,0.819,DS9WiNDCKWA,DSqGNSaDeGo,0.7031,0,,Environmental Investment Fund,eif_namibia
0.4526,0.2249,0.3334,47.01,0.8327,#1e2117,0.4746,0.0525,1.5,DWTPuYYiBmk,DWTTNs3iO3h,0.8328,0,,Ministry of Environment Forestry & Tourism,ministry_of_environment_nam
0.5623,0.27,0.1608,25.73,0.3652,#aaa9ab,0.4315,0.0979,1.5,DXtW3C-FV7E,DRyly-3Elxh,0.7929,0,,Ocean Conservation Namibia,oceanconservationnamibia
0.4693,0.2107,0.4848,45.91,0.877,#8a6b36,0.2849,0.0324,1.5,DTaOutKjo18,DWGNnrpDtYm,0.924,0,,Harnas Wildlife Foundation,harnaswildlifefoundation
0.5096,0.2274,0.3398,43.72,0.7971,#916a4b,0.426,0.0101,0.562,DXrKi2OD1Hm,DWqyl7vlIzO,0.8803,0,,Ocean Conservation Namibia,oceanconservationnamibia
0.9344,0.1513,0.0727,37.93,0.7066,#fbfcfc,0.8844,0.1115,0.8,DWPV37mjdwz,DSdJz7fCF4Q,0.5896,0,,Environmental Investment Fund,eif_namibia
0.0415,0.0799,0.7217,29.84,0.3789,#080602,0.9338,0.0087,1.5,DUANbOODsT-,DS2LnHADquv,0.8826,0,,Harnas Wildlife Foundation,harnaswildlifefoundation
0.3735,0.2517,0.4851,41.04,0.957,#261810,0.53,0.1156,1.5,DTkh7UFjvTh,DQtEQWBjmNA,0.8276,0,,Harnas Wildlife Foundation,harnaswildlifefoundation
0.4607,0.1784,0.2439,27.42,0.6129,#686651,0.4998,0.0664,1.0,DTitPQkAEdG,DTaOutKjo18,0.7882,0,,Harnas Wildlife Foundation,harnaswildlifefoundation
0.4662,0.2105,0.357,62.77,0.8344,#9e6d6c,0.4722,0.0282,1.333,DTsQUhIDj4F,DR39HtJgmv4,0.8591,0,,Harnas Wildlife Foundation,harnaswildlifefoundation
0.4822,0.2092,0.3366,42.44,0.7678,#6c6453,0.5142,0.1183,1.5,DUCyOBzjtGW,DViKhngjjX9,1.0,1,6,Harnas Wildlife Foundation,harnaswildlifefoundation
0.5083,0.2261,0.2629,54.0,0.6397,#655d5c,0.5132,0.077,1.0,DT_B707iWMb,DSKdhqgDD_b,0.7764,0,,Harnas Wildlife Foundation,harnaswildlifefoundation
0.678,0.1899,0.3498,46.81,0.2969,#8d9749,0.6502,0.0829,0.75,DQtsfnrES6W,DWV5l8TCp7a,0.5143,0,,Environmental Investment Fund,eif_namibia
0.5538,0.2257,0.2598,40.49,0.2357,#5a6a5c,0.4682,0.075,1.0,DTn2xOlD7JJ,DQyN1z-jWP2,0.8173,0,,Harnas Wildlife Foundation,harnaswildlifefoundation
0.4971,0.1479,0.4403,68.1,0.5515,#976031,0.5757,0.0066,1.042,DWdtfb8Cewk,DT5U_tKCLTG,0.8976,0,,Gobabeb Research & Training Centre,gobabeb
0.5147,0.1704,0.3886,67.44,0.4546,#96abe5,0.4725,0.0227,1.78,DUqUliEDNSs,DVy5ucnCAYI,0.7767,0,,Elephant Human Relations Aid,ehranamibia
0.8022,0.1521,0.2337,55.01,0.3746,#ededea,0.5724,0.042,0.818,DSXuQFEiGjJ,DUaaK2PjUEr,0.5874,0,,Environmental Investment Fund,eif_namibia
0.8338,0.1539,0.1153,34.37,0.7527,#eeedec,0.6869,0.0694,0.818,DQlvwlSjZA2,DTSTWrNDnOT,0.8073,0,,Environmental Investment Fund,eif_namibia
0.5501,0.1352,0.4257,54.12,0.9986,#b08a67,0.374,0.0536,1.41,DSqL_CYjCQI,DSrc9q6DsW-,0.7302,0,,WWF Namibia,wwfnamibia
0.7094,0.1977,0.324,51.13,0.3127,#919d4d,0.6129,0.1224,0.75,DRy5ghiDT_W,DW-3Ni3gdfG,0.5112,0,,Environmental Investment Fund,eif_namibia
0.4743,0.2387,0.3813,40.52,0.9912,#cc9f8f,0.3276,0.0286,1.0,DWVnGAginZE,DVOUUsFiHNk,0.8546,0,,Gobabeb Research & Training Centre,gobabeb
0.4438,0.2452,0.2738,38.61,0.6881,#231d19,0.519,0.0817,0.563,DU-3de8iG-a,DWTPuYYiBmk,0.6915,0,,Namibia Nature Foundation,namibia_nature_foundation
0.4596,0.2296,0.264,35.78,0.6797,#66645f,0.4234,0.0666,0.667,DS7VL1aDlsL,DSCJVfvDiLC,0.7639,0,,Harnas Wildlife Foundation,harnaswildlifefoundation
0.5479,0.2412,0.3876,67.75,0.5615,#9bd7f4,0.5518,0.1188,0.8,DSrc9q6DsW-,DSsoe4NDfql,0.7406,0,,Harnas Wildlife Foundation,harnaswildlifefoundation
0.4654,0.1897,0.2783,40.3,0.3205,#5b5f66,0.5195,0.1117,1.5,DSW2mrgjs6h,DXUcLv_jGa4,0.9202,0,,Harnas Wildlife Foundation,harnaswildlifefoundation
0.4711,0.1999,0.4379,34.85,0.9845,#a78f6b,0.456,0.123,0.805,DSjukI4jv4D,DTkh7UFjvTh,0.8043,0,,Harnas Wildlife Foundation,harnaswildlifefoundation
0.5537,0.2267,0.2313,34.74,0.3841,#64624f,0.3671,0.0579,1.5,DVax_qWDIWT,DSsJpdCDG-G,0.9336,0,,Ministry of Environment Forestry & Tourism,ministry_of_environment_nam
0.7128,0.3642,0.0785,40.24,0.6987,#faf9f9,0.6347,0.187,0.742,DVYKqgYiKyD,DUYGVM-iN_6,0.7225,0,,Ministry of Environment Forestry & Tourism,ministry_of_environment_nam
0.6567,0.1707,0.1953,28.24,0.8545,#b2a793,0.4911,0.0521,1.5,DTNWuvpjhud,DUr-88XjjJb,0.8008,0,,Harnas Wildlife Foundation,harnaswildlifefoundation
0.3759,0.2016,0.3434,36.28,0.6964,#262016,0.4148,0.1082,1.5,DScBd6SjrLJ,DSo4NOsDnRq,0.8446,0,,Harnas Wildlife Foundation,harnaswildlifefoundation
0.068,0.1173,0.638,34.84,0.3191,#070809,0.8973,0.0249,1.5,DS2LnHADquv,DVF8tnJDu1d,0.9126,0,,Harnas Wildlife Foundation,harnaswildlifefoundation
0.3865,0.1891,0.2882,21.08,0.8027,#534a33,0.3682,0.1385,0.8,DS9QwOEjtZU,DTHj9wWDrOW,0.6783,0,,Harnas Wildlife Foundation,harnaswildlifefoundation
0.5567,0.0988,0.4779,84.79,0.4947,#70a1c9,0.4257,0.0341,1.5,DXGonOCjTav,DV1DmH0CkLB,0.708,0,,Ocean Conservation Namibia,oceanconservationnamibia
0.4496,0.196,0.32,26.77,0.9718,#a18c74,0.3628,0.0049,1.0,DSRtCS7jnGX,DRwLY29iqCu,0.7604,0,,Harnas Wildlife Foundation,harnaswildlifefoundation
0.253,0.1425,0.5501,42.16,0.9065,#211c11,0.4099,0.0554,1.5,DTINIX7jsOm,DVbLx5hjV9r,0.9057,0,,Harnas Wildlife Foundation,harnaswildlifefoundation
0.4216,0.2268,0.2311,31.9,0.5811,#67605b,0.4925,0.0735,1.778,DVlqdpuofJi,DWUhj7VjtYE,0.7417,0,,Ministry of Environment Forestry & Tourism,ministry_of_environment_nam
0.6083,0.2109,0.1679,42.46,0.6628,#a5a19e,0.4859,0.0935,1.499,DVgNyhriNtn,DWhVFUtDubq,0.773,0,,Ministry of Environment Forestry & Tourism,ministry_of_environment_nam
0.5266,0.246,0.1453,21.29,0.2759,#606161,0.4002,0.0422,0.938,DVyJyHCoyal,DRyly-3Elxh,0.7689,0,,Ministry of Environment Forestry & Tourism,ministry_of_environment_nam
0.5654,0.2185,0.3411,47.31,0.8546,#d7d4d6,0.4912,0.1404,1.5,DSo4NOsDnRq,DU-u3Jljsfe,0.8513,0,,Harnas Wildlife Foundation,harnaswildlifefoundation
0.4202,0.1671,0.3586,41.13,0.855,#906d56,0.6347,0.0164,0.562,DW_Y85EldJH,DXWkHQnAsRS,0.9349,0,,Ocean Conservation Namibia,oceanconservationnamibia
0.4883,0.251,0.2019,32.4,0.2374,#576761,0.4,0.0744,0.75,DWCAWs1iCox,DW3KFFOCN4A,0.7479,0,,Ministry of Environment Forestry & Tourism,ministry_of_environment_nam
0.5232,0.1201,0.291,44.99,0.5068,#91715e,0.4338,0.0366,0.562,DXHHXHCCcgT,DTYZ__3jMEy,0.7185,0,,Ocean Conservation Namibia,oceanconservationnamibia
0.4191,0.1887,0.2178,22.74,0.9671,#6e5f52,0.5062,0.0229,0.562,DXJsM3zibUp,DXZJA_liqWn,0.902,0,,Ocean Conservation Namibia,oceanconservationnamibia
0.5996,0.276,0.2097,33.49,0.4846,#d2d1d2,0.5151,0.0791,1.5,DWEYm7riHPW,DWlUKAsCBNC,0.8162,0,,Ministry of Environment Forestry & Tourism,ministry_of_environment_nam
0.5204,0.1749,0.3413,44.93,0.6722,#87684c,0.4321,0.0049,0.562,DXB9wXvkQo4,DW3qjZfjcDh,0.9034,0,,Ocean Conservation Namibia,oceanconservationnamibia
0.3834,0.272,0.5848,55.71,0.1434,#0c443b,0.5158,0.1881,0.782,DWD4O7tiJcr,DWI6-PhCgDu,0.6488,0,,Ministry of Environment Forestry & Tourism,ministry_of_environment_nam
0.411,0.1884,0.363,44.36,0.7569,#95704e,0.4504,0.0379,0.562,DXMRBetlLiz,DXmA4Gtj_Zh,0.8189,0,,Ocean Conservation Namibia,oceanconservationnamibia
0.444,0.29,0.1755,22.58,0.6134,#6a5e63,0.4191,0.0845,0.562,DXEhT7-jsJy,DXwUHbmk-oD,0.7671,0,,Ocean Conservation Namibia,oceanconservationnamibia
0.4955,0.2542,0.2734,32.58,0.2196,#d1d8e5,0.4897,0.0689,1.777,DVgLWW3CIDY,DRZYCRciGff,0.7407,0,,Ministry of Environment Forestry & Tourism,ministry_of_environment_nam
0.9446,0.1112,0.0014,3.64,0.9928,#f8f8f8,0.9105,0.0818,1.337,DWBjc-BiA6-,DTzjeUjCAPj,0.8131,0,,Ministry of Environment Forestry & Tourism,ministry_of_environment_nam
0.4635,0.1486,0.418,75.69,0.5862,#916e51,0.4393,0.0565,0.75,DSKFeTFjnt2,DVo7FqKjnUw,0.8014,0,,Harnas Wildlife Foundation,harnaswildlifefoundation
0.4076,0.2846,0.1506,18.57,0.5731,#181517,0.31,0.0465,0.562,DXRbK38DM3W,DXwUHbmk-oD,0.7194,0,,Ocean Conservation Namibia,oceanconservationnamibia
0.5017,0.2194,0.3307,40.58,0.8888,#ad8b6f,0.3701,0.1732,0.562,DXO1x-NCC5k,DWlpEQZkSwj,0.7784,0,,Ocean Conservation Namibia,oceanconservationnamibia
0.549,0.2996,0.2647,52.19,0.355,#ced7ec,0.5644,0.1333,1.5,DXQrA_0jvq3,DRb4AbSDIld,0.7701,0,,Ocean Conservation Namibia,oceanconservationnamibia
0.5381,0.2564,0.2152,24.11,0.731,#d4dad9,0.4449,0.1858,1.333,DTkNTvlF3zS,DWGve9tjlkE,0.7871,0,,Gobabeb Research & Training Centre,gobabeb
0.4361,0.1917,0.4566,51.13,0.8946,#a16d47,0.3437,0.0096,0.562,DXT_TNoj4Df,DV_BFLlAtic,0.8787,0,,Ocean Conservation Namibia,oceanconservationnamibia
0.8096,0.239,0.0,0.0,1.0,#fbfbfb,0.4348,0.0836,1.555,DW85lspilIK,DXbSywhDQWF,0.6932,0,,Gobabeb Research & Training Centre,gobabeb
0.4575,0.1348,0.3786,41.12,0.8419,#89694e,0.5873,0.0121,0.562,DXWkHQnAsRS,DW_Y85EldJH,0.9349,0,,Ocean Conservation Namibia,oceanconservationnamibia
0.5526,0.1854,0.334,56.24,0.5491,#ce9671,0.488,0.0757,0.8,DTK_tKrDXs3,DTpkqRcjKoI,0.7468,0,,Elephant Human Relations Aid,ehranamibia
0.3937,0.4098,0.4405,19.72,0.651,#010002,0.548,0.0599,0.75,DURDVRDCI32,DXd19oFjkuQ,0.7009,0,,Namibia Nature Foundation,namibia_nature_foundation
0.446,0.2978,0.5826,72.82,0.9987,#532f1f,0.4182,0.0522,1.215,DRgx6pxiByy,DWp8LUSDnGz,0.8803,0,,Harnas Wildlife Foundation,harnaswildlifefoundation
0.5289,0.2835,0.1868,33.6,0.3919,#a2a79d,0.4097,0.118,1.746,DTe830ojmon,DS9vxx7jGRU,0.8025,0,,Save the Rhino Trust Namibia,savetherhinonamibia
0.4195,0.1806,0.3492,60.45,0.6529,#65554f,0.5434,0.044,1.333,DQ9DYVGjs2Z,DXQx2jFFrjg,0.8083,0,,Harnas Wildlife Foundation,harnaswildlifefoundation
0.4312,0.2174,0.0,0.0,1.0,#606060,0.2731,0.0045,1.138,DSKaIfiFhcS,DSpvIk3DMXZ,0.7312,0,,Gobabeb Research & Training Centre,gobabeb
0.2958,0.1987,0.2943,25.2,0.7813,#29221d,0.5205,0.0555,0.563,DTH5ocQDAMc,DUi-O5xmKYK,0.9128,0,,Elephant Human Relations Aid,ehranamibia
0.7381,0.3064,0.067,15.48,0.8532,#eeeded,0.6996,0.1696,0.8,DTigcpbjOyn,DUF8p2CDAtQ,0.8031,0,,WWF Namibia,wwfnamibia
0.5305,0.1375,0.4238,34.23,0.9987,#9a7051,0.5419,0.0965,1.166,DTSgXWbDah5,DVTW8GMjZim,0.7567,0,,Gobabeb Research & Training Centre,gobabeb
0.4713,0.1769,0.3419,25.94,1.0,#ad8e73,0.3361,0.0125,0.563,DQiqMb_DhnI,DTINIX7jsOm,0.8419,0,,Ongava Game Reserve,ongavagamereserve
0.6765,0.2298,0.1774,34.43,0.6286,#edefee,0.4909,0.0716,1.5,DRCM9WrjtFb,DViKhngjjX9,0.8253,0,,Harnas Wildlife Foundation,harnaswildlifefoundation
0.4362,0.1965,0.5769,49.65,0.9514,#5b300e,0.428,0.1162,0.805,DU-u3Jljsfe,DV_Pa2ujuyN,0.8889,0,,Ongava Game Reserve,ongavagamereserve
0.3833,0.1933,0.4213,44.52,0.8132,#261b13,0.4239,0.0873,1.5,DRT5_MkDmVi,DVLGQ7hDvlC,0.8157,0,,Harnas Wildlife Foundation,harnaswildlifefoundation
0.4863,0.2454,0.2937,38.14,0.6002,#cbbaaa,0.3827,0.1748,1.5,DROwWkzAbdm,DWTFsBgjvPD,0.7767,0,,Harnas Wildlife Foundation,harnaswildlifefoundation
0.434,0.2231,0.2085,27.22,0.5852,#68655f,0.4367,0.1518,0.8,DRJmW5KESJY,DUH7zAPjiP7,0.7862,0,,Harnas Wildlife Foundation,harnaswildlifefoundation
0.4518,0.2046,0.3284,29.35,0.9958,#8a755e,0.3914,0.0536,1.499,DRboXapDRPH,DWHfqggD7KW,0.917,0,,Harnas Wildlife Foundation,harnaswildlifefoundation
0.4824,0.0832,0.5643,38.63,0.9973,#aa7249,0.4152,0.0,0.562,DWlpEQZkSwj,DWWMPeZggaK,0.9082,0,,Ocean Conservation Namibia,oceanconservationnamibia
0.2099,0.1989,0.4187,29.68,0.1878,#0c0d15,0.6005,0.0726,1.333,DQt0XptgQN5,DWgEfuPDuiu,0.7822,0,,Gobabeb Research & Training Centre,gobabeb
0.5056,0.1213,0.5046,45.49,0.998,#aa724e,0.4589,0.0699,1.036,DQ3lMB-CH-Q,DRMLifyj68e,0.7769,0,,Gobabeb Research & Training Centre,gobabeb
0.4066,0.2069,0.4371,45.83,0.8943,#5c2b11,0.4509,0.0645,0.667,DQtEQWBjmNA,DTkh7UFjvTh,0.8276,0,,Harnas Wildlife Foundation,harnaswildlifefoundation
0.3659,0.1378,0.5774,45.14,0.9223,#744628,0.4181,0.013,0.562,DWRCqLyAs94,DXjcLK4D8YD,0.8658,0,,Ocean Conservation Namibia,oceanconservationnamibia
0.5763,0.1875,0.3952,96.11,0.5817,#87d1fd,0.4795,0.0508,0.8,DWk1d0DDHm-,DXZJA_liqWn,0.615,0,,Ocean Conservation Namibia,oceanconservationnamibia
0.0931,0.0627,0.2491,34.12,0.8749,#161513,0.9266,0.0003,1.333,DQ4Hgt0jmeW,DVX-MaIDs-A,0.7313,0,,Harnas Wildlife Foundation,harnaswildlifefoundation
0.7026,0.1489,0.1061,18.37,0.1571,#cbd3de,0.371,0.0066,1.0,DQ6lpEcAAZE,DUz7IcljPlu,0.8168,0,,Gobabeb Research & Training Centre,gobabeb
0.558,0.2379,0.2174,25.12,0.8793,#afa697,0.3901,0.0835,1.0,DRj2I1ODuFl,DQrRbjNDa8w,0.8007,0,,Gobabeb Research & Training Centre,gobabeb
0.5343,0.1236,0.6004,123.38,0.3048,#59a0f5,0.4309,0.0054,0.562,DWTncqqigcL,DV53hf2Eop2,0.8461,0,,Ocean Conservation Namibia,oceanconservationnamibia
0.4488,0.1531,0.3807,67.89,0.4507,#9e8a71,0.4261,0.0437,1.504,DQomPRvDhb2,DQ_hYO8jUi7,0.7766,0,,Gobabeb Research & Training Centre,gobabeb
0.6616,0.2254,0.4009,53.47,0.961,#f1c490,0.3786,0.0429,1.333,DQrRbjNDa8w,DWgIriWDQxg,0.827,0,,Gobabeb Research & Training Centre,gobabeb
0.4984,0.2398,0.4795,70.92,0.2,#1a2613,0.5099,0.0688,0.75,DQyN1z-jWP2,DTn2xOlD7JJ,0.8173,0,,Harnas Wildlife Foundation,harnaswildlifefoundation
0.7321,0.159,0.1161,13.28,0.9912,#dbd6ca,0.5393,0.0288,1.0,DRMLifyj68e,DQ3lMB-CH-Q,0.7769,0,,Gobabeb Research & Training Centre,gobabeb
0.4858,0.1994,0.432,108.67,0.2637,#5e6a63,0.5767,0.1375,1.392,DWlb2t7FEje,DWEKr45jLWk,0.5117,0,,Ocean Conservation Namibia,oceanconservationnamibia
0.7788,0.2284,0.1709,50.19,0.7129,#efefec,0.6818,0.2116,0.8,DRmG7PPDcg3,DTSTWrNDnOT,0.8903,0,,Gobabeb Research & Training Centre,gobabeb
0.4142,0.2539,0.3631,29.91,0.8032,#252312,0.5116,0.1311,0.8,DSZYkGrjC9V,DVIvSh2jPbB,0.8146,0,,Elephant Human Relations Aid,ehranamibia
0.5978,0.2023,0.5055,116.05,0.1988,#239fea,0.4206,0.1284,0.8,DWiVP96AE8O,DXvye8QFSV3,0.8898,0,,Ocean Conservation Namibia,oceanconservationnamibia
0.5989,0.1231,0.3858,79.56,0.5484,#66afe2,0.3969,0.0096,1.503,DSUkrmxDAR0,DV3ir46kge2,0.8572,0,,Elephant Human Relations Aid,ehranamibia
0.4621,0.1819,0.3399,36.87,0.8522,#6e4e33,0.5356,0.0074,0.562,DWd6n6mD1JJ,DWoNzCxChJd,0.9222,0,,Ocean Conservation Namibia,oceanconservationnamibia
0.4339,0.1347,0.5852,110.23,0.4933,#966f4b,0.4039,0.0425,0.562,DWYxBt2jWH0,DV53hf2Eop2,0.8377,0,,Ocean Conservation Namibia,oceanconservationnamibia
0.5298,0.1766,0.2427,54.95,0.512,#a69d96,0.4169,0.0791,1.245,DQ_hYO8jUi7,DQomPRvDhb2,0.7766,0,,Gobabeb Research & Training Centre,gobabeb
0.4389,0.1499,0.4019,37.47,0.8549,#8b6b4e,0.5246,0.0072,0.562,DWWMPeZggaK,DXjcLK4D8YD,0.9129,0,,Ocean Conservation Namibia,oceanconservationnamibia
0.7017,0.3194,0.1753,40.59,0.8223,#fafafb,0.6788,0.0998,1.279,DWbV1NRgceI,DVSdPEfDGlm,0.6516,0,,Ocean Conservation Namibia,oceanconservationnamibia
0.4622,0.1838,0.3753,39.2,0.825,#705033,0.6097,0.0051,0.562,DWjEN2Vk60m,DWd6n6mD1JJ,0.8798,0,,Ocean Conservation Namibia,oceanconservationnamibia
0.5778,0.2386,0.3063,48.74,0.193,#dee5ea,0.467,0.045,1.503,DSsJpdCDG-G,DVax_qWDIWT,0.9336,0,,Elephant Human Relations Aid,ehranamibia
0.5686,0.2436,0.2305,32.85,0.7869,#ecdfd4,0.4498,0.1332,1.333,DScZSW5jCsp,DWny2u3DoHP,0.8045,0,,Elephant Human Relations Aid,ehranamibia
0.3367,0.2047,0.2966,64.29,0.7877,#292428,0.6055,0.0605,0.563,DWgLGvxDPxZ,DWWMPeZggaK,0.7147,0,,Ocean Conservation Namibia,oceanconservationnamibia
0.4196,0.2884,0.225,16.67,0.5542,#202417,0.5051,0.0718,0.8,DSPnMuDDPRG,DSZYkGrjC9V,0.7538,0,,Elephant Human Relations Aid,ehranamibia
0.2618,0.1757,0.2938,18.3,0.9713,#241b18,0.4575,0.0183,0.75,DSkb8crjN7Y,DUVa739DPUG,0.9231,0,,Elephant Human Relations Aid,ehranamibia
0.4472,0.3505,0.2529,35.13,0.6193,#060609,0.4241,0.0217,0.562,DSnAE6BjL8j,DTpriFKDEoy,0.8021,0,,Elephant Human Relations Aid,ehranamibia
0.4583,0.2127,0.4166,45.11,0.8508,#301f10,0.3983,0.058,0.564,DSpk1urDKtR,DQrZ7TJDHjS,0.932,0,,Elephant Human Relations Aid,ehranamibia
0.6201,0.2135,0.327,83.05,0.991,#cbb3aa,0.4636,0.0422,1.5,DQoIZkHDhRS,DRtp4TYlAGG,0.8368,0,,Harnas Wildlife Foundation,harnaswildlifefoundation
0.6239,0.2302,0.351,45.38,0.9707,#eecfa9,0.5452,0.1187,1.505,DS4mHSFjKnm,DWBEEBWjifc,0.8046,0,,Elephant Human Relations Aid,ehranamibia
0.4874,0.2684,0.0,0.0,1.0,#595959,0.2639,0.1168,0.75,DS7R0D8DCQb,DQoS5CdDHLo,0.8147,0,,Elephant Human Relations Aid,ehranamibia
0.562,0.2687,0.2587,32.97,0.965,#dfcca8,0.5434,0.034,1.497,DVMf89JiGPo,DWn68aHCAaP,0.8054,0,,Ministry of Environment Forestry & Tourism,ministry_of_environment_nam
0.9665,0.0968,0.0022,4.44,0.9145,#fcfcfc,0.9411,0.0842,0.743,DVX_zeIiLj_,DTQjJL5iIl2,0.7861,0,,Ministry of Environment Forestry & Tourism,ministry_of_environment_nam
0.9363,0.0932,0.0078,6.44,0.9209,#f3f3f3,0.9242,0.0314,0.743,DVYAZe_iKyK,DXHih5GiFjt,0.745,0,,Ministry of Environment Forestry & Tourism,ministry_of_environment_nam
0.5318,0.2371,0.3787,60.84,0.9211,#deb391,0.5598,0.073,0.75,DUHugIJCJJQ,DW3WLwbiIzy,0.7647,0,,Ministry of Environment Forestry & Tourism,ministry_of_environment_nam
0.928,0.1076,0.0084,7.08,0.9471,#f4f4f4,0.8843,0.0378,0.75,DVO6X1fiLN9,DXHih5GiFjt,0.8702,0,,Ministry of Environment Forestry & Tourism,ministry_of_environment_nam
0.586,0.2602,0.2209,46.77,0.8248,#e2e9ee,0.3514,0.0485,1.5,DVMfs3aCDL-,DW3WLwbiIzy,0.822,0,,Ministry of Environment Forestry & Tourism,ministry_of_environment_nam
0.5257,0.2703,0.2606,52.16,0.509,#d7e3e9,0.55,0.1023,1.5,DVRF9_RCMyN,DW3WLwbiIzy,0.8354,0,,Ministry of Environment Forestry & Tourism,ministry_of_environment_nam
0.5518,0.2859,0.4413,77.91,0.8374,#eae8e5,0.5881,0.0893,1.5,DVO6lljjpkF,DRkDGmqil3i,0.6362,0,,Ministry of Environment Forestry & Tourism,ministry_of_environment_nam
0.4915,0.1892,0.4415,52.59,0.8535,#9e7247,0.396,0.0152,0.562,DWtXeL1ipwh,DXWkHQnAsRS,0.919,0,,Ocean Conservation Namibia,oceanconservationnamibia
0.1786,0.1556,0.1519,42.33,0.1425,#1a1d1e,0.8363,0.1378,0.75,DUYGVM-iN_6,DVYKqgYiKyD,0.7225,0,,Ministry of Environment Forestry & Tourism,ministry_of_environment_nam
0.506,0.1546,0.413,47.08,0.8882,#946e47,0.4984,0.013,0.562,DW3qjZfjcDh,DXB9wXvkQo4,0.9034,0,,Ocean Conservation Namibia,oceanconservationnamibia
0.5517,0.1878,0.3156,44.35,0.648,#936f4f,0.5459,0.0165,0.562,DWoNzCxChJd,DWd6n6mD1JJ,0.9222,0,,Ocean Conservation Namibia,oceanconservationnamibia
0.3827,0.3172,0.4023,64.15,0.1607,#080e0f,0.5464,0.1865,0.8,DW8ZEQcGmuw,DXoC0N4mgkj,0.6641,0,,Ocean Conservation Namibia,oceanconservationnamibia
0.4913,0.2337,0.3914,45.25,0.7149,#754a30,0.382,0.0087,0.562,DW1FxNZDbnS,DXB9wXvkQo4,0.8655,0,,Ocean Conservation Namibia,oceanconservationnamibia
0.4817,0.2614,0.4554,75.57,0.715,#523428,0.4441,0.0153,0.562,DW6Pc5tFHYE,DWJUQOwkd-V,0.9029,0,,Ocean Conservation Namibia,oceanconservationnamibia
0.4046,0.1829,0.286,22.33,0.9545,#6d5948,0.3507,0.0148,0.562,DWqyl7vlIzO,DWL5GC_FZ3M,0.9207,0,,Ocean Conservation Namibia,oceanconservationnamibia
0.501,0.1764,0.4982,84.44,0.5195,#967759,0.5042,0.0114,0.8,DRCT53DAXcY,DWn0BodDtvi,0.878,0,,Gobabeb Research & Training Centre,gobabeb
0.4035,0.2451,0.4088,51.51,0.8477,#1f181b,0.4762,0.1014,0.564,DS1zuecDLC0,DWMpye-jTwn,0.8311,0,,Elephant Human Relations Aid,ehranamibia
0.4568,0.2394,0.2881,34.34,0.6466,#26231c,0.3843,0.0638,1.5,DRl7hUtgW--,DXqvhiqlt1o,0.8551,0,,Harnas Wildlife Foundation,harnaswildlifefoundation
0.3892,0.3475,0.5243,71.6,0.9889,#1a140d,0.555,0.0368,1.505,DR9lkQmjMsq,DWp8LUSDnGz,0.9114,0,,Elephant Human Relations Aid,ehranamibia
0.4526,0.1507,0.5618,47.09,0.9998,#a8764b,0.363,0.0462,0.564,DRmBxuCjPTR,DV3SrNtD80c,0.8762,0,,Elephant Human Relations Aid,ehranamibia
0.5579,0.2141,0.2714,38.9,0.7873,#dddde0,0.4227,0.0844,1.5,DRtp4TYlAGG,DV_Pa2ujuyN,0.8563,0,,Harnas Wildlife Foundation,harnaswildlifefoundation
0.3829,0.2118,0.4244,56.67,0.7715,#251c15,0.4729,0.0732,1.449,DSErGl1jPiD,DSpk1urDKtR,0.767,0,,Elephant Human Relations Aid,ehranamibia
0.3988,0.1606,0.6218,52.29,0.9954,#996334,0.3442,0.0241,0.563,DV8HsvgjHW4,DVJKgdwDE6k,0.8225,0,,Ocean Conservation Namibia,oceanconservationnamibia
0.5864,0.2099,0.3987,76.22,0.4697,#91d4e6,0.6355,0.0873,1.778,DSKdhqgDD_b,DVqo_9BgVKV,0.8381,0,,Elephant Human Relations Aid,ehranamibia
0.5258,0.213,0.1883,32.98,0.5492,#635451,0.4289,0.0302,0.563,DVsocbBDE-3,DXbt7IqCLKa,0.7157,0,,Ocean Conservation Namibia,oceanconservationnamibia
0.6049,0.2896,0.1803,26.62,0.4333,#eff0ef,0.5397,0.0606,0.805,DSE1KUcjrcu,DRaPEBQjOK7,0.7586,0,,Harnas Wildlife Foundation,harnaswildlifefoundation
0.3446,0.1175,0.4658,37.31,0.9563,#8f664c,0.405,0.0079,0.562,DV3SrNtD80c,DRmBxuCjPTR,0.8762,0,,Ocean Conservation Namibia,oceanconservationnamibia
0.6102,0.1464,0.323,68.71,0.3163,#61a3d1,0.4673,0.0788,1.0,DR4b_cPjF6A,DTK_tKrDXs3,0.5797,0,,Elephant Human Relations Aid,ehranamibia
0.4879,0.2137,0.4681,86.96,0.6664,#6baef8,0.3974,0.0258,0.562,DV53hf2Eop2,DXB9wXvkQo4,0.8605,0,,Ocean Conservation Namibia,oceanconservationnamibia
0.5258,0.2863,0.3829,46.44,0.8815,#f6d8b3,0.3987,0.0947,1.5,DRR08Jyiog6,DVvS2FYjO4c,0.7692,0,,Namibia Nature Foundation,namibia_nature_foundation
0.5262,0.2819,0.35,54.44,0.8155,#e7d7d6,0.4738,0.1087,0.75,DSAKbvCjEN5,DQoS5CdDHLo,0.8068,0,,Elephant Human Relations Aid,ehranamibia
0.4065,0.2206,0.404,56.84,0.9975,#302221,0.3857,0.0159,1.333,DR39HtJgmv4,DR9lkQmjMsq,0.8693,0,,Harnas Wildlife Foundation,harnaswildlifefoundation
0.4294,0.2373,0.4015,56.36,0.6763,#543520,0.5316,0.0373,0.562,DWEKr45jLWk,DV_BFLlAtic,0.7739,0,,Ocean Conservation Namibia,oceanconservationnamibia
0.5619,0.1939,0.4932,42.71,1.0,#d09667,0.3793,0.0031,1.505,DRzSbhZDEfq,DWGNnrpDtYm,0.863,0,,Elephant Human Relations Aid,ehranamibia
0.4474,0.1892,0.4973,54.75,0.792,#8a5633,0.4058,0.0154,0.562,DWL5GC_FZ3M,DWqyl7vlIzO,0.9207,0,,Ocean Conservation Namibia,oceanconservationnamibia
0.2823,0.238,0.1583,13.88,0.3964,#262126,0.7095,0.0132,0.562,DW80StjCdhc,DVisU9BDETE,0.7027,0,,Ocean Conservation Namibia,oceanconservationnamibia
0.4755,0.1553,0.3237,28.08,0.9928,#896c55,0.4088,0.0151,0.562,DV_BFLlAtic,DV8cRb7k5JC,0.9015,0,,Ocean Conservation Namibia,oceanconservationnamibia
0.5135,0.1864,0.1527,23.67,0.3766,#606659,0.5389,0.1134,0.8,DSE4c6ujAu3,DSZYkGrjC9V,0.5906,0,,Elephant Human Relations Aid,ehranamibia
0.5221,0.2625,0.2247,40.62,0.5013,#d4d4d7,0.4383,0.0988,1.5,DWGc_DrGmla,DWyGEHKDo5E,0.8083,0,,Ocean Conservation Namibia,oceanconservationnamibia
0.6213,0.2299,0.2391,34.67,0.9986,#f8f7f3,0.3921,0.05,1.0,DR1YTLCDIz2,DXUcLv_jGa4,0.9136,0,,Harnas Wildlife Foundation,harnaswildlifefoundation
0.4051,0.1471,0.1402,24.26,0.341,#615d61,0.503,0.0118,0.562,DWGve9tjlkE,DTkNTvlF3zS,0.7871,0,,Ocean Conservation Namibia,oceanconservationnamibia
0.4299,0.1833,0.3311,63.4,0.6839,#9d9c98,0.5129,0.0895,1.166,DSkSa6hET9N,DUOX2sXjWu-,0.6629,0,,Gobabeb Research & Training Centre,gobabeb
0.7186,0.2574,0.1851,33.52,0.7411,#f9f9f9,0.618,0.103,1.4,DRhQzupjAyP,DSsJpdCDG-G,0.7762,0,,Elephant Human Relations Aid,ehranamibia
0.6449,0.2159,0.2469,58.19,0.7639,#b0aba1,0.4342,0.0637,0.562,DWOcsnUDIpz,DXg3UF6CdnC,0.834,0,,Ocean Conservation Namibia,oceanconservationnamibia
0.5354,0.0942,0.4598,45.1,0.9147,#9f754c,0.5672,0.0142,0.562,DV8cRb7k5JC,DV_BFLlAtic,0.9015,0,,Ocean Conservation Namibia,oceanconservationnamibia
0.5007,0.2816,0.4628,70.12,0.3407,#0e5d09,0.5282,0.2448,0.75,DSdJz7fCF4Q,DWlx5zxDR9z,0.6552,0,,Ministry of Environment Forestry & Tourism,ministry_of_environment_nam
0.6976,0.2312,0.1178,25.66,0.4029,#e5e5e7,0.4808,0.0575,1.5,DSnBI6rCHzY,DRTyj6qimZ8,0.7619,0,,Ministry of Environment Forestry & Tourism,ministry_of_environment_nam
0.4096,0.2274,0.4659,68.86,0.719,#513628,0.4104,0.0273,0.562,DWJUQOwkd-V,DW6Pc5tFHYE,0.9029,0,,Ocean Conservation Namibia,oceanconservationnamibia
0.9429,0.1576,0.003,4.26,0.9636,#fbfbfb,0.9117,0.1064,0.75,DSn2EjJiBve,DWBjc-BiA6-,0.7407,0,,Ministry of Environment Forestry & Tourism,ministry_of_environment_nam
0.3258,0.2113,0.1952,20.43,0.4364,#626060,0.4619,0.1013,1.333,DSS-iu4jtyt,DVJlhV9DD_m,0.7595,0,,Ministry of Environment Forestry & Tourism,ministry_of_environment_nam
0.9369,0.1097,0.0067,7.72,0.8596,#f5f5f5,0.9247,0.0464,0.75,DTQjJL5iIl2,DUDieQziKe2,0.8278,0,,Ministry of Environment Forestry & Tourism,ministry_of_environment_nam
0.9433,0.114,0.0023,5.82,0.9962,#f8f8f8,0.9131,0.1129,0.743,DTzjeUjCAPj,DWBjc-BiA6-,0.8131,0,,Ministry of Environment Forestry & Tourism,ministry_of_environment_nam
0.5475,0.1646,0.4511,129.14,0.5539,#a29896,0.5346,0.0445,1.499,DTrvR10CNL6,DV9M4tnAc73,0.7763,0,,Ministry of Environment Forestry & Tourism,ministry_of_environment_nam
0.3284,0.1905,0.3476,37.46,0.7177,#27161b,0.4337,0.0187,0.562,DWjhZ4BOz6Q,DXpCdUhjNBm,0.8502,0,,AfriCat Foundation,africat_foundation
0.4943,0.2785,0.3845,63.22,0.6042,#c6956b,0.3838,0.0547,0.563,DVqBtGKjNAj,DWEKr45jLWk,0.6873,0,,Ocean Conservation Namibia,oceanconservationnamibia
0.5419,0.2769,0.5833,104.43,0.983,#faa552,0.3293,0.0474,1.909,DW9k7GUDah6,DSvNTG6DxNi,0.9144,0,,Giraffe Conservation Foundation,giraffe_conservation
0.8378,0.2162,0.1288,50.87,0.7562,#f8f8f8,0.713,0.1631,0.973,DT5hZMKCC1d,DXHih5GiFjt,0.6814,0,,Ministry of Environment Forestry & Tourism,ministry_of_environment_nam
0.5232,0.2288,0.441,51.46,0.9602,#d1a372,0.5951,0.1168,1.5,DT_tR4nCL1l,DWTTNs3iO3h,0.8247,0,,Ministry of Environment Forestry & Tourism,ministry_of_environment_nam
0.6477,0.0825,0.4393,99.17,0.7077,#d1a28a,0.4164,0.0046,1.502,DT5U_tKCLTG,DW3JUnYiHWQ,0.9369,0,,Ministry of Environment Forestry & Tourism,ministry_of_environment_nam
0.4639,0.1759,0.3673,35.57,0.9932,#967158,0.4054,0.1018,0.563,DXE-OgWjDbf,DRhp-g_DJMg,0.8893,0,,AfriCat Foundation,africat_foundation
0.4532,0.1273,0.2834,25.05,0.9196,#887661,0.4249,0.0193,0.562,DVisU9BDETE,DV_BFLlAtic,0.8985,0,,Ocean Conservation Namibia,oceanconservationnamibia
0.7698,0.2253,0.1733,51.28,0.7096,#edeeea,0.6481,0.2224,0.8,DRmJOstCBKD,DTSTWrNDnOT,1.0,1,5,Gobabeb Research & Training Centre,gobabeb
0.5288,0.2804,0.2199,30.7,0.4996,#cddbe1,0.47,0.0936,1.5,DV0MHPLDsfO,DUPqMmljuGv,0.8617,0,,Harnas Wildlife Foundation,harnaswildlifefoundation
0.4244,0.126,0.3272,28.38,0.9152,#886e59,0.549,0.0214,0.562,DVlRHoTjUBR,DW_Y85EldJH,0.9275,0,,Ocean Conservation Namibia,oceanconservationnamibia
0.4608,0.2664,0.2292,33.76,0.5012,#1b1d26,0.4323,0.1273,0.563,DUqU3urCOlq,DQoxtvHiEiB,0.8641,0,,Namibia Nature Foundation,namibia_nature_foundation
0.3956,0.2085,0.3612,29.9,0.9046,#282317,0.395,0.0809,1.5,DUUz0iRDln7,DW3daffjCif,0.8154,0,,Harnas Wildlife Foundation,harnaswildlifefoundation
0.4434,0.2483,0.3837,40.4,0.7502,#d3d8dd,0.321,0.0252,0.562,DVn1_0tkheU,DWv8LJvlSEd,0.9396,0,,Ocean Conservation Namibia,oceanconservationnamibia
0.5529,0.1926,0.23,46.85,0.2541,#afb8c8,0.4435,0.0918,1.502,DWboxZriOr5,DWdxehuCDJo,0.6926,0,,Environmental Investment Fund,eif_namibia
0.5544,0.1803,0.2907,49.61,0.5416,#94b6da,0.4303,0.113,0.75,DQt-tMODDgV,DTGYcjdjeVp,0.7437,0,,Elephant Human Relations Aid,ehranamibia
0.3024,0.1936,0.3299,28.32,0.9868,#1b140e,0.4372,0.0493,1.702,DQ9Ck7CiNTM,DRysmMAjjkE,0.8452,0,,Elephant Human Relations Aid,ehranamibia
0.4924,0.2101,0.2665,46.16,0.4952,#a19e99,0.4883,0.1452,1.333,DSB_StyiP9N,DWW2_T3iBZt,0.7675,0,,Ministry of Environment Forestry & Tourism,ministry_of_environment_nam
0.5823,0.3268,0.18,30.38,0.4188,#dce4ee,0.552,0.0847,0.8,DQ_nfCKDKZ8,DTpkqRcjKoI,0.5559,0,,Elephant Human Relations Aid,ehranamibia
0.365,0.1924,0.6522,38.27,1.0,#4f3113,0.432,0.0114,1.505,DRHaAmiDJXM,DRzSbhZDEfq,0.8537,0,,Elephant Human Relations Aid,ehranamibia
0.5475,0.2408,0.2216,28.94,0.8742,#686150,0.3686,0.0378,1.509,DQrZ7TJDHjS,DUVa739DPUG,0.9348,0,,Elephant Human Relations Aid,ehranamibia
0.8537,0.1194,0.1479,36.08,0.8677,#ebe9db,0.7676,0.048,0.75,DSqGNSaDeGo,DS9WiNDCKWA,0.7031,0,,Environmental Investment Fund,eif_namibia
0.5511,0.2503,0.1645,26.26,0.4706,#d7d3d3,0.4611,0.1825,1.778,DQoxtvHiEiB,DUqU3urCOlq,0.8641,0,,Ministry of Environment Forestry & Tourism,ministry_of_environment_nam
0.4944,0.2532,0.201,34.02,0.088,#5d6260,0.415,0.1023,1.335,DSHY-RICNI1,DSS-iu4jtyt,0.7248,0,,Ministry of Environment Forestry & Tourism,ministry_of_environment_nam
0.6191,0.2284,0.2667,36.51,0.9867,#f6eee2,0.362,0.051,1.5,DRzUzfEiDhG,DXOusaviOJN,0.8951,0,,Ministry of Environment Forestry & Tourism,ministry_of_environment_nam
0.4275,0.2031,0.3711,51.54,0.6464,#291d19,0.4888,0.1206,1.792,DRZYCRciGff,DSKdhqgDD_b,0.7685,0,,Ministry of Environment Forestry & Tourism,ministry_of_environment_nam
0.5711,0.3139,0.3414,81.18,0.6012,#f5f5f5,0.5698,0.0907,0.75,DRzjbHoCBJj,DVqBEnpiMbf,0.8265,0,,Ministry of Environment Forestry & Tourism,ministry_of_environment_nam
0.2997,0.2899,0.3539,49.13,0.3476,#161417,0.6447,0.1064,1.501,DUneNtoiFmf,DWTTNs3iO3h,0.7018,0,,Environmental Investment Fund,eif_namibia
0.5402,0.2802,0.1526,30.27,0.7458,#aeaba5,0.4196,0.1243,0.75,DWjEaq3iB7e,DVan0V-iFrF,0.8203,0,,Ministry of Environment Forestry & Tourism,ministry_of_environment_nam
0.5772,0.1963,0.2683,42.54,0.4931,#92b2cd,0.4932,0.047,1.5,DT16QUUjpHs,DWN8CmPDmjg,0.8518,0,,Harnas Wildlife Foundation,harnaswildlifefoundation
0.3503,0.1826,0.4658,39.1,0.8027,#68512c,0.4286,0.0221,1.5,DTw-cDsjg1M,DUDNt00DuTz,0.8992,0,,Harnas Wildlife Foundation,harnaswildlifefoundation
0.6031,0.2652,0.1269,26.85,0.3705,#e2dfe6,0.4906,0.1285,1.5,DRCDcjeiPo8,DWTTNs3iO3h,0.7916,0,,Ministry of Environment Forestry & Tourism,ministry_of_environment_nam
0.4267,0.1841,0.583,65.72,0.7255,#754a1c,0.4308,0.0134,1.0,DVbS9aUDhBA,DTxbld2jk4g,0.8074,0,,Gobabeb Research & Training Centre,gobabeb
0.5568,0.2368,0.2501,39.62,0.4218,#656752,0.462,0.0326,1.375,DRM2T3YjOAm,DUVa739DPUG,0.91,0,,Elephant Human Relations Aid,ehranamibia
0.4246,0.1429,0.4566,44.33,0.5782,#5e5b30,0.4212,0.0747,0.563,DVJYXnKjRBg,DVqFzwkiKC1,0.7409,0,,AfriCat Foundation,africat_foundation
0.5181,0.2345,0.3193,51.12,0.7289,#ddb18d,0.5029,0.0845,1.773,DRpNNWuiEbq,DW3KFFOCN4A,0.7872,0,,Ministry of Environment Forestry & Tourism,ministry_of_environment_nam
0.533,0.2357,0.2206,45.11,0.7501,#b3a89c,0.6211,0.1102,1.333,DQ_CaSgikVa,DUqU3urCOlq,0.7768,0,,Namibia Nature Foundation,namibia_nature_foundation
0.4597,0.2381,0.28,57.74,0.4819,#9f9e95,0.5075,0.2087,1.334,DWY0epAiNPH,DRhNyZnjIg1,0.7818,0,,Ministry of Environment Forestry & Tourism,ministry_of_environment_nam
0.6554,0.1073,0.1747,36.25,0.3695,#aab4b9,0.7136,0.0142,1.908,DQg1hw9iKpD,DQ6lpEcAAZE,0.8092,0,,Gobabeb Research & Training Centre,gobabeb
0.3532,0.2005,0.2765,39.48,0.6585,#242023,0.5057,0.118,1.501,DXEHsmhjlft,DXqvhiqlt1o,0.8231,0,,Save the Rhino Trust Namibia,savetherhinonamibia
0.1106,0.1379,0.6506,41.11,0.9824,#0f0707,0.7375,0.0038,0.563,DS7ycYNDEFD,DUQMkcKCKzR,0.6388,0,,AfriCat Foundation,africat_foundation
0.6412,0.2422,0.2999,52.93,0.7302,#dbcdb6,0.7416,0.0435,1.499,DVqBEnpiMbf,DXhEfFxiKkR,0.8357,0,,Ministry of Environment Forestry & Tourism,ministry_of_environment_nam
0.3692,0.2173,0.6429,57.94,0.5582,#5d5f18,0.4927,0.0551,0.562,DQ1RoI8DCa2,DUhrzlZjphA,0.7437,0,,Elephant Human Relations Aid,ehranamibia
0.5133,0.2961,0.1734,25.33,0.5155,#5f5c5f,0.4069,0.0904,1.335,DT5BcGpDCOg,DRTyj6qimZ8,0.7682,0,,Elephant Human Relations Aid,ehranamibia
0.7611,0.1766,0.2361,33.6,0.767,#eddfc7,0.6894,0.0257,1.502,DUI6f7uiG8n,DRzUzfEiDhG,0.8927,0,,Ministry of Environment Forestry & Tourism,ministry_of_environment_nam
0.4986,0.2075,0.3735,63.36,0.058,#61a5cb,0.4357,0.0049,1.419,DQwlJwfDWbc,DU2f6MXjhAG,0.8626,0,,Gobabeb Research & Training Centre,gobabeb
0.5592,0.2372,0.2044,32.14,0.7525,#a7a298,0.36,0.1173,1.25,DRe4M-aDIWa,DWOcsnUDIpz,0.6415,0,,Elephant Human Relations Aid,ehranamibia
0.5147,0.1974,0.4468,69.59,0.7233,#9a6846,0.3637,0.0112,0.562,DWyg-oLjGQN,DXmA4Gtj_Zh,0.8859,0,,Ocean Conservation Namibia,oceanconservationnamibia
0.5538,0.2178,0.4288,65.02,0.713,#9d5b30,0.4512,0.0073,0.562,DWv8LJvlSEd,DVn1_0tkheU,0.9396,0,,Ocean Conservation Namibia,oceanconservationnamibia
0.443,0.274,0.4134,77.1,0.5059,#d7d7d2,0.5912,0.0703,0.75,DQoS5CdDHLo,DS7R0D8DCQb,0.8147,0,,Elephant Human Relations Aid,ehranamibia
0.5173,0.2363,0.2005,25.2,0.7541,#a59c91,0.4513,0.1062,1.0,DXuVGWBCGa5,DUqU3urCOlq,0.8387,0,,Namibia Nature Foundation,namibia_nature_foundation
0.3316,0.2407,0.5854,38.53,0.3973,#23280a,0.5705,0.1005,0.667,DUhrzlZjphA,DWYWQYjjZtc,0.8191,0,,Harnas Wildlife Foundation,harnaswildlifefoundation
0.5195,0.223,0.2774,39.88,0.5079,#6b5f52,0.4979,0.0527,1.778,DQ6Ud-djNHm,DRoZZFWDisZ,0.8734,0,,Elephant Human Relations Aid,ehranamibia
0.3748,0.2743,0.3261,28.87,0.0139,#0f111b,0.5057,0.1013,1.778,DSZ41IKiPsl,DXodK1uCjQS,0.7104,0,,Ministry of Environment Forestry & Tourism,ministry_of_environment_nam
0.4764,0.1166,0.412,67.9,0.4047,#5e8aae,0.3795,0.024,1.505,DRwohMGDDYj,DWgEfuPDuiu,0.7864,0,,Elephant Human Relations Aid,ehranamibia
0.9454,0.1053,0.0037,6.42,0.9249,#f8f8f8,0.9085,0.0688,0.743,DUDieQziKe2,DTQjJL5iIl2,0.8278,0,,Ministry of Environment Forestry & Tourism,ministry_of_environment_nam
0.7141,0.2264,0.238,54.86,0.4,#dce2f3,0.6628,0.097,1.0,DRRgrmyjLcD,DTK_tKrDXs3,0.6854,0,,Elephant Human Relations Aid,ehranamibia
0.6106,0.162,0.2912,57.45,0.6635,#aec9e5,0.4606,0.0451,1.499,DS9vxx7jGRU,DUamruyjIvp,0.8472,0,,Elephant Human Relations Aid,ehranamibia
0.2257,0.2266,0.2965,19.82,0.8588,#140e0a,0.6527,0.0221,0.752,DRpNB6jiCEl,DU-z_9ziHyK,0.7698,0,,Tosco Trust,tosconamibia
