Post_ID;Actor_Name;Actor_Type;Handle;Post_Format;Posting_Date;Likes;Comments;Followers;eng_rate;cap_chars;cap_words;n_hashtags;n_mentions;n_emojis;has_link;has_question;clip_align;n_comments_scraped;comment_sent_mean;coded;f_Empathy;f_Threat;f_Efficacy;f_Collective_ID;f_Normative;f_Moral;f_Economic;f_Scientific;f_Youth_Addressed;f_Interactivity;f_Youth_Style;f_Protagonist;f_Onscreen_Text;f_Data_Visual;m_Emotional_Valence;m_Story_Structure;m_Primary_CTA;m_Primary_Topic;m_Language;BERTopic
DWbxil5DMTW;WWF Namibia;1;wwfnamibia;Video;2026-03-28;9;0;3213;0.002801;210;30;3;0;0;0;0;0.2435;0;;1;0;0;1;1;1;1;0;0;0;0;0;0;1;0;Hope;Solution;Event;Climate;English;20
DXY7VTPjMrk;WWF Namibia;1;wwfnamibia;Image;2026-04-21;13;0;3213;0.004046;520;70;5;1;4;0;0;;0;;0;;;;;;;;;;;;;;;;;;;;-1
DWg1_QPjL0G;WWF Namibia;1;wwfnamibia;Image;2026-03-30;11;0;3213;0.003424;847;109;4;1;6;0;0;;0;;0;;;;;;;;;;;;;;;;;;;;6
DXbu79iDCnX;WWF Namibia;1;wwfnamibia;Image;2026-04-22;14;0;3213;0.004357;356;61;0;0;1;0;0;0.3011;0;;1;0;0;1;1;0;1;0;0;0;0;0;0;0;0;Hope;None;None;Climate;English;20
DWjdIZtjHgI;WWF Namibia;1;wwfnamibia;Carousel;2026-03-31;77;1;3213;0.023965;907;113;4;5;3;0;0;0.2942;1;0.8402;1;0;0;1;0;0;0;0;1;0;0;0;0;0;0;Hope;Solution;None;Policy;English;-1
DWbAAoijFTa;WWF Namibia;1;wwfnamibia;Image;2026-03-28;13;0;3213;0.004046;357;61;0;0;2;0;0;0.2724;0;;1;0;0;1;1;1;1;0;0;0;0;0;0;1;0;Hope;Solution;Event;Climate;English;20
DWW4P-5CLtE;Ministry of Environment Forestry & Tourism;4;ministry_of_environment_nam;Video;2026-03-26;41;0;3558;0.011523;394;43;5;5;0;0;0;0.2932;0;;1;0;0;0;1;0;0;0;0;0;0;0;1;1;0;Hope;None;None;Community;English;6
DWUhj7VjtYE;Ministry of Environment Forestry & Tourism;4;ministry_of_environment_nam;Video;2026-03-25;57;1;3558;0.01602;587;68;5;5;0;0;0;0.2094;1;0.2732;1;0;0;0;0;0;0;0;0;0;0;0;1;1;0;Neutral;None;None;Community;English;6
DRUGF9ajCli;Youth4CAN;3;youth4can_namibia;Carousel;2025-11-21;14;0;1528;0.009162;1826;226;0;0;0;1;0;0.2715;0;;1;0;1;1;1;0;1;1;0;1;0;0;0;1;0;Hope;Problem-Solution;Learn;Climate;English;-1
DXceVTokb5e;Giraffe Conservation Foundation;1;giraffe_conservation;Image;2026-04-22;395;3;46731;0.008453;610;93;9;2;8;0;1;0.2876;3;0.0;1;0;0;1;1;0;0;0;0;0;0;0;1;0;0;Hope;Solution;None;Wildlife;English;20
DUxWaDAiHXN;NACSO;3;nacso_namibia1;Image;2026-02-15;13;0;427;0.030445;653;86;5;0;1;0;0;0.345;0;;1;0;0;0;1;0;1;1;0;0;0;0;1;0;0;Hope;None;None;Wildlife;English;-1
DXbU3-0DCwx;Youth4CAN;3;youth4can_namibia;Image;2026-04-22;17;0;1528;0.011126;338;49;4;0;1;0;0;0.2354;0;;1;0;0;0;1;0;1;0;0;0;0;1;1;1;0;Hope;Problem-Solution;None;Climate;English;-1
DXuf7d6EZeD;Giraffe Conservation Foundation;1;giraffe_conservation;Carousel;2026-04-29;270;2;46731;0.005778;532;69;7;0;3;0;0;0.3269;2;0.0;1;0;0;1;1;0;0;0;1;0;0;0;0;0;0;Hope;Solution;None;Wildlife;English;4
DVAe29YCKEl;NACSO;3;nacso_namibia1;Image;2026-02-21;42;1;427;0.098361;716;95;5;0;1;0;0;0.3536;1;0.6114;1;0;1;1;1;0;1;0;0;0;0;0;1;1;0;Mixed;Problem-Solution;None;Wildlife;English;13
DXhn93Tjbxw;Giraffe Conservation Foundation;1;giraffe_conservation;Image;2026-04-24;775;9;46731;0.016584;241;30;7;1;3;0;0;0.2936;9;0.3119;1;0;0;0;0;0;0;0;0;0;0;0;1;0;0;Neutral;None;None;Wildlife;English;8
DXgfcC4CBh-;Ministry of Environment Forestry & Tourism;4;ministry_of_environment_nam;Carousel;2026-04-24;15;0;3558;0.004216;579;81;0;0;0;0;0;0.2487;0;;1;0;0;0;0;0;0;1;0;0;0;0;1;0;0;Hope;None;None;Ecotourism;English;-1
DUx-o2qCL2l;NACSO;3;nacso_namibia1;Image;2026-02-15;15;0;427;0.035129;642;86;5;0;3;0;0;0.3287;0;;1;0;0;1;1;0;0;1;0;0;0;0;1;0;0;Hope;Solution;None;Wildlife;English;10
DXmxhmVDVZm;Giraffe Conservation Foundation;1;giraffe_conservation;Image;2026-04-26;116;1;46731;0.002482;382;62;0;1;3;0;1;0.2728;1;0.0;1;0;0;0;0;0;0;0;1;0;0;0;0;0;0;Hope;Solution;Learn;Research;English;4
DVGf_p2iJ72;NACSO;3;nacso_namibia1;Carousel;2026-02-23;9;0;427;0.021077;733;91;5;0;3;0;0;0.2139;0;;1;0;0;1;1;0;0;0;0;0;0;0;0;0;0;Hope;Solution;None;Community;English;6
DXqj3iSiA-v;Ministry of Environment Forestry & Tourism;4;ministry_of_environment_nam;Carousel;2026-04-28;50;0;3558;0.014053;762;104;0;0;0;0;0;0.3043;0;;1;0;0;0;0;0;0;0;0;1;0;0;1;0;0;Neutral;Solution;None;Education;English;-1
DXivehMRBFx;Ongava Game Reserve;5;ongavagamereserve;Video;2026-04-25;78;1;11380;0.006854;79;15;0;0;0;0;0;0.2142;1;0.0;1;0;0;0;0;0;0;0;0;0;0;0;1;0;0;Hope;None;None;Wildlife;English;2
DVvS2FYjO4c;WWF Namibia;1;wwfnamibia;Carousel;2026-03-11;19;0;3213;0.005913;578;74;0;1;0;1;0;0.2586;0;;1;0;0;1;0;0;0;1;0;0;0;0;1;0;0;Hope;Problem-Solution;Learn;Community;English;6
DXhEfFxiKkR;Ministry of Environment Forestry & Tourism;4;ministry_of_environment_nam;Carousel;2026-04-24;11;0;3558;0.003092;760;112;0;0;0;0;0;0.2383;0;;1;0;0;1;0;0;0;0;0;0;0;0;1;1;0;Neutral;None;None;Policy;English;6
DU2f6MXjhAG;Save the Rhino Trust Namibia;1;savetherhinonamibia;Image;2026-02-17;44;0;12414;0.003544;457;65;3;1;0;0;0;0.2429;0;;1;0;0;1;0;0;0;0;0;0;0;0;1;0;0;Hope;Solution;None;Wildlife;English;5
DUh5k2lAUk4;Save the Rhino Trust Namibia;1;savetherhinonamibia;Carousel;2026-02-09;58;0;12414;0.004672;407;60;3;0;0;0;0;0.2978;0;;1;0;1;1;0;0;0;0;1;0;0;0;0;0;0;Hope;Problem-Solution;None;Research;English;5
DVIyH5WjD2M;WWF Namibia;1;wwfnamibia;Video;2026-02-24;21;0;3213;0.006536;619;90;4;0;2;0;1;0.3453;0;;1;0;0;1;0;0;0;0;0;0;0;;;;;Hope;None;Learn;Community;English;11
DXtx6MkCJiI;Ministry of Environment Forestry & Tourism;4;ministry_of_environment_nam;Image;2026-04-29;19;0;3558;0.00534;251;35;0;0;0;0;0;0.3833;0;;1;0;0;0;0;0;0;0;0;0;0;0;1;1;0;Neutral;None;None;Community;English;24
DVYvpYOjOdh;WWF Namibia;1;wwfnamibia;Image;2026-03-02;10;0;3213;0.003112;611;92;0;0;0;0;0;0.3532;0;;1;0;0;1;1;0;0;0;0;0;0;0;0;1;0;Hope;Solution;Learn;Community;English;11
DV8qrmUDGoW;Save the Rhino Trust Namibia;1;savetherhinonamibia;Carousel;2026-03-16;19;0;12414;0.001531;568;79;3;0;0;0;0;0.338;0;;1;0;0;0;1;0;0;0;0;0;0;0;1;0;0;Hope;Solution;None;Community;English;-1
DVa3opXjgA4;Save the Rhino Trust Namibia;1;savetherhinonamibia;Image;2026-03-03;61;0;12414;0.004914;317;44;2;1;0;0;0;0.3114;0;;1;0;1;1;1;0;1;0;0;0;0;0;1;0;0;Hope;Problem-Solution;None;Wildlife;English;5
DVF8oQhjpcp;Save the Rhino Trust Namibia;1;savetherhinonamibia;Carousel;2026-02-23;118;1;12414;0.009505;538;78;3;1;0;0;0;0.2611;1;0.4912;1;0;0;1;0;0;0;0;1;0;0;0;1;0;0;Neutral;Problem-Solution;None;Wildlife;English;5
DUP4CreEVt1;Save the Rhino Trust Namibia;1;savetherhinonamibia;Video;2026-02-02;31;0;12414;0.002497;387;60;2;0;0;0;0;0.3283;0;;1;1;0;0;1;0;0;0;0;0;0;0;1;0;0;Hope;Solution;None;Community;English;5
DWny2u3DoHP;Save the Rhino Trust Namibia;1;savetherhinonamibia;Image;2026-04-02;59;0;12414;0.004753;675;90;2;1;0;1;0;0.2927;0;;1;0;0;1;0;0;0;1;1;0;0;0;1;0;0;Hope;Solution;Learn;Wildlife;English;5
DWBK6wwjrgc;Save the Rhino Trust Namibia;1;savetherhinonamibia;Image;2026-03-18;45;0;12414;0.003625;348;47;3;1;0;0;0;0.3153;0;;1;0;0;1;0;0;0;0;0;0;0;0;1;0;0;Hope;Problem-Solution;None;Anti-poaching;English;5
DVskknKErzC;Save the Rhino Trust Namibia;1;savetherhinonamibia;Image;2026-03-10;28;0;12414;0.002256;367;49;3;1;0;0;0;0.2538;0;;1;0;0;1;0;0;0;0;1;0;0;0;1;0;0;Neutral;Solution;None;Research;English;5
DXJwT-bjkEW;Gobabeb Research & Training Centre;2;gobabeb;Carousel;2026-04-15;50;0;1112;0.044964;509;80;0;0;0;0;0;0.2872;0;;1;0;0;0;0;0;0;0;1;0;0;0;1;0;0;Hope;None;None;Research;English;17
DWQnsyXjpjb;Save the Rhino Trust Namibia;1;savetherhinonamibia;Image;2026-03-24;53;0;12414;0.004269;640;98;2;1;0;0;0;0.3105;0;;1;0;0;0;0;0;0;0;0;0;0;0;1;0;0;Neutral;None;None;Wildlife;English;5
DWws0QXjeph;Giraffe Conservation Foundation;1;giraffe_conservation;Image;2026-04-05;49;1;46731;0.001049;596;68;12;5;7;0;0;0.3136;1;0.0;1;0;0;1;0;0;0;0;1;1;0;0;1;1;0;Hope;Solution;Learn;Education;English;23
DVX-MaIDs-A;Save the Rhino Trust Namibia;1;savetherhinonamibia;Image;2026-03-02;40;0;12414;0.003222;164;22;3;1;0;0;0;0.322;0;;1;0;0;0;0;0;0;0;0;0;0;0;1;0;0;Hope;None;None;Wildlife;English;5
DU8LQZCDHZD;WWF Namibia;1;wwfnamibia;Carousel;2026-02-19;39;0;3213;0.012138;379;50;4;0;3;0;0;0.2418;0;;1;0;0;1;1;0;0;0;0;0;0;0;0;0;0;Hope;Solution;None;Community;English;11
DWgEfuPDuiu;Save the Rhino Trust Namibia;1;savetherhinonamibia;Image;2026-03-30;38;0;12414;0.003061;386;52;3;1;0;0;0;0.3261;0;;1;0;0;1;0;0;0;0;1;0;0;0;0;0;0;Neutral;Solution;None;Research;English;5
DW4bUExGWiB;Giraffe Conservation Foundation;1;giraffe_conservation;Image;2026-04-08;111;1;46731;0.002375;644;94;10;0;7;0;1;0.2996;1;0.0;1;0;1;1;1;0;1;0;0;0;0;0;1;0;0;Mixed;Problem-Solution;None;Wildlife;English;4
DXMoBOzDnXM;Gobabeb Research & Training Centre;2;gobabeb;Carousel;2026-04-16;42;2;1112;0.03777;838;122;0;1;0;0;0;0.2329;2;0.3057;1;0;1;1;1;0;0;0;1;0;0;0;1;0;0;Hope;Problem-Solution;Learn;Research;English;17
DXWs260ldFZ;Gobabeb Research & Training Centre;2;gobabeb;Carousel;2026-04-20;64;0;1112;0.057554;600;77;0;0;0;1;0;0.2464;0;;1;0;0;0;1;0;0;0;1;0;0;0;0;0;0;Neutral;None;Learn;Research;English;27
DWrjZFUDvNu;Giraffe Conservation Foundation;1;giraffe_conservation;Image;2026-04-03;464;6;46731;0.009929;346;37;12;1;6;0;0;0.2761;6;0.2997;1;0;0;0;0;0;0;0;0;0;0;0;1;0;0;Hope;None;None;Wildlife;English;8
DWmZr1-Ewni;Giraffe Conservation Foundation;1;giraffe_conservation;Image;2026-04-01;343;3;46731;0.00734;409;48;7;2;6;0;0;0.2869;3;0.4554;1;0;0;0;0;0;0;0;1;0;0;0;1;0;0;Neutral;None;None;Wildlife;English;8
DTfkmjZiIqB;NACSO;3;nacso_namibia1;Image;2026-01-14;16;0;427;0.037471;1095;151;5;1;9;0;0;0.3223;0;;1;0;0;0;0;0;0;0;0;0;1;0;0;1;0;Neutral;None;Share;Education;English;22
DTxc-x1iMoN;NACSO;3;nacso_namibia1;Carousel;2026-01-21;-1;0;427;-0.002342;1031;156;11;0;7;0;1;0.2772;0;;1;0;0;1;1;0;0;0;0;0;0;0;0;0;0;Hope;None;Learn;Community;English;6
DW4hFLgDm7x;Ministry of Environment Forestry & Tourism;4;ministry_of_environment_nam;Carousel;2026-04-08;58;0;3558;0.016301;818;116;0;0;0;0;0;0.2533;0;;1;0;0;1;0;0;0;0;0;0;0;0;1;0;0;Neutral;Problem-Solution;None;Anti-poaching;English;30
DRe7J7VjG1W;NACSO;3;nacso_namibia1;Carousel;2025-11-25;13;0;427;0.030445;934;128;5;0;10;0;0;0.1943;0;;1;0;0;0;1;0;0;0;0;0;0;0;0;1;0;Hope;Solution;None;Community;English;22
DRb4AbSDIld;NACSO;3;nacso_namibia1;Carousel;2025-11-24;19;0;427;0.044496;953;122;5;0;4;0;0;0.2467;0;;1;0;0;1;1;0;0;0;0;0;0;0;0;0;0;Hope;None;None;Community;English;22
DXHaZrliNMl;Ministry of Environment Forestry & Tourism;4;ministry_of_environment_nam;Image;2026-04-14;22;0;3558;0.006183;930;136;0;0;0;0;0;0.2299;0;;1;0;0;1;0;0;1;1;1;0;0;0;1;1;0;Neutral;None;None;Policy;English;6
DXCNPQDCMkN;Ministry of Environment Forestry & Tourism;4;ministry_of_environment_nam;Image;2026-04-12;19;0;3558;0.00534;784;108;0;0;0;0;0;0.2838;0;;1;0;0;1;0;0;0;1;0;0;0;0;0;1;0;Hope;Solution;None;Ecotourism;English;29
DXMfT__iL4g;Ministry of Environment Forestry & Tourism;4;ministry_of_environment_nam;Carousel;2026-04-16;112;0;3558;0.031478;480;64;0;0;0;0;0;0.2542;0;;1;0;0;0;0;0;0;0;0;0;0;0;1;0;0;Hope;None;None;Community;English;24
DXHih5GiFjt;Ministry of Environment Forestry & Tourism;4;ministry_of_environment_nam;Image;2026-04-14;35;0;3558;0.009837;13;2;0;0;0;0;0;0.2586;0;;1;0;0;0;0;0;0;0;0;0;0;;;;;Neutral;None;None;;English;29
DXCM5WvCK1G;Ministry of Environment Forestry & Tourism;4;ministry_of_environment_nam;Carousel;2026-04-12;34;0;3558;0.009556;877;117;0;0;0;0;0;0.2805;0;;1;0;0;1;0;0;1;0;0;1;0;0;1;0;0;Hope;Solution;None;Education;English;-1
DSJ-pEaCZpG;Save the Rhino Trust Namibia;1;savetherhinonamibia;Image;2025-12-12;75;3;12414;0.006042;323;43;3;0;0;0;0;0.3405;3;0.6214;1;0;0;1;1;0;0;1;0;0;0;0;1;0;0;Hope;Solution;None;Wildlife;English;5
DXOusaviOJN;Ministry of Environment Forestry & Tourism;4;ministry_of_environment_nam;Carousel;2026-04-17;27;0;3558;0.007589;606;79;0;0;0;0;0;0.2071;0;;1;0;1;0;0;0;0;1;0;0;0;0;1;0;0;Neutral;Problem-Solution;None;HWC;English;-1
DSRtCbRj9Wv;Save the Rhino Trust Namibia;1;savetherhinonamibia;Image;2025-12-15;41;2;12414;0.003303;424;59;2;0;0;0;0;0.2465;2;0.5789;1;0;0;1;0;0;1;0;0;0;0;0;1;0;0;Hope;Problem-Solution;None;Anti-poaching;English;5
DSJ-qKtlVzK;Save the Rhino Trust Namibia;1;savetherhinonamibia;Video;2025-12-12;51;0;12414;0.004108;151;21;0;0;0;0;0;0.3153;0;;1;0;0;1;0;0;0;1;0;0;0;0;1;0;0;Hope;Solution;Donate;Fundraising;English;5
DXcTP6pCFgr;Ministry of Environment Forestry & Tourism;4;ministry_of_environment_nam;Video;2026-04-22;21;0;3558;0.005902;663;99;0;0;0;0;0;0.2461;0;;1;0;0;1;1;0;0;0;0;0;0;0;1;0;0;Hope;Problem-Solution;None;Climate;English;33
DSetnWpEdUz;Save the Rhino Trust Namibia;1;savetherhinonamibia;Image;2025-12-20;11;0;12414;0.000886;574;75;0;0;0;1;0;0.3;0;;1;0;0;1;0;0;1;1;0;0;0;0;0;1;0;Hope;Solution;None;Wildlife;English;5
DXLzm_7CPil;Ministry of Environment Forestry & Tourism;4;ministry_of_environment_nam;Carousel;2026-04-16;27;1;3558;0.007589;1051;137;0;0;0;0;0;0.2512;1;0.0;1;0;0;1;1;0;1;1;0;0;0;0;0;0;0;Hope;Solution;None;Community;English;-1
DXb9mmtiBmy;Ministry of Environment Forestry & Tourism;4;ministry_of_environment_nam;Carousel;2026-04-22;12;0;3558;0.003373;892;129;0;0;0;0;0;0.2858;0;;1;0;0;1;0;0;0;1;0;0;0;0;1;1;0;Hope;Problem-Solution;None;Policy;English;-1
DXPSz7wCFzY;Ministry of Environment Forestry & Tourism;4;ministry_of_environment_nam;Video;2026-04-17;13;0;3558;0.003654;638;88;0;0;0;0;0;0.2923;0;;1;0;0;0;1;0;1;0;0;1;0;0;1;0;0;Hope;Solution;None;Education;English;-1
DRPdL0MjNdg;Desert Lion Conservation Trust;1;desertlionconservation;Carousel;2025-11-19;270;5;4109;0.065709;293;53;0;0;0;0;0;0.342;5;0.3167;1;0;0;0;0;0;0;0;0;1;0;0;1;1;0;Hope;None;Event;Wildlife;English;7
DXfEn4XjoXB;Desert Lion Conservation Trust;1;desertlionconservation;Image;2026-04-23;110;0;4109;0.026771;173;26;0;0;0;1;1;0.4056;0;;1;0;0;0;0;0;0;0;0;0;0;0;1;1;0;Hope;None;Learn;Wildlife;English;21
DWI5Bgrijl6;Namibia Youth Chamber of Environment;3;namyouthchamber;Image;2026-03-21;10;0;1628;0.006143;48;9;0;0;2;0;0;0.2737;0;;1;0;0;0;1;0;0;0;0;0;0;0;0;1;0;Hope;None;None;Community;English;20
DQrx5BLD64o;Save the Rhino Trust Namibia;1;savetherhinonamibia;Image;2025-11-05;29;0;12414;0.002336;1197;170;5;1;2;0;0;0.2576;0;;1;0;0;1;1;0;0;0;1;0;0;0;0;0;0;Hope;Solution;None;Wildlife;English;11
DWoX4BUCpCZ;Namibia Youth Chamber of Environment;3;namyouthchamber;Carousel;2026-04-02;14;0;1628;0.0086;146;23;0;0;1;0;0;0.3131;0;;1;0;1;0;0;0;0;0;0;0;0;0;1;0;0;Hope;None;Learn;Wildlife;English;-1
DWlbimAChbY;Namibia Youth Chamber of Environment;3;namyouthchamber;Image;2026-04-01;14;0;1628;0.0086;357;62;0;0;0;0;0;0.3007;0;;1;0;0;0;1;0;1;0;0;0;0;0;0;1;0;Hope;None;Event;Community;Mixed;16
DWLzna6im7B;Namibia Youth Chamber of Environment;3;namyouthchamber;Image;2026-03-22;15;0;1628;0.009214;117;20;0;0;2;0;0;0.3498;0;;1;0;0;0;0;0;1;0;0;0;0;0;0;1;0;Hope;Solution;None;Climate;English;20
DRJmoBPDER3;NACSO;3;nacso_namibia1;Video;2025-11-17;19;0;427;0.044496;514;68;4;0;4;0;0;0.2521;0;;1;0;0;1;1;0;0;0;0;0;0;0;1;0;0;Hope;Solution;Learn;Community;English;6
DWYsdYrCvaE;Namibia Youth Chamber of Environment;3;namyouthchamber;Image;2026-03-27;58;5;1628;0.035627;521;82;0;0;0;0;0;0.3587;3;0.3754;1;0;0;0;1;0;0;0;0;0;0;1;0;1;0;Hope;None;None;Community;English;11
DWOYeqICgEF;Namibia Youth Chamber of Environment;3;namyouthchamber;Image;2026-03-23;13;0;1628;0.007985;297;47;0;0;0;0;0;0.3631;0;;1;0;0;0;1;0;0;0;0;0;0;0;0;1;0;Neutral;Problem;None;Climate;English;20
DWV5l8TCp7a;Namibia Youth Chamber of Environment;3;namyouthchamber;Image;2026-03-26;22;0;1628;0.013514;261;44;0;0;0;0;0;0.3222;0;;1;0;1;1;1;0;1;0;0;0;0;1;0;1;0;Mixed;Problem-Solution;None;Climate;English;20
DQmoSzej7Cs;Save the Rhino Trust Namibia;1;savetherhinonamibia;Carousel;2025-11-03;60;0;12414;0.004833;717;127;0;0;4;0;0;0.259;0;;1;1;0;1;1;0;0;0;0;0;0;0;1;0;0;Hope;Problem-Solution;None;Wildlife;English;5
DRKRMspjOJr;NACSO;3;nacso_namibia1;Carousel;2025-11-17;-1;0;427;-0.002342;566;78;4;0;5;0;0;0.3556;0;;1;0;0;1;1;0;0;0;0;0;0;0;0;0;0;Hope;Solution;None;Community;English;6
DQmVJK-ji6U;Save the Rhino Trust Namibia;1;savetherhinonamibia;Video;2025-11-03;45;0;12414;0.003625;52;7;0;0;1;0;0;0.3257;0;;1;0;0;0;0;0;0;0;1;0;0;0;1;0;0;Hope;None;None;Wildlife;English;5
DRPZSnICLAt;NACSO;3;nacso_namibia1;Carousel;2025-11-19;16;0;427;0.037471;1145;142;3;1;3;0;0;0.213;0;;1;0;0;1;1;0;0;0;0;0;0;0;0;0;0;Hope;Problem-Solution;None;Community;English;6
DXJOpNMFqRt;N/a'an ku se Foundation;1;naankuse_foundation;Carousel;2026-04-15;101;0;29665;0.003405;498;75;2;0;0;0;0;0.2238;0;;1;0;0;1;1;0;0;0;0;0;0;0;0;0;0;Hope;Problem-Solution;None;Community;English;9
DXwfTUBjkcO;Cheetah Conservation Fund;1;ccfcheetah;Carousel;2026-04-30;944;10;56641;0.016666;450;60;5;1;0;0;1;0.2861;10;0.118;1;0;0;0;0;0;0;0;0;0;0;0;1;0;0;Hope;None;Event;Wildlife;English;28
DQ8u1Tdjfxy;Save the Rhino Trust Namibia;1;savetherhinonamibia;Video;2025-11-12;25;1;12414;0.002014;0;0;0;0;0;0;0;;0;;1;0;0;0;0;0;0;0;0;0;0;0;1;0;0;Hope;None;None;Wildlife;English;-99
DW1KVyzCmTL;Namibia Youth Chamber of Environment;3;namyouthchamber;Carousel;2026-04-07;30;0;1628;0.018428;291;33;0;3;0;0;0;0.3884;0;;1;0;0;0;1;0;0;0;0;0;0;0;0;1;0;Neutral;None;Learn;Community;English;16
DQvufAaFCLQ;Save the Rhino Trust Namibia;1;savetherhinonamibia;Video;2025-11-07;41;0;12414;0.003303;0;0;0;0;0;0;0;;0;;1;0;0;0;0;0;0;0;0;0;0;0;1;0;0;Hope;None;None;Wildlife;English;-99
DROvNLoDNmc;Namibia Nature Foundation;1;namibia_nature_foundation;Carousel;2025-11-19;52;0;3532;0.014723;1222;149;1;1;8;0;0;0.2381;0;;1;0;0;1;1;0;1;1;1;0;0;0;0;0;0;Hope;Problem-Solution;None;Community;English;6
DQoIHPqDDxC;WWF Namibia;1;wwfnamibia;Video;2025-11-04;32;0;3213;0.00996;347;50;3;0;2;0;1;0.2943;0;;1;0;0;1;0;0;0;0;0;0;0;0;0;0;0;Hope;Solution;None;Community;English;9
DW9k8REk6pa;N/a'an ku se Foundation;1;naankuse_foundation;Video;2026-04-10;46;0;29665;0.001551;575;90;6;0;7;1;0;0.1785;0;;1;1;0;0;0;0;0;0;0;0;0;0;1;0;0;Hope;None;Learn;Wildlife;English;21
DW-3Ni3gdfG;N/a'an ku se Foundation;1;naankuse_foundation;Carousel;2026-04-11;167;2;29665;0.00563;519;84;0;0;0;0;0;0.2677;2;0.5489;1;0;0;1;1;0;0;0;0;0;0;0;1;0;0;Hope;Solution;None;Community;English;9
DRC9C5yCNUK;Save the Rhino Trust Namibia;1;savetherhinonamibia;Image;2025-11-14;35;2;12414;0.002819;304;44;4;0;1;0;0;0.3265;2;0.4583;1;0;0;1;0;0;0;0;0;0;0;0;1;0;0;Hope;Solution;None;Wildlife;English;-1
DRNXF-BgS9b;Save the Rhino Trust Namibia;1;savetherhinonamibia;Video;2025-11-18;59;2;12414;0.004753;1330;218;4;1;0;0;0;0.3626;2;0.7469;1;1;1;1;1;0;0;0;1;0;0;0;1;0;0;Mixed;Problem-Solution;None;Anti-poaching;English;5
DXxKLyiGcYl;Cheetah Conservation Fund;1;ccfcheetah;Carousel;2026-04-30;269;4;56641;0.004749;1419;234;5;0;0;0;1;0.3268;4;0.3376;1;1;0;1;1;0;0;0;1;0;0;0;1;0;0;Hope;Solution;Learn;HWC;English;15
DXGjtBPFtcW;N/a'an ku se Foundation;1;naankuse_foundation;Carousel;2026-04-14;130;0;29665;0.004382;582;93;2;0;0;0;0;0.1745;0;;1;0;1;1;1;0;1;1;0;0;0;0;1;0;0;Hope;Problem-Solution;None;Community;English;9
DXEY-ltlqzA;N/a'an ku se Foundation;1;naankuse_foundation;Image;2026-04-13;178;0;29665;0.006;2106;353;0;0;0;1;0;0.3422;0;;1;1;0;1;1;0;0;0;0;0;0;0;1;1;0;Hope;Problem-Solution;Donate;Education;English;22
DWn1ukqCqP6;Namibia Youth Chamber of Environment;3;namyouthchamber;Carousel;2026-04-02;63;2;1628;0.038698;401;65;0;0;0;0;0;0.3308;1;0.0;1;0;0;0;1;0;0;0;0;1;0;1;0;1;0;Hope;None;None;Education;English;-1
DXO2wrHFpDS;N/a'an ku se Foundation;1;naankuse_foundation;Carousel;2026-04-17;76;0;29665;0.002562;274;43;1;0;0;0;0;0.2626;0;;1;1;0;0;1;0;1;0;0;1;0;0;0;0;0;Mixed;None;None;Community;English;7
DXbYa58lhWu;N/a'an ku se Foundation;1;naankuse_foundation;Carousel;2026-04-22;253;1;29665;0.008529;722;121;0;0;3;0;0;0.2957;1;0.5719;1;1;1;1;1;0;0;0;1;0;0;0;1;0;0;Hope;Problem-Solution;None;Wildlife;English;-1
DXWIgNFloaI;N/a'an ku se Foundation;1;naankuse_foundation;Carousel;2026-04-20;492;3;29665;0.016585;510;80;1;0;0;0;0;0.3127;3;0.432;1;0;0;1;0;0;0;0;0;0;0;0;1;0;0;Hope;Solution;None;Wildlife;English;7
DXMHXGjlv3g;N/a'an ku se Foundation;1;naankuse_foundation;Carousel;2026-04-16;62;1;29665;0.00209;538;87;2;0;1;0;0;0.2772;1;0.9484;1;1;0;1;0;0;0;0;0;0;0;0;0;0;0;Hope;Problem-Solution;None;Community;English;9
DVwU7pzDM_m;Giraffe Conservation Foundation;1;giraffe_conservation;Image;2026-03-11;217;4;46731;0.004644;796;114;8;2;11;0;0;0.2819;4;0.3683;1;0;0;1;0;0;0;0;1;0;0;0;1;0;0;Hope;Solution;None;Wildlife;English;4
DV6oG8iDJKi;Giraffe Conservation Foundation;1;giraffe_conservation;Image;2026-03-15;119;1;46731;0.002546;710;95;10;1;11;0;1;0.4232;1;0.0;1;0;0;0;1;0;0;0;1;0;0;;;;;Hope;Solution;None;Research;English;4
DVomlnGjA8A;Giraffe Conservation Foundation;1;giraffe_conservation;Image;2026-03-08;521;4;46731;0.011149;658;96;8;0;7;0;1;0.2707;4;0.1226;1;0;0;0;0;0;0;0;1;0;0;0;1;0;0;Hope;None;None;Wildlife;English;4
DWHgHlgj4h3;Giraffe Conservation Foundation;1;giraffe_conservation;Image;2026-03-20;392;3;46731;0.008388;327;40;10;1;4;0;0;0.2679;3;0.0;1;0;0;0;0;0;0;0;0;0;0;0;0;0;0;Hope;None;None;Wildlife;English;8
DWCWeXDDvpY;Giraffe Conservation Foundation;1;giraffe_conservation;Image;2026-03-18;227;0;46731;0.004858;787;108;10;0;10;0;1;0.2824;0;;1;0;0;1;1;0;0;0;1;0;0;0;1;0;0;Hope;Solution;Donate;Research;English;4
DWUYKewCPZI;Giraffe Conservation Foundation;1;giraffe_conservation;Carousel;2026-03-25;228;0;46731;0.004879;1086;147;13;3;11;0;0;0.2346;0;;1;0;1;1;1;0;0;0;1;0;0;0;0;0;0;Hope;Problem-Solution;Learn;Wildlife;English;4
DV1ejcrjD4w;Giraffe Conservation Foundation;1;giraffe_conservation;Image;2026-03-13;806;4;46731;0.017248;295;34;10;1;4;0;0;0.2991;4;0.0;1;0;0;0;0;0;0;0;0;0;0;0;1;0;0;Hope;None;None;Wildlife;English;8
DWZhpaAj9mI;Giraffe Conservation Foundation;1;giraffe_conservation;Image;2026-03-27;307;2;46731;0.00657;248;28;11;1;4;0;0;0.2911;2;0.0;1;0;0;0;0;0;0;0;0;0;0;0;1;0;0;Hope;None;None;Wildlife;English;8
DWMpye-jTwn;Giraffe Conservation Foundation;1;giraffe_conservation;Image;2026-03-22;97;0;46731;0.002076;843;105;11;5;8;0;0;0.2475;0;;1;0;0;1;0;0;0;0;0;1;0;0;1;0;0;Hope;Solution;None;Education;English;4
DR2Pq0aDO16;AfriCat Foundation;1;africat_foundation;Video;2025-12-04;194;1;18529;0.01047;928;114;5;2;2;0;0;0.214;1;0.4767;1;0;0;1;0;0;0;1;1;0;0;0;1;0;0;Neutral;Problem-Solution;None;Research;English;13
DSpvIk3DMXZ;AfriCat Foundation;1;africat_foundation;Video;2025-12-24;55;0;18529;0.002968;1709;244;5;1;1;0;0;0.2431;0;;1;0;0;1;1;0;0;0;1;0;0;0;1;0;0;Hope;None;None;Research;English;25
DXe7m2rEo4m;Cheetah Conservation Fund;1;ccfcheetah;Carousel;2026-04-23;732;6;56641;0.012924;943;129;5;0;0;1;0;0.3076;6;0.2316;1;0;0;0;0;0;0;1;0;0;0;0;1;0;0;Hope;None;Event;Ecotourism;English;28
DXr5rGXmV5m;Cheetah Conservation Fund;1;ccfcheetah;Carousel;2026-04-28;909;6;56641;0.016048;617;87;5;0;3;1;1;0.3075;6;0.4474;1;0;0;1;1;0;0;0;0;0;0;0;1;1;0;Hope;None;Event;Fundraising;English;15
DWqKBa7j5v4;N/a'an ku se Foundation;1;naankuse_foundation;Image;2026-04-03;50;0;29665;0.001685;96;19;0;0;1;0;0;0.3154;0;;1;0;0;0;1;0;0;0;0;0;0;0;1;0;0;Hope;None;None;Wildlife;English;1
DW3oE3qFjbF;N/a'an ku se Foundation;1;naankuse_foundation;Carousel;2026-04-08;618;4;29665;0.020833;1021;156;2;0;0;0;0;0.311;4;0.2753;1;0;0;0;0;0;0;0;0;0;0;0;1;0;0;Hope;None;None;Ecotourism;English;7
DWjZfpulh0r;N/a'an ku se Foundation;1;naankuse_foundation;Carousel;2026-03-31;471;5;29665;0.015877;952;147;2;0;0;0;0;0.2568;5;0.2161;1;0;1;1;0;0;1;0;1;0;0;0;1;1;0;Mixed;Problem-Solution;Donate;Wildlife;English;-1
DSVJ6XUDP5G;AfriCat Foundation;1;africat_foundation;Carousel;2025-12-16;108;0;18529;0.005829;1908;249;6;0;0;0;0;0.3065;0;;1;0;0;1;0;0;0;0;1;0;0;0;1;0;0;Neutral;Problem-Solution;None;Research;English;25
DWZose4CUA7;N/a'an ku se Foundation;1;naankuse_foundation;Video;2026-03-27;81;1;29665;0.00273;620;94;5;0;6;1;0;0.2544;1;0.3612;1;0;0;1;0;0;0;0;0;0;0;0;1;1;0;Hope;Solution;Event;Wildlife;English;21
DWs8j4KATCm;N/a'an ku se Foundation;1;naankuse_foundation;Carousel;2026-04-04;286;2;29665;0.009641;306;44;2;0;0;0;0;0.2583;2;0.3058;1;0;0;0;0;0;0;0;1;0;0;0;0;0;0;Hope;Problem-Solution;None;Climate;English;7
DS2oMpeDIjB;AfriCat Foundation;1;africat_foundation;Video;2025-12-29;2188;15;18529;0.118085;405;55;6;1;1;0;0;0.2596;13;0.1377;1;0;0;0;0;0;0;0;1;0;0;0;1;0;0;Neutral;None;None;Research;English;25
DVeTWHdlzyU;Giraffe Conservation Foundation;1;giraffe_conservation;Image;2026-03-04;332;3;46731;0.007104;769;108;9;0;8;0;0;0.3174;3;0.0;1;0;0;1;0;0;0;0;1;0;0;0;1;0;0;Hope;Problem-Solution;None;Wildlife;English;4
DTGPqHUjOPo;AfriCat Foundation;1;africat_foundation;Video;2026-01-04;593;5;18529;0.032004;634;82;5;1;0;0;0;0.2537;5;0.1199;1;0;0;1;0;0;0;1;1;0;0;0;1;0;0;Hope;Solution;None;Research;English;13
DW6aWEHllsp;N/a'an ku se Foundation;1;naankuse_foundation;Image;2026-04-09;23;0;29665;0.000775;533;81;0;0;0;1;0;0.3109;0;;1;0;0;0;1;0;1;0;0;0;0;0;0;1;0;Hope;None;None;Community;English;22
DU-bZq3inWr;Namibia Youth Chamber of Environment;3;namyouthchamber;Carousel;2026-02-20;18;2;1628;0.011057;320;55;0;0;0;0;1;0.2625;2;0.6181;1;0;0;0;0;0;0;0;0;0;0;0;1;0;0;Hope;None;Learn;Education;English;27
DUtYO6nDaS4;Giraffe Conservation Foundation;1;giraffe_conservation;Image;2026-02-13;328;2;46731;0.007019;251;30;9;2;4;0;0;0.2879;2;0.0;1;1;0;0;0;0;0;0;0;0;0;0;1;0;0;Hope;None;None;Wildlife;English;8
DWn5r-flixF;N/a'an ku se Foundation;1;naankuse_foundation;Carousel;2026-04-02;295;0;29665;0.009944;605;88;2;0;2;0;0;0.2827;0;;1;1;1;1;1;0;0;0;0;0;0;0;1;0;0;Hope;Problem-Solution;None;Wildlife;English;26
DWa0GEIgUev;N/a'an ku se Foundation;1;naankuse_foundation;Image;2026-03-28;35;0;29665;0.00118;460;65;5;0;3;1;1;0.2943;0;;1;0;0;0;0;0;0;1;0;0;0;0;0;1;0;Hope;None;None;Community;English;22
DXpWrXrDEJt;Cheetah Conservation Fund;1;ccfcheetah;Video;2026-04-27;1133;16;56641;0.020003;650;96;5;0;0;0;1;0.235;15;0.2549;1;1;1;1;0;0;0;0;0;0;0;0;1;0;0;Mixed;Problem-Solution;Learn;Wildlife;English;18
DW5xIWgllJY;N/a'an ku se Foundation;1;naankuse_foundation;Carousel;2026-04-09;288;2;29665;0.009708;1449;228;2;0;2;1;0;0.2296;2;0.0;1;1;1;1;0;0;1;0;0;0;0;0;1;0;0;Mixed;Problem-Solution;Donate;Community;English;9
DU_ZzNqDJmc;Giraffe Conservation Foundation;1;giraffe_conservation;Image;2026-02-20;368;12;46731;0.007875;301;36;12;2;4;0;0;0.2781;8;0.0323;1;0;0;0;0;0;0;0;0;0;0;0;1;0;0;Neutral;None;None;Wildlife;English;8
DVMRx8yCMbB;Giraffe Conservation Foundation;1;giraffe_conservation;Image;2026-02-25;338;3;46731;0.007233;803;100;11;4;7;0;0;0.2744;3;0.0;1;0;0;1;1;0;0;0;1;0;0;0;1;0;0;Hope;Problem-Solution;None;Research;English;4
DWrjZUMCXX9;N/a'an ku se Foundation;1;naankuse_foundation;Video;2026-04-03;49;0;29665;0.001652;646;107;6;0;6;1;1;0.1962;0;;1;0;0;0;0;0;0;0;0;0;0;0;1;0;0;Neutral;None;Learn;Wildlife;English;21
DVRbYULjY8q;Giraffe Conservation Foundation;1;giraffe_conservation;Image;2026-02-27;357;2;46731;0.007639;288;35;11;2;3;0;0;0.2519;2;0.3589;1;0;0;0;0;0;0;0;0;0;0;0;1;0;0;Hope;None;None;Wildlife;English;8
DVjc9hvjaPy;Giraffe Conservation Foundation;1;giraffe_conservation;Image;2026-03-06;426;4;46731;0.009116;285;32;12;1;4;0;0;0.3101;4;0.1499;1;0;0;0;0;0;0;0;0;0;0;0;1;0;0;Neutral;None;None;Wildlife;English;8
DXZhne-jWEN;Cheetah Conservation Fund;1;ccfcheetah;Carousel;2026-04-21;2533;19;56641;0.04472;704;106;5;0;0;0;1;0.2935;15;0.0828;1;1;1;1;0;0;0;0;0;0;0;0;1;0;0;Hope;Problem-Solution;Learn;Wildlife;English;18
DVa5zYsCm_O;Namibia Youth Chamber of Environment;3;namyouthchamber;Image;2026-03-03;20;0;1628;0.012285;290;54;0;0;1;0;0;0.3183;0;;1;0;0;0;0;0;0;0;0;0;0;0;0;0;0;Hope;None;None;Wildlife;English;-1
DSAiXtljEJ3;AfriCat Foundation;1;africat_foundation;Video;2025-12-08;79;1;18529;0.004264;463;57;5;1;0;0;0;0.2276;0;;1;0;0;1;0;0;0;0;1;0;0;0;1;0;0;Neutral;None;None;Research;English;13
DVWk_9XDbv8;Giraffe Conservation Foundation;1;giraffe_conservation;Carousel;2026-03-01;160;1;46731;0.003424;796;98;11;1;8;0;0;0.3778;1;0.0;1;0;0;1;1;0;0;0;0;0;0;0;0;0;0;Hope;Solution;None;Education;English;4
DTQXoYHDNgM;AfriCat Foundation;1;africat_foundation;Video;2026-01-08;110;0;18529;0.005937;242;37;6;1;2;0;0;0.227;0;;1;0;0;0;1;0;0;0;1;0;0;0;1;0;0;Neutral;None;None;Research;English;13
DVEjcvgj1xY;Giraffe Conservation Foundation;1;giraffe_conservation;Image;2026-02-22;547;9;46731;0.011705;782;111;11;0;8;0;1;0.3006;8;0.1236;1;0;0;1;0;0;0;0;1;0;0;0;1;0;0;Hope;Solution;Learn;Research;English;4
DU6QOvFk9xX;Giraffe Conservation Foundation;1;giraffe_conservation;Carousel;2026-02-18;346;9;46731;0.007404;1084;126;11;18;8;0;1;0.3198;9;0.0401;1;0;0;1;1;0;0;0;1;0;0;0;0;0;0;Hope;Solution;None;Education;English;4
DXuRr8pGfJ_;Cheetah Conservation Fund;1;ccfcheetah;Carousel;2026-04-29;550;5;56641;0.00971;539;78;5;0;0;1;0;0.3083;6;0.3163;1;0;0;1;1;0;0;0;0;0;0;0;1;1;0;Hope;Solution;Learn;Community;English;-1
DViTTw0CueE;Namibia Youth Chamber of Environment;3;namyouthchamber;Carousel;2026-03-06;15;0;1628;0.009214;264;49;0;0;0;0;0;0.302;0;;1;0;0;0;1;0;0;0;0;0;0;0;1;1;0;Hope;None;Learn;Wildlife;English;-1
DXca0cil6Mk;Cheetah Conservation Fund;1;ccfcheetah;Video;2026-04-22;849;10;56641;0.014989;872;126;5;0;0;0;1;0.1659;9;0.2135;1;0;1;1;0;0;0;0;0;0;0;0;1;0;0;Hope;Solution;Learn;Wildlife;English;15
DXVdVqvGBrZ;Cheetah Conservation Fund;1;ccfcheetah;Carousel;2026-04-20;875;15;56641;0.015448;1077;167;5;0;0;0;1;0.3077;13;0.3305;1;1;0;1;0;0;0;0;0;0;0;0;1;0;0;Hope;Solution;Learn;HWC;English;15
DSFsknpDGEy;AfriCat Foundation;1;africat_foundation;Video;2025-12-10;113;3;18529;0.006099;911;123;7;0;0;0;0;0.1435;3;0.497;1;0;0;1;0;0;0;0;1;0;0;0;0;1;0;Neutral;Solution;None;Research;English;13
DVtL7Z1Cgjg;Namibia Youth Chamber of Environment;3;namyouthchamber;Image;2026-03-10;37;0;1628;0.022727;519;80;0;0;4;1;0;0.3792;0;;1;0;0;0;0;0;0;0;0;0;0;0;0;1;0;Hope;None;Event;Education;English;-1
DVtRIKfigl2;Namibia Youth Chamber of Environment;3;namyouthchamber;Carousel;2026-03-10;82;5;1628;0.050369;443;66;0;0;1;1;0;0.2381;2;0.0;1;0;0;0;1;0;0;0;0;1;0;0;0;0;0;Hope;None;Learn;Community;English;16
DWnyV1Wls37;N/a'an ku se Foundation;1;naankuse_foundation;Carousel;2026-04-02;69;0;29665;0.002326;635;96;2;0;0;0;0;0.2328;0;;1;1;0;1;0;0;1;0;0;0;0;0;1;0;0;Hope;Solution;None;Community;English;9
DWcGfdLjB95;N/a'an ku se Foundation;1;naankuse_foundation;Carousel;2026-03-28;199;1;29665;0.006708;762;108;5;0;2;1;0;0.2756;1;0.636;1;1;0;1;1;0;1;0;0;0;0;0;1;0;0;Hope;Solution;None;Community;English;9
DVgLvVmipRs;Namibia Youth Chamber of Environment;3;namyouthchamber;Image;2026-03-05;11;0;1628;0.006757;41;9;0;0;1;0;0;0.261;0;;1;0;0;0;1;0;0;0;0;0;0;0;0;1;0;Hope;None;Event;Community;English;16
DV1elZ8D0VV;N/a'an ku se Foundation;1;naankuse_foundation;Video;2026-03-13;48;0;29665;0.001618;621;94;7;0;9;1;0;0.1882;0;;1;0;0;1;0;0;0;0;0;0;0;0;1;1;0;Hope;None;Learn;Anti-poaching;English;21
DT-JQYiimAB;Namibia Youth Chamber of Environment;3;namyouthchamber;Carousel;2026-01-26;21;0;1628;0.012899;684;104;2;1;0;0;0;0.2107;0;;1;0;0;1;0;0;0;0;1;0;0;0;0;1;0;Hope;None;None;Education;English;11
DUX_wPFCgIs;Namibia Youth Chamber of Environment;3;namyouthchamber;Carousel;2026-02-05;18;0;1628;0.011057;702;115;0;0;3;0;0;0.3107;0;;1;0;0;0;1;0;1;0;0;0;0;0;1;0;0;Hope;Solution;None;Wildlife;English;-1
DT98qQrCBCZ;Namibia Nature Foundation;1;namibia_nature_foundation;Image;2026-01-26;35;0;3532;0.009909;593;91;1;0;0;0;0;0.3753;0;;1;0;0;0;1;0;0;0;0;0;0;0;0;1;0;Hope;None;Event;Education;English;-1
DWMpxKqjnAZ;N/a'an ku se Foundation;1;naankuse_foundation;Carousel;2026-03-22;164;1;29665;0.005528;629;93;6;0;1;1;0;0.1828;1;0.0;1;0;1;1;0;0;0;0;0;0;0;;;;;Hope;Problem-Solution;None;Community;English;9
DUQylVEiPWw;Namibia Nature Foundation;1;namibia_nature_foundation;Carousel;2026-02-02;77;0;3532;0.021801;499;72;1;1;0;0;0;0.2427;0;;1;0;0;0;0;0;0;0;0;0;0;0;1;0;0;Hope;Solution;Event;Education;English;-1
DV9M4tnAc73;N/a'an ku se Foundation;1;naankuse_foundation;Carousel;2026-03-16;265;0;29665;0.008933;795;117;6;0;2;1;0;0.2367;0;;1;0;0;1;1;0;1;0;0;0;0;0;1;0;0;Hope;Problem-Solution;None;Community;English;9
DV4Db60iEI4;N/a'an ku se Foundation;1;naankuse_foundation;Carousel;2026-03-14;149;0;29665;0.005023;673;103;6;0;5;1;0;0.3537;0;;1;0;0;0;0;0;0;0;0;0;0;0;0;0;0;Hope;None;None;Community;English;7
DUELhjJjd7D;Giraffe Conservation Foundation;1;giraffe_conservation;Carousel;2026-01-28;198;4;46731;0.004237;853;126;7;0;7;0;0;0.3054;4;0.3643;1;0;0;1;1;0;1;0;0;0;0;0;0;0;0;Hope;Solution;None;Wildlife;English;4
DTugAKuirZm;Namibia Youth Chamber of Environment;3;namyouthchamber;Image;2026-01-20;17;0;1628;0.010442;403;67;0;0;2;0;1;0.2781;0;;1;0;1;1;1;0;0;0;1;0;0;;;;;Mixed;Problem-Solution;Share;Wildlife;English;-1
DV6hPrUj1sO;N/a'an ku se Foundation;1;naankuse_foundation;Image;2026-03-15;102;0;29665;0.003438;653;89;6;0;3;1;0;0.2737;0;;1;0;0;1;1;0;0;0;0;1;0;0;1;0;0;Hope;Solution;None;Education;English;1
DUOesl5jXwq;Giraffe Conservation Foundation;1;giraffe_conservation;Image;2026-02-01;435;4;46731;0.009309;823;119;14;1;8;1;1;0.2903;3;0.4721;1;0;0;0;1;0;0;0;1;0;0;0;1;0;0;Hope;None;Learn;Wildlife;English;4
DT8dIW2iCC3;Giraffe Conservation Foundation;1;giraffe_conservation;Image;2026-01-25;1371;9;46731;0.029338;663;94;7;1;9;1;0;0.3056;9;0.1673;1;0;0;1;1;0;0;0;1;0;0;0;1;0;0;Hope;Solution;Learn;Wildlife;English;4
DUbWq9sk2fR;Giraffe Conservation Foundation;1;giraffe_conservation;Image;2026-02-06;344;6;46731;0.007361;314;33;10;1;4;0;0;0.2755;4;0.3368;1;0;0;0;0;0;0;0;0;0;0;0;1;0;0;Hope;None;None;Wildlife;English;8
DUWNHNmDsUE;Giraffe Conservation Foundation;1;giraffe_conservation;Image;2026-02-04;160;1;46731;0.003424;554;77;9;0;8;0;1;0.2788;1;0.0;1;0;0;1;0;0;0;0;1;0;0;0;1;1;0;Hope;Solution;Learn;Research;English;4
DTqbkOCjdCj;Giraffe Conservation Foundation;1;giraffe_conservation;Image;2026-01-18;765;8;46731;0.01637;380;61;1;1;6;0;0;0.3627;8;0.3492;1;0;0;0;0;0;0;0;0;0;0;0;1;0;0;Hope;None;Event;Wildlife;English;4
DT3TiZ9DdmI;Giraffe Conservation Foundation;1;giraffe_conservation;Image;2026-01-23;332;1;46731;0.007104;214;26;8;0;3;0;0;0.3042;1;0.0;1;0;0;0;0;0;0;0;0;0;0;0;1;0;0;Hope;None;None;Wildlife;English;8
DTyJ9OpgXzm;Giraffe Conservation Foundation;1;giraffe_conservation;Image;2026-01-21;285;5;46731;0.006099;342;45;9;0;5;0;0;0.3891;5;0.0;1;0;0;0;0;0;0;0;0;0;0;0;1;1;0;Hope;None;None;Wildlife;English;4
DWE0qc5Evit;N/a'an ku se Foundation;1;naankuse_foundation;Video;2026-03-19;116;1;29665;0.00391;942;156;5;0;14;1;1;0.3105;1;0.6114;1;1;0;0;1;0;0;0;0;0;0;0;1;0;0;Hope;None;Event;Community;English;11
DU5v6CKCn_O;Namibia Youth Chamber of Environment;3;namyouthchamber;Carousel;2026-02-18;44;1;1628;0.027027;511;82;0;0;1;1;1;0.2268;1;0.6369;1;0;0;0;0;0;0;0;0;0;0;0;0;0;0;Neutral;None;Learn;Community;English;11
DWHgK_VkmUt;N/a'an ku se Foundation;1;naankuse_foundation;Video;2026-03-20;46;0;29665;0.001551;711;108;6;0;5;1;0;0.1572;0;;1;1;1;1;0;0;1;0;0;0;0;0;1;0;0;Hope;Problem-Solution;Learn;Wildlife;English;21
DWI5bFigUef;N/a'an ku se Foundation;1;naankuse_foundation;Carousel;2026-03-21;272;1;29665;0.009169;570;93;3;0;4;1;0;0.2956;1;0.4939;1;0;0;0;1;0;1;0;0;0;0;0;0;0;0;Hope;None;None;Community;English;11
DUoOpqdjEUM;Giraffe Conservation Foundation;1;giraffe_conservation;Image;2026-02-11;385;1;46731;0.008239;811;110;12;1;10;0;0;0.286;1;0.0;1;0;0;0;0;0;0;0;1;0;0;0;1;0;0;Hope;Solution;Learn;Research;English;4
DWCWecbj-kV;N/a'an ku se Foundation;1;naankuse_foundation;Carousel;2026-03-18;186;2;29665;0.00627;476;67;5;0;4;1;0;0.2301;2;0.2997;1;0;0;1;0;0;0;0;0;0;0;;;;;Hope;Solution;None;Community;English;9
DUggSmvjmH0;Giraffe Conservation Foundation;1;giraffe_conservation;Carousel;2026-02-08;210;2;46731;0.004494;682;74;11;4;5;0;0;0.2783;2;0.2859;1;0;0;1;0;0;0;0;1;0;0;0;1;0;0;Hope;Solution;None;Research;English;4
DV_xrwzjCSH;N/a'an ku se Foundation;1;naankuse_foundation;Image;2026-03-17;95;2;29665;0.003202;589;84;6;0;3;1;0;0.3035;2;0.2384;1;0;0;1;1;0;0;0;0;1;0;0;1;0;0;Hope;Solution;None;Education;English;7
DV1RBwxDDEe;N/a'an ku se Foundation;1;naankuse_foundation;Video;2026-03-13;140;1;29665;0.004719;145;24;5;0;0;0;0;0.2995;1;0.8172;1;0;0;0;0;0;0;0;0;0;0;0;1;0;0;Hope;None;Event;Ecotourism;English;7
DW4VErZEjmD;Cheetah Conservation Fund;1;ccfcheetah;Carousel;2026-04-08;134;3;56641;0.002366;1758;282;5;0;0;0;0;0.2485;3;0.1585;1;0;0;1;1;0;0;0;0;0;0;0;1;0;0;Hope;Problem-Solution;None;Community;English;15
DXFDkC8EZUF;Cheetah Conservation Fund;1;ccfcheetah;Video;2026-04-13;328;3;56641;0.005791;432;62;5;0;1;0;0;0.359;3;0.134;1;0;0;1;1;0;0;0;0;0;0;1;0;1;0;Hope;Solution;Event;Wildlife;English;15
DXB-DjOjmZ2;Cheetah Conservation Fund;1;ccfcheetah;Video;2026-04-12;184;5;56641;0.003249;522;75;5;0;0;0;1;0.1964;5;0.3075;1;0;0;1;0;0;0;1;0;0;0;0;1;0;0;Hope;Problem-Solution;Learn;HWC;English;15
DXMiL7jjXgk;Cheetah Conservation Fund;1;ccfcheetah;Video;2026-04-16;974;20;56641;0.017196;644;100;3;0;1;0;0;0.2969;14;0.1801;1;1;0;1;0;0;0;1;1;0;0;0;1;0;0;Hope;Problem-Solution;None;HWC;English;15
DRFUHr8DPls;AfriCat Foundation;1;africat_foundation;Video;2025-11-15;350;2;18529;0.018889;268;39;6;1;2;0;0;0.3022;2;0.3125;1;0;0;0;0;0;0;0;0;0;0;0;1;0;0;Hope;None;Learn;Wildlife;English;13
DQuKrLZDCfh;AfriCat Foundation;1;africat_foundation;Carousel;2025-11-06;116;2;18529;0.00626;1924;308;5;0;1;0;0;0.3013;2;0.6375;1;1;1;1;0;0;1;0;1;0;0;0;1;0;0;Hope;Problem-Solution;None;Wildlife;English;5
DRkL8DrjBZz;AfriCat Foundation;1;africat_foundation;Video;2025-11-27;280;1;18529;0.015111;971;137;8;1;0;0;0;0.1463;1;0.3804;1;0;0;0;1;0;1;0;1;0;0;0;0;1;0;Hope;Solution;None;Wildlife;English;13
DW69EwJESBc;Cheetah Conservation Fund;1;ccfcheetah;Video;2026-04-09;1126;37;56641;0.01988;1422;215;5;1;1;0;1;0.3416;15;0.242;1;1;1;1;0;0;0;0;0;0;0;0;1;0;0;Mixed;Problem-Solution;Donate;Wildlife;English;18
DW2bF8jjNJE;Cheetah Conservation Fund;1;ccfcheetah;Video;2026-04-08;534;10;56641;0.009428;1198;192;5;0;1;0;1;0.2245;10;0.2647;1;1;1;1;0;0;1;0;1;0;0;0;1;1;0;Mixed;Problem-Solution;Learn;Wildlife;English;18
DVvyBh7Csmj;Namibia Youth Chamber of Environment;3;namyouthchamber;Carousel;2026-03-11;43;0;1628;0.026413;439;65;0;0;1;1;0;0.2678;0;;1;0;0;1;1;0;0;0;0;1;0;0;0;0;0;Hope;Solution;Learn;Education;English;16
DWBU3t0ilGW;Namibia Youth Chamber of Environment;3;namyouthchamber;Image;2026-03-18;27;0;1628;0.016585;480;87;0;0;0;0;1;0.3081;0;;1;0;0;1;0;0;1;0;0;0;0;0;0;1;0;Hope;Problem-Solution;None;Climate;English;20
DWD7q9hijMg;Namibia Youth Chamber of Environment;3;namyouthchamber;Carousel;2026-03-19;15;0;1628;0.009214;56;9;0;0;0;0;0;0.3117;0;;1;0;0;0;0;0;0;0;0;0;0;0;0;0;0;Neutral;None;None;Education;English;27
DVyHG_Jijrz;Namibia Youth Chamber of Environment;3;namyouthchamber;Carousel;2026-03-12;54;3;1628;0.03317;445;66;0;0;1;1;0;0.2402;3;0.1589;1;0;0;0;1;0;0;0;0;1;0;;;;;Hope;None;Learn;Community;English;16
DTibOjAjHCe;AfriCat Foundation;1;africat_foundation;Video;2026-01-15;170;1;18529;0.009175;1124;181;5;1;0;0;0;0.2316;1;0.6674;1;1;0;0;0;0;0;0;1;0;0;0;1;0;0;Hope;None;None;Research;English;32
DV0so-eCkJk;Namibia Youth Chamber of Environment;3;namyouthchamber;Carousel;2026-03-13;51;12;1628;0.031327;598;78;0;0;5;1;0;0.2956;9;0.1332;1;0;0;1;1;1;0;0;0;1;0;1;1;1;0;Hope;Solution;Learn;Education;English;16
DRhp-g_DJMg;AfriCat Foundation;1;africat_foundation;Video;2025-11-26;264;6;18529;0.014248;1019;149;8;1;0;0;0;0.2757;6;0.3729;1;0;0;1;0;0;0;0;1;0;0;0;1;0;0;Hope;Solution;None;Research;English;13
DUJVGkOjxSn;Giraffe Conservation Foundation;1;giraffe_conservation;Image;2026-01-30;481;3;46731;0.010293;270;30;8;1;3;0;1;0.3043;3;0.0;1;0;0;0;0;0;0;0;0;0;0;0;1;0;0;Hope;None;None;Wildlife;English;8
DVimfKujWUT;Tosco Trust;1;tosconamibia;Carousel;2026-03-06;18;0;2083;0.008641;242;37;4;0;0;1;1;0.3396;0;;1;0;0;0;1;0;0;0;0;0;0;0;0;1;0;Hope;Solution;Volunteer;Ecotourism;English;11
DQ4iGjBjLUz;Namibia Youth Chamber of Environment;3;namyouthchamber;Image;2025-11-10;23;0;1628;0.014128;410;47;0;0;1;1;1;0.302;0;;1;0;0;1;0;0;0;0;0;0;0;;;;;Neutral;Problem-Solution;Learn;Wildlife;English;-1
DRP35sUjLR6;Namibia Youth Chamber of Environment;3;namyouthchamber;Image;2025-11-19;21;0;1628;0.012899;302;46;0;0;1;0;0;0.4117;0;;1;0;0;0;0;0;0;0;1;0;0;;;;;Hope;None;Learn;Research;English;11
DQ87jsuDEw5;Namibia Youth Chamber of Environment;3;namyouthchamber;Carousel;2025-11-12;27;0;1628;0.016585;150;27;0;0;1;0;0;0.2846;0;;1;0;0;0;0;0;0;0;0;0;0;0;0;1;0;Hope;None;None;Education;English;27
DWURr-cDbzB;Tosco Trust;1;tosconamibia;Image;2026-03-25;45;3;2083;0.021603;90;8;5;0;0;0;0;0.3642;1;0.0;1;0;0;0;0;0;0;0;0;0;0;0;0;1;0;Hope;None;Event;Ecotourism;English;7
DTamIGPCnjn;Namibia Youth Chamber of Environment;3;namyouthchamber;Carousel;2026-01-12;74;0;1628;0.045455;331;40;0;0;1;1;0;0.3309;0;;1;0;0;0;0;0;0;1;0;0;0;0;0;1;0;Neutral;None;None;Community;English;22
DVen7U1DDSX;N/a'an ku se Foundation;1;naankuse_foundation;Carousel;2026-03-04;118;0;29665;0.003978;482;73;6;0;3;1;1;0.3294;0;;1;1;1;1;1;0;0;0;0;0;0;0;1;0;0;Hope;Problem-Solution;None;Community;English;9
DVl64BGCPgg;N/a'an ku se Foundation;1;naankuse_foundation;Carousel;2026-03-07;380;1;29665;0.01281;453;60;6;0;2;1;0;0.3017;1;0.8807;1;0;0;0;0;0;0;0;0;0;0;0;1;0;0;Hope;None;Volunteer;Ecotourism;English;1
DWW44aTDSt2;Tosco Trust;1;tosconamibia;Carousel;2026-03-26;35;3;2083;0.016803;1426;229;5;0;1;0;0;0.3142;3;0.2034;1;0;0;1;1;0;0;0;0;0;0;0;1;0;0;Hope;Solution;None;Community;English;33
DWouAPSEVB9;Cheetah Conservation Fund;1;ccfcheetah;Video;2026-04-02;262;2;56641;0.004626;2096;309;5;1;0;1;1;0.3084;2;0.2859;1;0;1;1;0;0;0;0;1;0;0;0;1;0;0;Mixed;Problem-Solution;Learn;Community;English;15
DWl7H61DbCB;Cheetah Conservation Fund;1;ccfcheetah;Video;2026-04-01;746;5;56641;0.013171;907;140;5;1;1;1;0;0.2855;5;0.2373;1;0;1;1;0;0;0;0;1;0;0;1;1;1;0;Mixed;Problem-Solution;Learn;Wildlife;English;-1
DRj_EEGDNma;Namibia Youth Chamber of Environment;3;namyouthchamber;Carousel;2025-11-27;69;0;1628;0.042383;559;91;0;0;1;0;0;0.2392;0;;1;0;0;0;1;0;1;0;0;0;0;0;1;0;0;Hope;Solution;None;Education;English;16
DWhFSe_Epwk;Cheetah Conservation Fund;1;ccfcheetah;Carousel;2026-03-30;1301;8;56641;0.022969;448;69;5;0;0;0;1;0.3093;8;0.1177;1;1;0;0;0;0;0;0;0;0;0;0;1;0;0;Hope;Problem-Solution;Learn;Wildlife;English;18
DV1dpcLjf4m;Tosco Trust;1;tosconamibia;Video;2026-03-13;36;0;2083;0.017283;614;94;6;0;2;0;0;0.2741;0;;1;1;0;1;1;1;0;1;0;0;0;0;1;0;0;Hope;Problem-Solution;None;Community;English;11
DWaZbb-D-L5;Cheetah Conservation Fund;1;ccfcheetah;Carousel;2026-03-28;509;5;56641;0.008986;1046;159;5;0;0;0;1;0.2518;5;0.092;1;1;0;1;0;0;0;0;0;0;0;0;1;0;0;Hope;Solution;Learn;HWC;English;15
DVqo_9BgVKV;N/a'an ku se Foundation;1;naankuse_foundation;Image;2026-03-09;162;0;29665;0.005461;870;127;6;0;2;1;0;0.2527;0;;1;1;0;1;1;0;1;0;0;0;0;0;1;0;0;Hope;Problem-Solution;None;Community;English;9
DWsMJvfjOo5;Cheetah Conservation Fund;1;ccfcheetah;Video;2026-04-04;566;14;56641;0.009993;602;99;5;0;2;0;1;0.2851;14;0.5401;1;1;0;1;0;0;0;0;0;0;0;0;1;0;0;Hope;Problem-Solution;Donate;Wildlife;English;18
DVtwG76oLp5;N/a'an ku se Foundation;1;naankuse_foundation;Image;2026-03-10;90;0;29665;0.003034;718;105;7;0;3;1;0;0.3302;0;;1;1;0;1;1;0;0;0;0;0;0;0;1;1;0;Hope;Solution;None;Community;English;-1
DVqcuKHmK2G;N/a'an ku se Foundation;1;naankuse_foundation;Image;2026-03-09;59;1;29665;0.001989;441;63;6;0;3;1;1;0.3395;1;0.6239;1;0;0;0;0;0;0;0;0;0;0;0;1;0;0;Hope;None;Volunteer;Community;English;22
DRKInR5DE1a;Namibia Youth Chamber of Environment;3;namyouthchamber;Carousel;2025-11-17;67;0;1628;0.041155;642;95;0;1;1;0;0;0.2408;0;;1;0;0;1;1;0;0;0;0;0;0;0;0;0;0;Hope;Solution;None;Community;English;14
DUDf5d4DUm_;Tosco Trust;1;tosconamibia;Carousel;2026-01-28;63;4;2083;0.030245;259;43;0;1;1;0;0;0.3643;3;0.4828;1;0;0;0;1;0;0;0;0;0;0;0;0;1;0;Hope;None;Event;Climate;English;11
DVjdARTD6tT;N/a'an ku se Foundation;1;naankuse_foundation;Video;2026-03-06;69;0;29665;0.002326;802;127;7;0;5;1;0;0.1911;0;;1;1;0;1;0;0;0;0;0;0;0;0;1;1;0;Hope;Problem-Solution;Learn;HWC;English;21
DVyJnZlDMPe;N/a'an ku se Foundation;1;naankuse_foundation;Video;2026-03-12;317;1;29665;0.010686;126;20;5;0;0;0;0;0.2805;1;0.0;1;0;0;0;0;0;0;0;0;0;0;0;0;0;0;Hope;None;None;Wildlife;English;7
DVmCpq8jAER;N/a'an ku se Foundation;1;naankuse_foundation;Video;2026-03-07;453;1;29665;0.015271;101;14;5;0;0;0;0;0.2053;1;0.0;1;0;0;0;0;0;0;0;0;0;0;;;;;Hope;None;None;Wildlife;English;7
DWWv0b4kmFB;Cheetah Conservation Fund;1;ccfcheetah;Carousel;2026-03-26;450;8;56641;0.007945;2192;319;5;0;0;0;1;0.343;8;0.2256;1;0;1;1;0;0;0;0;1;0;0;0;1;1;0;Mixed;Problem-Solution;Learn;Wildlife;English;31
DReQDwTDOOM;Namibia Youth Chamber of Environment;3;namyouthchamber;Carousel;2025-11-25;88;5;1628;0.054054;368;56;0;0;0;1;0;0.2536;3;0.134;1;0;0;1;0;0;0;0;0;0;0;0;0;0;0;Neutral;Problem-Solution;Learn;Community;English;11
DSvNTG6DxNi;Giraffe Conservation Foundation;1;giraffe_conservation;Image;2025-12-26;637;5;46731;0.013631;420;54;11;2;5;0;0;0.3278;5;0.3792;1;1;0;0;0;0;0;0;0;0;0;0;1;0;0;Hope;None;None;Wildlife;English;8
DVrBQE7jEWE;N/a'an ku se Foundation;1;naankuse_foundation;Video;2026-03-09;203;3;29665;0.006843;127;18;5;0;0;0;0;0.1543;3;0.0;1;0;0;0;0;0;0;0;0;0;0;0;0;0;0;Hope;None;None;Wildlife;English;7
DVwVD1GjiEL;N/a'an ku se Foundation;1;naankuse_foundation;Carousel;2026-03-11;330;4;29665;0.011124;628;89;6;0;3;1;1;0.3178;4;0.3555;1;0;0;1;0;0;0;0;0;0;0;0;0;0;0;Hope;Solution;Volunteer;Ecotourism;English;7
DVy5ucnCAYI;N/a'an ku se Foundation;1;naankuse_foundation;Video;2026-03-12;296;3;29665;0.009978;553;89;6;0;4;1;0;0.3181;3;0.1953;1;0;0;0;0;0;0;0;0;0;0;0;0;0;0;Hope;None;None;Wildlife;English;7
DS0W5kkD2zk;Giraffe Conservation Foundation;1;giraffe_conservation;Carousel;2025-12-28;154;0;46731;0.003295;660;101;8;0;7;0;0;0.2911;0;;1;0;0;1;1;0;0;0;0;1;0;0;1;0;0;Hope;Solution;None;Education;English;23
DVthvBkjAAF;N/a'an ku se Foundation;1;naankuse_foundation;Video;2026-03-10;326;4;29665;0.010989;86;10;5;0;1;0;0;0.206;3;-0.051;1;0;0;0;0;0;0;0;0;0;0;0;0;0;0;Hope;None;None;Ecotourism;English;7
DU-ncR0jTOc;Tosco Trust;1;tosconamibia;Carousel;2026-02-20;76;5;2083;0.036486;328;47;5;0;1;0;0;0.2761;5;0.0;1;0;0;1;1;0;0;0;0;0;0;0;0;1;0;Hope;Solution;Volunteer;Climate;English;11
DS8FQVIjdpH;Giraffe Conservation Foundation;1;giraffe_conservation;Image;2025-12-31;466;1;46731;0.009972;675;94;7;2;12;0;0;0.3211;1;0.0;1;0;0;1;1;0;0;0;1;0;0;0;1;0;0;Hope;Solution;None;Wildlife;English;4
DTGYcjdjeVp;Giraffe Conservation Foundation;1;giraffe_conservation;Image;2026-01-04;244;0;46731;0.005221;605;77;9;0;8;0;0;0.3196;0;;1;0;0;1;1;0;0;0;0;0;0;0;1;0;0;Hope;Problem-Solution;None;Wildlife;English;4
DS-qEVPADma;Giraffe Conservation Foundation;1;giraffe_conservation;Image;2026-01-01;1744;11;46731;0.03732;250;32;7;1;6;0;0;0.2658;9;0.2704;1;0;0;0;0;0;0;0;0;0;0;0;1;0;0;Hope;None;None;Wildlife;English;4
DTBO21Djf01;Giraffe Conservation Foundation;1;giraffe_conservation;Image;2026-01-02;321;1;46731;0.006869;259;28;8;1;5;0;0;0.2839;1;0.7488;1;0;0;0;0;0;0;0;0;0;0;0;1;0;0;Neutral;None;None;Wildlife;English;8
DTgIY48D2Bx;Giraffe Conservation Foundation;1;giraffe_conservation;Image;2026-01-14;60;1;46731;0.001284;575;70;6;1;13;0;0;0.2931;1;0.784;1;0;0;0;1;0;0;0;0;0;0;0;1;0;0;Hope;Solution;None;Wildlife;English;4
DTYZ__3jMEy;Giraffe Conservation Foundation;1;giraffe_conservation;Image;2026-01-11;292;4;46731;0.006249;566;63;8;3;6;0;0;0.2967;4;0.1845;1;0;0;1;0;0;0;0;1;0;0;0;1;0;0;Hope;Solution;None;Wildlife;English;4
DTOG1rZj1Wf;Giraffe Conservation Foundation;1;giraffe_conservation;Carousel;2026-01-07;587;6;46731;0.012561;566;56;9;4;6;0;0;0.309;5;0.1486;1;0;0;0;0;0;0;0;1;0;0;0;1;0;0;Hope;Problem-Solution;None;Research;English;4
DT8Hxp4DMQV;AfriCat Foundation;1;africat_foundation;Carousel;2026-01-25;99;0;18529;0.005343;729;110;6;1;1;0;0;0.1862;0;;1;0;0;0;0;0;0;0;1;0;0;0;1;0;0;Neutral;Solution;None;Research;English;13
DTTQcXSDwcQ;Giraffe Conservation Foundation;1;giraffe_conservation;Image;2026-01-09;492;5;46731;0.010528;310;38;8;2;4;0;0;0.2966;5;0.1365;1;0;0;0;0;0;0;0;0;0;0;0;1;0;0;Hope;None;None;Wildlife;English;8
DTlR_2oEp9y;Giraffe Conservation Foundation;1;giraffe_conservation;Video;2026-01-16;810;4;46731;0.017333;281;32;8;1;4;0;0;0.3206;5;0.3414;1;0;0;0;0;0;0;0;0;0;0;0;1;0;0;Neutral;None;None;Wildlife;English;8
DU59lkXjDeX;AfriCat Foundation;1;africat_foundation;Video;2026-02-18;82;0;18529;0.004425;1255;173;5;1;2;0;0;0.2536;0;;1;0;0;1;0;0;0;0;1;0;0;0;1;0;0;Neutral;None;None;Research;English;32
DUlV2iNCOB0;AfriCat Foundation;1;africat_foundation;Video;2026-02-10;308;4;18529;0.016623;1254;183;5;2;1;0;0;0.3177;4;0.3132;1;0;0;1;0;0;1;0;1;0;0;0;1;0;0;Hope;Problem-Solution;None;Research;English;13
DUGbxzVDE1m;AfriCat Foundation;1;africat_foundation;Video;2026-01-29;198;0;18529;0.010686;1559;225;5;3;3;0;0;0.2783;0;;1;1;0;1;0;0;1;0;1;0;0;0;1;1;0;Hope;Problem-Solution;None;Research;English;5
DSGA6a6gTQ3;Giraffe Conservation Foundation;1;giraffe_conservation;Image;2025-12-10;386;0;46731;0.00826;664;81;11;2;6;0;0;0.3028;0;;1;0;1;1;0;0;0;0;1;0;0;0;1;0;0;Hope;Problem-Solution;Learn;Research;English;4
DVJlhV9DD_m;N/a'an ku se Foundation;1;naankuse_foundation;Video;2026-02-24;150;2;29665;0.005056;168;26;5;0;1;0;0;0.234;2;-0.0766;1;0;0;0;1;0;0;0;0;0;0;0;0;0;0;Hope;Solution;Volunteer;Community;English;7
DWOuG89jwy0;Cheetah Conservation Fund;1;ccfcheetah;Carousel;2026-03-23;172;0;56641;0.003037;1097;155;5;0;0;0;1;0.2612;0;;1;0;0;1;0;0;0;0;1;1;0;0;0;0;0;Hope;Solution;Learn;Education;English;23
DVWk_muDRUJ;N/a'an ku se Foundation;1;naankuse_foundation;Carousel;2026-03-01;251;2;29665;0.008461;960;151;5;0;6;1;0;0.176;2;-0.2997;1;1;0;1;0;0;0;0;0;0;0;;;;;Hope;Problem-Solution;None;Wildlife;English;26
DVCCqirFE2-;N/a'an ku se Foundation;1;naankuse_foundation;Image;2026-02-21;74;0;29665;0.002495;784;125;6;0;13;1;1;0.36;0;;1;0;0;0;0;0;0;0;0;0;0;0;1;0;0;Hope;None;Event;Ecotourism;English;-1
DVBDGWRjKFU;N/a'an ku se Foundation;1;naankuse_foundation;Video;2026-02-21;144;2;29665;0.004854;191;29;5;0;0;0;0;0.2283;2;-0.0766;1;0;0;0;0;0;0;0;0;0;0;0;0;0;0;Hope;None;Volunteer;Ecotourism;English;7
DVeTYKBDDi-;N/a'an ku se Foundation;1;naankuse_foundation;Carousel;2026-03-04;127;1;29665;0.004281;857;137;6;0;2;1;0;0.1989;1;0.6908;1;1;0;1;0;0;0;0;0;0;0;0;1;0;0;Hope;Problem-Solution;None;Wildlife;English;26
DRwcckvjYNV;Giraffe Conservation Foundation;1;giraffe_conservation;Image;2025-12-02;569;1;46731;0.012176;562;87;8;1;9;1;0;0.288;1;0.0;1;0;0;1;1;0;0;0;0;0;0;0;1;0;0;Hope;Solution;Donate;Fundraising;English;4
DR5IqOsiJb_;Giraffe Conservation Foundation;1;giraffe_conservation;Video;2025-12-05;518;7;46731;0.011085;575;83;10;1;6;0;0;0.3044;7;-0.2119;1;0;0;0;0;0;0;0;1;0;0;0;1;0;0;Neutral;None;None;Wildlife;English;8
DVZeWt7AodX;N/a'an ku se Foundation;1;naankuse_foundation;Carousel;2026-03-02;125;1;29665;0.004214;980;142;6;0;6;1;0;0.2158;1;0.6369;1;1;1;1;1;0;1;0;1;0;0;0;1;0;0;Hope;Problem-Solution;None;Anti-poaching;English;5
DV99gHxDCdy;Cheetah Conservation Fund;1;ccfcheetah;Video;2026-03-17;513;3;56641;0.009057;387;58;5;0;1;0;1;0.4185;3;0.134;1;0;0;0;0;0;0;0;0;0;0;0;1;1;0;Hope;None;Learn;Education;English;-1
DVZJxG8gdBv;N/a'an ku se Foundation;1;naankuse_foundation;Carousel;2026-03-02;94;2;29665;0.003169;812;117;7;0;2;1;0;0.1895;2;0.0;1;1;1;1;0;0;0;0;0;0;0;0;1;0;0;Hope;Problem-Solution;None;Wildlife;English;26
DVHILyij3Ej;N/a'an ku se Foundation;1;naankuse_foundation;Carousel;2026-02-23;137;0;29665;0.004618;783;116;6;0;3;1;0;0.2761;0;;1;0;0;0;0;0;1;0;0;0;0;0;1;0;0;Hope;Solution;None;Education;English;23
DRz_BrsjG0U;Giraffe Conservation Foundation;1;giraffe_conservation;Carousel;2025-12-03;193;1;46731;0.00413;561;74;8;0;8;0;1;0.2907;1;0.0;1;0;0;1;1;0;0;0;1;0;0;0;0;1;1;Hope;Solution;None;Research;English;4
DSiVUl0gTF5;Giraffe Conservation Foundation;1;giraffe_conservation;Carousel;2025-12-21;210;0;46731;0.004494;635;90;7;0;5;0;1;0.302;0;;1;0;0;1;0;0;0;0;1;0;0;0;1;1;0;Hope;Problem-Solution;Learn;Research;English;4
DSQTzsPDRJ6;Giraffe Conservation Foundation;1;giraffe_conservation;Image;2025-12-14;529;3;46731;0.01132;457;54;8;3;4;1;0;0.3111;3;0.3522;1;0;0;1;0;0;0;0;1;0;0;0;1;1;0;Hope;Solution;Learn;Research;English;4
DSdLvtCiO9N;Giraffe Conservation Foundation;1;giraffe_conservation;Image;2025-12-19;343;0;46731;0.00734;287;32;10;2;3;0;1;0.2607;0;;1;0;0;0;0;0;0;0;0;0;0;0;1;0;0;Hope;None;None;Wildlife;English;8
DVT5VGnDVSk;N/a'an ku se Foundation;1;naankuse_foundation;Carousel;2026-02-28;420;5;29665;0.014158;1252;195;6;0;1;1;0;0.2486;5;0.0;1;1;0;1;0;0;0;0;1;0;0;0;1;0;0;Hope;Problem-Solution;None;Wildlife;English;26
DSqDr_mAgXH;Giraffe Conservation Foundation;1;giraffe_conservation;Image;2025-12-24;725;4;46731;0.015514;546;78;8;1;13;0;0;0.3122;4;0.1908;1;0;0;1;1;0;0;0;0;0;0;0;1;0;0;Hope;Problem-Solution;Donate;Wildlife;English;4
DSLMZorAZyc;Giraffe Conservation Foundation;1;giraffe_conservation;Image;2025-12-12;311;1;46731;0.006655;279;30;9;2;4;0;0;0.2699;1;0.6369;1;0;0;0;0;0;0;0;0;0;0;0;1;0;0;Hope;None;None;Wildlife;English;8
DVv5Vyeje89;Cheetah Conservation Fund;1;ccfcheetah;Video;2026-03-11;188;8;56641;0.003319;1343;200;5;1;0;0;0;0.3324;7;0.3511;1;0;0;1;0;0;0;1;0;0;0;0;1;0;0;Hope;Problem-Solution;None;HWC;English;15
DR-SMDzDZx2;Giraffe Conservation Foundation;1;giraffe_conservation;Carousel;2025-12-07;79;1;46731;0.001691;731;93;9;2;6;0;0;0.2893;1;0.0;1;0;0;1;1;0;0;0;0;1;0;0;1;0;0;Hope;Solution;Learn;Education;English;4
DSYCJfoj4ik;Giraffe Conservation Foundation;1;giraffe_conservation;Image;2025-12-17;319;1;46731;0.006826;603;78;7;4;6;0;0;0.3156;1;0.0;1;0;1;1;0;0;0;0;1;0;0;0;1;1;0;Hope;Problem-Solution;None;Research;English;4
DVavhOlDFHe;N/a'an ku se Foundation;1;naankuse_foundation;Video;2026-03-03;286;5;29665;0.009641;185;29;5;0;0;0;0;0.2287;3;0.2607;1;0;0;0;0;0;0;0;0;0;0;0;1;0;0;Hope;None;Volunteer;Wildlife;English;7
DRsQo-BARQL;Giraffe Conservation Foundation;1;giraffe_conservation;Image;2025-11-30;1377;13;46731;0.029467;645;91;8;3;6;1;1;0.318;11;0.3329;1;1;0;0;0;0;0;0;0;0;0;0;1;0;0;Hope;Problem-Solution;Donate;Wildlife;English;4
DXtaDoijIT_;Elephant Human Relations Aid;1;ehranamibia;Carousel;2026-04-29;114;4;10866;0.010491;628;101;0;0;1;0;0;0.267;3;0.0;1;1;1;0;0;0;0;0;0;0;0;0;1;0;0;Hope;Problem-Solution;None;Wildlife;English;0
DVO3p9GDGew;N/a'an ku se Foundation;1;naankuse_foundation;Video;2026-02-26;269;1;29665;0.009068;270;45;5;0;0;0;0;0.2868;1;0.0;1;0;0;1;0;0;0;0;1;0;0;0;1;0;0;Neutral;Solution;None;Wildlife;English;5
DWAqKGpkuSD;Cheetah Conservation Fund;1;ccfcheetah;Carousel;2026-03-18;285;4;56641;0.005032;2182;321;4;0;0;0;1;0.2772;4;0.3217;1;0;1;1;0;0;0;0;1;0;0;0;1;0;0;Hope;Problem-Solution;Learn;Research;English;15
DWFHDlUj2ZX;Cheetah Conservation Fund;1;ccfcheetah;Video;2026-03-19;499;7;56641;0.00881;1537;227;5;0;0;0;1;0.2132;7;0.3412;1;0;1;1;0;0;0;0;1;0;0;0;1;0;0;Neutral;Problem-Solution;Learn;Policy;English;31
DV7XJOljNi_;Cheetah Conservation Fund;1;ccfcheetah;Video;2026-03-16;851;6;56641;0.015024;359;48;5;0;0;0;1;0.2635;7;0.0574;1;0;1;1;0;0;0;0;0;0;0;0;1;0;0;Hope;Problem-Solution;Learn;Wildlife;English;18
DWCI-u-Ee46;Cheetah Conservation Fund;1;ccfcheetah;Video;2026-03-18;209;4;56641;0.00369;635;93;5;1;0;1;0;0.3428;4;0.4809;1;0;0;0;0;0;0;0;0;0;0;0;1;1;0;Hope;None;Learn;Education;English;-1
DXJ6PfWFpCF;Ongava Game Reserve;5;ongavagamereserve;Carousel;2026-04-15;88;0;11380;0.007733;300;49;1;0;0;0;0;0.2381;0;;1;0;0;0;0;0;0;0;0;0;0;0;0;1;0;Hope;None;Learn;Ecotourism;English;2
DXUHBZnltwo;Ongava Game Reserve;5;ongavagamereserve;Carousel;2026-04-19;56;0;11380;0.004921;308;47;1;0;0;0;0;0.3187;0;;1;0;0;0;0;0;0;0;0;0;0;0;0;1;0;Hope;Solution;None;Ecotourism;English;2
DWHfqggD7KW;Cheetah Conservation Fund;1;ccfcheetah;Carousel;2026-03-20;1675;16;56641;0.029572;2040;282;5;0;0;0;1;0.3024;15;0.2288;1;0;1;1;1;0;0;1;1;0;0;0;1;0;0;Mixed;Problem-Solution;Learn;Wildlife;English;15
DXMYTYjlr_q;Ongava Game Reserve;5;ongavagamereserve;Image;2026-04-16;83;0;11380;0.007293;289;49;1;0;0;0;0;0.3131;0;;1;0;0;0;0;0;0;0;0;0;0;0;1;0;0;Hope;None;Learn;Ecotourism;English;2
DXQx2jFFrjg;Ongava Game Reserve;5;ongavagamereserve;Carousel;2026-04-18;61;1;11380;0.00536;279;50;1;0;0;0;0;0.3144;1;0.6369;1;1;0;0;0;0;0;0;0;0;0;0;1;0;0;Hope;None;None;Ecotourism;English;2
DXG8IUMDeZj;Ongava Game Reserve;5;ongavagamereserve;Video;2026-04-14;384;6;11380;0.033743;706;110;3;0;0;1;0;0.1695;6;0.3222;1;0;0;0;1;0;0;1;0;0;0;0;0;0;0;Hope;Solution;Learn;Ecotourism;English;2
DXEcMZZDgY7;Ongava Game Reserve;5;ongavagamereserve;Carousel;2026-04-13;59;0;11380;0.005185;216;38;0;0;0;0;0;0.2898;0;;1;0;0;1;0;0;1;0;0;0;0;0;1;0;0;Hope;Solution;None;Wildlife;English;0
DXO2QOUln2I;Ongava Game Reserve;5;ongavagamereserve;Carousel;2026-04-17;127;1;11380;0.01116;337;51;1;0;0;0;0;0.288;1;0.0;1;0;0;0;0;0;0;0;0;0;0;0;1;0;0;Hope;Solution;Learn;Ecotourism;English;2
DW9CcE-D6SX;Ongava Game Reserve;5;ongavagamereserve;Video;2026-04-10;48;2;11380;0.004218;450;75;0;0;0;0;0;0.2347;2;0.2389;1;0;0;0;0;0;0;0;0;0;0;0;1;0;0;Hope;None;None;Wildlife;English;26
DXWQDv-iRp8;Ongava Game Reserve;5;ongavagamereserve;Video;2026-04-20;92;1;11380;0.008084;345;59;0;0;0;0;0;0.2089;1;0.4019;1;0;0;0;0;0;0;0;0;0;0;0;0;0;0;Hope;None;None;Ecotourism;English;2
DXJnfgRDJCq;Elephant Human Relations Aid;1;ehranamibia;Carousel;2026-04-15;137;8;10866;0.012608;1212;200;0;0;2;1;0;0.3237;8;0.3275;1;0;1;1;1;0;1;0;1;0;0;0;0;0;0;Hope;Problem-Solution;Volunteer;Community;English;0
DWgtt_SgXiB;Ongava Game Reserve;5;ongavagamereserve;Video;2026-03-30;29;0;11380;0.002548;464;78;0;0;0;0;0;0.2708;0;;1;0;0;0;0;0;0;0;0;0;0;0;1;0;0;Hope;None;None;Wildlife;English;2
DWWoOTkjmc6;Ongava Game Reserve;5;ongavagamereserve;Image;2026-03-26;46;0;11380;0.004042;121;22;0;0;0;0;0;0.2399;0;;1;0;0;0;0;0;0;0;0;0;0;0;0;0;0;Hope;None;None;Wildlife;English;2
DW0itq8DiiZ;Ongava Game Reserve;5;ongavagamereserve;Carousel;2026-04-07;64;0;11380;0.005624;203;33;0;0;0;0;0;0.2551;0;;1;0;0;0;0;0;0;0;0;0;0;0;1;0;0;Hope;None;None;Wildlife;English;2
DWnsHF-DQxD;Ongava Game Reserve;5;ongavagamereserve;Video;2026-04-02;95;1;11380;0.008348;312;54;0;0;0;0;0;0.2684;1;0.0;1;0;0;0;1;0;0;0;0;0;0;0;0;0;0;Hope;None;None;Ecotourism;English;2
DUtRbGeCDvW;N/a'an ku se Foundation;1;naankuse_foundation;Video;2026-02-13;52;0;29665;0.001753;578;88;4;0;6;1;0;0.1916;0;;1;1;1;1;0;0;1;0;0;0;0;0;1;1;0;Mixed;Problem-Solution;Event;Wildlife;English;21
DXWUuVLiluH;Namibia Nature Foundation;1;namibia_nature_foundation;Image;2026-04-20;15;0;3532;0.004247;1347;185;0;11;3;1;0;0.4001;0;;1;0;1;1;1;0;0;0;1;0;0;0;0;1;1;Neutral;Problem-Solution;Learn;Anti-poaching;English;5
DXLyjUAjZ73;Namibia Nature Foundation;1;namibia_nature_foundation;Image;2026-04-16;21;0;3532;0.005946;594;86;0;1;3;0;0;0.32;0;;1;0;0;1;1;0;0;0;0;0;0;0;0;1;0;Hope;Solution;Event;Community;English;-1
DWELR2UDkdM;Ongava Game Reserve;5;ongavagamereserve;Carousel;2026-03-19;66;0;11380;0.0058;266;42;0;0;0;0;0;0.2459;0;;1;0;0;0;0;0;0;0;0;0;0;0;0;0;0;Hope;Problem-Solution;None;Ecotourism;English;2
DXPE5MbDHp0;Elephant Human Relations Aid;1;ehranamibia;Carousel;2026-04-17;110;2;10866;0.010123;1161;181;0;1;7;1;0;0.2943;1;0.0;1;0;0;1;0;0;1;1;1;0;0;0;1;0;0;Hope;Problem-Solution;Volunteer;Community;English;0
DWatI5sjiv8;Ongava Game Reserve;5;ongavagamereserve;Image;2026-03-28;35;0;11380;0.003076;126;21;0;0;0;0;0;0.3359;0;;1;0;0;0;0;0;0;0;0;0;0;0;0;0;0;Hope;None;None;Ecotourism;English;2
DXbe6nYCnwx;Namibia Nature Foundation;1;namibia_nature_foundation;Image;2026-04-22;26;1;3532;0.007361;695;101;7;0;5;0;0;0.2754;1;0.7102;1;0;1;1;1;0;1;0;0;0;0;0;0;1;0;Mixed;Problem-Solution;None;Climate;English;20
DWlb0sNDFI2;Elephant Human Relations Aid;1;ehranamibia;Carousel;2026-04-01;146;0;10866;0.013436;518;82;0;0;1;0;0;0.2842;0;;1;0;0;1;1;0;0;0;0;0;0;0;1;0;0;Hope;Problem-Solution;None;HWC;English;0
DW3daffjCif;Elephant Human Relations Aid;1;ehranamibia;Carousel;2026-04-08;236;9;10866;0.021719;581;87;0;0;2;1;0;0.2393;6;0.0089;1;0;0;0;0;0;0;0;0;0;0;0;1;0;0;Hope;None;Event;Ecotourism;English;1
DXoz26sjP1a;Elephant Human Relations Aid;1;ehranamibia;Carousel;2026-04-27;147;6;10866;0.013528;511;75;0;0;3;1;1;0.318;5;0.399;1;0;0;1;0;0;0;1;0;0;0;0;1;0;0;Hope;Solution;Donate;Fundraising;English;0
DWtKKg3jMKm;Elephant Human Relations Aid;1;ehranamibia;Carousel;2026-04-04;144;3;10866;0.013252;462;77;0;1;1;0;1;0.2611;1;0.807;1;0;1;1;0;0;0;0;0;0;0;0;1;0;0;Mixed;Problem-Solution;Volunteer;HWC;English;0
DXWhPTbE16s;Namibia Nature Foundation;1;namibia_nature_foundation;Image;2026-04-20;7;0;3532;0.001982;1901;258;0;6;7;0;0;0.3081;0;;1;0;1;1;0;0;1;1;1;0;0;0;0;1;0;Mixed;Problem-Solution;None;Policy;English;-1
DUi-O5xmKYK;N/a'an ku se Foundation;1;naankuse_foundation;Carousel;2026-02-09;300;3;29665;0.010113;701;102;5;1;4;1;0;0.3077;3;0.0342;1;1;0;1;0;0;0;0;0;0;0;0;1;0;0;Hope;Problem-Solution;Learn;Wildlife;English;0
DWODCFVDkCp;Ongava Game Reserve;5;ongavagamereserve;Carousel;2026-03-23;57;0;11380;0.005009;90;17;0;0;0;0;0;0.2749;0;;1;0;0;0;0;0;0;0;0;0;0;0;0;0;0;Hope;None;None;Ecotourism;English;2
DXTqzuxjCXj;Elephant Human Relations Aid;1;ehranamibia;Carousel;2026-04-19;105;7;10866;0.009663;1109;155;0;0;3;0;0;0.3257;7;0.4875;1;1;0;1;0;0;0;0;0;0;0;0;1;0;0;Hope;Problem-Solution;None;HWC;English;0
DXgjOMjoc5M;Elephant Human Relations Aid;1;ehranamibia;Video;2026-04-24;401;53;10866;0.036904;310;62;0;0;2;0;0;0.2666;15;0.7761;1;0;0;1;1;0;0;0;0;0;1;0;1;0;0;Hope;Solution;None;Community;English;0
DUqspAglZWX;N/a'an ku se Foundation;1;naankuse_foundation;Video;2026-02-12;228;0;29665;0.007686;670;105;5;0;5;1;1;0.244;0;;1;1;1;1;0;0;0;0;0;0;0;0;1;0;0;Hope;Problem-Solution;Learn;Wildlife;English;21
DV_Pa2ujuyN;Ongava Game Reserve;5;ongavagamereserve;Carousel;2026-03-17;134;1;11380;0.011775;570;92;0;0;0;0;0;0.3054;1;0.0;1;0;0;0;0;0;0;1;0;0;0;0;0;0;0;Hope;None;None;Ecotourism;English;2
DW3IxVCjip9;Ongava Game Reserve;5;ongavagamereserve;Image;2026-04-08;47;0;11380;0.00413;230;35;0;0;0;0;0;0.2651;0;;1;0;0;1;0;0;1;0;0;0;0;0;1;0;0;Hope;None;None;Ecotourism;English;2
DU0pr3KjK2K;N/a'an ku se Foundation;1;naankuse_foundation;Video;2026-02-16;135;1;29665;0.004551;105;15;5;0;2;0;0;0.226;1;0.6166;1;0;0;0;0;0;0;0;0;0;0;1;1;0;0;Hope;None;None;Ecotourism;English;7
DUv9CdXiIPB;N/a'an ku se Foundation;1;naankuse_foundation;Carousel;2026-02-14;187;1;29665;0.006304;814;132;6;0;2;1;0;0.1834;1;0.5095;1;1;0;0;1;0;0;0;0;0;0;0;1;0;0;Hope;None;None;Wildlife;English;-1
DUk1QjjDDWR;N/a'an ku se Foundation;1;naankuse_foundation;Video;2026-02-10;572;14;29665;0.019282;103;16;5;0;0;0;0;0.3349;10;0.355;1;0;0;0;1;0;0;0;0;0;0;0;1;0;0;Hope;None;None;Wildlife;English;7
DUoHy9SjDWf;N/a'an ku se Foundation;1;naankuse_foundation;Carousel;2026-02-11;315;2;29665;0.010619;934;147;6;1;4;1;1;0.286;2;0.1764;1;1;1;1;0;0;0;0;1;0;0;0;1;0;0;Mixed;Problem-Solution;None;Wildlife;English;26
DXbqi4PDIfu;Elephant Human Relations Aid;1;ehranamibia;Carousel;2026-04-22;122;2;10866;0.011228;589;90;0;0;1;1;1;0.1697;2;0.0;1;0;0;1;0;0;0;1;0;0;0;0;1;0;0;Hope;None;Donate;Fundraising;English;0
DWp8LUSDnGz;Ongava Game Reserve;5;ongavagamereserve;Image;2026-04-03;29;0;11380;0.002548;232;39;0;0;0;0;0;0.2727;0;;1;0;0;0;0;0;0;0;0;0;0;0;0;0;0;Hope;None;None;Wildlife;English;2
DWyTxceDHN1;Elephant Human Relations Aid;1;ehranamibia;Carousel;2026-04-06;172;4;10866;0.015829;911;152;0;0;1;0;0;0.2314;4;0.0558;1;1;0;1;0;0;0;0;1;0;0;0;1;0;0;Hope;Problem-Solution;None;Research;English;0
DU81AbnCf5j;N/a'an ku se Foundation;1;naankuse_foundation;Carousel;2026-02-19;202;0;29665;0.006809;550;83;5;0;3;1;0;0.2892;0;;1;1;0;1;0;0;0;0;0;0;0;0;1;0;0;Hope;Problem-Solution;None;Community;English;9
DU_MJCCghr8;N/a'an ku se Foundation;1;naankuse_foundation;Video;2026-02-20;34;0;29665;0.001146;640;105;6;0;4;1;0;0.2254;0;;1;1;1;1;0;0;0;0;0;0;0;0;1;1;0;Hope;Problem-Solution;None;Wildlife;English;21
DU0kTVJiYGd;N/a'an ku se Foundation;1;naankuse_foundation;Carousel;2026-02-16;125;0;29665;0.004214;909;131;6;0;7;1;0;0.2739;0;;1;0;0;0;1;0;0;0;0;0;0;0;0;0;0;Hope;Solution;None;Education;English;7
DU8KNrLDLWc;N/a'an ku se Foundation;1;naankuse_foundation;Video;2026-02-19;87;0;29665;0.002933;172;25;5;0;0;0;0;0.2148;0;;1;0;0;0;0;0;0;0;0;0;0;0;1;0;0;Hope;None;Volunteer;Ecotourism;English;7
DRDKx7WjEV0;Giraffe Conservation Foundation;1;giraffe_conservation;Image;2025-11-14;1013;5;46731;0.021677;653;90;11;3;8;0;0;0.3082;5;0.4874;1;0;1;1;0;0;0;0;1;0;0;0;1;0;0;Hope;Problem-Solution;None;Wildlife;English;4
DVZ3LZRElaC;Cheetah Conservation Fund;1;ccfcheetah;Carousel;2026-03-03;649;9;56641;0.011458;241;34;5;0;0;0;1;0.2821;9;0.1098;1;0;0;0;0;0;0;0;0;0;1;0;1;1;0;Hope;None;Learn;Wildlife;English;-1
DVXZSXLDLb0;Cheetah Conservation Fund;1;ccfcheetah;Video;2026-03-02;153;7;56641;0.002701;732;101;5;1;1;0;0;0.2573;7;0.3988;1;0;0;0;0;0;0;0;0;0;0;0;1;0;0;Hope;None;Learn;Community;English;28
DVoFl_YDezG;Cheetah Conservation Fund;1;ccfcheetah;Video;2026-03-08;302;7;56641;0.005332;337;44;4;0;0;0;0;0.3234;7;0.2693;1;0;0;1;1;0;0;0;0;0;0;0;0;0;0;Hope;Solution;None;Community;English;28
DVghGJuDbWD;Cheetah Conservation Fund;1;ccfcheetah;Video;2026-03-05;223;3;56641;0.003937;751;113;5;0;2;0;1;0.3465;3;0.289;1;1;0;0;0;0;0;0;0;0;1;0;1;1;0;Hope;None;Learn;Education;English;15
DVeHLEsEZn4;Cheetah Conservation Fund;1;ccfcheetah;Video;2026-03-04;61;2;56641;0.001077;452;60;5;2;0;1;0;0.3729;2;0.1806;1;0;0;0;0;0;0;0;0;0;0;0;1;1;0;Hope;None;Learn;Wildlife;English;-1
DVteIrHkpr9;Cheetah Conservation Fund;1;ccfcheetah;Carousel;2026-03-10;998;9;56641;0.01762;1482;228;5;0;0;0;1;0.3496;9;0.0956;1;1;1;1;0;0;0;0;1;0;0;0;1;0;0;Hope;Problem-Solution;Donate;Wildlife;English;18
DQ2L-kBgaVr;Giraffe Conservation Foundation;1;giraffe_conservation;Carousel;2025-11-09;624;9;46731;0.013353;711;100;8;1;8;1;1;0.3167;8;0.1221;1;0;0;1;1;0;0;0;1;0;0;0;1;0;0;Hope;Solution;Learn;Research;English;4
DQ96W0vD9A5;Giraffe Conservation Foundation;1;giraffe_conservation;Carousel;2025-11-12;551;11;46731;0.011791;997;139;8;5;8;0;0;0.3344;10;0.1151;1;0;0;1;1;0;0;0;1;0;0;0;1;0;0;Hope;Problem-Solution;None;Research;English;4
DVqtQN1Deaf;Cheetah Conservation Fund;1;ccfcheetah;Carousel;2026-03-09;260;4;56641;0.00459;959;136;5;2;1;0;0;0.2382;4;0.3466;1;0;0;0;0;0;0;0;0;0;0;0;1;0;0;Hope;None;Learn;Ecotourism;English;28
DVe15yLj6YW;Cheetah Conservation Fund;1;ccfcheetah;Carousel;2026-03-05;3218;22;56641;0.056814;546;79;5;0;0;0;1;0.2401;15;0.0268;1;1;1;1;0;0;0;0;0;0;0;0;1;0;0;Hope;Problem-Solution;Donate;Wildlife;English;18
DRVFd6ziFlp;Giraffe Conservation Foundation;1;giraffe_conservation;Image;2025-11-21;376;0;46731;0.008046;275;28;11;0;4;0;0;0.2865;0;;1;0;0;0;0;0;0;0;0;0;0;0;1;0;0;Hope;None;None;Wildlife;English;8
DRaPEBQjOK7;Giraffe Conservation Foundation;1;giraffe_conservation;Image;2025-11-23;65;1;46731;0.001391;588;83;7;0;4;0;1;0.3157;1;0.0;1;0;0;1;0;0;0;0;0;1;0;0;1;0;0;Hope;Solution;None;Education;English;23
DRIGtULDGKm;Giraffe Conservation Foundation;1;giraffe_conservation;Carousel;2025-11-16;902;13;46731;0.019302;1166;167;8;3;12;0;0;0.3088;13;0.2576;1;0;1;1;0;0;0;0;1;0;0;0;1;0;0;Mixed;Problem-Solution;Learn;Wildlife;English;4
DXWaGU2DI8-;Elephant Human Relations Aid;1;ehranamibia;Carousel;2026-04-20;408;10;10866;0.037548;355;57;0;1;2;0;0;0.2868;10;0.1977;1;1;1;1;1;0;1;0;0;0;0;0;1;0;0;Hope;Problem-Solution;None;Wildlife;English;-1
DVRbbXIiHaN;N/a'an ku se Foundation;1;naankuse_foundation;Video;2026-02-27;48;0;29665;0.001618;773;122;7;0;5;1;1;0.2252;0;;1;1;1;0;0;0;0;0;0;0;0;0;1;1;0;Hope;Problem-Solution;Learn;Wildlife;English;21
DV8V_PjFMlT;Ongava Game Reserve;5;ongavagamereserve;Video;2026-03-16;74;0;11380;0.006503;242;41;0;0;0;0;0;0.3221;0;;1;1;0;0;0;0;1;0;0;0;0;0;1;0;0;Hope;None;None;Wildlife;English;0
DVgPtlCDbl3;Ongava Game Reserve;5;ongavagamereserve;Carousel;2026-03-05;68;0;11380;0.005975;231;35;0;0;1;0;0;0.3409;0;;1;0;0;0;0;0;0;0;0;0;0;0;1;0;0;Hope;None;None;Ecotourism;English;2
DVSdPEfDGlm;Cheetah Conservation Fund;1;ccfcheetah;Video;2026-02-28;104;3;56641;0.001836;682;116;5;0;1;0;0;0.2277;3;0.0;1;0;0;1;0;0;0;0;0;0;0;0;1;0;0;Hope;Problem-Solution;Learn;Community;English;28
DVTW8GMjZim;Ongava Game Reserve;5;ongavagamereserve;Image;2026-02-28;36;0;11380;0.003163;287;46;0;0;0;0;0;0.2335;0;;1;0;0;0;0;0;1;0;0;0;0;0;1;0;0;Hope;None;None;Wildlife;English;2
DQpT_FHjeeA;Giraffe Conservation Foundation;1;giraffe_conservation;Carousel;2025-11-04;195;1;46731;0.004173;437;61;8;0;7;0;0;0.2737;1;0.0;1;0;1;0;0;0;0;0;1;0;0;0;1;0;0;Mixed;Problem-Solution;None;Wildlife;English;4
DVmWaukkpqC;Ongava Game Reserve;5;ongavagamereserve;Video;2026-03-07;45;0;11380;0.003954;246;40;0;0;0;0;0;0.2487;0;;1;0;0;0;0;0;0;0;0;0;0;0;0;0;0;Hope;None;None;Ecotourism;English;2
DVo7FqKjnUw;Ongava Game Reserve;5;ongavagamereserve;Image;2026-03-08;49;0;11380;0.004306;224;37;0;0;0;0;0;0.3383;0;;1;0;0;0;0;0;0;0;0;0;0;0;0;0;0;Hope;None;None;Ecotourism;English;2
DQr4xc2jBxf;Giraffe Conservation Foundation;1;giraffe_conservation;Carousel;2025-11-05;196;0;46731;0.004194;924;128;7;0;6;0;0;0.2441;0;;1;0;0;1;0;0;0;0;1;0;0;0;1;0;0;Hope;Solution;None;Research;English;4
DVbLx5hjV9r;Ongava Game Reserve;5;ongavagamereserve;Carousel;2026-03-03;54;0;11380;0.004745;219;34;0;0;0;0;0;0.2407;0;;1;0;0;0;0;0;0;0;0;0;0;0;1;0;0;Hope;Solution;None;Wildlife;English;2
DV8bdWGGfP1;Elephant Human Relations Aid;1;ehranamibia;Carousel;2026-03-16;100;1;10866;0.009203;732;121;0;0;3;0;1;0.2513;1;0.0;1;0;0;1;0;0;0;1;0;0;0;0;1;0;0;Hope;Problem-Solution;Learn;HWC;English;0
DVdps8pDG1E;Elephant Human Relations Aid;1;ehranamibia;Carousel;2026-03-04;827;2;10866;0.076109;588;83;0;0;1;0;0;0.2567;2;0.3294;1;0;0;1;1;0;0;0;1;0;0;0;1;0;0;Hope;Solution;None;Research;English;0
DV3ir46kge2;Elephant Human Relations Aid;1;ehranamibia;Carousel;2026-03-14;185;2;10866;0.017026;559;85;0;0;1;0;0;0.309;2;0.2859;1;0;1;1;0;0;0;0;1;0;0;0;1;0;0;Mixed;Problem-Solution;None;HWC;English;0
DVHpOKMj7dH;Cheetah Conservation Fund;1;ccfcheetah;Video;2026-02-23;579;7;56641;0.010222;345;49;5;0;0;0;1;0.2014;7;0.2542;1;0;0;1;0;0;0;0;0;0;0;0;1;0;0;Hope;Solution;Learn;Wildlife;English;18
DWRTGNGlQCt;Ongava Game Reserve;5;ongavagamereserve;Video;2026-03-24;74;0;11380;0.006503;702;119;0;0;0;0;0;0.1863;0;;1;1;0;0;0;0;0;0;0;0;0;0;1;0;0;Hope;None;None;Wildlife;English;-1
DVLlSpkFEpk;Ongava Game Reserve;5;ongavagamereserve;Video;2026-02-25;105;2;11380;0.009227;242;41;0;0;0;0;0;0.2093;2;0.0;1;0;0;0;0;0;0;0;0;0;0;0;1;0;0;Hope;None;None;Ecotourism;English;2
DWGywKJiuW1;Namibia Nature Foundation;1;namibia_nature_foundation;Carousel;2026-03-20;62;1;3532;0.017554;825;114;0;1;2;0;0;0.2614;1;0.0;1;0;0;1;0;0;0;0;1;0;0;0;1;0;0;Neutral;Problem-Solution;None;Research;English;27
DWgSNwADO1W;Elephant Human Relations Aid;1;ehranamibia;Image;2026-03-30;100;2;10866;0.009203;677;104;1;0;1;0;0;0.2468;2;0.0;1;1;1;1;1;0;0;0;1;0;0;0;1;0;0;Hope;Problem-Solution;None;HWC;English;0
DUtUiVNjyqn;Cheetah Conservation Fund;1;ccfcheetah;Carousel;2026-02-13;152;6;56641;0.002684;1121;163;5;0;0;0;1;0.3176;5;0.1144;1;0;0;1;0;0;0;1;1;0;0;0;1;0;0;Hope;Problem-Solution;Donate;HWC;English;15
DVnOjbSjT6J;Ongava Game Reserve;5;ongavagamereserve;Carousel;2026-03-08;59;0;11380;0.005185;580;88;0;0;0;0;0;0.2162;0;;1;0;0;0;1;0;1;0;0;0;0;0;1;0;0;Hope;None;None;Community;English;2
DVyb81qEv7Z;Elephant Human Relations Aid;1;ehranamibia;Carousel;2026-03-12;219;3;10866;0.020155;596;98;0;1;1;0;1;0.2798;3;0.1344;1;0;0;1;1;0;0;0;1;0;0;0;1;0;0;Hope;Solution;Volunteer;Wildlife;English;0
DWQ_vNvDHIN;Elephant Human Relations Aid;1;ehranamibia;Image;2026-03-24;166;5;10866;0.015277;219;40;0;0;2;0;0;0.2864;5;0.534;1;0;0;0;1;0;0;0;0;0;0;0;1;0;0;Hope;None;None;Education;English;16
DVGseIDDyuy;Cheetah Conservation Fund;1;ccfcheetah;Carousel;2026-02-23;124;1;56641;0.002189;1401;204;5;0;0;0;1;0.2859;1;0.0;1;0;1;1;0;0;0;0;1;1;0;0;0;0;0;Hope;Problem-Solution;Learn;Education;English;23
DWMOLvjI0E1;Elephant Human Relations Aid;1;ehranamibia;Video;2026-03-22;164;4;10866;0.015093;1060;164;0;0;0;0;0;0.2441;4;0.3546;1;0;1;1;0;0;0;0;0;0;0;0;1;0;0;Mixed;Problem-Solution;Learn;HWC;English;0
DViwwfADNh2;Elephant Human Relations Aid;1;ehranamibia;Image;2026-03-06;183;1;10866;0.016842;354;65;0;1;2;0;1;0.302;1;0.0;1;0;0;0;0;0;0;0;1;0;0;0;1;0;0;Neutral;None;None;Wildlife;English;0
DVPx65yjFAk;Cheetah Conservation Fund;1;ccfcheetah;Video;2026-02-27;1210;19;56641;0.021363;998;143;5;0;1;0;1;0.3531;15;0.1561;1;1;1;1;0;0;0;0;1;0;0;0;1;0;0;Mixed;Problem-Solution;Donate;Wildlife;English;18
DWHAQoDDCFJ;Elephant Human Relations Aid;1;ehranamibia;Video;2026-03-20;134;3;10866;0.012332;433;69;0;0;1;0;0;0.2189;3;0.0;1;0;0;1;0;0;0;0;0;0;0;0;1;0;0;Hope;Problem-Solution;None;HWC;English;0
DU--e3nDTLy;Cheetah Conservation Fund;1;ccfcheetah;Video;2026-02-20;595;11;56641;0.010505;1626;241;5;0;1;0;1;0.3539;11;0.2995;1;1;1;1;0;0;1;0;1;0;0;0;1;0;0;Hope;Problem-Solution;Donate;Wildlife;English;18
DWYj25RjKBe;Elephant Human Relations Aid;1;ehranamibia;Carousel;2026-03-27;287;4;10866;0.026413;89;16;0;0;1;0;0;0.2739;4;0.105;1;1;0;0;0;0;0;0;0;0;0;0;1;0;0;Neutral;None;None;Wildlife;English;2
DUwbUUNj_NO;Cheetah Conservation Fund;1;ccfcheetah;Video;2026-02-14;461;4;56641;0.008139;635;92;5;0;1;0;1;0.2984;4;0.2237;1;1;1;1;0;0;0;0;0;0;0;0;1;0;0;Hope;Problem-Solution;Donate;Wildlife;English;18
DWOp8pRgrY-;Namibia Nature Foundation;1;namibia_nature_foundation;Carousel;2026-03-23;25;0;3532;0.007078;1158;167;4;0;1;0;1;0.2738;0;;1;0;0;0;0;0;1;0;0;0;1;0;0;0;0;Neutral;Problem-Solution;Share;Community;English;10
DVKnOCFkeoh;Cheetah Conservation Fund;1;ccfcheetah;Carousel;2026-02-25;757;7;56641;0.013365;1824;260;5;1;0;0;1;0.3224;7;0.2366;1;0;1;1;1;0;0;0;1;0;0;0;1;0;0;Hope;Problem-Solution;Learn;Research;English;15
DWI1jSjCECU;Namibia Nature Foundation;1;namibia_nature_foundation;Video;2026-03-21;68;0;3532;0.019253;55;6;1;0;2;0;0;0.2959;0;;1;0;0;0;1;0;0;0;0;0;0;0;0;1;0;Hope;None;None;Community;English;11
DVRh1txjwyW;Cheetah Conservation Fund;1;ccfcheetah;Video;2026-02-27;116;7;56641;0.002048;580;84;5;0;0;0;1;0.2282;8;0.3391;1;0;0;1;0;0;0;0;0;0;0;0;1;0;0;Hope;Solution;Learn;HWC;English;28
DWlx5zxDR9z;Namibia Nature Foundation;1;namibia_nature_foundation;Video;2026-04-01;19;0;3532;0.005379;678;96;0;2;1;0;1;0.2199;0;;1;0;0;0;0;0;1;0;0;0;0;0;0;1;0;Hope;Problem-Solution;Learn;Policy;English;-1
DWW2_T3iBZt;Ministry of Environment Forestry & Tourism;4;ministry_of_environment_nam;Video;2026-03-26;30;0;3558;0.008432;955;144;0;5;0;0;0;0.2696;2;-0.3604;1;0;0;1;1;0;0;1;0;0;0;0;1;1;0;Neutral;Problem-Solution;None;Policy;English;30
DXJDgC_j8QH;Namibia Nature Foundation;1;namibia_nature_foundation;Carousel;2026-04-15;24;0;3532;0.006795;804;105;0;0;0;0;0;0.2704;0;;1;0;0;1;1;0;0;0;1;0;0;0;0;0;0;Hope;Solution;None;Policy;English;10
DXG_Rg6gKjW;Namibia Nature Foundation;1;namibia_nature_foundation;Carousel;2026-04-14;29;0;3532;0.008211;972;110;6;1;0;0;0;0.3111;0;;1;0;0;1;1;0;0;0;0;0;0;0;0;1;0;Hope;Solution;None;Community;English;14
DXGuQgdClUM;Namibia Nature Foundation;1;namibia_nature_foundation;Image;2026-04-14;50;0;3532;0.014156;869;120;3;1;2;0;0;0.275;0;;1;0;0;1;1;0;0;0;1;1;0;0;0;0;0;Hope;Solution;None;Education;English;23
DRh9fYtF7oD;Giraffe Conservation Foundation;1;giraffe_conservation;Carousel;2025-11-26;680;7;46731;0.014551;932;122;9;3;7;0;0;0.2843;5;0.3631;1;0;1;1;0;0;0;0;1;0;0;0;1;0;0;Mixed;Problem-Solution;None;Research;English;4
DWIr7PTE4-T;Namibia Nature Foundation;1;namibia_nature_foundation;Image;2026-03-21;22;0;3532;0.006229;1143;142;3;0;1;0;0;0.3185;0;;1;0;1;1;0;0;0;1;0;0;0;0;0;1;0;Hope;Problem-Solution;None;Community;English;-1
DQkKY5FCLco;Giraffe Conservation Foundation;1;giraffe_conservation;Image;2025-11-02;133;3;46731;0.002846;600;90;9;0;6;0;0;0.2548;2;0.8852;1;0;0;1;0;0;0;0;1;0;0;0;0;1;0;Hope;Solution;Learn;Wildlife;English;4
DRnHDGCDVEp;Giraffe Conservation Foundation;1;giraffe_conservation;Image;2025-11-28;565;1;46731;0.01209;428;58;10;0;5;0;0;0.2822;1;0.6969;1;0;0;0;0;0;0;0;0;0;0;0;1;0;0;Hope;None;None;Wildlife;English;8
DXhaLKmlu0M;Ongava Game Reserve;5;ongavagamereserve;Carousel;2026-04-24;83;0;11380;0.007293;118;21;0;0;0;0;0;0.2686;0;;1;0;0;0;0;0;0;0;0;0;0;0;0;0;0;Hope;None;None;Ecotourism;English;1
DVDHgPFCJDL;Ongava Game Reserve;5;ongavagamereserve;Video;2026-02-22;98;0;11380;0.008612;224;38;0;0;0;0;0;0.2525;0;;1;0;0;0;0;0;0;0;0;0;0;0;0;0;0;Hope;None;None;Ecotourism;English;2
DV3ClNUjpXi;Ongava Game Reserve;5;ongavagamereserve;Carousel;2026-03-14;55;0;11380;0.004833;281;53;0;0;0;0;0;0.2853;0;;1;0;0;0;0;0;0;0;0;0;0;0;0;0;0;Hope;None;None;Ecotourism;English;1
DWOMpv0ipjl;Gobabeb Research & Training Centre;2;gobabeb;Carousel;2026-03-23;46;0;1112;0.041367;1315;200;0;0;0;0;1;0.227;0;;1;0;0;0;1;0;0;0;1;0;0;0;0;1;0;Hope;None;None;Research;English;20
DRjkb12glvq;Giraffe Conservation Foundation;1;giraffe_conservation;Image;2025-11-27;948;10;46731;0.020286;541;78;7;1;6;0;0;0.3068;7;0.3747;1;0;0;1;1;0;0;0;0;0;0;0;1;0;0;Hope;None;None;Wildlife;English;4
DU5pU_UjQsQ;Cheetah Conservation Fund;1;ccfcheetah;Video;2026-02-18;1236;8;56641;0.021822;1126;175;5;0;0;0;0;0.2836;8;0.1179;1;0;0;0;0;0;0;0;1;0;0;0;1;0;0;Neutral;None;None;Wildlife;English;15
DWYWQYjjZtc;Gobabeb Research & Training Centre;2;gobabeb;Carousel;2026-03-27;38;0;1112;0.034173;513;82;0;0;0;0;0;0.1927;0;;1;0;0;0;0;0;0;0;1;0;0;0;1;0;0;Hope;Problem-Solution;None;Education;English;17
DWa67ppjZEz;Gobabeb Research & Training Centre;2;gobabeb;Image;2026-03-28;67;0;1112;0.060252;263;44;0;0;0;0;0;0.303;0;;1;0;0;0;1;0;0;0;1;0;0;0;0;0;0;Hope;None;None;Research;English;-1
DWipTbxDK8S;Gobabeb Research & Training Centre;2;gobabeb;Image;2026-03-31;43;0;1112;0.038669;680;107;0;0;0;0;0;0.3013;0;;1;0;0;0;0;0;0;0;1;0;0;0;1;0;0;Hope;Solution;None;Research;English;12
DWgIriWDQxg;Gobabeb Research & Training Centre;2;gobabeb;Carousel;2026-03-30;44;0;1112;0.039568;489;81;0;0;0;0;0;0.2577;0;;1;0;1;0;0;0;1;0;1;0;0;0;0;0;0;Distress;Problem;None;Anti-poaching;English;19
DWlOT-GDX6g;Gobabeb Research & Training Centre;2;gobabeb;Carousel;2026-04-01;49;0;1112;0.044065;660;87;0;0;0;1;0;0.2301;0;;1;0;0;0;0;0;0;0;1;0;0;0;0;0;0;Hope;None;Learn;Research;English;12
DVgC6V2ioa5;Gobabeb Research & Training Centre;2;gobabeb;Image;2026-03-05;50;3;1112;0.044964;1001;152;0;0;0;0;0;0.2143;3;-0.3744;1;1;1;0;0;0;1;0;1;0;0;0;0;0;0;Distress;Problem;None;Research;English;-1
DVTDeXjjmMZ;Gobabeb Research & Training Centre;2;gobabeb;Image;2026-02-28;45;1;1112;0.040468;349;55;0;0;0;0;0;0.2768;1;0.7977;1;0;0;0;0;0;0;0;1;0;0;0;1;0;0;Hope;None;None;Research;English;19
DU50x96jR1d;Gobabeb Research & Training Centre;2;gobabeb;Carousel;2026-02-18;40;0;1112;0.035971;272;46;0;0;0;0;0;0.2511;0;;1;0;0;0;0;0;0;0;1;0;0;0;0;0;0;Hope;None;None;Research;English;12
DVyESaDDdiT;Gobabeb Research & Training Centre;2;gobabeb;Carousel;2026-03-12;35;0;1112;0.031475;862;139;1;0;0;0;0;0.2995;0;;1;0;1;1;0;0;0;0;0;0;0;0;0;0;0;Hope;Problem-Solution;None;Research;English;-1
DVI864ZjNsa;Gobabeb Research & Training Centre;2;gobabeb;Image;2026-02-24;27;0;1112;0.024281;403;68;0;0;0;0;0;0.2723;0;;1;0;0;0;0;0;0;0;1;0;0;0;1;0;0;Neutral;None;None;Research;English;17
DVLjRgJDs5J;Gobabeb Research & Training Centre;2;gobabeb;Carousel;2026-02-25;37;1;1112;0.033273;249;40;0;0;0;0;0;0.3541;1;0.49;1;0;0;0;0;0;0;0;1;0;0;0;1;0;0;Hope;None;None;Research;English;12
DR1lAl1DNyj;WWF Namibia;1;wwfnamibia;Carousel;2025-12-04;35;0;3213;0.010893;640;100;1;0;2;0;0;0.2913;0;;1;0;1;1;1;0;1;0;0;0;1;0;1;0;0;Hope;Problem-Solution;Share;Wildlife;English;31
DVtYmYXDoF9;Gobabeb Research & Training Centre;2;gobabeb;Carousel;2026-03-10;39;0;1112;0.035072;514;80;0;0;0;0;0;0.2898;0;;1;0;0;0;0;0;0;0;0;1;0;0;1;0;0;Hope;None;None;Education;English;12
DRoh4CgjIdg;WWF Namibia;1;wwfnamibia;Image;2025-11-29;14;0;3213;0.004357;348;58;0;0;1;0;0;0.4175;0;;1;0;0;0;1;0;0;0;0;0;0;0;0;1;0;Hope;None;Share;Community;English;11
DV1DmH0CkLB;Gobabeb Research & Training Centre;2;gobabeb;Carousel;2026-03-13;41;0;1112;0.036871;378;61;0;0;0;0;0;0.332;0;;1;0;0;0;0;0;0;0;1;0;0;0;1;0;0;Neutral;None;None;Research;English;19
DSSZ_zZjCkl;WWF Namibia;1;wwfnamibia;Image;2025-12-15;9;0;3213;0.002801;509;79;0;0;5;0;0;0.3106;0;;1;0;0;1;0;0;0;1;0;0;0;0;0;1;0;Hope;None;Learn;Community;English;23
DSVAuMcDEaR;WWF Namibia;1;wwfnamibia;Carousel;2025-12-16;29;0;3213;0.009026;696;99;4;0;1;0;0;0.3048;0;;1;0;0;1;0;0;0;1;1;0;0;0;1;0;0;Hope;Solution;Learn;Community;English;5
DVOUUsFiHNk;Namibia Nature Foundation;1;namibia_nature_foundation;Carousel;2026-02-26;43;0;3532;0.012174;1042;123;14;1;6;0;1;0.2443;0;;1;0;0;1;0;0;0;0;1;0;0;0;0;0;0;Hope;Solution;Learn;Research;English;27
DVYvl7RiVL5;Gobabeb Research & Training Centre;2;gobabeb;Carousel;2026-03-02;33;0;1112;0.029676;493;65;0;0;0;0;0;0.2149;0;;1;0;0;1;0;0;0;0;1;0;0;0;0;0;0;Neutral;Solution;None;Research;English;12
DRZpsCYDKQo;WWF Namibia;1;wwfnamibia;Carousel;2025-11-23;42;0;3213;0.013072;635;85;4;0;1;0;1;0.2723;0;;1;0;0;1;1;0;0;1;0;1;0;0;1;0;0;Hope;Problem-Solution;Learn;Climate;English;-1
DU0iQhODA9h;Elephant Human Relations Aid;1;ehranamibia;Video;2026-02-16;164;0;10866;0.015093;1044;165;0;1;2;0;0;0.2674;0;;1;1;1;1;1;0;0;0;1;0;0;0;1;0;0;Mixed;Problem-Solution;None;HWC;English;0
DRjpDiHjHFV;WWF Namibia;1;wwfnamibia;Carousel;2025-11-27;23;0;3213;0.007158;622;85;3;0;4;0;0;0.2569;0;;1;0;0;1;0;0;0;1;0;0;0;0;1;0;0;Hope;Problem-Solution;Learn;Community;English;23
DVlOuZXjkcq;Gobabeb Research & Training Centre;2;gobabeb;Carousel;2026-03-07;61;0;1112;0.054856;455;72;0;0;0;0;0;0.2632;0;;1;0;0;0;0;0;0;0;1;0;0;0;1;0;0;Neutral;Problem-Solution;None;Research;English;-1
DVOGgyQDCdJ;Gobabeb Research & Training Centre;2;gobabeb;Carousel;2026-02-26;39;0;1112;0.035072;509;78;0;0;0;0;0;0.2235;0;;1;0;0;0;0;0;0;0;1;0;0;0;1;0;0;Neutral;Problem;None;Research;English;17
DUi1DKFEswt;Cheetah Conservation Fund;1;ccfcheetah;Carousel;2026-02-09;940;7;56641;0.016596;545;75;5;1;0;0;0;0.2736;6;0.3003;1;1;0;1;0;0;0;0;0;0;0;0;1;0;0;Hope;Solution;Learn;Wildlife;English;18
DVTacFEDDjq;Elephant Human Relations Aid;1;ehranamibia;Carousel;2026-02-28;71;0;10866;0.006534;595;89;0;0;1;0;0;0.2279;0;;1;0;1;1;1;0;0;1;0;0;0;0;0;0;0;Hope;Problem-Solution;Learn;Fundraising;English;0
DRbhlL9jFj-;WWF Namibia;1;wwfnamibia;Carousel;2025-11-24;54;0;3213;0.016807;444;59;2;0;0;0;1;0.2629;0;;1;0;0;1;0;0;0;1;1;0;0;0;1;0;0;Hope;Problem-Solution;None;Research;English;0
DUamruyjIvp;Elephant Human Relations Aid;1;ehranamibia;Carousel;2026-02-06;240;5;10866;0.022087;1068;160;0;0;1;0;0;0.2763;5;0.0881;1;1;1;1;1;0;0;0;1;0;0;0;1;0;0;Hope;Problem-Solution;None;HWC;English;0
DU8Q-V6Eh8X;Elephant Human Relations Aid;1;ehranamibia;Carousel;2026-02-19;174;0;10866;0.016013;511;81;0;0;1;0;0;0.314;0;;1;0;1;1;0;0;0;0;1;0;0;0;1;0;0;Hope;Problem-Solution;None;HWC;English;0
DVakVfSCFgS;Namibia Nature Foundation;1;namibia_nature_foundation;Image;2026-03-03;40;0;3532;0.011325;701;84;5;0;0;0;1;0.3388;0;;1;0;0;1;1;0;1;1;0;0;0;0;0;0;0;Hope;Solution;None;Community;English;-1
DUq4ZLtj73l;Cheetah Conservation Fund;1;ccfcheetah;Video;2026-02-12;210;2;56641;0.003708;757;108;5;1;2;0;0;0.3795;2;0.0;1;1;0;0;1;0;0;0;1;0;0;0;1;0;0;Hope;None;Learn;Research;English;28
DVOQ3h4DCqP;Elephant Human Relations Aid;1;ehranamibia;Image;2026-02-26;124;2;10866;0.011412;777;126;0;1;2;0;1;0.2761;2;0.0;1;0;1;1;0;0;1;0;0;0;0;0;0;0;0;Hope;Problem-Solution;Volunteer;HWC;English;0
DVIvSh2jPbB;Elephant Human Relations Aid;1;ehranamibia;Carousel;2026-02-24;215;5;10866;0.019786;451;69;0;1;1;0;1;0.2732;4;0.3262;1;1;1;1;0;0;0;0;0;0;0;0;1;0;0;Mixed;Problem-Solution;Volunteer;Wildlife;English;0
DU-1O9BCJ5U;Namibia Nature Foundation;1;namibia_nature_foundation;Video;2026-02-20;33;0;3532;0.009343;123;16;0;0;0;0;0;0.3399;0;;1;0;0;0;0;0;0;0;0;0;0;0;1;1;0;Neutral;None;None;Research;English;10
DU_BedZDHK_;Elephant Human Relations Aid;1;ehranamibia;Carousel;2026-02-20;138;3;10866;0.0127;2082;318;0;0;0;0;0;0.3796;3;0.4973;1;0;1;1;0;0;0;1;0;0;0;0;1;0;0;Mixed;Problem-Solution;Learn;HWC;English;0
DUlJ-T9DMsS;Elephant Human Relations Aid;1;ehranamibia;Carousel;2026-02-10;118;6;10866;0.01086;827;137;0;1;1;0;0;0.3221;3;0.4644;1;0;0;1;0;0;1;0;0;0;0;0;0;0;0;Hope;Problem-Solution;None;Community;English;0
DVan0V-iFrF;Namibia Nature Foundation;1;namibia_nature_foundation;Carousel;2026-03-03;26;0;3532;0.007361;512;61;0;0;0;0;0;0.2776;0;;1;0;1;1;0;0;0;1;0;0;0;0;0;0;0;Mixed;Problem-Solution;None;Climate;English;14
DU-z_9ziHyK;Namibia Nature Foundation;1;namibia_nature_foundation;Video;2026-02-20;32;0;3532;0.00906;63;9;5;0;0;0;0;0.2613;0;;1;0;0;0;0;0;0;0;0;0;0;0;0;0;0;Hope;None;None;Research;English;10
DUVa739DPUG;Elephant Human Relations Aid;1;ehranamibia;Image;2026-02-04;131;0;10866;0.012056;307;48;0;1;2;0;1;0.2814;0;;1;0;0;0;0;0;0;0;1;0;0;;;;;Neutral;None;None;Wildlife;English;0
DTe7EkljNLD;WWF Namibia;1;wwfnamibia;Image;2026-01-14;16;0;3213;0.00498;433;56;4;0;2;1;0;0.2973;0;;1;0;0;0;0;0;0;1;1;0;0;0;0;1;0;Neutral;None;Learn;Climate;English;-1
DWB8QHqjWrn;Namibia Nature Foundation;1;namibia_nature_foundation;Video;2026-03-18;40;0;3532;0.011325;1091;148;0;0;1;0;0;0.2805;0;;1;0;0;1;1;0;0;1;1;0;0;0;0;0;0;Hope;Problem-Solution;None;Research;English;10
DVdH45gAVk4;Namibia Nature Foundation;1;namibia_nature_foundation;Image;2026-03-04;11;0;3532;0.003114;924;120;5;2;1;0;0;0.3342;0;;1;0;1;1;0;0;0;1;0;0;0;0;0;0;0;Hope;Problem-Solution;None;Community;English;6
DUQkt2iDA7P;Elephant Human Relations Aid;1;ehranamibia;Carousel;2026-02-02;191;6;10866;0.017578;947;137;0;1;4;0;1;0.3593;6;0.1076;1;0;0;1;1;0;0;1;1;0;0;0;1;0;0;Hope;Problem-Solution;Learn;Ecotourism;English;0
DUGHK9qjPW3;Elephant Human Relations Aid;1;ehranamibia;Video;2026-01-28;437;9;10866;0.040217;1025;147;0;1;1;0;0;0.1775;8;0.2568;1;0;0;1;1;0;0;0;1;0;0;0;1;0;0;Hope;Solution;None;Wildlife;English;0
DVslJUkiCXw;Namibia Nature Foundation;1;namibia_nature_foundation;Carousel;2026-03-10;45;0;3532;0.012741;1114;123;14;0;1;0;0;0.2721;0;;1;0;0;1;0;0;1;0;0;0;0;0;0;0;0;Neutral;Solution;None;Community;English;6
DUDUlzWDmzd;Ongava Game Reserve;5;ongavagamereserve;Image;2026-01-28;35;0;11380;0.003076;176;31;0;0;0;0;0;0.2863;0;;1;0;0;0;0;0;0;0;0;0;0;0;0;0;0;Neutral;None;None;Wildlife;English;2
DWGMzA5iEYq;Namibia Nature Foundation;1;namibia_nature_foundation;Carousel;2026-03-20;20;0;3532;0.005663;1266;161;8;0;0;0;0;0.203;0;;1;0;0;1;1;0;1;0;0;0;0;0;1;0;0;Hope;Solution;None;Community;English;10
DULC8MvjkTx;Ongava Game Reserve;5;ongavagamereserve;Image;2026-01-31;42;0;11380;0.003691;184;29;0;0;0;0;0;0.2803;0;;1;0;0;0;1;0;1;0;0;0;0;0;1;0;0;Hope;None;None;Community;English;2
DUQMkcKCKzR;Ongava Game Reserve;5;ongavagamereserve;Video;2026-02-02;56;0;11380;0.004921;292;50;0;0;0;0;0;0.2924;0;;1;0;0;0;0;0;0;0;0;0;0;0;0;0;0;Hope;None;None;Ecotourism;English;2
DVqFzwkiKC1;Namibia Nature Foundation;1;namibia_nature_foundation;Carousel;2026-03-09;138;2;3532;0.039071;1063;125;13;0;0;0;0;0.2877;2;0.0;1;0;0;1;1;0;0;0;1;0;0;0;0;0;0;Hope;Problem-Solution;None;Climate;English;33
DQ33W_MDIWT;WWF Namibia;1;wwfnamibia;Image;2025-11-10;10;0;3213;0.003112;379;58;0;0;3;0;0;0.3265;0;;1;0;0;1;0;0;0;0;1;0;0;0;0;1;0;Neutral;None;None;Community;English;6
DQwc21VjCay;WWF Namibia;1;wwfnamibia;Carousel;2025-11-07;23;0;3213;0.007158;669;86;5;0;0;0;0;0.2849;0;;1;0;0;1;1;0;0;1;0;0;0;0;1;0;0;Hope;Solution;None;Policy;English;14
DTrtFpEjvQr;Ongava Game Reserve;5;ongavagamereserve;Image;2026-01-19;46;0;11380;0.004042;169;31;0;0;0;0;0;0.2629;0;;1;0;0;0;0;0;0;0;0;0;0;0;0;0;0;Hope;None;None;Wildlife;English;1
DSrIVS5jgIs;Ongava Game Reserve;5;ongavagamereserve;Image;2025-12-25;37;1;11380;0.003251;172;33;0;0;0;0;0;0.3431;1;0.1531;1;0;0;0;1;0;0;0;0;0;0;0;1;0;0;Hope;None;None;Wildlife;English;1
DT2qXbkDhAW;Ongava Game Reserve;5;ongavagamereserve;Carousel;2026-01-23;53;0;11380;0.004657;168;29;0;0;0;0;0;0.2709;0;;1;1;0;0;0;0;0;0;0;0;0;0;1;0;0;Hope;None;None;Wildlife;English;2
DTHj9wWDrOW;Ongava Game Reserve;5;ongavagamereserve;Image;2026-01-05;43;0;11380;0.003779;89;15;0;0;0;0;0;0.2919;0;;1;0;0;0;0;0;0;0;0;0;0;0;1;0;0;Hope;None;None;Wildlife;English;2
DTz6o0ADgsG;Ongava Game Reserve;5;ongavagamereserve;Image;2026-01-22;141;0;11380;0.01239;774;125;0;0;0;0;0;0.2488;0;;1;0;0;0;0;0;0;0;1;0;0;0;1;0;0;Hope;None;None;Wildlife;English;5
DROlo6ODMZ2;WWF Namibia;1;wwfnamibia;Image;2025-11-19;35;0;3213;0.010893;178;28;0;0;2;0;1;0.3099;0;;1;0;0;0;0;0;0;0;0;0;0;0;0;1;0;Hope;None;None;Community;English;11
DTMth9CDqsA;Ongava Game Reserve;5;ongavagamereserve;Image;2026-01-07;29;0;11380;0.002548;106;18;0;0;0;0;0;0.2279;0;;1;0;0;0;0;0;0;0;0;0;0;;;;;Hope;None;None;?;English;2
DS1iZTWjqdX;Ongava Game Reserve;5;ongavagamereserve;Image;2025-12-29;61;0;11380;0.00536;101;17;0;0;0;0;0;0.2883;0;;1;1;0;1;0;0;0;0;0;0;0;0;1;0;0;Hope;Problem-Solution;None;Wildlife;English;-1
DTCaWV3DqXt;Ongava Game Reserve;5;ongavagamereserve;Image;2026-01-03;41;0;11380;0.003603;124;22;0;0;1;0;1;0.2787;0;;1;0;0;0;0;0;0;0;0;0;1;0;1;0;0;Neutral;None;None;Wildlife;English;-1
DSRfVglE9R7;Namibia Nature Foundation;1;namibia_nature_foundation;Image;2025-12-15;18;0;3532;0.005096;1090;125;18;1;0;0;0;0.3056;0;;1;0;0;1;0;0;0;0;1;0;0;0;0;0;0;Hope;Solution;None;Research;English;27
DSUdHpljhNG;Namibia Nature Foundation;1;namibia_nature_foundation;Carousel;2025-12-16;39;1;3532;0.011042;785;124;1;0;2;0;1;0.3048;1;0.6369;1;0;1;1;1;0;0;0;1;0;1;0;0;1;0;Hope;Problem-Solution;Share;Climate;English;14
DTu6OvXDGvb;Elephant Human Relations Aid;1;ehranamibia;Carousel;2026-01-20;88;1;10866;0.008099;1176;184;0;1;0;0;0;0.2449;1;0.0;1;0;0;1;1;0;0;1;0;0;0;0;0;0;0;Hope;Problem-Solution;None;HWC;English;0
DUak3CWihKh;Namibia Nature Foundation;1;namibia_nature_foundation;Carousel;2026-02-06;55;0;3532;0.015572;1216;152;1;2;0;0;0;0.2958;0;;1;0;0;1;1;0;0;1;1;1;0;0;0;0;0;Hope;Solution;None;Community;English;10
DTc2Yz7FK4g;Ongava Game Reserve;5;ongavagamereserve;Video;2026-01-13;53;1;11380;0.004657;339;51;0;0;0;0;0;0.2781;1;0.6369;1;0;0;0;0;0;0;0;0;0;0;0;0;0;0;Hope;None;None;Ecotourism;English;2
DTpriFKDEoy;Elephant Human Relations Aid;1;ehranamibia;Carousel;2026-01-18;111;0;10866;0.010215;616;86;0;1;3;1;0;0.2382;0;;1;0;0;1;0;0;0;0;0;0;0;0;1;0;0;Hope;None;Event;Ecotourism;English;1
DUAvy1HCrdK;Ongava Game Reserve;5;ongavagamereserve;Video;2026-01-27;78;0;11380;0.006854;313;59;0;0;0;0;0;0.2228;0;;1;0;0;0;0;0;0;0;0;0;0;0;1;0;0;Hope;None;None;Ecotourism;English;2
DTpkqRcjKoI;Elephant Human Relations Aid;1;ehranamibia;Carousel;2026-01-16;86;0;10866;0.007915;353;54;0;1;1;0;0;0.3889;0;;1;0;0;0;0;0;0;0;0;0;0;0;1;0;0;Hope;Solution;Volunteer;Wildlife;English;-1
DUDwkx3CoSw;Gobabeb Research & Training Centre;2;gobabeb;Carousel;2026-01-28;38;0;1112;0.034173;830;119;0;0;0;0;0;0.2065;0;;1;0;0;0;0;0;0;0;1;0;0;0;1;0;0;Neutral;None;None;Research;English;17
DTdBVo0DE80;Elephant Human Relations Aid;1;ehranamibia;Image;2026-01-14;129;0;10866;0.011872;220;36;0;1;1;0;0;0.2705;0;;1;0;0;0;0;0;0;0;1;0;0;0;1;0;0;Neutral;None;None;Wildlife;English;0
DU-z0VTCIDD;Namibia Nature Foundation;1;namibia_nature_foundation;Carousel;2026-02-20;59;0;3532;0.016704;1176;161;0;0;0;0;0;0.2748;0;;1;0;1;1;1;0;1;1;1;0;0;0;0;0;0;Hope;Problem-Solution;None;Research;English;10
DTQJTa4DCHb;Elephant Human Relations Aid;1;ehranamibia;Video;2026-01-08;190;1;10866;0.017486;200;29;0;2;2;0;0;0.2768;1;0.0;1;1;0;0;0;0;0;0;0;0;0;0;1;0;0;Hope;None;Volunteer;Wildlife;English;0
DT-LDRWDLjo;Elephant Human Relations Aid;1;ehranamibia;Carousel;2026-01-26;91;1;10866;0.008375;716;109;0;0;1;0;0;0.2225;1;0.0;1;0;0;1;0;0;0;0;0;1;0;0;0;0;0;Hope;Solution;None;Education;English;-1
DUYS-aeDTbR;Gobabeb Research & Training Centre;2;gobabeb;Image;2026-02-05;48;0;1112;0.043165;285;49;0;0;0;0;0;0.2625;0;;1;0;0;0;0;0;0;0;0;0;0;0;1;0;0;Hope;None;None;Education;English;17
DUIs9smjU9U;Gobabeb Research & Training Centre;2;gobabeb;Carousel;2026-01-30;46;1;1112;0.041367;1127;192;2;1;0;1;1;0.3092;1;0.0;1;0;0;0;0;0;0;0;1;0;0;0;1;0;0;Neutral;Problem-Solution;Learn;Research;English;13
DUFkxsrAbe6;Gobabeb Research & Training Centre;2;gobabeb;Image;2026-01-29;45;0;1112;0.040468;303;46;0;0;0;0;0;0.2857;0;;1;0;0;0;0;0;0;0;0;0;0;0;1;0;0;Hope;None;None;Community;English;-1
DTZwVuyDPzv;Elephant Human Relations Aid;1;ehranamibia;Carousel;2026-01-12;101;0;10866;0.009295;445;69;0;0;1;0;0;0.283;0;;1;0;0;1;1;0;0;0;0;1;0;0;1;0;0;Hope;Solution;None;Community;English;0
DS8gr-cjs7N;Ongava Game Reserve;5;ongavagamereserve;Image;2025-12-31;40;1;11380;0.003515;340;56;0;0;0;0;0;0.3543;1;-0.5574;1;0;0;0;1;0;0;0;0;0;0;0;1;0;0;Hope;None;None;Wildlife;English;1
DQ_R3ppjGei;WWF Namibia;1;wwfnamibia;Video;2025-11-13;16;0;3213;0.00498;311;40;4;0;0;0;0;0.302;0;;1;0;0;1;0;0;0;1;0;1;0;0;1;1;0;Hope;Solution;None;Education;English;-1
DUlFFvqlza-;Gobabeb Research & Training Centre;2;gobabeb;Carousel;2026-02-10;40;1;1112;0.035971;680;100;0;0;2;0;0;0.2927;1;0.891;1;0;0;0;0;0;0;0;1;0;0;0;;;;Hope;None;None;Research;English;17
DUu_PDljEOn;Gobabeb Research & Training Centre;2;gobabeb;Image;2026-02-14;27;0;1112;0.024281;472;77;0;0;1;0;0;0.2573;0;;1;0;0;0;0;0;0;0;1;0;0;0;1;0;0;Hope;Problem-Solution;None;Wildlife;English;19
DUsTl7-CLzI;Gobabeb Research & Training Centre;2;gobabeb;Carousel;2026-02-13;78;0;1112;0.070144;471;73;0;0;0;0;0;0.28;0;;1;1;1;1;1;0;1;0;1;0;0;0;1;0;0;Hope;Problem-Solution;None;Wildlife;English;5
DUirI8jCpq9;Gobabeb Research & Training Centre;2;gobabeb;Carousel;2026-02-09;44;0;1112;0.039568;261;44;0;0;0;0;0;0.2825;0;;1;0;0;0;0;0;0;0;1;0;0;0;1;0;0;Hope;None;None;Research;English;12
DUm4LN7ij2P;Gobabeb Research & Training Centre;2;gobabeb;Carousel;2026-02-11;35;0;1112;0.031475;278;41;0;0;0;0;0;0.2912;0;;1;0;0;0;0;0;0;0;1;0;0;0;1;0;0;Neutral;Problem;None;Wildlife;English;-1
DUxWVHkkQKe;Gobabeb Research & Training Centre;2;gobabeb;Carousel;2026-02-15;29;0;1112;0.026079;83;16;0;0;0;0;0;0.3271;0;;1;0;0;0;0;0;0;0;0;0;0;0;1;0;0;Hope;None;None;Wildlife;English;19
DTz7HPojK0l;Elephant Human Relations Aid;1;ehranamibia;Image;2026-01-22;131;1;10866;0.012056;234;37;0;1;2;0;1;0.2865;1;0.0;1;0;0;0;0;0;0;0;1;0;0;0;1;0;0;Neutral;None;None;Wildlife;English;0
DUSPBlNAdD2;Gobabeb Research & Training Centre;2;gobabeb;Image;2026-02-03;39;0;1112;0.035072;782;109;0;0;0;0;0;0.3645;0;;1;0;0;0;1;0;0;0;1;0;0;0;0;0;0;Hope;Solution;None;Education;English;17
DUz7IcljPlu;Gobabeb Research & Training Centre;2;gobabeb;Image;2026-02-16;37;0;1112;0.033273;144;19;0;0;0;0;0;0.3519;0;;1;0;0;0;0;0;0;0;1;0;0;0;0;0;0;Neutral;None;None;Research;English;12
DR_9tu4DEa9;WWF Namibia;1;wwfnamibia;Carousel;2025-12-08;36;1;3213;0.011204;640;87;3;2;3;0;0;0.2417;1;0.665;1;0;0;1;1;0;1;0;0;0;0;0;0;0;0;Hope;Problem-Solution;None;Community;English;10
DTSSRVGDovn;Gobabeb Research & Training Centre;2;gobabeb;Image;2026-01-09;32;1;1112;0.028777;103;17;0;0;0;0;0;0.3632;1;0.0;1;0;0;0;0;0;0;0;1;0;0;0;0;1;0;Neutral;None;None;Research;English;11
DSAAY7CCL0h;Namibia Nature Foundation;1;namibia_nature_foundation;Image;2025-12-08;15;0;3532;0.004247;1189;161;0;11;2;1;0;0.3929;0;;1;0;1;1;1;0;0;0;1;0;0;0;0;1;1;Neutral;Problem-Solution;Learn;Anti-poaching;English;5
DRUoRnVip6U;Namibia Nature Foundation;1;namibia_nature_foundation;Carousel;2025-11-21;20;0;3532;0.005663;1093;147;1;0;4;0;1;0.3236;0;;1;0;1;1;0;0;0;1;0;0;0;0;0;1;0;Hope;Problem-Solution;Learn;Wildlife;English;10
DTkwKMyDiTL;Gobabeb Research & Training Centre;2;gobabeb;Image;2026-01-16;50;0;1112;0.044964;548;73;0;0;0;1;0;0.2711;0;;1;0;0;0;1;0;0;0;1;0;0;0;1;0;0;Hope;None;None;Research;English;19
DRwLY29iqCu;Namibia Nature Foundation;1;namibia_nature_foundation;Carousel;2025-12-02;29;0;3532;0.008211;1837;254;0;8;4;0;0;0.1932;0;;1;0;0;1;0;0;0;1;1;0;0;0;1;0;0;Hope;Problem-Solution;None;Research;English;0
DRysmMAjjkE;Ongava Game Reserve;5;ongavagamereserve;Image;2025-12-03;43;0;11380;0.003779;120;21;0;0;0;0;0;0.3047;0;;1;0;0;0;0;0;0;0;0;0;0;0;1;0;0;Hope;None;None;Wildlife;English;2
DTZ8t_rjf0K;Gobabeb Research & Training Centre;2;gobabeb;Carousel;2026-01-12;21;0;1112;0.018885;1144;159;0;0;0;1;0;0.3053;0;;1;0;0;0;0;0;0;0;1;0;0;0;1;0;0;Neutral;Problem-Solution;None;Research;English;19
DRkD-f8ChaE;Namibia Nature Foundation;1;namibia_nature_foundation;Image;2025-11-27;17;0;3532;0.004813;1152;151;0;0;0;0;0;0.2884;0;;1;0;0;1;1;0;0;1;1;0;0;0;0;0;0;Hope;Solution;None;Policy;English;10
DTP7j3RDHLk;Gobabeb Research & Training Centre;2;gobabeb;Carousel;2026-01-08;58;2;1112;0.052158;614;104;0;0;0;0;0;0.2969;1;0.4939;1;0;0;1;0;0;0;0;1;0;0;;;;;Hope;None;None;Education;English;17
DRyly-3Elxh;Namibia Nature Foundation;1;namibia_nature_foundation;Image;2025-12-03;9;0;3532;0.002548;986;123;9;0;0;0;0;0.2829;0;;1;0;0;0;1;0;1;1;1;0;0;0;0;0;0;Mixed;Problem-Solution;None;Policy;English;6
DSRmHo9jktf;Ongava Game Reserve;5;ongavagamereserve;Image;2025-12-15;32;0;11380;0.002812;206;32;0;0;0;0;0;0.3012;0;;1;0;0;0;0;0;0;0;0;0;0;0;0;0;0;Hope;None;None;Ecotourism;English;2
DT0Ic-vDqZS;Gobabeb Research & Training Centre;2;gobabeb;Image;2026-01-22;37;0;1112;0.033273;321;51;0;0;0;0;0;0.316;0;;1;0;0;0;0;0;0;0;1;0;0;0;1;0;0;Hope;None;None;Research;English;17
DRoZZFWDisZ;Ongava Game Reserve;5;ongavagamereserve;Carousel;2025-11-29;75;0;11380;0.006591;238;35;0;0;0;0;0;0.3167;0;;1;0;0;0;0;0;0;0;1;0;0;0;1;0;0;Hope;None;None;Ecotourism;English;2
DUafvG0Dt8S;Ongava Game Reserve;5;ongavagamereserve;Image;2026-02-06;37;0;11380;0.003251;136;21;0;0;0;0;0;0.2795;0;;1;0;0;0;0;0;0;0;0;0;0;0;1;0;0;Hope;None;None;Wildlife;English;2
DTczhoqCMi3;Gobabeb Research & Training Centre;2;gobabeb;Image;2026-01-13;39;0;1112;0.035072;416;54;0;0;0;0;0;0.2959;0;;1;0;0;0;0;0;0;0;1;0;0;0;1;0;0;Neutral;None;None;Research;English;-1
DTxbld2jk4g;Gobabeb Research & Training Centre;2;gobabeb;Carousel;2026-01-21;26;0;1112;0.023381;158;26;0;0;0;0;0;0.2124;0;;1;0;0;0;0;0;0;0;1;0;0;0;1;0;0;Neutral;None;None;Research;English;19
DSjumFdDrHH;Ongava Game Reserve;5;ongavagamereserve;Image;2025-12-22;25;0;11380;0.002197;101;17;0;0;0;0;0;0.2289;0;;1;1;0;0;0;0;0;0;0;0;0;0;1;0;0;Hope;None;None;Wildlife;English;2
DTsjxydDrqm;Gobabeb Research & Training Centre;2;gobabeb;Carousel;2026-01-19;30;0;1112;0.026978;297;41;0;0;0;0;0;0.2729;0;;1;0;0;0;0;0;0;0;1;0;0;0;1;0;0;Neutral;None;None;Research;English;12
DSWvw0ojpo2;Ongava Game Reserve;5;ongavagamereserve;Carousel;2025-12-17;60;1;11380;0.005272;77;12;0;0;0;0;0;0.2715;1;0.6369;1;0;0;0;0;0;0;0;0;0;0;0;1;0;0;Hope;None;None;Wildlife;English;2
DRUeLV4kVdA;Namibia Nature Foundation;1;namibia_nature_foundation;Video;2025-11-21;36;0;3532;0.010193;676;84;10;0;1;0;1;0.2938;0;;1;0;0;1;1;0;1;0;0;0;0;0;0;1;0;Hope;Solution;Learn;Policy;English;6
DRti-4hkrSH;Ongava Game Reserve;5;ongavagamereserve;Video;2025-12-01;92;0;11380;0.008084;116;14;0;0;0;1;0;0.3176;0;;1;0;0;0;0;0;0;0;0;0;0;0;0;0;0;Hope;None;Learn;Ecotourism;English;2
DSANRZ7Csag;Namibia Nature Foundation;1;namibia_nature_foundation;Carousel;2025-12-08;32;0;3532;0.00906;327;53;0;0;2;0;1;0.3131;0;;1;0;0;1;1;0;0;0;0;0;0;0;0;1;0;Hope;Solution;Learn;Community;English;11
DRylxXvCGVv;Namibia Nature Foundation;1;namibia_nature_foundation;Carousel;2025-12-03;31;0;3532;0.008777;1308;169;14;1;0;0;0;0.2505;0;;1;0;1;1;1;0;1;1;1;0;0;0;0;1;0;Hope;Problem-Solution;None;Policy;English;-1
DUVWG6IDlEW;Ongava Game Reserve;5;ongavagamereserve;Image;2026-02-04;32;0;11380;0.002812;171;26;0;0;0;0;0;0.2405;0;;1;0;0;0;0;0;0;0;0;0;0;0;1;0;0;Hope;None;None;Wildlife;English;2
DSHS8tCjoMU;Ongava Game Reserve;5;ongavagamereserve;Image;2025-12-11;24;0;11380;0.002109;211;34;0;0;0;0;0;0.2482;0;;1;0;0;0;0;0;0;0;0;0;0;0;0;0;0;Hope;None;None;Ecotourism;English;2
DSo4McVCYZ-;Ongava Game Reserve;5;ongavagamereserve;Video;2025-12-24;69;0;11380;0.006063;423;74;0;0;0;0;0;0.2745;0;;1;1;0;1;0;0;1;0;0;0;0;;;;;Hope;Solution;None;Wildlife;English;5
DTxnqemDkJW;Gobabeb Research & Training Centre;2;gobabeb;Carousel;2026-01-21;39;1;1112;0.035072;1379;169;2;2;0;1;0;0.3232;1;0.7513;1;0;0;1;0;0;0;0;1;0;0;0;0;0;0;Neutral;Problem-Solution;Learn;Research;English;13
DScAMoqDGfB;Ongava Game Reserve;5;ongavagamereserve;Video;2025-12-19;69;1;11380;0.006063;335;53;0;0;0;0;0;0.321;1;0.0;1;0;0;0;0;0;0;0;1;0;0;0;1;0;0;Neutral;None;None;Wildlife;English;25
DR32LTpDqq9;Ongava Game Reserve;5;ongavagamereserve;Image;2025-12-05;67;0;11380;0.005888;348;57;0;0;0;0;0;0.3084;0;;1;0;0;0;0;0;0;0;0;0;0;0;1;0;0;Neutral;None;None;Wildlife;English;2
DSMjgNigije;Ongava Game Reserve;5;ongavagamereserve;Video;2025-12-13;75;2;11380;0.006591;410;68;0;0;0;0;1;0.2658;2;0.4208;1;0;0;0;0;0;0;0;0;0;0;0;1;0;0;Hope;None;None;Wildlife;English;0
DUl-h-iDtVF;Ongava Game Reserve;5;ongavagamereserve;Carousel;2026-02-10;44;0;11380;0.003866;218;32;0;0;0;0;0;0.3198;0;;1;0;0;0;0;0;0;0;0;0;0;0;0;0;0;Hope;None;None;Ecotourism;English;2
DWn0BodDtvi;Gobabeb Research & Training Centre;2;gobabeb;Image;2026-04-02;39;0;1112;0.035072;98;17;0;0;0;0;0;0.2668;0;;1;0;0;0;0;0;0;0;1;0;0;0;0;0;0;Hope;None;None;Research;English;12
DU2k5TgCEm4;Ongava Game Reserve;5;ongavagamereserve;Video;2026-02-17;49;0;11380;0.004306;177;27;0;0;0;0;0;0.3305;0;;1;0;0;0;0;0;0;0;0;0;0;0;0;0;0;Hope;None;None;Ecotourism;English;2
DRkDGmqil3i;Namibia Nature Foundation;1;namibia_nature_foundation;Carousel;2025-11-27;26;0;3532;0.007361;745;100;2;2;0;0;0;0.319;0;;1;0;0;1;0;0;0;1;0;1;0;0;0;0;0;Hope;Solution;None;Community;English;6
DUvBEwdiOJq;Ongava Game Reserve;5;ongavagamereserve;Video;2026-02-14;192;6;11380;0.016872;352;58;0;0;0;0;0;0.257;6;0.4316;1;0;0;0;0;0;0;0;0;0;0;0;1;0;0;Hope;None;None;Ecotourism;English;2
DU-uqVPiIUw;Ongava Game Reserve;5;ongavagamereserve;Carousel;2026-02-20;110;1;11380;0.009666;176;23;0;0;0;0;0;0.275;1;0.0;1;0;0;0;0;0;0;0;0;0;0;0;1;0;0;Hope;None;None;Ecotourism;English;2
DU0deWyDr98;Ongava Game Reserve;5;ongavagamereserve;Carousel;2026-02-16;117;1;11380;0.010281;194;31;0;0;0;0;0;0.3224;1;0.5994;1;0;0;0;0;0;0;0;0;0;0;0;0;0;0;Hope;None;None;Ecotourism;English;2
DSCJVfvDiLC;Ongava Game Reserve;5;ongavagamereserve;Image;2025-12-09;45;0;11380;0.003954;238;41;0;0;0;0;0;0.3148;0;;1;0;0;0;0;0;0;0;0;0;0;0;0;0;0;Hope;None;None;Ecotourism;English;2
DW3h9rpioLY;Gobabeb Research & Training Centre;2;gobabeb;Carousel;2026-04-08;39;0;1112;0.035072;339;53;0;0;0;0;0;0.3246;0;;1;0;0;1;0;0;0;0;1;0;0;0;1;0;0;Neutral;None;None;Research;English;12
DUGAYhbjqCg;Save the Rhino Trust Namibia;1;savetherhinonamibia;Carousel;2026-01-29;27;2;12414;0.002175;756;111;3;0;0;0;0;0.2809;2;0.1691;1;1;0;1;1;0;1;0;0;0;0;;;;;Hope;Solution;None;Community;English;5
DUF8p2CDAtQ;WWF Namibia;1;wwfnamibia;Image;2026-01-29;23;0;3213;0.007158;366;53;0;1;2;0;0;0.2469;0;;1;0;0;0;0;0;0;0;0;1;0;0;0;1;0;Hope;Solution;None;Education;English;-1
DU3V6-wjMVm;WWF Namibia;1;wwfnamibia;Image;2026-02-17;20;0;3213;0.006225;479;73;5;0;1;0;0;0.3691;0;;1;0;0;1;0;0;0;0;1;0;0;0;0;1;0;Hope;Solution;Learn;Policy;English;-1
DW6B_l-iuQh;Namibia Youth Chamber of Environment;3;namyouthchamber;Image;2026-04-09;18;2;1628;0.011057;25;5;0;0;1;0;0;0.216;1;0.0;1;0;0;0;0;0;0;0;0;0;0;;;;;Hope;None;Event;Community;English;1
DXLuD9Wijhj;Namibia Youth Chamber of Environment;3;namyouthchamber;Image;2026-04-16;15;0;1628;0.009214;525;71;0;1;0;1;1;0.2506;0;;1;0;0;1;0;0;0;0;0;0;0;0;1;1;0;Hope;Problem-Solution;Learn;HWC;English;0
DUiOGOniVHI;Ongava Game Reserve;5;ongavagamereserve;Video;2026-02-09;66;1;11380;0.0058;642;111;0;0;0;0;0;0.3028;1;0.0;1;0;0;0;0;0;0;0;0;0;0;0;1;0;0;Hope;Problem-Solution;None;Wildlife;English;7
DSrLZqAACD4;Save the Rhino Trust Namibia;1;savetherhinonamibia;Video;2025-12-25;93;5;12414;0.007492;225;41;0;0;0;0;0;0.2868;5;0.3822;1;0;0;1;1;0;0;0;0;0;0;0;1;1;0;Hope;None;None;Wildlife;English;5
DSmTYczjsqm;Save the Rhino Trust Namibia;1;savetherhinonamibia;Image;2025-12-23;66;0;12414;0.005317;532;77;2;0;0;0;0;0.2991;0;;1;0;1;0;0;0;0;0;0;0;0;0;1;0;0;Mixed;Problem;None;Wildlife;English;5
DTw-cFFjt7_;Save the Rhino Trust Namibia;1;savetherhinonamibia;Image;2026-01-21;62;0;12414;0.004994;345;50;3;0;0;0;0;0.2804;0;;1;0;1;0;0;0;0;0;1;0;0;0;1;0;0;Mixed;Problem;None;Wildlife;English;5
DW6RMLZinP8;Gobabeb Research & Training Centre;2;gobabeb;Carousel;2026-04-09;47;0;1112;0.042266;733;112;0;0;0;0;0;0.2687;0;;1;0;0;1;0;0;0;0;1;0;0;0;1;0;0;Neutral;None;None;Research;English;12
DXZHhSxCp6z;Namibia Youth Chamber of Environment;3;namyouthchamber;Carousel;2026-04-21;65;0;1628;0.039926;378;58;0;1;0;0;0;0.2776;0;;1;0;0;0;1;0;0;0;0;1;0;0;0;0;0;Hope;Solution;None;Education;English;16
DTSTWrNDnOT;Gobabeb Research & Training Centre;2;gobabeb;Image;2026-01-09;11;1;1112;0.009892;98;17;0;0;0;0;0;0.3137;1;0.0;1;0;0;0;0;0;0;0;1;0;0;0;0;1;0;Neutral;None;None;Research;English;11
DXbqlj7CmfU;Namibia Youth Chamber of Environment;3;namyouthchamber;Image;2026-04-22;17;0;1628;0.010442;205;36;0;0;1;0;0;0.2549;0;;1;0;0;1;1;0;1;0;0;0;0;;;;;Hope;None;None;Education;English;20
DUDNt00DuTz;Save the Rhino Trust Namibia;1;savetherhinonamibia;Image;2026-01-28;129;2;12414;0.010391;256;38;3;0;0;0;0;0.3134;2;0.1591;1;1;0;0;0;0;0;0;0;0;0;0;1;0;0;Hope;None;None;Wildlife;English;5
DXOW8EeCnoE;Namibia Youth Chamber of Environment;3;namyouthchamber;Carousel;2026-04-17;12;0;1628;0.007371;132;7;4;0;1;0;0;0.2874;0;;1;0;0;0;0;0;0;0;0;0;0;0;0;0;0;Neutral;None;None;Wildlife;English;7
DXEgAVWCtkH;Namibia Youth Chamber of Environment;3;namyouthchamber;Video;2026-04-13;37;3;1628;0.022727;95;15;0;0;0;0;0;0.3211;2;0.2497;1;0;0;0;1;0;0;0;0;0;0;0;0;0;0;Hope;Solution;None;Community;English;1
DTxCXWpDE4V;WWF Namibia;1;wwfnamibia;Video;2026-01-21;59;4;3213;0.018363;157;28;0;0;1;0;0;0.2786;4;0.3266;1;0;0;0;1;0;0;0;0;0;0;0;0;0;0;Hope;None;None;Community;English;11
DS1wKIEjqZf;Save the Rhino Trust Namibia;1;savetherhinonamibia;Image;2025-12-29;98;0;12414;0.007894;536;80;3;0;0;0;0;0.2939;0;;1;0;1;1;0;0;0;0;1;0;0;0;1;0;0;Hope;Problem-Solution;None;Wildlife;English;5
DXeGKudihBK;Namibia Nature Foundation;1;namibia_nature_foundation;Carousel;2026-04-23;95;0;3532;0.026897;937;124;16;2;1;0;0;0.253;0;;1;0;0;1;1;0;1;1;0;0;0;;;;;Hope;Problem-Solution;None;Community;English;10
DTHxtDGDjph;Save the Rhino Trust Namibia;1;savetherhinonamibia;Carousel;2026-01-05;31;0;12414;0.002497;340;45;3;0;0;0;0;0.2766;0;;1;0;0;1;1;0;0;0;1;1;0;0;1;0;0;Hope;Solution;None;Community;English;5
DW8ck9sijNW;Namibia Youth Chamber of Environment;3;namyouthchamber;Video;2026-04-10;36;0;1628;0.022113;259;48;0;0;1;0;0;0.1973;0;;1;0;0;0;0;0;0;0;0;1;0;1;0;1;0;Hope;None;Event;Education;English;16
DXbo4bICltt;Namibia Nature Foundation;1;namibia_nature_foundation;Image;2026-04-22;42;0;3532;0.011891;1077;144;5;1;9;1;0;0.3401;0;;1;0;0;0;0;0;0;0;0;0;0;0;0;1;0;Hope;Problem-Solution;Event;Education;English;-1
DQyN13UDdWR;Ongava Game Reserve;5;ongavagamereserve;Image;2025-11-08;77;1;11380;0.006766;90;15;0;0;0;0;0;0.3203;1;0.5859;1;1;0;0;0;0;0;0;0;0;0;0;1;0;0;Hope;None;None;Wildlife;English;2
DXodK1uCjQS;Namibia Youth Chamber of Environment;3;namyouthchamber;Carousel;2026-04-27;62;2;1628;0.038084;436;69;0;1;2;0;0;0.2758;1;0.0;1;0;0;1;1;0;0;0;0;0;0;0;0;1;0;Hope;Solution;None;Community;English;16
DQ_hY2pDcxc;Namibia Nature Foundation;1;namibia_nature_foundation;Carousel;2025-11-13;30;0;3532;0.008494;615;84;2;2;0;0;0;0.2548;0;;1;0;0;1;1;0;0;0;1;0;0;0;0;0;0;Hope;Solution;None;Research;English;13
DQ9QJa0iknB;Namibia Nature Foundation;1;namibia_nature_foundation;Carousel;2025-11-12;32;0;3532;0.00906;1158;160;0;1;0;0;0;0.2656;0;;1;0;0;1;1;0;0;1;0;0;0;0;0;0;0;Hope;Solution;None;Community;English;10
DSCwOfFDlpl;Gobabeb Research & Training Centre;2;gobabeb;Carousel;2025-12-09;35;0;1112;0.031475;466;81;0;0;0;0;0;0.23;0;;1;0;0;0;1;0;0;0;1;0;0;0;1;0;0;Hope;None;None;Research;English;12
DRgkG3FDuJS;Ongava Game Reserve;5;ongavagamereserve;Image;2025-11-26;52;0;11380;0.004569;141;24;0;0;0;0;0;0.3028;0;;1;1;0;0;0;0;0;0;0;0;0;0;1;0;0;Hope;None;None;Wildlife;English;2
DRzYNeKCo0L;Gobabeb Research & Training Centre;2;gobabeb;Carousel;2025-12-03;64;0;1112;0.057554;606;103;0;0;0;0;0;0.1917;0;;1;0;0;0;0;0;0;0;1;0;0;0;0;0;0;Neutral;None;None;Research;English;12
DRL9xcejsyu;Ongava Game Reserve;5;ongavagamereserve;Image;2025-11-18;28;0;11380;0.00246;107;15;0;0;0;0;0;0.3006;0;;1;0;0;0;0;0;0;0;0;0;0;0;1;0;0;Neutral;None;None;Wildlife;English;2
DRKJ-EZigFp;Namibia Nature Foundation;1;namibia_nature_foundation;Carousel;2025-11-17;41;0;3532;0.011608;781;113;1;1;1;0;0;0.2687;0;;1;0;0;1;1;0;0;1;0;0;0;0;1;0;0;Hope;Solution;None;Community;English;10
DSMVuCOCTl_;Gobabeb Research & Training Centre;2;gobabeb;Carousel;2025-12-13;65;4;1112;0.058453;1431;234;0;0;0;0;0;0.1554;4;0.2765;1;1;0;0;1;0;1;0;1;0;0;0;1;0;0;Mixed;None;None;Research;English;17
DRKTe9SitKH;Namibia Nature Foundation;1;namibia_nature_foundation;Carousel;2025-11-17;47;0;3532;0.013307;1183;172;0;1;0;0;0;0.266;0;;1;0;0;0;1;0;0;0;1;0;0;0;1;0;0;Hope;Solution;None;Research;English;10
DSXZ7bpjjzq;Gobabeb Research & Training Centre;2;gobabeb;Carousel;2025-12-17;201;1;1112;0.180755;467;72;0;0;0;0;0;0.2992;1;0.5719;1;0;0;0;0;0;0;0;0;0;0;0;1;0;0;Hope;None;None;Education;English;17
DRKPnfYCp6K;Namibia Nature Foundation;1;namibia_nature_foundation;Carousel;2025-11-17;57;1;3532;0.016138;669;103;0;0;3;0;0;0.3044;1;0.0;1;0;0;1;0;0;0;0;1;0;0;0;1;0;0;Hope;Problem-Solution;None;Research;English;10
DS1qVQYjqcs;Gobabeb Research & Training Centre;2;gobabeb;Carousel;2025-12-29;40;1;1112;0.035971;207;39;0;0;0;0;0;0.2186;1;0.5859;1;0;0;0;0;0;0;0;0;0;0;0;0;0;0;Neutral;None;None;Wildlife;English;1
DScbrOljail;Gobabeb Research & Training Centre;2;gobabeb;Carousel;2025-12-19;71;0;1112;0.063849;341;58;0;0;0;0;0;0.259;0;;1;0;0;0;0;0;0;0;1;0;0;0;1;0;0;Neutral;None;None;Research;English;19
DRCbRmxja_O;Namibia Nature Foundation;1;namibia_nature_foundation;Carousel;2025-11-14;79;0;3532;0.022367;1642;216;13;2;0;0;0;0.2257;0;;1;0;1;1;1;0;1;1;0;0;0;0;0;0;0;Hope;Problem-Solution;None;Anti-poaching;English;-1
DT2pb6hiLJo;NACSO;3;nacso_namibia1;Carousel;2026-01-23;14;0;427;0.032787;787;109;7;0;9;0;0;0.3993;0;;1;0;0;0;1;0;1;1;0;0;1;0;0;1;0;Neutral;None;Event;Policy;English;6
DSIF5R8D3c2;Gobabeb Research & Training Centre;2;gobabeb;Video;2025-12-11;39;0;1112;0.035072;308;55;0;0;0;0;1;0.2784;0;;1;0;0;0;0;0;0;0;1;0;0;0;1;0;0;Neutral;None;Learn;Wildlife;English;19
DUDbb2FjD8p;Elephant Human Relations Aid;1;ehranamibia;Image;2026-01-27;190;4;10866;0.017486;408;61;0;0;1;0;0;0.3227;4;0.0;1;1;0;1;1;0;1;0;0;0;0;0;1;0;0;Hope;Solution;None;HWC;English;0
DReHoxSjt92;Ongava Game Reserve;5;ongavagamereserve;Carousel;2025-11-25;52;0;11380;0.004569;213;37;0;0;0;0;0;0.3294;0;;1;0;0;0;0;0;0;0;0;0;0;0;1;0;0;Hope;None;None;Ecotourism;English;2
DT2HsqsjWhH;NACSO;3;nacso_namibia1;Carousel;2026-01-23;-1;0;427;-0.002342;1329;160;7;0;4;0;1;0.2621;0;;1;0;1;1;1;0;0;1;0;0;0;0;1;1;0;Hope;Problem-Solution;None;HWC;English;6
DRl0mmRiO6j;Ongava Game Reserve;5;ongavagamereserve;Video;2025-11-28;81;0;11380;0.007118;42;8;0;0;1;0;1;0.2324;0;;1;0;0;0;0;0;0;0;0;0;0;1;1;1;0;Hope;None;None;Ecotourism;English;1
DUaqWnPCDxU;NACSO;3;nacso_namibia1;Carousel;2026-02-06;12;0;427;0.028103;953;125;0;0;3;0;0;0.2567;0;;1;0;0;0;1;0;0;0;0;0;0;0;0;0;0;Hope;None;None;Community;English;6
DS62I6pDk7E;Gobabeb Research & Training Centre;2;gobabeb;Carousel;2025-12-31;42;1;1112;0.03777;153;33;0;0;1;0;1;0.3141;1;0.0;1;0;0;0;0;0;0;0;0;0;1;0;0;1;1;Hope;None;None;Ecotourism;English;16
DRWQ-B9jmwx;Ongava Game Reserve;5;ongavagamereserve;Image;2025-11-22;53;0;11380;0.004657;151;23;0;0;0;1;0;0.3265;0;;1;0;0;0;0;0;0;0;0;0;0;0;1;0;0;Hope;None;None;Wildlife;English;2
DRTyj6qimZ8;Namibia Nature Foundation;1;namibia_nature_foundation;Carousel;2025-11-21;36;0;3532;0.010193;1244;174;4;0;1;0;0;0.3127;0;;1;0;1;1;0;0;1;0;1;0;0;0;0;0;0;Neutral;Problem-Solution;None;Research;English;27
DSZ25aFj-dD;Gobabeb Research & Training Centre;2;gobabeb;Carousel;2025-12-18;53;0;1112;0.047662;713;102;4;0;0;0;1;0.3042;0;;1;0;0;1;0;0;0;0;1;0;0;0;0;0;0;Neutral;Problem-Solution;None;Research;English;12
DXPmUSmAsWS;Giraffe Conservation Foundation;1;giraffe_conservation;Image;2026-04-17;535;4;46731;0.011449;251;29;8;1;3;0;0;0.2979;4;0.2004;1;0;0;0;0;0;0;0;0;0;0;0;1;0;0;Hope;None;None;Wildlife;English;8
DXwKK3PCoiw;Namibia Youth Chamber of Environment;3;namyouthchamber;Carousel;2026-04-30;49;3;1628;0.030098;664;114;0;0;6;0;0;0.2843;2;0.5994;1;0;0;1;0;0;0;0;0;1;0;1;0;1;0;Hope;Solution;Learn;Education;English;-1
DXbynlCjsnU;Gobabeb Research & Training Centre;2;gobabeb;Image;2026-04-22;13;0;1112;0.011691;15;3;0;0;0;0;0;0.3053;0;;1;0;0;0;0;0;0;0;0;0;0;;;;;Hope;None;None;Wildlife;English;20
DXg39MKjeJB;Gobabeb Research & Training Centre;2;gobabeb;Carousel;2026-04-24;76;1;1112;0.068345;268;42;0;0;0;0;0;0.3117;1;0.8904;1;0;0;0;0;0;0;0;1;0;0;0;1;0;0;Hope;None;None;Research;English;17
DXUv-0KjLn4;Giraffe Conservation Foundation;1;giraffe_conservation;Image;2026-04-19;270;3;46731;0.005778;700;95;8;0;4;0;0;0.3091;3;0.0;1;0;0;1;0;0;0;0;1;0;0;0;1;0;0;Neutral;None;None;Wildlife;English;4
DXbSywhDQWF;Gobabeb Research & Training Centre;2;gobabeb;Carousel;2026-04-22;85;1;1112;0.076439;87;15;0;0;0;0;0;0.2426;1;0.6239;1;0;0;0;0;0;0;0;0;0;0;0;0;0;0;Hope;None;None;Wildlife;English;7
DWEnQrpO-q8;AfriCat Foundation;1;africat_foundation;Video;2026-03-19;144;2;18529;0.007772;1007;145;5;1;1;0;0;0.2597;2;0.418;1;1;0;0;0;0;0;0;1;0;0;0;1;0;0;Hope;None;None;Wildlife;English;32
DV84SaljvmX;AfriCat Foundation;1;africat_foundation;Video;2026-03-16;244;4;18529;0.013169;833;115;5;1;3;0;1;0.2925;4;-0.018;1;0;0;1;0;0;0;0;1;0;0;0;1;0;0;Mixed;Problem-Solution;None;Research;English;13
DVbcgVLDPGM;AfriCat Foundation;1;africat_foundation;Video;2026-03-03;114;2;18529;0.006153;1326;214;5;1;0;0;0;0.2801;2;0.3062;1;1;1;1;0;0;1;0;1;0;0;0;1;0;0;Mixed;Problem-Solution;None;Wildlife;English;32
DWb7j2uDMKS;AfriCat Foundation;1;africat_foundation;Carousel;2026-03-28;146;2;18529;0.00788;745;101;5;1;0;0;0;0.2876;2;0.2997;1;0;0;0;0;0;0;0;1;0;0;0;1;0;0;Neutral;None;None;Research;English;5
DVRGvV1DNZT;AfriCat Foundation;1;africat_foundation;Video;2026-02-27;503;8;18529;0.027147;1033;171;5;2;0;0;0;0.2382;7;0.2814;1;1;1;0;0;0;0;0;1;0;0;0;1;0;0;Hope;Problem-Solution;None;Wildlife;English;32
DQn6pZKjmE6;Ongava Game Reserve;5;ongavagamereserve;Image;2025-11-04;40;1;11380;0.003515;275;44;0;0;0;0;0;0.279;1;0.0;1;0;0;1;0;0;0;0;0;0;0;0;0;0;0;Hope;Problem-Solution;None;Wildlife;English;2
DWMgGWFjOeC;AfriCat Foundation;1;africat_foundation;Carousel;2026-03-22;124;1;18529;0.006692;418;60;5;1;0;0;0;0.3098;1;0.0;1;0;1;1;0;0;0;0;1;0;0;0;1;0;0;Neutral;Problem-Solution;None;Research;English;13
DXofbb7Dbv5;Gobabeb Research & Training Centre;2;gobabeb;Carousel;2026-04-27;33;0;1112;0.029676;1205;178;0;0;0;0;0;0.3278;0;;1;0;0;0;0;0;0;0;1;0;0;0;1;0;0;Neutral;Problem-Solution;None;Research;English;12
DVq2xA8DRA_;AfriCat Foundation;1;africat_foundation;Video;2026-03-09;107;0;18529;0.005775;1463;219;5;1;2;0;0;0.2157;0;;1;1;0;1;0;0;0;0;1;0;0;0;1;0;0;Hope;Solution;None;Research;English;25
DVykjIEDLEb;AfriCat Foundation;1;africat_foundation;Video;2026-03-12;246;5;18529;0.013276;864;140;5;1;0;0;0;0.2882;5;0.1295;1;1;0;1;0;0;0;0;1;0;0;0;1;0;0;Hope;Solution;None;Wildlife;English;25
DXKc58qjZ0A;Giraffe Conservation Foundation;1;giraffe_conservation;Image;2026-04-15;158;5;46731;0.003381;826;103;10;4;7;0;0;0.3583;3;0.438;1;0;0;1;0;0;0;0;1;0;0;0;1;1;0;Hope;Solution;Learn;Research;English;4
DXoAP_2lqoE;N/a'an ku se Foundation;1;naankuse_foundation;Image;2026-04-27;54;0;29665;0.00182;1310;222;3;0;2;0;0;0.315;0;;1;1;0;0;1;0;0;0;0;0;0;0;1;1;0;Hope;Problem-Solution;Learn;Education;English;22
DXhA84pFEFq;N/a'an ku se Foundation;1;naankuse_foundation;Video;2026-04-24;115;0;29665;0.003877;232;36;2;0;1;0;0;0.352;2;0.2202;1;0;0;0;0;0;0;0;0;0;0;1;0;1;0;Hope;None;Event;Community;English;7
DW6x4dRjNxf;AfriCat Foundation;1;africat_foundation;Carousel;2026-04-09;6829;70;18529;0.368557;1622;237;5;0;1;0;0;0.2984;15;0.1749;1;1;1;1;0;0;0;0;1;0;0;0;1;0;0;Mixed;Problem-Solution;None;Wildlife;English;13
DXt_IDBD93L;N/a'an ku se Foundation;1;naankuse_foundation;Video;2026-04-29;329;4;29665;0.011091;1652;307;0;0;9;1;1;0.2151;4;0.4182;1;1;0;1;0;0;0;0;0;0;0;0;1;0;0;Hope;Problem-Solution;Donate;Wildlife;English;-1
DXi6TshgSo5;N/a'an ku se Foundation;1;naankuse_foundation;Carousel;2026-04-25;218;0;29665;0.007349;484;87;0;0;5;0;1;0.3461;0;;1;0;0;0;0;0;0;0;0;1;0;0;1;0;0;Hope;None;None;Education;English;-1
DV3Sws3jIWU;WWF Namibia;1;wwfnamibia;Video;2026-03-14;41;0;3213;0.012761;593;91;3;0;5;0;0;0.2109;0;;1;0;0;1;0;0;0;0;1;0;0;0;1;0;0;Hope;Problem-Solution;Learn;Research;English;0
DWtzXr8ODrc;AfriCat Foundation;1;africat_foundation;Video;2026-04-04;240;4;18529;0.012953;1044;164;5;1;0;0;0;0.2401;4;0.2294;1;1;0;0;0;0;0;0;1;0;0;0;1;0;0;Hope;None;None;Wildlife;English;32
DXwqAO0Fugv;N/a'an ku se Foundation;1;naankuse_foundation;Carousel;2026-04-30;135;4;29665;0.004551;755;116;2;0;2;1;0;0.2326;4;0.3225;1;1;1;1;0;0;1;0;0;0;0;0;1;0;0;Hope;Problem-Solution;None;Community;English;9
DWUGbt-DAvh;Ministry of Environment Forestry & Tourism;4;ministry_of_environment_nam;Carousel;2026-03-25;51;0;3558;0.014334;956;127;5;5;0;0;0;0.2634;0;;1;0;0;1;1;0;0;1;0;0;0;0;1;1;0;Hope;Solution;None;Community;English;6
DXwKk3HCCrp;Ongava Game Reserve;5;ongavagamereserve;Carousel;2026-04-30;99;0;11380;0.008699;371;63;0;0;0;0;0;0.248;0;;1;0;0;0;0;0;0;0;0;0;0;0;0;0;0;Hope;None;None;Ecotourism;English;2
DVLyohjjzzO;NACSO;3;nacso_namibia1;Carousel;2026-02-25;16;0;427;0.037471;848;121;3;0;5;0;0;0.3055;0;;1;0;0;1;1;0;1;0;0;0;0;0;0;0;0;Neutral;Solution;None;Policy;English;6
DXexE6XjJDv;AfriCat Foundation;1;africat_foundation;Video;2026-04-23;247;4;18529;0.01333;1199;169;5;2;1;0;0;0.2849;4;0.3173;1;1;0;0;0;0;0;0;1;0;0;0;1;0;0;Hope;None;None;Wildlife;English;32
DXUcLv_jGa4;AfriCat Foundation;1;africat_foundation;Carousel;2026-04-19;185;2;18529;0.009984;948;128;5;2;0;0;0;0.2769;2;0.0;1;0;0;0;0;0;0;0;1;0;0;0;0;0;0;Neutral;Problem;Learn;Wildlife;English;-1
DXY1VUcAHbh;Save the Rhino Trust Namibia;1;savetherhinonamibia;Video;2026-04-21;44;2;12414;0.003544;251;44;0;0;0;0;0;0.1947;2;0.7169;1;0;0;1;0;0;0;1;0;0;0;0;1;0;0;Hope;Solution;None;Wildlife;English;5
DXbSvspFoHk;Save the Rhino Trust Namibia;1;savetherhinonamibia;Image;2026-04-22;50;0;12414;0.004028;469;65;3;1;1;0;1;0.3128;0;;1;0;1;1;0;0;0;0;1;0;0;0;1;0;0;Hope;Problem-Solution;None;Wildlife;English;5
DWyGEHKDo5E;Save the Rhino Trust Namibia;1;savetherhinonamibia;Carousel;2026-04-06;22;0;12414;0.001772;389;49;3;1;0;0;0;0.2874;0;;1;0;0;1;0;0;1;0;0;0;0;0;1;0;0;Hope;Solution;None;Education;English;5
DXqvhiqlt1o;Save the Rhino Trust Namibia;1;savetherhinonamibia;Image;2026-04-28;26;1;12414;0.002094;391;51;3;1;0;0;0;0.3605;1;0.0;1;0;0;1;0;0;0;0;0;0;0;0;1;0;0;Hope;Solution;None;Wildlife;English;5
DXJRMa_AkWD;Save the Rhino Trust Namibia;1;savetherhinonamibia;Video;2026-04-15;92;0;12414;0.007411;451;73;0;0;0;0;0;0.2989;0;;1;0;0;0;1;0;0;0;0;0;0;0;0;0;0;Hope;Problem-Solution;None;Wildlife;English;7
DXWX-PXFqnF;Save the Rhino Trust Namibia;1;savetherhinonamibia;Image;2026-04-20;30;0;12414;0.002417;490;75;0;0;0;0;0;0.3058;0;;1;0;0;1;1;0;0;0;0;0;0;0;1;0;0;Hope;Solution;None;Community;English;5
DVnoukUjl9S;Harnas Wildlife Foundation;1;harnaswildlifefoundation;Image;2026-03-08;56;0;44193;0.001267;271;37;3;0;0;0;0;0.2981;0;;1;0;0;1;1;0;1;0;0;0;0;0;1;1;0;Hope;None;None;Community;English;7
DXgcXcbFpJy;Save the Rhino Trust Namibia;1;savetherhinonamibia;Carousel;2026-04-24;34;1;12414;0.002739;531;86;0;0;0;0;0;0.2984;1;0.2481;1;0;0;1;0;0;0;1;0;0;0;0;0;0;0;Hope;Solution;None;Fundraising;English;5
DVvCknRjvf6;Harnas Wildlife Foundation;1;harnaswildlifefoundation;Carousel;2026-03-11;131;2;44193;0.002964;263;43;3;0;0;0;0;0.274;1;0.7906;1;0;0;0;0;0;0;0;0;0;0;0;0;0;0;Hope;None;None;Ecotourism;English;1
DXpCdUhjNBm;AfriCat Foundation;1;africat_foundation;Video;2026-04-27;396;8;18529;0.021372;1131;156;5;1;1;0;0;0.3114;8;0.3275;1;0;0;1;0;0;0;0;1;0;0;0;1;0;0;Hope;Problem-Solution;Learn;Research;English;25
DVQP4NojqaK;Harnas Wildlife Foundation;1;harnaswildlifefoundation;Carousel;2026-02-27;58;0;44193;0.001312;231;33;3;0;0;0;0;0.3221;0;;1;0;0;0;0;0;0;0;0;0;0;0;0;0;0;Hope;None;None;Ecotourism;English;1
DVc6DMtjoUk;Harnas Wildlife Foundation;1;harnaswildlifefoundation;Image;2026-03-04;64;1;44193;0.001448;404;67;3;0;1;0;0;0.2514;1;0.0;1;0;0;0;0;0;0;0;0;0;0;0;0;0;0;Hope;None;Learn;Ecotourism;English;1
DVF8tnJDu1d;Harnas Wildlife Foundation;1;harnaswildlifefoundation;Carousel;2026-02-23;114;0;44193;0.00258;370;50;3;0;1;0;0;0.2096;0;;1;1;0;1;0;0;1;0;0;0;0;0;1;0;0;Hope;Solution;None;Wildlife;English;1
DVXwcGxjjIi;Harnas Wildlife Foundation;1;harnaswildlifefoundation;Image;2026-03-02;64;2;44193;0.001448;209;29;3;0;1;0;0;0.2802;2;0.3474;1;1;0;0;1;0;1;0;0;0;0;0;1;0;0;Hope;None;None;Community;English;9
DVJKgdwDE6k;Harnas Wildlife Foundation;1;harnaswildlifefoundation;Video;2026-02-24;293;1;44193;0.00663;793;112;7;0;0;0;1;0.2498;1;0.0;1;0;0;0;0;0;0;0;0;0;0;0;1;0;0;Hope;None;None;Wildlife;English;1
DWf9kn4Dsd8;Harnas Wildlife Foundation;1;harnaswildlifefoundation;Image;2026-03-30;234;2;44193;0.005295;379;56;3;0;0;0;0;0.2803;2;0.089;1;1;1;0;0;0;1;0;0;0;0;0;1;0;0;Mixed;Problem-Solution;None;Wildlife;English;31
DVl6803ArIo;Harnas Wildlife Foundation;1;harnaswildlifefoundation;Carousel;2026-03-07;233;0;44193;0.005272;492;62;7;0;2;0;0;0.2859;0;;1;0;0;0;0;0;0;0;0;1;0;0;1;0;0;Hope;None;Volunteer;Ecotourism;English;1
DUz7FfoDqtk;Harnas Wildlife Foundation;1;harnaswildlifefoundation;Image;2026-02-16;114;1;44193;0.00258;431;65;2;0;1;0;0;0.2565;1;0.8431;1;0;0;0;0;0;0;0;0;0;0;0;1;0;0;Hope;Problem-Solution;None;Community;English;1
DVa3m5fDjN9;Harnas Wildlife Foundation;1;harnaswildlifefoundation;Image;2026-03-03;126;1;44193;0.002851;555;84;3;0;0;0;0;0.3138;1;0.0;1;0;0;1;0;0;1;0;0;0;0;0;1;;0;Hope;None;None;Wildlife;English;31
DWGNnrpDtYm;Harnas Wildlife Foundation;1;harnaswildlifefoundation;Image;2026-03-20;97;0;44193;0.002195;145;22;2;0;0;0;0;0.3129;0;;1;0;0;0;0;0;0;0;0;0;0;0;0;0;0;Hope;None;None;Wildlife;English;1
DViKhngjjX9;Harnas Wildlife Foundation;1;harnaswildlifefoundation;Carousel;2026-03-06;90;1;44193;0.002037;318;54;3;0;0;0;0;0.3329;1;0.7645;1;0;0;0;0;0;0;0;0;0;0;0;0;0;0;Hope;Solution;None;Ecotourism;English;1
DU5EsvWjsxF;Harnas Wildlife Foundation;1;harnaswildlifefoundation;Carousel;2026-02-18;94;1;44193;0.002127;812;107;0;0;2;0;0;0.3175;1;0.0;1;0;0;1;1;0;0;0;0;0;0;0;0;0;0;Hope;Problem-Solution;None;HWC;English;-1
DU-OQhPjn88;Harnas Wildlife Foundation;1;harnaswildlifefoundation;Carousel;2026-02-20;167;2;44193;0.003779;230;33;4;0;0;0;0;0.2757;1;0.836;1;0;1;1;1;0;0;0;0;0;0;;;;;Hope;Problem-Solution;None;Anti-poaching;English;1
DVLGQ7hDvlC;Harnas Wildlife Foundation;1;harnaswildlifefoundation;Image;2026-02-25;97;0;44193;0.002195;186;24;2;0;0;0;0;0.2853;0;;1;0;0;1;1;0;0;0;0;0;0;0;0;0;0;Hope;Solution;Volunteer;Community;English;1
DWN8CmPDmjg;Harnas Wildlife Foundation;1;harnaswildlifefoundation;Image;2026-03-23;96;0;44193;0.002172;146;23;2;0;0;0;0;0.2988;0;;1;0;0;0;0;0;0;0;0;0;0;0;0;0;0;Hope;None;None;Ecotourism;English;1
DWYPQRHjtlS;Harnas Wildlife Foundation;1;harnaswildlifefoundation;Carousel;2026-03-27;80;0;44193;0.00181;525;79;2;0;0;0;1;0.2128;0;;1;0;1;1;1;0;1;0;1;0;0;0;0;0;0;Mixed;Problem-Solution;None;Community;English;9
DWTFsBgjvPD;Harnas Wildlife Foundation;1;harnaswildlifefoundation;Carousel;2026-03-25;127;2;44193;0.002874;258;45;2;0;2;0;0;0.3348;2;-0.2997;1;0;0;0;0;0;0;0;0;0;0;0;1;0;0;Hope;None;None;Community;English;1
DWBEEBWjifc;Harnas Wildlife Foundation;1;harnaswildlifefoundation;Carousel;2026-03-18;251;0;44193;0.00568;274;37;2;0;0;0;0;0.2731;0;;1;0;0;1;1;0;0;0;0;0;0;0;0;0;0;Hope;Solution;Volunteer;Community;English;1
DWgODPqDNcr;WWF Namibia;1;wwfnamibia;Image;2026-03-30;27;0;3213;0.008403;467;63;3;0;1;0;0;;0;;0;;;;;;;;;;;;;;;;;;;;22
DV76dOJjpxd;Harnas Wildlife Foundation;1;harnaswildlifefoundation;Image;2026-03-16;130;0;44193;0.002942;286;37;2;0;0;0;0;0.2934;0;;1;0;0;1;0;0;0;1;0;0;0;0;0;0;0;Hope;Solution;None;Community;English;1
DXuDcJQiA2H;Ministry of Environment Forestry & Tourism;4;ministry_of_environment_nam;Carousel;2026-04-29;27;0;3558;0.007589;1339;190;0;0;0;0;0;0.3119;0;;1;0;0;1;0;0;1;1;0;0;0;0;0;1;0;Hope;Solution;None;Policy;English;6
DXCuXRniIRH;Giraffe Conservation Foundation;1;giraffe_conservation;Image;2026-04-12;251;4;46731;0.005371;794;113;12;0;9;0;1;0.297;4;0.0;1;0;0;1;0;0;0;0;1;0;0;0;1;1;0;Hope;Solution;Donate;Research;English;4
DXYu82YCEDr;Youth4CAN;3;youth4can_namibia;Image;2026-04-21;13;1;1528;0.008508;870;130;5;0;0;1;0;0.3035;1;0.0;1;0;0;1;1;0;0;0;0;1;0;1;0;1;0;Hope;Solution;Event;Climate;English;-1
DRhNyZnjIg1;NACSO;3;nacso_namibia1;Carousel;2025-11-26;14;0;427;0.032787;948;129;8;0;13;0;0;0.247;0;;1;0;0;0;1;0;0;0;0;0;0;0;0;0;0;Hope;None;None;Community;English;22
DQ4p6A_j2N8;Save the Rhino Trust Namibia;1;savetherhinonamibia;Image;2025-11-10;37;0;12414;0.002981;810;109;8;0;3;0;0;0.2614;0;;1;0;0;1;1;0;0;0;0;0;0;0;1;0;0;Hope;Problem-Solution;None;Wildlife;English;11
DXb98OkiLtY;Ministry of Environment Forestry & Tourism;4;ministry_of_environment_nam;Carousel;2026-04-22;21;0;3558;0.005902;473;63;0;0;0;0;0;0.2784;0;;1;0;0;0;0;0;0;0;0;0;0;0;1;1;0;Hope;None;None;Policy;English;24
DWerOqzAbIP;Giraffe Conservation Foundation;1;giraffe_conservation;Carousel;2026-03-29;484;5;46731;0.010357;668;113;0;0;8;0;1;0.3056;4;0.2041;1;0;0;1;0;0;0;0;1;0;0;0;1;0;0;Hope;Solution;Learn;Wildlife;English;4
DU7v1hOilMn;Namibia Youth Chamber of Environment;3;namyouthchamber;Image;2026-02-19;21;0;1628;0.012899;381;58;0;1;0;0;0;0.3349;0;;1;0;0;0;1;0;1;0;0;0;0;;;;;Hope;Solution;Learn;Wildlife;English;10
DRSKePSDN6A;AfriCat Foundation;1;africat_foundation;Video;2025-11-20;203;0;18529;0.010956;537;77;6;1;0;0;0;0.2172;0;;1;0;1;1;0;0;0;0;1;0;0;0;1;0;0;Hope;Problem-Solution;None;Wildlife;English;13
DWzDJHOkk7W;Cheetah Conservation Fund;1;ccfcheetah;Carousel;2026-04-06;668;9;56641;0.011794;1417;199;5;1;0;0;1;0.2927;9;0.1906;1;0;0;1;0;0;0;0;1;0;0;0;1;0;0;Hope;Problem-Solution;Learn;Research;English;15
DV8ic1cCqAP;Namibia Youth Chamber of Environment;3;namyouthchamber;Image;2026-03-16;28;0;1628;0.017199;536;86;0;0;0;0;0;0.3043;0;;1;0;0;1;0;0;0;0;0;1;0;0;1;1;0;Hope;Solution;Event;Education;English;16
DQ3dSnjDP3l;WWF Namibia;1;wwfnamibia;Video;2025-11-10;33;2;3213;0.010271;680;112;0;1;3;0;0;0.2101;2;0.2202;1;0;0;1;1;0;0;0;0;0;0;0;0;0;0;Hope;Problem-Solution;None;Community;English;9
DUyh38sDYy-;Giraffe Conservation Foundation;1;giraffe_conservation;Image;2026-02-15;182;1;46731;0.003895;726;105;14;0;8;0;1;0.2455;1;0.0;1;0;1;1;1;0;0;0;1;0;0;0;1;1;0;Mixed;Problem-Solution;Donate;Wildlife;English;4
DTw3Yjzim57;Namibia Youth Chamber of Environment;3;namyouthchamber;Carousel;2026-01-21;17;0;1628;0.010442;485;60;2;1;2;1;1;0.2391;0;;1;0;1;1;0;0;0;0;0;0;0;0;1;0;0;Mixed;Problem-Solution;Learn;Wildlife;English;13
DUP8i2Qigcf;Namibia Youth Chamber of Environment;3;namyouthchamber;Carousel;2026-02-02;31;0;1628;0.019042;601;90;0;0;1;0;0;0.2735;0;;1;0;0;0;0;0;0;0;0;0;0;0;1;0;0;Hope;None;None;Wildlife;English;-1
DUOX2sXjWu-;Harnas Wildlife Foundation;1;harnaswildlifefoundation;Carousel;2026-02-01;104;2;44193;0.002353;480;68;5;0;2;0;0;0.2825;2;0.0;1;0;0;0;0;0;0;0;0;1;0;0;1;0;0;Hope;Solution;None;Education;English;23
DWn68aHCAaP;Ministry of Environment Forestry & Tourism;4;ministry_of_environment_nam;Image;2026-04-02;46;0;3558;0.012929;391;56;0;0;0;0;0;0.3006;0;;1;0;0;0;0;0;0;0;0;0;0;0;1;0;0;Neutral;None;None;Policy;English;24
DUm1Xg9Dmf3;Harnas Wildlife Foundation;1;harnaswildlifefoundation;Image;2026-02-11;240;7;44193;0.005431;470;66;3;0;1;0;0;0.29;4;0.217;1;0;1;1;0;0;0;0;0;0;0;0;1;0;0;Hope;Problem-Solution;None;Wildlife;English;31
DUH7zAPjiP7;Harnas Wildlife Foundation;1;harnaswildlifefoundation;Image;2026-01-30;62;0;44193;0.001403;220;32;3;0;1;0;0;0.252;0;;1;0;0;1;1;0;0;0;0;0;0;0;0;0;0;Hope;Solution;None;Community;English;9
DW3KFFOCN4A;Ministry of Environment Forestry & Tourism;4;ministry_of_environment_nam;Image;2026-04-08;18;0;3558;0.005059;743;102;0;0;0;0;0;0.3076;0;;1;0;0;1;0;0;0;1;1;0;0;0;0;1;0;Neutral;Problem-Solution;None;Policy;English;-1
DUPqMmljuGv;Harnas Wildlife Foundation;1;harnaswildlifefoundation;Image;2026-02-02;94;0;44193;0.002127;300;39;3;0;1;1;0;0.261;0;;1;0;0;0;0;0;0;0;0;0;0;0;1;0;0;Hope;None;Volunteer;Ecotourism;English;1
DW3WDZWiA6v;Ministry of Environment Forestry & Tourism;4;ministry_of_environment_nam;Image;2026-04-08;44;0;3558;0.012366;195;30;0;0;0;0;0;0.3006;0;;1;0;0;0;0;0;0;0;0;0;0;0;0;0;0;Neutral;None;Event;Policy;English;-1
DW3Jis6CDlb;Ministry of Environment Forestry & Tourism;4;ministry_of_environment_nam;Image;2026-04-08;10;0;3558;0.002811;1011;137;0;0;0;0;0;0.2456;0;;1;0;0;1;0;0;0;1;1;0;0;0;0;1;0;Neutral;Solution;None;Climate;English;14
DW3WLwbiIzy;Ministry of Environment Forestry & Tourism;4;ministry_of_environment_nam;Image;2026-04-08;29;0;3558;0.008151;376;56;0;0;0;0;0;0.2773;0;;1;0;0;0;0;0;1;0;0;0;0;0;1;0;0;Hope;None;None;Policy;English;24
DW4f5mjjpGm;Ministry of Environment Forestry & Tourism;4;ministry_of_environment_nam;Video;2026-04-08;23;0;3558;0.006464;764;114;0;0;0;0;0;0.221;0;;1;0;1;1;0;0;0;0;0;0;0;0;0;0;0;Mixed;Problem-Solution;None;Policy;English;-1
DW3JUnYiHWQ;Ministry of Environment Forestry & Tourism;4;ministry_of_environment_nam;Image;2026-04-08;18;0;3558;0.005059;602;85;0;0;0;0;0;0.2518;0;;1;0;0;1;0;0;0;1;0;0;0;0;0;1;0;Neutral;Solution;None;Policy;English;29
DWoNu2YiMLw;Ministry of Environment Forestry & Tourism;4;ministry_of_environment_nam;Video;2026-04-02;69;0;3558;0.019393;278;41;0;0;0;0;0;0.2099;0;;1;0;0;0;0;0;0;0;0;0;0;0;1;0;0;Neutral;None;None;Policy;English;24
DWhVFUtDubq;Ministry of Environment Forestry & Tourism;4;ministry_of_environment_nam;Image;2026-03-30;24;0;3558;0.006745;674;105;0;0;0;0;0;0.2169;0;;1;0;1;0;0;0;1;1;0;0;0;0;1;1;0;Mixed;Problem-Solution;None;Policy;English;6
DUYx4VLDCYU;Harnas Wildlife Foundation;1;harnaswildlifefoundation;Carousel;2026-02-05;159;0;44193;0.003598;1012;156;6;0;9;0;0;0.3039;0;;1;1;0;1;1;0;1;0;0;0;0;0;1;0;0;Hope;Problem-Solution;None;Fundraising;English;1
DUdtwy-jdBl;Harnas Wildlife Foundation;1;harnaswildlifefoundation;Carousel;2026-02-07;320;9;44193;0.007241;971;152;6;0;1;0;0;0.2359;6;0.2557;1;1;1;1;0;0;0;0;1;0;0;0;1;0;0;Hope;Problem-Solution;None;Wildlife;English;26
DUr-88XjjJb;Harnas Wildlife Foundation;1;harnaswildlifefoundation;Image;2026-02-13;45;0;44193;0.001018;217;29;3;0;0;0;0;0.2818;0;;1;0;0;0;0;0;0;0;0;0;0;0;0;0;0;Hope;None;None;Ecotourism;English;1
DWI6-PhCgDu;Namibia Youth Chamber of Environment;3;namyouthchamber;Image;2026-03-21;12;0;1628;0.007371;358;56;0;0;1;0;1;0.3787;0;;1;0;0;1;1;0;0;1;1;0;0;0;0;1;0;Hope;Problem-Solution;None;Community;English;33
DWlUKAsCBNC;Ministry of Environment Forestry & Tourism;4;ministry_of_environment_nam;Video;2026-04-01;15;0;3558;0.004216;786;109;0;0;0;0;0;0.2223;0;;1;0;0;1;0;0;1;0;0;0;0;0;1;0;0;Hope;Solution;None;Policy;English;-1
DWhU7LCjva2;Ministry of Environment Forestry & Tourism;4;ministry_of_environment_nam;Image;2026-03-30;27;0;3558;0.007589;358;48;0;0;0;0;0;0.3561;0;;1;0;0;1;0;0;0;0;1;0;0;0;1;1;0;Hope;Solution;None;Research;English;-1
DUZ9b7jDh1Z;Harnas Wildlife Foundation;1;harnaswildlifefoundation;Carousel;2026-02-06;58;0;44193;0.001312;398;53;2;0;1;1;0;0.2976;0;;1;0;0;1;0;0;1;0;0;0;0;0;0;0;0;Hope;Solution;Donate;Community;English;9
DXvye8QFSV3;Ocean Conservation Namibia;1;oceanconservationnamibia;Image;2026-04-30;169;38;236580;0.000714;139;23;4;0;0;0;1;0.3222;15;0.2273;1;0;0;1;0;0;0;0;0;0;1;0;1;0;0;Hope;Problem-Solution;Share;Wildlife;English;3
DUvvTWQjyn4;Harnas Wildlife Foundation;1;harnaswildlifefoundation;Carousel;2026-02-14;242;4;44193;0.005476;837;133;7;0;2;0;0;0.2106;4;0.1082;1;1;0;0;0;0;0;0;0;0;0;0;1;0;0;Hope;None;None;Wildlife;English;-1
DUuxi5_DvLg;Harnas Wildlife Foundation;1;harnaswildlifefoundation;Image;2026-02-14;224;2;44193;0.005069;186;27;2;0;1;0;0;0.2561;2;0.4283;1;0;0;0;0;0;0;0;0;0;0;0;1;0;0;Hope;None;None;Ecotourism;English;1
DXwUHbmk-oD;Ocean Conservation Namibia;1;oceanconservationnamibia;Video;2026-04-30;729;37;236580;0.003081;108;11;5;0;0;0;0;0.2457;15;0.465;1;0;1;0;0;0;0;0;0;0;0;;;;;Hope;Solution;None;Wildlife;English;3
DXWCXRoCX7X;N/a'an ku se Foundation;1;naankuse_foundation;Image;2026-04-20;57;2;29665;0.001921;1815;344;0;0;2;0;0;0.2831;2;0.745;1;1;0;1;1;0;1;0;0;0;0;0;1;0;0;Hope;Problem-Solution;None;Community;English;9
DRQ69T9ir4N;Namibia Youth Chamber of Environment;3;namyouthchamber;Image;2025-11-20;65;1;1628;0.039926;998;141;0;0;0;0;0;0.2629;1;0.7184;1;0;0;1;1;0;0;1;1;0;0;0;0;1;0;Hope;Solution;None;Policy;English;14
DXtvQ9SgL98;Ocean Conservation Namibia;1;oceanconservationnamibia;Video;2026-04-29;3164;78;236580;0.013374;111;10;5;0;0;0;0;0.2601;15;0.1096;1;1;1;1;0;0;0;0;0;0;0;0;1;0;0;Mixed;Problem-Solution;None;Wildlife;English;3
DSsoe4NDfql;Giraffe Conservation Foundation;1;giraffe_conservation;Image;2025-12-25;289;3;46731;0.006184;344;44;7;2;5;0;0;0.3318;2;0.5815;1;0;0;1;1;0;0;0;0;0;0;0;1;0;0;Hope;None;None;Wildlife;English;8
DUYeCeoDJs6;AfriCat Foundation;1;africat_foundation;Video;2026-02-05;109;0;18529;0.005883;1316;192;5;1;0;0;0;0.2536;0;;1;0;0;1;0;0;0;0;1;0;0;0;1;0;0;Neutral;Problem-Solution;None;Research;English;25
DVcrAuRjsnE;Cheetah Conservation Fund;1;ccfcheetah;Carousel;2026-03-04;319;4;56641;0.005632;1071;144;5;0;0;0;0;0.3552;4;0.2842;1;0;0;1;1;0;0;0;0;0;0;0;0;0;0;Hope;Solution;None;Education;English;23
DVBpQ6sjE5H;AfriCat Foundation;1;africat_foundation;Video;2026-02-21;157;0;18529;0.008473;1371;189;5;1;1;0;0;0.2848;0;;1;0;1;1;1;0;1;0;1;0;0;0;1;0;0;Mixed;Problem-Solution;Learn;Wildlife;English;13
DW8Lka0Dbrn;N/a'an ku se Foundation;1;naankuse_foundation;Carousel;2026-04-10;99;0;29665;0.003337;626;94;2;0;0;0;0;0.2606;0;;1;0;0;1;0;0;0;0;0;0;0;0;1;0;0;Hope;Solution;None;Community;English;9
DV_qawHEpSw;Cheetah Conservation Fund;1;ccfcheetah;Image;2026-03-17;555;2;56641;0.009799;1118;157;4;0;0;0;0;0.323;2;0.0;1;0;1;1;0;0;0;0;0;0;0;0;1;1;0;Neutral;Problem-Solution;Learn;Policy;English;-1
DU3rabWkYrT;N/a'an ku se Foundation;1;naankuse_foundation;Carousel;2026-02-17;131;1;29665;0.004416;1064;165;6;0;3;1;0;0.3614;1;0.0;1;1;0;1;1;0;0;0;0;0;0;0;1;0;0;Hope;Solution;None;Community;English;9
DQxCVcNj9Cw;Giraffe Conservation Foundation;1;giraffe_conservation;Image;2025-11-07;663;5;46731;0.014188;285;34;9;0;5;0;1;0.2522;5;0.3618;1;0;0;0;0;0;0;0;0;0;0;0;1;0;0;Hope;None;None;Wildlife;English;8
DVU4KuJDJ9A;Cheetah Conservation Fund;1;ccfcheetah;Video;2026-03-01;129;1;56641;0.002278;515;79;5;0;0;0;1;0.1964;1;0.0;1;0;0;1;0;0;0;0;0;0;0;0;0;0;0;Hope;Solution;Learn;Wildlife;English;28
DQvrtOYjDeU;Giraffe Conservation Foundation;1;giraffe_conservation;Carousel;2025-11-07;596;10;46731;0.012754;625;91;6;2;6;0;0;0.3515;7;0.3722;1;0;1;1;1;0;0;0;1;0;0;0;1;0;0;Mixed;Problem-Solution;None;Wildlife;English;4
DRP79xHj7NN;Giraffe Conservation Foundation;1;giraffe_conservation;Carousel;2025-11-19;411;1;46731;0.008795;512;65;8;1;6;0;0;0.3182;1;0.7184;1;0;0;1;1;0;0;0;0;0;0;0;1;0;0;Hope;Solution;None;Wildlife;English;4
DVMmZpTjq1t;Ongava Game Reserve;5;ongavagamereserve;Carousel;2026-02-25;84;0;11380;0.007381;308;51;0;0;0;0;0;0.2828;0;;1;1;0;0;0;0;0;0;1;0;0;0;1;0;0;Hope;Solution;None;Research;English;2
DWTTNs3iO3h;Ministry of Environment Forestry & Tourism;4;ministry_of_environment_nam;Carousel;2026-03-25;22;0;3558;0.006183;535;76;0;0;0;0;0;0.3134;0;;1;0;0;0;0;0;0;1;0;0;0;0;0;0;0;Neutral;None;None;Policy;English;-1
DXOrcNijX05;Environmental Investment Fund;6;eif_namibia;Carousel;2026-04-17;24;0;1579;0.015199;858;117;5;0;1;0;0;0.3104;0;;1;0;0;1;1;0;0;1;0;0;0;0;1;0;0;Hope;Solution;None;Climate;English;14
DVfdclaCI5r;Environmental Investment Fund;6;eif_namibia;Image;2026-03-05;16;0;1579;0.010133;487;58;5;0;1;0;0;0.326;0;;1;0;0;0;0;0;0;0;0;0;0;0;0;1;0;Hope;None;None;Policy;English;14
DWIac_JiEFz;Environmental Investment Fund;6;eif_namibia;Image;2026-03-21;13;0;1579;0.008233;67;10;0;0;3;0;0;0.268;0;;1;0;0;0;1;0;0;0;0;0;0;0;0;1;0;Hope;None;None;Community;English;20
DUaaK2PjUEr;Environmental Investment Fund;6;eif_namibia;Image;2026-02-06;15;1;1579;0.0095;339;52;0;0;1;0;0;0.3461;1;0.4696;1;0;0;0;0;0;0;0;0;0;0;0;0;1;0;Neutral;None;None;Community;English;3
DXM5JzSjdGk;Environmental Investment Fund;6;eif_namibia;Carousel;2026-04-16;6;0;1579;0.0038;923;131;0;3;0;0;0;0.2999;0;;1;0;1;1;0;0;0;1;1;0;0;0;1;1;0;Mixed;Problem-Solution;Learn;Policy;English;14
DWdxehuCDJo;Ministry of Environment Forestry & Tourism;4;ministry_of_environment_nam;Video;2026-03-29;15;0;3558;0.004216;529;79;0;0;0;0;0;0.2654;0;;1;0;0;1;0;0;0;1;0;0;0;0;0;0;0;Hope;Solution;None;Community;English;24
DUgMnW8jL3b;N/a'an ku se Foundation;1;naankuse_foundation;Video;2026-02-08;348;1;29665;0.011731;90;14;5;0;0;0;0;0.2348;1;0.0;1;0;0;1;0;0;0;0;0;0;0;0;0;0;0;Hope;Solution;Volunteer;Wildlife;English;31
DXd19oFjkuQ;Ocean Conservation Namibia;1;oceanconservationnamibia;Carousel;2026-04-23;516;3;236580;0.002181;607;98;5;0;0;0;1;0.239;3;0.4847;1;0;0;0;0;0;0;0;1;0;0;0;1;0;0;Neutral;None;None;Research;English;10
DUbWtOygfZh;N/a'an ku se Foundation;1;naankuse_foundation;Video;2026-02-06;50;1;29665;0.001685;501;73;7;0;3;1;0;0.2082;1;0.0;1;0;0;0;0;0;0;0;0;0;0;0;1;1;0;Hope;None;None;Wildlife;Mixed;21
DWdkN4BiJyf;Ministry of Environment Forestry & Tourism;4;ministry_of_environment_nam;Carousel;2026-03-29;50;0;3558;0.014053;497;71;0;0;0;0;0;0.2719;0;;1;0;0;0;0;0;0;1;0;0;0;0;1;0;0;Hope;Solution;None;Policy;English;29
DXoC0N4mgkj;Ocean Conservation Namibia;1;oceanconservationnamibia;Image;2026-04-27;1178;92;236580;0.004979;988;142;4;1;0;0;1;0.332;15;-0.2447;1;0;1;1;1;0;1;1;1;0;1;0;0;0;0;Mixed;Problem-Solution;None;Policy;English;10
DXmA4Gtj_Zh;Ocean Conservation Namibia;1;oceanconservationnamibia;Video;2026-04-26;4523;109;236580;0.019118;112;12;5;0;0;0;0;0.2093;15;0.1986;1;1;1;1;0;0;0;0;0;0;0;0;1;0;0;Hope;Problem-Solution;None;Wildlife;English;3
DWef2hPCOlX;Ministry of Environment Forestry & Tourism;4;ministry_of_environment_nam;Carousel;2026-03-29;18;0;3558;0.005059;1233;172;0;0;0;0;0;0.2891;0;;1;0;0;1;0;0;0;1;0;0;0;0;0;1;0;Hope;Solution;None;Policy;English;29
DXeSg6pAHo-;Ocean Conservation Namibia;1;oceanconservationnamibia;Video;2026-04-23;641;13;236580;0.002709;622;99;5;1;0;0;1;0.262;0;;1;0;0;1;0;0;0;0;1;0;0;0;1;0;0;Neutral;None;None;Research;English;10
DUYx5HdiD09;N/a'an ku se Foundation;1;naankuse_foundation;Carousel;2026-02-05;409;5;29665;0.013787;948;151;5;0;1;1;0;0.249;5;0.2957;1;1;1;1;0;0;1;0;1;0;0;0;1;0;0;Hope;Problem-Solution;None;Wildlife;English;26
DXZJA_liqWn;Ocean Conservation Namibia;1;oceanconservationnamibia;Video;2026-04-21;7048;94;236580;0.029791;107;10;5;0;0;0;0;0.2288;15;0.0462;1;1;1;0;0;0;0;0;0;0;0;0;1;0;0;Distress;Problem;None;Wildlife;English;3
DXbt7IqCLKa;Ocean Conservation Namibia;1;oceanconservationnamibia;Video;2026-04-22;4672;177;236580;0.019748;97;9;5;0;0;0;0;0.2626;15;0.0675;1;1;1;1;0;0;0;0;0;0;0;0;1;0;0;Mixed;Problem-Solution;None;Wildlife;English;3
DUggUj0iE_S;N/a'an ku se Foundation;1;naankuse_foundation;Carousel;2026-02-08;159;0;29665;0.00536;1285;196;7;0;2;1;0;0.2084;0;;1;1;1;1;1;0;0;0;0;0;0;0;1;0;0;Hope;Problem-Solution;None;HWC;English;26
DXg3UF6CdnC;Ocean Conservation Namibia;1;oceanconservationnamibia;Video;2026-04-24;1139;36;236580;0.004814;108;12;5;0;0;0;0;0.1883;15;0.2598;1;0;0;1;0;0;0;0;0;0;0;0;0;0;0;Hope;Solution;None;Wildlife;English;3
DXolt9eDCcN;Ocean Conservation Namibia;1;oceanconservationnamibia;Video;2026-04-27;4636;94;236580;0.019596;110;12;5;0;0;0;0;0.2692;15;0.064;1;1;1;1;0;0;0;0;0;0;0;0;1;1;0;Mixed;Problem-Solution;None;Wildlife;English;3
DTfYVUaDupz;Harnas Wildlife Foundation;1;harnaswildlifefoundation;Image;2026-01-14;44;0;44193;0.000996;306;43;3;0;3;0;0;0.2283;0;;1;1;0;1;1;0;1;0;0;0;0;;;;;Hope;Solution;Volunteer;Community;English;1
DXjcLK4D8YD;Ocean Conservation Namibia;1;oceanconservationnamibia;Video;2026-04-25;3471;59;236580;0.014672;96;9;5;0;0;0;0;0.2272;15;0.2045;1;1;1;0;0;0;0;0;0;0;0;0;1;0;0;Distress;Problem;None;Wildlife;English;3
DWd8TPlCGNF;Ministry of Environment Forestry & Tourism;4;ministry_of_environment_nam;Video;2026-03-29;21;0;3558;0.005902;366;54;0;0;0;0;0;0.3187;0;;1;0;0;1;0;0;0;0;0;0;0;0;1;0;0;Neutral;Problem-Solution;None;Education;English;-1
DTSgWRoloBs;Harnas Wildlife Foundation;1;harnaswildlifefoundation;Image;2026-01-09;38;0;44193;0.00086;188;26;3;0;2;0;0;0.2834;0;;1;0;0;0;0;0;0;0;0;0;0;0;1;0;0;Hope;None;None;Community;English;9
DS9WiNDCKWA;Environmental Investment Fund;6;eif_namibia;Image;2026-01-01;8;0;1579;0.005066;186;31;0;0;2;0;0;0.3172;0;;1;0;0;1;1;0;0;1;0;0;0;0;0;1;0;Hope;None;None;Climate;English;11
DWTPuYYiBmk;Ministry of Environment Forestry & Tourism;4;ministry_of_environment_nam;Carousel;2026-03-25;18;0;3558;0.005059;461;72;0;0;0;0;0;0.2575;0;;1;0;0;0;0;0;0;0;0;0;0;0;0;0;0;Neutral;None;None;Policy;English;6
DXtW3C-FV7E;Ocean Conservation Namibia;1;oceanconservationnamibia;Carousel;2026-04-29;242;6;236580;0.001023;532;73;6;2;0;0;0;0.3232;5;-0.0478;1;0;0;0;1;0;0;1;1;1;0;0;0;0;0;Hope;None;None;Education;English;10
DTaOutKjo18;Harnas Wildlife Foundation;1;harnaswildlifefoundation;Image;2026-01-12;97;1;44193;0.002195;137;19;3;0;0;0;0;0.2795;1;0.0;1;0;0;0;0;0;0;0;0;0;0;0;1;0;0;Neutral;None;None;Wildlife;English;1
DXrKi2OD1Hm;Ocean Conservation Namibia;1;oceanconservationnamibia;Video;2026-04-28;4602;69;236580;0.019452;109;12;5;0;0;0;0;0.2768;15;0.1273;1;1;1;1;0;0;0;0;0;0;0;0;1;0;0;Mixed;Problem-Solution;None;Wildlife;English;3
DWPV37mjdwz;Environmental Investment Fund;6;eif_namibia;Image;2026-03-23;24;0;1579;0.015199;1083;144;0;2;0;0;0;0.3645;0;;1;0;0;0;0;0;0;1;0;0;0;0;0;1;0;Neutral;Solution;Event;Policy;English;14
DUANbOODsT-;Harnas Wildlife Foundation;1;harnaswildlifefoundation;Image;2026-01-27;67;1;44193;0.001516;161;27;2;0;0;0;0;0.3041;1;0.0;1;0;0;0;0;0;0;0;0;0;0;0;1;0;0;Hope;None;None;Community;English;1
DTkh7UFjvTh;Harnas Wildlife Foundation;1;harnaswildlifefoundation;Image;2026-01-16;58;0;44193;0.001312;179;29;3;0;0;0;1;0.2706;0;;1;0;0;0;0;0;0;0;0;0;0;0;1;0;0;Hope;None;Learn;Community;English;1
DTitPQkAEdG;Harnas Wildlife Foundation;1;harnaswildlifefoundation;Carousel;2026-01-15;331;11;44193;0.00749;664;109;5;0;2;0;0;0.3068;9;0.4474;1;1;0;0;1;0;0;0;0;0;0;0;1;0;0;Hope;None;None;Wildlife;English;1
DTsQUhIDj4F;Harnas Wildlife Foundation;1;harnaswildlifefoundation;Carousel;2026-01-19;182;0;44193;0.004118;209;30;4;0;2;0;0;0.2811;0;;1;0;0;0;0;0;0;0;0;0;0;0;0;0;0;Hope;None;None;Ecotourism;English;1
DUCyOBzjtGW;Harnas Wildlife Foundation;1;harnaswildlifefoundation;Carousel;2026-01-28;113;0;44193;0.002557;247;32;3;0;0;0;0;0.334;0;;1;0;0;0;0;0;0;0;0;0;0;0;0;0;0;Hope;None;None;Ecotourism;English;1
DT_B707iWMb;Harnas Wildlife Foundation;1;harnaswildlifefoundation;Carousel;2026-01-26;124;0;44193;0.002806;1125;153;7;0;1;0;0;0.2083;0;;1;0;0;1;1;0;0;0;0;0;0;0;1;0;0;Hope;Solution;None;Education;English;22
DQtsfnrES6W;Environmental Investment Fund;6;eif_namibia;Image;2025-11-06;14;0;1579;0.008866;282;42;0;0;2;0;0;0.3368;0;;1;0;0;1;1;0;0;0;0;0;0;0;0;1;0;Hope;Solution;None;Climate;English;-1
DTn2xOlD7JJ;Harnas Wildlife Foundation;1;harnaswildlifefoundation;Carousel;2026-01-17;337;5;44193;0.007626;363;52;5;0;1;0;0;0.3359;5;0.1614;1;1;0;0;1;0;0;0;0;0;0;0;1;0;0;Hope;None;None;Wildlife;English;1
DWdtfb8Cewk;Gobabeb Research & Training Centre;2;gobabeb;Carousel;2026-03-29;42;0;1112;0.03777;703;110;0;0;0;0;0;0.2439;0;;1;0;0;0;0;0;0;0;1;0;0;0;0;0;0;Neutral;None;None;Research;English;12
DUqUliEDNSs;Elephant Human Relations Aid;1;ehranamibia;Image;2026-02-12;177;2;10866;0.016289;301;51;0;1;2;0;1;0.275;2;0.2195;1;0;0;0;1;0;0;0;0;0;0;0;0;0;0;Hope;None;Volunteer;Community;English;0
DSXuQFEiGjJ;Environmental Investment Fund;6;eif_namibia;Image;2025-12-17;5;0;1579;0.003167;396;66;0;0;1;0;0;0.3492;0;;1;0;0;0;0;0;0;0;0;0;0;0;0;1;0;Neutral;None;None;Community;English;16
DQlvwlSjZA2;Environmental Investment Fund;6;eif_namibia;Image;2025-11-03;99;0;1579;0.062698;83;11;0;0;1;0;0;0.2874;0;;1;0;0;0;0;0;0;0;0;1;0;0;0;1;0;Hope;None;Learn;Education;English;-1
DSqL_CYjCQI;WWF Namibia;1;wwfnamibia;Image;2025-12-24;-1;0;3213;-0.000311;418;61;2;0;1;0;0;0.3461;0;;1;0;0;0;1;0;0;0;0;0;0;0;0;1;0;Hope;None;None;Community;English;11
DRy5ghiDT_W;Environmental Investment Fund;6;eif_namibia;Image;2025-12-03;18;0;1579;0.0114;169;25;0;0;2;0;0;0.3215;0;;1;0;0;1;1;0;0;0;0;0;0;0;0;1;0;Hope;Solution;None;Climate;English;11
DWVnGAginZE;Gobabeb Research & Training Centre;2;gobabeb;Carousel;2026-03-26;50;0;1112;0.044964;303;46;0;0;0;0;0;0.2423;0;;1;0;0;0;0;0;0;0;1;0;0;0;1;0;0;Neutral;None;None;Wildlife;English;19
DU-3de8iG-a;Namibia Nature Foundation;1;namibia_nature_foundation;Video;2026-02-20;91;1;3532;0.025764;142;20;5;0;0;0;0;0.3146;1;0.0;1;0;0;0;0;0;0;0;1;0;0;0;1;1;0;Hope;None;None;Research;English;10
DS7VL1aDlsL;Harnas Wildlife Foundation;1;harnaswildlifefoundation;Image;2025-12-31;147;0;44193;0.003326;215;35;2;0;1;0;1;0.2782;0;;1;0;0;0;0;0;0;0;0;0;0;0;1;0;0;Hope;None;Volunteer;Ecotourism;English;1
DSrc9q6DsW-;Harnas Wildlife Foundation;1;harnaswildlifefoundation;Image;2025-12-25;76;0;44193;0.00172;218;35;3;0;0;0;0;0.3644;0;;1;0;0;0;1;0;0;0;0;0;0;0;1;0;0;Hope;None;None;Wildlife;English;1
DSW2mrgjs6h;Harnas Wildlife Foundation;1;harnaswildlifefoundation;Image;2025-12-17;187;1;44193;0.004231;207;29;3;0;0;0;0;0.3328;1;0.0;1;1;0;0;0;0;0;0;0;0;0;0;1;0;0;Neutral;None;None;Wildlife;English;1
DSjukI4jv4D;Harnas Wildlife Foundation;1;harnaswildlifefoundation;Image;2025-12-22;85;1;44193;0.001923;250;48;3;0;1;0;1;0.2463;1;0.0;1;0;0;0;0;0;0;0;0;0;0;0;0;0;0;Hope;None;Learn;Community;English;1
DVax_qWDIWT;Ministry of Environment Forestry & Tourism;4;ministry_of_environment_nam;Carousel;2026-03-03;57;0;3558;0.01602;466;75;0;0;0;0;0;0.2254;0;;1;0;0;0;1;0;0;0;0;0;0;0;1;1;0;Hope;None;None;Wildlife;English;-1
DVYKqgYiKyD;Ministry of Environment Forestry & Tourism;4;ministry_of_environment_nam;Image;2026-03-02;16;0;3558;0.004497;229;38;0;0;0;0;0;0.3548;0;;1;0;1;0;0;0;1;0;0;0;0;0;0;1;0;Neutral;Problem;None;Policy;English;30
DTNWuvpjhud;Harnas Wildlife Foundation;1;harnaswildlifefoundation;Carousel;2026-01-07;30;0;44193;0.000679;270;40;3;0;3;0;1;0.2894;0;;1;0;0;0;0;0;0;0;0;0;0;0;0;0;0;Hope;Problem-Solution;None;Ecotourism;English;1
DScBd6SjrLJ;Harnas Wildlife Foundation;1;harnaswildlifefoundation;Carousel;2025-12-19;113;0;44193;0.002557;0;0;0;0;0;0;0;;0;;1;0;0;0;0;0;0;0;0;0;0;0;0;0;0;Neutral;None;None;Ecotourism;English;-99
DS2LnHADquv;Harnas Wildlife Foundation;1;harnaswildlifefoundation;Image;2025-12-29;80;0;44193;0.00181;277;42;3;0;1;0;0;0.2761;0;;1;0;0;0;0;0;0;0;0;0;0;0;1;0;0;Hope;None;None;Community;English;1
DS9QwOEjtZU;Harnas Wildlife Foundation;1;harnaswildlifefoundation;Image;2026-01-01;51;0;44193;0.001154;158;23;2;0;1;0;0;0.2984;0;;1;0;0;0;0;0;0;0;0;0;0;0;1;0;0;Hope;None;Event;Ecotourism;English;1
DXGonOCjTav;Ocean Conservation Namibia;1;oceanconservationnamibia;Carousel;2026-04-14;519;8;236580;0.002194;244;31;9;1;2;0;0;0.2976;8;0.2062;1;0;0;1;0;0;0;0;0;1;0;0;0;0;0;Hope;Solution;None;Community;English;3
DSRtCS7jnGX;Harnas Wildlife Foundation;1;harnaswildlifefoundation;Carousel;2025-12-15;113;0;44193;0.002557;341;49;3;0;1;0;0;0.3081;0;;1;1;0;1;0;0;0;0;0;0;0;0;1;0;0;Hope;Problem-Solution;None;Community;English;23
DTINIX7jsOm;Harnas Wildlife Foundation;1;harnaswildlifefoundation;Image;2026-01-05;102;1;44193;0.002308;118;16;3;0;0;0;0;0.329;1;0.0;1;0;0;0;0;0;0;0;0;0;0;0;1;0;0;Hope;None;None;Wildlife;English;1
DVlqdpuofJi;Ministry of Environment Forestry & Tourism;4;ministry_of_environment_nam;Video;2026-03-07;44;0;3558;0.012366;815;126;0;0;0;0;0;0.2644;0;;1;0;1;1;0;0;0;0;1;0;0;0;1;1;0;Hope;Problem-Solution;None;Anti-poaching;English;-1
DVqA9lQCMB3;Ministry of Environment Forestry & Tourism;4;ministry_of_environment_nam;Carousel;2026-03-09;23;0;3558;0.006464;646;88;0;0;0;0;0;0.2861;0;;1;0;0;1;0;0;1;1;0;0;0;0;1;1;0;Hope;Problem-Solution;None;Community;English;30
DVgNyhriNtn;Ministry of Environment Forestry & Tourism;4;ministry_of_environment_nam;Carousel;2026-03-05;24;0;3558;0.006745;668;87;0;0;0;0;0;0.2495;0;;1;0;0;0;0;0;0;0;0;0;0;0;0;0;0;Neutral;None;None;Policy;English;30
DVyJyHCoyal;Ministry of Environment Forestry & Tourism;4;ministry_of_environment_nam;Video;2026-03-12;41;0;3558;0.011523;721;107;0;0;0;0;0;0.2623;0;;1;0;1;0;0;0;1;0;0;0;0;0;1;1;0;Neutral;Problem-Solution;None;Policy;English;-1
DSo4NOsDnRq;Harnas Wildlife Foundation;1;harnaswildlifefoundation;Carousel;2025-12-24;105;1;44193;0.002376;140;19;2;0;2;0;0;0.2829;1;0.8519;1;0;0;0;0;0;0;0;0;0;0;0;0;0;0;Neutral;None;Event;Ecotourism;English;1
DW_Y85EldJH;Ocean Conservation Namibia;1;oceanconservationnamibia;Video;2026-04-11;19806;126;236580;0.083718;108;11;5;0;0;0;0;0.2605;15;0.0921;1;1;1;1;0;0;0;0;0;0;0;0;1;0;0;Hope;Problem-Solution;None;Wildlife;English;3
DWCAWs1iCox;Ministry of Environment Forestry & Tourism;4;ministry_of_environment_nam;Carousel;2026-03-18;39;0;3558;0.010961;457;64;0;0;0;0;0;0.249;0;;1;0;0;1;0;0;0;1;0;1;0;;;;;Hope;Solution;None;Community;English;-1
DXHHXHCCcgT;Ocean Conservation Namibia;1;oceanconservationnamibia;Video;2026-04-14;836;34;236580;0.003534;256;32;9;1;2;0;0;0.252;15;0.3123;1;0;0;1;1;0;0;0;0;0;0;0;0;0;0;Hope;Solution;None;Community;English;3
DXJsM3zibUp;Ocean Conservation Namibia;1;oceanconservationnamibia;Video;2026-04-15;2755;43;236580;0.011645;101;9;5;0;0;0;0;0.2999;15;0.0791;1;1;1;1;0;0;0;0;0;0;0;0;1;0;0;Hope;Problem-Solution;None;Wildlife;English;3
DWEYm7riHPW;Ministry of Environment Forestry & Tourism;4;ministry_of_environment_nam;Carousel;2026-03-19;24;0;3558;0.006745;786;125;0;0;0;0;0;0.3208;0;;1;0;0;0;0;0;1;0;0;0;0;0;1;1;0;Neutral;Problem-Solution;None;Policy;English;24
DXB9wXvkQo4;Ocean Conservation Namibia;1;oceanconservationnamibia;Video;2026-04-12;3201;68;236580;0.01353;114;11;5;0;0;0;0;0.2482;15;0.2901;1;1;1;1;0;0;0;0;0;0;0;0;1;0;0;Hope;Problem-Solution;None;Wildlife;English;3
DWD4O7tiJcr;Ministry of Environment Forestry & Tourism;4;ministry_of_environment_nam;Image;2026-03-19;29;1;3558;0.008151;771;120;0;0;0;0;0;0.3688;1;0.8225;1;0;0;0;0;0;0;1;0;0;0;0;0;1;0;Neutral;None;Event;Climate;English;33
DXMRBetlLiz;Ocean Conservation Namibia;1;oceanconservationnamibia;Video;2026-04-16;3955;80;236580;0.016717;101;10;5;0;0;0;0;0.2325;15;0.1196;1;1;1;1;0;0;0;0;0;0;0;0;1;0;0;Mixed;Problem-Solution;None;Wildlife;English;3
DXEhT7-jsJy;Ocean Conservation Namibia;1;oceanconservationnamibia;Video;2026-04-13;980;47;236580;0.004142;105;11;5;0;0;0;0;0.198;15;0.2761;1;1;0;0;0;0;0;0;0;0;0;0;1;1;0;Hope;None;None;Wildlife;English;3
DVgLWW3CIDY;Ministry of Environment Forestry & Tourism;4;ministry_of_environment_nam;Carousel;2026-03-05;28;0;3558;0.00787;313;46;0;0;0;0;0;0.3493;0;;1;0;0;1;0;0;0;0;0;0;0;0;1;1;0;Hope;None;None;Community;English;33
DWBjc-BiA6-;Ministry of Environment Forestry & Tourism;4;ministry_of_environment_nam;Image;2026-03-18;24;0;3558;0.006745;159;21;0;0;0;1;0;0.3032;0;;1;0;0;0;0;0;0;1;0;0;0;0;0;1;0;Neutral;None;Learn;Policy;English;6
DSKFeTFjnt2;Harnas Wildlife Foundation;1;harnaswildlifefoundation;Carousel;2025-12-12;186;0;44193;0.004209;179;24;3;0;1;0;0;0.301;0;;1;0;0;0;0;0;0;0;0;0;0;0;0;0;0;Hope;None;None;Ecotourism;English;1
DXRbK38DM3W;Ocean Conservation Namibia;1;oceanconservationnamibia;Video;2026-04-18;833;29;236580;0.003521;105;11;5;0;0;0;0;0.2371;15;0.1719;1;0;0;0;0;0;0;0;0;0;0;0;1;1;0;Hope;Solution;None;Wildlife;English;3
DXO1x-NCC5k;Ocean Conservation Namibia;1;oceanconservationnamibia;Video;2026-04-17;8792;164;236580;0.037163;105;12;5;0;0;0;0;0.1747;15;0.1173;1;0;0;0;0;0;0;0;0;0;0;0;1;0;0;Hope;None;None;Wildlife;English;3
DXQrA_0jvq3;Ocean Conservation Namibia;1;oceanconservationnamibia;Carousel;2026-04-18;281;4;236580;0.001188;477;65;4;2;0;0;0;0.27;4;0.0;1;0;1;1;1;0;0;0;0;1;0;0;1;0;0;Hope;Problem-Solution;None;Education;English;10
DTkNTvlF3zS;Gobabeb Research & Training Centre;2;gobabeb;Image;2026-01-16;33;0;1112;0.029676;624;88;0;0;0;1;0;0.2535;0;;1;0;0;0;0;0;0;0;1;0;0;0;0;0;0;Hope;None;Learn;Research;English;27
DXT_TNoj4Df;Ocean Conservation Namibia;1;oceanconservationnamibia;Video;2026-04-19;2633;53;236580;0.011129;111;11;5;0;0;0;0;0.1849;15;0.1509;1;1;1;0;0;0;0;0;0;0;0;0;1;0;0;Distress;Problem;None;Wildlife;English;3
DW85lspilIK;Gobabeb Research & Training Centre;2;gobabeb;Image;2026-04-10;36;0;1112;0.032374;55;7;0;0;0;0;0;0.3086;0;;1;0;0;0;0;0;0;0;0;0;0;0;0;0;0;Neutral;None;None;Community;English;2
DXWkHQnAsRS;Ocean Conservation Namibia;1;oceanconservationnamibia;Video;2026-04-20;4726;85;236580;0.019976;96;9;5;0;0;0;0;0.2441;15;0.1636;1;1;1;1;0;0;0;0;0;0;0;;;;;Mixed;Problem-Solution;None;Wildlife;English;3
DTK_tKrDXs3;Elephant Human Relations Aid;1;ehranamibia;Carousel;2026-01-06;75;1;10866;0.006902;505;76;0;1;3;0;1;0.352;1;0.6476;1;0;0;1;0;0;0;0;0;0;0;0;1;1;0;Hope;None;Event;Fundraising;English;0
DURDVRDCI32;Namibia Nature Foundation;1;namibia_nature_foundation;Carousel;2026-02-02;27;0;3532;0.007644;216;34;1;0;0;0;0;0.1742;0;;1;0;0;0;1;0;0;0;0;0;0;0;0;0;0;Hope;None;None;Community;English;-1
DRgx6pxiByy;Harnas Wildlife Foundation;1;harnaswildlifefoundation;Image;2025-11-26;97;0;44193;0.002195;120;18;2;0;0;0;0;0.2763;0;;1;0;0;0;0;0;0;0;0;0;0;0;0;0;0;Hope;None;None;Ecotourism;English;1
DTe830ojmon;Save the Rhino Trust Namibia;1;savetherhinonamibia;Image;2026-01-14;38;0;12414;0.003061;300;41;3;0;0;0;0;0.3317;0;;1;0;0;1;0;0;0;1;0;0;0;0;1;0;0;Hope;Solution;None;Wildlife;English;5
DQ9DYVGjs2Z;Harnas Wildlife Foundation;1;harnaswildlifefoundation;Carousel;2025-11-12;199;3;44193;0.004503;191;28;3;0;0;0;0;0.351;3;0.1906;1;0;0;0;0;0;0;0;0;0;0;0;0;0;0;Hope;None;None;Ecotourism;English;1
DSKaIfiFhcS;Gobabeb Research & Training Centre;2;gobabeb;Image;2025-12-12;37;0;1112;0.033273;178;28;0;0;0;0;0;0.3392;0;;1;0;0;1;0;0;0;0;1;0;0;0;1;1;0;Hope;Solution;None;Research;English;19
DTH5ocQDAMc;Elephant Human Relations Aid;1;ehranamibia;Video;2026-01-05;199;7;10866;0.018314;269;39;0;1;1;0;0;0.2981;4;0.1101;1;0;0;0;0;0;0;0;0;0;0;0;1;0;0;Hope;None;None;Wildlife;English;0
DTigcpbjOyn;WWF Namibia;1;wwfnamibia;Image;2026-01-15;20;0;3213;0.006225;486;67;0;1;2;0;0;0.2364;0;;1;0;0;0;0;0;0;0;0;0;0;0;0;1;0;Neutral;None;Learn;Policy;English;6
DTSgXWbDah5;Gobabeb Research & Training Centre;2;gobabeb;Carousel;2026-01-09;44;2;1112;0.039568;616;99;0;0;0;0;1;0.2455;2;0.5117;1;0;0;0;0;0;0;0;1;0;0;;;;;Neutral;None;None;Research;English;25
DQiqMb_DhnI;Ongava Game Reserve;5;ongavagamereserve;Video;2025-11-02;59;0;11380;0.005185;23;3;0;0;0;0;0;0.2042;0;;1;0;0;0;0;0;0;0;0;0;0;0;1;0;0;Hope;None;None;Wildlife;English;1
DRCM9WrjtFb;Harnas Wildlife Foundation;1;harnaswildlifefoundation;Image;2025-11-14;87;0;44193;0.001969;209;35;2;0;1;0;1;0.2725;0;;1;0;0;0;0;0;0;1;0;0;0;0;0;0;0;Hope;None;None;Ecotourism;English;1
DU-u3Jljsfe;Ongava Game Reserve;5;ongavagamereserve;Carousel;2026-02-20;92;1;11380;0.008084;257;42;0;0;0;1;0;0.2033;1;0.6114;1;0;0;0;0;0;0;0;0;0;0;0;1;0;0;Hope;None;Learn;Ecotourism;English;2
DRT5_MkDmVi;Harnas Wildlife Foundation;1;harnaswildlifefoundation;Image;2025-11-21;89;0;44193;0.002014;581;94;2;0;1;0;1;0.2483;0;;1;0;0;1;0;0;0;0;0;0;0;0;1;0;0;Hope;Solution;Volunteer;Wildlife;English;1
DROwWkzAbdm;Harnas Wildlife Foundation;1;harnaswildlifefoundation;Image;2025-11-19;73;0;44193;0.001652;383;68;3;0;1;0;0;0.3182;0;;1;0;0;0;0;0;0;0;0;0;0;0;1;0;0;Hope;None;Learn;Ecotourism;English;1
DRJmW5KESJY;Harnas Wildlife Foundation;1;harnaswildlifefoundation;Carousel;2025-11-17;116;0;44193;0.002625;338;49;3;0;1;0;0;0.2606;0;;1;1;0;1;1;0;0;0;0;0;0;0;1;0;0;Hope;Solution;None;Community;English;9
DRboXapDRPH;Harnas Wildlife Foundation;1;harnaswildlifefoundation;Image;2025-11-24;276;5;44193;0.006245;267;44;2;0;0;0;0;0.3191;5;0.4585;1;0;0;0;0;0;0;0;0;0;0;0;1;0;0;Hope;None;None;Wildlife;English;31
DWlpEQZkSwj;Ocean Conservation Namibia;1;oceanconservationnamibia;Video;2026-04-01;3103;94;236580;0.013116;99;10;5;0;0;0;0;0.2142;15;0.0508;1;1;1;0;0;0;0;0;0;0;0;0;1;0;0;Distress;Problem;None;Wildlife;English;3
DQt0XptgQN5;Gobabeb Research & Training Centre;2;gobabeb;Carousel;2025-11-06;45;0;1112;0.040468;202;31;0;0;0;0;0;0.3153;0;;1;0;0;0;0;0;0;0;0;0;0;0;1;0;0;Hope;None;None;Research;English;12
DQ3lMB-CH-Q;Gobabeb Research & Training Centre;2;gobabeb;Carousel;2025-11-10;28;0;1112;0.02518;569;83;0;0;0;1;0;0.327;0;;1;0;0;0;0;0;0;0;1;0;0;0;1;0;0;Neutral;None;None;Research;English;19
DQtEQWBjmNA;Harnas Wildlife Foundation;1;harnaswildlifefoundation;Image;2025-11-06;88;0;44193;0.001991;470;71;3;0;0;0;0;0.2933;0;;1;0;0;1;0;0;0;0;0;0;0;0;1;0;0;Hope;Solution;Learn;Community;English;1
DWRCqLyAs94;Ocean Conservation Namibia;1;oceanconservationnamibia;Video;2026-03-24;4292;83;236580;0.018142;108;11;5;0;0;0;0;0.2335;15;0.0015;1;1;1;0;0;0;0;0;0;0;0;0;1;0;0;Distress;Problem;None;Wildlife;English;3
DWk1d0DDHm-;Ocean Conservation Namibia;1;oceanconservationnamibia;Image;2026-04-01;496;20;236580;0.002097;330;54;7;0;0;0;0;0.4061;15;0.361;1;0;1;0;0;0;0;0;1;0;0;0;0;1;0;Neutral;Problem;None;Wildlife;English;3
DQ4Hgt0jmeW;Harnas Wildlife Foundation;1;harnaswildlifefoundation;Carousel;2025-11-10;143;2;44193;0.003236;265;37;3;0;0;0;0;0.2989;2;0.0;1;0;0;0;0;0;0;0;0;0;0;0;1;0;0;Hope;None;None;Ecotourism;English;1
DQ6lpEcAAZE;Gobabeb Research & Training Centre;2;gobabeb;Carousel;2025-11-11;63;0;1112;0.056655;340;59;0;0;3;0;0;0.2711;0;;1;0;0;0;0;0;0;0;0;0;0;0;0;0;0;Hope;None;None;Wildlife;English;12
DRj2I1ODuFl;Gobabeb Research & Training Centre;2;gobabeb;Carousel;2025-11-27;38;0;1112;0.034173;277;50;0;0;0;0;1;0.2831;0;;1;0;0;0;0;0;0;0;1;0;0;0;1;0;0;Neutral;None;Learn;Research;English;12
DWTncqqigcL;Ocean Conservation Namibia;1;oceanconservationnamibia;Video;2026-03-25;2570;59;236580;0.010863;116;13;5;0;0;0;1;0.1895;15;0.162;1;0;1;1;0;0;0;0;0;0;0;0;1;0;0;Hope;Solution;None;Wildlife;English;3
DQomPRvDhb2;Gobabeb Research & Training Centre;2;gobabeb;Carousel;2025-11-04;31;0;1112;0.027878;70;10;0;0;0;0;1;0.2576;0;;1;0;0;0;0;0;0;0;0;0;0;0;0;0;0;Neutral;None;None;Wildlife;English;3
DQrRbjNDa8w;Gobabeb Research & Training Centre;2;gobabeb;Carousel;2025-11-05;45;0;1112;0.040468;300;50;0;0;2;0;0;0.3004;0;;1;0;0;0;0;0;0;0;1;0;0;0;1;0;0;Hope;None;None;Research;English;19
DQyN1z-jWP2;Harnas Wildlife Foundation;1;harnaswildlifefoundation;Image;2025-11-08;266;3;44193;0.006019;133;19;2;0;0;0;0;0.3375;3;0.212;1;0;0;0;0;0;0;0;0;0;0;0;1;0;0;Hope;None;None;Wildlife;English;1
DRMLifyj68e;Gobabeb Research & Training Centre;2;gobabeb;Carousel;2025-11-18;27;1;1112;0.024281;820;125;0;0;0;0;1;0.2804;1;0.7777;1;0;0;1;0;0;0;0;1;0;0;0;1;0;0;Neutral;Problem-Solution;None;Research;English;27
DWlb2t7FEje;Ocean Conservation Namibia;1;oceanconservationnamibia;Image;2026-04-01;833;24;236580;0.003521;592;99;7;0;0;0;0;0.2923;15;0.0023;1;1;1;1;0;0;0;0;0;0;0;0;1;0;0;Hope;Problem-Solution;None;Wildlife;English;3
DRmG7PPDcg3;Gobabeb Research & Training Centre;2;gobabeb;Image;2025-11-28;13;0;1112;0.011691;0;0;0;0;0;0;0;;0;;1;0;0;0;0;0;0;0;1;0;0;0;0;1;0;Neutral;None;Learn;Research;English;-99
DSZYkGrjC9V;Elephant Human Relations Aid;1;ehranamibia;Carousel;2025-12-18;78;2;10866;0.007178;329;48;0;0;2;0;1;0.3273;1;0.3612;1;0;0;1;0;0;0;0;0;0;0;0;1;0;0;Hope;Solution;Donate;Wildlife;English;0
DWiVP96AE8O;Ocean Conservation Namibia;1;oceanconservationnamibia;Image;2026-03-31;249;77;236580;0.001052;139;23;4;0;0;0;1;0.3491;15;0.1398;1;0;1;1;0;0;0;0;1;0;1;0;1;0;0;Mixed;Problem-Solution;None;Wildlife;English;3
DSUkrmxDAR0;Elephant Human Relations Aid;1;ehranamibia;Image;2025-12-16;101;0;10866;0.009295;340;48;0;2;3;0;1;0.2598;0;;1;0;0;0;0;0;0;0;0;0;0;0;1;0;0;Neutral;Problem-Solution;Learn;Wildlife;English;0
DWd6n6mD1JJ;Ocean Conservation Namibia;1;oceanconservationnamibia;Video;2026-03-29;3192;86;236580;0.013492;108;10;5;0;0;0;0;0.2399;15;0.0636;1;0;1;0;0;0;0;0;0;0;0;;;;;Distress;Problem;None;Wildlife;English;3
DWYxBt2jWH0;Ocean Conservation Namibia;1;oceanconservationnamibia;Video;2026-03-27;3301;63;236580;0.013953;119;14;5;0;0;0;0;0.2564;15;0.1754;1;1;1;0;0;0;0;0;0;0;0;0;1;0;0;Mixed;Problem;None;Wildlife;English;3
DQ_hYO8jUi7;Gobabeb Research & Training Centre;2;gobabeb;Carousel;2025-11-13;69;0;1112;0.06205;588;95;1;1;0;0;0;0.2117;0;;1;0;0;1;0;0;0;0;1;0;0;0;1;0;0;Neutral;Solution;None;Research;English;-1
DWWMPeZggaK;Ocean Conservation Namibia;1;oceanconservationnamibia;Video;2026-03-26;3784;87;236580;0.015995;119;12;5;0;0;0;0;0.2226;15;0.0598;1;1;1;0;0;0;0;0;0;0;0;1;1;1;0;Mixed;Problem;None;Wildlife;English;3
DWbV1NRgceI;Ocean Conservation Namibia;1;oceanconservationnamibia;Video;2026-03-28;3368;120;236580;0.014236;98;10;5;0;0;0;0;0.2874;15;0.0879;1;1;1;0;0;0;0;0;0;0;0;0;1;0;0;Distress;Problem;None;Wildlife;English;3
DWjEN2Vk60m;Ocean Conservation Namibia;1;oceanconservationnamibia;Video;2026-03-31;3647;86;236580;0.015416;108;11;5;0;0;0;0;0.2279;15;0.1293;1;1;1;0;0;0;0;0;0;0;0;0;1;0;0;Distress;Problem;None;Wildlife;English;3
DSsJpdCDG-G;Elephant Human Relations Aid;1;ehranamibia;Image;2025-12-25;110;0;10866;0.010123;240;40;0;0;1;0;0;0.2487;0;;1;0;0;0;1;0;0;0;0;0;0;0;0;1;0;Hope;None;None;Community;English;0
DScZSW5jCsp;Elephant Human Relations Aid;1;ehranamibia;Carousel;2025-12-19;86;0;10866;0.007915;1003;144;0;0;0;0;0;0.2865;0;;1;0;0;1;1;0;0;0;0;0;0;0;1;0;0;Hope;Solution;None;Community;English;0
DWgLGvxDPxZ;Ocean Conservation Namibia;1;oceanconservationnamibia;Video;2026-03-30;36371;448;236580;0.153737;104;10;5;0;0;0;0;0.1688;15;0.3458;1;1;1;0;0;0;0;0;0;0;0;0;1;1;0;Distress;Problem;None;Wildlife;English;3
DSPnMuDDPRG;Elephant Human Relations Aid;1;ehranamibia;Carousel;2025-12-14;77;0;10866;0.007086;534;76;0;0;2;1;1;0.3875;0;;1;1;0;1;0;0;0;1;1;0;0;0;1;0;0;Hope;Solution;Donate;Fundraising;English;0
DSkb8crjN7Y;Elephant Human Relations Aid;1;ehranamibia;Image;2025-12-22;161;1;10866;0.014817;133;21;0;0;0;0;1;0.2133;1;0.6124;1;0;0;0;0;0;0;0;0;0;0;0;1;0;0;Hope;None;None;Wildlife;English;0
DSnAE6BjL8j;Elephant Human Relations Aid;1;ehranamibia;Video;2025-12-23;297;9;10866;0.027333;270;44;0;2;2;0;1;0.2353;8;0.2993;1;0;0;0;0;1;0;0;0;0;0;0;1;0;0;Hope;None;Volunteer;Community;English;7
DSpk1urDKtR;Elephant Human Relations Aid;1;ehranamibia;Video;2025-12-24;155;0;10866;0.014265;280;45;0;2;2;0;0;0.293;0;;1;0;0;1;1;0;1;0;0;0;0;0;1;0;0;Hope;Solution;Volunteer;Community;English;0
DQoIZkHDhRS;Harnas Wildlife Foundation;1;harnaswildlifefoundation;Carousel;2025-11-04;75;1;44193;0.001697;721;105;2;0;0;0;0;0.1827;1;0.7906;1;1;0;0;0;0;1;0;0;0;0;0;1;0;0;Hope;Solution;None;Wildlife;English;1
DS4mHSFjKnm;Elephant Human Relations Aid;1;ehranamibia;Carousel;2025-12-30;187;1;10866;0.01721;323;54;0;1;1;0;0;0.2983;1;0.636;1;0;0;0;0;0;0;0;0;0;0;0;0;0;0;Hope;Problem-Solution;Learn;Ecotourism;English;1
DS7R0D8DCQb;Elephant Human Relations Aid;1;ehranamibia;Carousel;2025-12-31;110;0;10866;0.010123;540;84;0;0;3;1;0;0.2749;0;;1;0;0;1;0;0;0;0;0;0;0;0;1;0;0;Hope;None;Learn;Ecotourism;English;1
DVMf89JiGPo;Ministry of Environment Forestry & Tourism;4;ministry_of_environment_nam;Carousel;2026-02-25;22;0;3558;0.006183;1105;160;0;0;0;0;0;0.2345;0;;1;0;0;0;0;0;0;0;1;0;0;0;1;1;0;Neutral;None;None;Policy;English;-1
DVX_zeIiLj_;Ministry of Environment Forestry & Tourism;4;ministry_of_environment_nam;Carousel;2026-03-02;76;0;3558;0.02136;136;23;0;0;0;0;0;0.2714;0;;1;0;0;0;0;0;0;1;0;0;0;0;0;1;0;Neutral;None;None;Policy;English;29
DVYAZe_iKyK;Ministry of Environment Forestry & Tourism;4;ministry_of_environment_nam;Image;2026-03-02;27;0;3558;0.007589;308;45;0;0;0;0;0;0.3287;0;;1;0;0;0;0;0;0;0;0;0;0;0;0;1;0;Neutral;None;Event;Policy;English;-1
DUHugIJCJJQ;Ministry of Environment Forestry & Tourism;4;ministry_of_environment_nam;Carousel;2026-01-30;34;0;3558;0.009556;492;70;0;0;0;0;0;0.2214;0;;1;0;0;1;0;0;0;1;0;0;0;0;1;1;0;Neutral;Solution;None;Policy;English;24
DVO6X1fiLN9;Ministry of Environment Forestry & Tourism;4;ministry_of_environment_nam;Carousel;2026-02-26;53;0;3558;0.014896;731;120;0;0;0;0;0;0.324;0;;1;0;1;0;0;0;1;0;0;0;0;0;0;1;0;Neutral;Problem-Solution;None;Policy;English;30
DVMfs3aCDL-;Ministry of Environment Forestry & Tourism;4;ministry_of_environment_nam;Carousel;2026-02-25;25;0;3558;0.007026;502;66;0;0;0;0;0;0.2687;0;;1;0;0;0;0;0;0;1;0;0;0;0;1;1;0;Neutral;None;None;Policy;English;24
DVRF9_RCMyN;Ministry of Environment Forestry & Tourism;4;ministry_of_environment_nam;Carousel;2026-02-27;20;0;3558;0.005621;463;68;0;0;0;0;0;0.2532;0;;1;0;0;0;0;0;0;1;0;0;0;0;1;0;0;Neutral;None;None;Policy;English;30
DVO6lljjpkF;Ministry of Environment Forestry & Tourism;4;ministry_of_environment_nam;Image;2026-02-26;5;0;3558;0.001405;500;72;0;0;0;0;0;0.2878;0;;1;0;0;0;0;0;0;1;0;0;0;0;0;1;0;Neutral;None;None;Policy;English;29
DWtXeL1ipwh;Ocean Conservation Namibia;1;oceanconservationnamibia;Video;2026-04-04;4620;95;236580;0.019528;107;11;5;0;0;0;0;0.2409;15;0.1289;1;1;1;1;0;0;0;0;0;0;0;0;1;0;0;Hope;Problem-Solution;None;Wildlife;English;3
DUYGVM-iN_6;Ministry of Environment Forestry & Tourism;4;ministry_of_environment_nam;Image;2026-02-05;8;0;3558;0.002248;229;38;0;0;0;0;0;0.349;0;;1;0;1;0;0;0;1;0;0;0;0;0;0;1;0;Neutral;Problem;None;Policy;English;30
DW3qjZfjcDh;Ocean Conservation Namibia;1;oceanconservationnamibia;Video;2026-04-08;4163;71;236580;0.017597;106;10;5;0;0;0;0;0.245;15;0.2891;1;1;1;1;0;0;0;0;0;0;0;0;1;1;0;Mixed;Problem-Solution;None;Wildlife;English;3
DWoNzCxChJd;Ocean Conservation Namibia;1;oceanconservationnamibia;Video;2026-04-02;3651;72;236580;0.015432;104;11;5;0;0;0;0;0.2232;15;0.2097;1;0;1;0;0;0;0;0;0;0;0;0;0;1;0;Distress;Problem;None;Wildlife;English;3
DW8ZEQcGmuw;Ocean Conservation Namibia;1;oceanconservationnamibia;Image;2026-04-10;447;10;236580;0.001889;656;96;5;1;3;0;0;0.321;9;-0.0287;1;0;1;1;1;0;0;1;0;0;0;0;0;1;0;Mixed;Problem-Solution;Learn;Wildlife;English;10
DW1FxNZDbnS;Ocean Conservation Namibia;1;oceanconservationnamibia;Video;2026-04-07;214391;1315;236580;0.906209;105;12;5;0;0;0;0;0.1929;15;0.1451;1;1;1;1;0;0;0;0;0;0;0;0;1;0;0;Hope;Problem-Solution;None;Wildlife;English;3
DW6Pc5tFHYE;Ocean Conservation Namibia;1;oceanconservationnamibia;Video;2026-04-09;3615;61;236580;0.01528;108;11;5;0;0;0;0;0.2074;15;0.1841;1;1;1;1;0;0;0;0;0;0;0;0;1;0;0;Hope;Problem-Solution;None;Wildlife;English;3
DWqyl7vlIzO;Ocean Conservation Namibia;1;oceanconservationnamibia;Video;2026-04-03;3933;76;236580;0.016624;127;13;5;0;0;0;0;0.2963;15;0.0743;1;1;1;1;0;0;0;0;0;0;0;0;1;1;0;Hope;Problem-Solution;None;Wildlife;English;3
DRCT53DAXcY;Gobabeb Research & Training Centre;2;gobabeb;Carousel;2025-11-14;66;1;1112;0.059353;389;55;0;0;0;0;0;0.2983;1;0.8122;1;0;0;0;0;0;0;0;1;0;0;0;0;0;0;Neutral;None;None;Research;English;12
DS1zuecDLC0;Elephant Human Relations Aid;1;ehranamibia;Video;2025-12-29;141;4;10866;0.012976;349;53;0;1;2;0;0;0.2852;4;0.3264;1;0;0;1;0;0;1;0;0;1;0;0;0;0;0;Hope;Problem-Solution;None;Education;English;-1
DRl7hUtgW--;Harnas Wildlife Foundation;1;harnaswildlifefoundation;Image;2025-11-28;107;0;44193;0.002421;115;17;2;0;0;0;0;0.3185;0;;1;0;0;0;0;0;0;0;0;0;0;0;1;0;0;Neutral;None;Learn;Community;English;1
DR9lkQmjMsq;Elephant Human Relations Aid;1;ehranamibia;Carousel;2025-12-07;115;0;10866;0.010583;149;23;0;1;2;0;0;0.2058;0;;1;0;0;0;0;0;0;0;0;0;0;0;1;0;0;Hope;None;None;Wildlife;English;5
DRmBxuCjPTR;Elephant Human Relations Aid;1;ehranamibia;Video;2025-11-28;512;3;10866;0.047119;309;56;0;2;4;0;1;0.2203;3;0.1953;1;0;0;0;0;0;0;0;0;0;0;0;1;0;0;Hope;None;None;Ecotourism;English;1
DRtp4TYlAGG;Harnas Wildlife Foundation;1;harnaswildlifefoundation;Image;2025-12-01;64;0;44193;0.001448;155;22;2;0;1;0;0;0.2707;0;;1;0;0;0;0;0;0;0;0;0;0;;;;;Hope;None;None;Ecotourism;English;1
DSErGl1jPiD;Elephant Human Relations Aid;1;ehranamibia;Image;2025-12-10;228;3;10866;0.020983;763;121;0;1;0;0;0;0.3353;3;0.0729;1;1;0;1;1;0;0;0;0;0;0;0;1;0;0;Mixed;Problem-Solution;None;Wildlife;English;0
DV8HsvgjHW4;Ocean Conservation Namibia;1;oceanconservationnamibia;Video;2026-03-16;5717;190;236580;0.024165;99;10;5;0;0;0;0;0.1965;15;0.2385;1;1;1;1;0;0;0;0;0;0;0;0;1;0;0;Mixed;Problem-Solution;None;Wildlife;English;3
DSKdhqgDD_b;Elephant Human Relations Aid;1;ehranamibia;Carousel;2025-12-12;51;0;10866;0.004694;410;63;0;0;1;0;0;0.2967;0;;1;0;0;1;0;0;1;0;0;1;0;0;0;0;0;Hope;Solution;None;Education;English;-1
DVsocbBDE-3;Ocean Conservation Namibia;1;oceanconservationnamibia;Video;2026-03-10;4530;107;236580;0.019148;112;10;5;0;0;0;0;0.2573;15;0.1328;1;1;1;1;0;0;0;0;0;0;0;0;1;0;0;Mixed;Problem-Solution;None;Wildlife;English;3
DSE1KUcjrcu;Harnas Wildlife Foundation;1;harnaswildlifefoundation;Carousel;2025-12-10;96;0;44193;0.002172;213;30;3;0;2;0;0;0.2394;0;;1;0;0;0;1;0;0;0;0;0;0;0;1;0;0;Hope;None;None;Community;English;9
DV3SrNtD80c;Ocean Conservation Namibia;1;oceanconservationnamibia;Video;2026-03-14;2955;79;236580;0.01249;108;10;5;0;0;0;0;0.1995;15;0.216;1;1;1;0;0;0;0;0;0;0;0;;;;;Distress;Problem;None;Wildlife;English;3
DR4b_cPjF6A;Elephant Human Relations Aid;1;ehranamibia;Carousel;2025-12-05;48;3;10866;0.004417;472;78;0;0;3;1;0;0.4105;3;0.2672;1;0;0;1;0;0;0;1;0;0;0;0;1;1;0;Hope;Solution;Donate;Fundraising;English;0
DV53hf2Eop2;Ocean Conservation Namibia;1;oceanconservationnamibia;Video;2026-03-15;2692;64;236580;0.011379;105;11;5;0;0;0;0;0.2251;15;0.1224;1;1;1;1;0;0;0;0;0;0;0;0;1;0;0;Hope;Problem-Solution;None;Wildlife;English;3
DRR08Jyiog6;Namibia Nature Foundation;1;namibia_nature_foundation;Carousel;2025-11-20;28;1;3532;0.007928;900;124;0;2;2;0;0;0.2523;1;0.6597;1;0;0;1;0;0;0;0;0;0;0;0;0;0;0;Hope;Solution;None;Community;English;33
DSAKbvCjEN5;Elephant Human Relations Aid;1;ehranamibia;Image;2025-12-08;205;5;10866;0.018866;706;101;0;0;2;0;0;0.2404;5;0.2654;1;0;0;1;0;0;0;1;1;0;0;;;;;Hope;Problem-Solution;None;HWC;English;0
DR39HtJgmv4;Harnas Wildlife Foundation;1;harnaswildlifefoundation;Carousel;2025-12-05;204;2;44193;0.004616;93;15;2;0;0;0;0;0.2964;2;0.3294;1;0;0;0;0;0;0;0;0;0;0;0;0;0;0;Hope;None;None;Wildlife;English;1
DWEKr45jLWk;Ocean Conservation Namibia;1;oceanconservationnamibia;Video;2026-03-19;2922;67;236580;0.012351;116;12;5;0;0;0;0;0.258;15;0.2028;1;1;1;1;0;0;0;0;0;0;0;0;1;0;0;Hope;Solution;None;Wildlife;English;3
DRzSbhZDEfq;Elephant Human Relations Aid;1;ehranamibia;Carousel;2025-12-03;207;2;10866;0.01905;780;112;0;0;1;1;0;0.239;2;0.3125;1;0;0;1;0;0;0;0;0;0;0;0;1;1;0;Hope;Solution;Learn;HWC;English;0
DWL5GC_FZ3M;Ocean Conservation Namibia;1;oceanconservationnamibia;Video;2026-03-22;6719;107;236580;0.028401;106;11;5;0;0;0;0;0.2923;15;0.0769;1;1;1;0;0;0;0;0;0;0;0;0;1;0;0;Mixed;Problem-Solution;None;Wildlife;English;3
DW80StjCdhc;Ocean Conservation Namibia;1;oceanconservationnamibia;Video;2026-04-10;1192;34;236580;0.005038;105;11;5;0;0;0;0;0.2287;15;0.2652;1;0;0;0;0;0;0;0;0;0;0;0;1;1;0;Hope;Solution;None;Wildlife;English;3
DV_BFLlAtic;Ocean Conservation Namibia;1;oceanconservationnamibia;Video;2026-03-17;2404;66;236580;0.010161;119;12;5;0;0;0;0;0.2409;15;0.3263;1;1;1;1;0;0;0;0;0;0;0;0;1;0;0;Hope;Problem-Solution;None;Wildlife;English;3
DSE4c6ujAu3;Elephant Human Relations Aid;1;ehranamibia;Carousel;2025-12-10;40;0;10866;0.003681;941;154;0;0;4;0;0;0.2803;0;;1;1;0;1;1;0;0;0;0;1;0;0;0;0;0;Hope;Solution;Event;Community;English;0
DWGc_DrGmla;Ocean Conservation Namibia;1;oceanconservationnamibia;Carousel;2026-03-20;357;8;236580;0.001509;730;102;7;2;0;0;0;0.2927;8;0.1651;1;0;0;0;1;0;0;0;0;0;0;0;0;0;0;Hope;Solution;None;Education;English;10
DR1YTLCDIz2;Harnas Wildlife Foundation;1;harnaswildlifefoundation;Carousel;2025-12-04;515;4;44193;0.011653;471;62;5;0;1;1;0;0.309;4;0.2597;1;0;0;1;0;0;1;0;0;0;0;;;;;Hope;Problem-Solution;Learn;Wildlife;English;31
DWGve9tjlkE;Ocean Conservation Namibia;1;oceanconservationnamibia;Video;2026-03-20;2740;83;236580;0.011582;102;9;5;0;0;0;0;0.2288;15;0.0747;1;1;1;1;0;0;0;0;0;0;0;0;1;0;0;Hope;Problem-Solution;None;Wildlife;English;3
DSkSa6hET9N;Gobabeb Research & Training Centre;2;gobabeb;Carousel;2025-12-22;64;0;1112;0.057554;488;79;0;0;3;0;0;0.2459;0;;1;0;0;0;1;0;0;0;0;0;0;0;0;0;0;Hope;None;None;Community;English;0
DRhQzupjAyP;Elephant Human Relations Aid;1;ehranamibia;Image;2025-11-26;146;2;10866;0.013436;302;48;0;1;3;0;0;0.2829;2;0.3675;1;1;0;0;0;0;0;0;0;0;1;0;1;0;0;Hope;None;Volunteer;Wildlife;English;0
DWOcsnUDIpz;Ocean Conservation Namibia;1;oceanconservationnamibia;Video;2026-03-23;1482;64;236580;0.006264;450;70;9;0;0;0;0;0.2385;15;0.1749;1;0;0;1;0;0;0;0;0;0;0;0;1;0;0;Hope;Problem-Solution;None;Wildlife;English;3
DV8cRb7k5JC;Ocean Conservation Namibia;1;oceanconservationnamibia;Video;2026-03-16;6027;125;236580;0.025476;108;12;5;0;0;0;0;0.2498;15;0.23;1;1;0;0;0;0;0;0;0;0;0;0;1;0;0;Hope;Problem-Solution;None;Wildlife;English;3
DSdJz7fCF4Q;Ministry of Environment Forestry & Tourism;4;ministry_of_environment_nam;Image;2025-12-19;33;0;3558;0.009275;628;90;0;0;0;0;0;0.3493;0;;1;0;0;1;1;0;1;0;0;0;0;;;;;Hope;Solution;None;Community;English;14
DSnBI6rCHzY;Ministry of Environment Forestry & Tourism;4;ministry_of_environment_nam;Carousel;2025-12-23;117;0;3558;0.032884;1193;175;0;0;0;0;0;0.298;0;;1;0;0;1;0;0;0;1;1;0;0;0;1;0;0;Hope;Solution;None;HWC;English;29
DWJUQOwkd-V;Ocean Conservation Namibia;1;oceanconservationnamibia;Video;2026-03-21;2952;67;236580;0.012478;103;11;5;0;0;0;0;0.2427;15;0.0597;1;1;1;1;0;0;0;0;0;0;0;0;1;0;0;Hope;Problem-Solution;None;Wildlife;English;3
DSn2EjJiBve;Ministry of Environment Forestry & Tourism;4;ministry_of_environment_nam;Image;2025-12-23;34;0;3558;0.009556;268;44;0;0;0;0;0;0.332;0;;1;0;0;0;0;0;0;0;0;0;0;;;;;Neutral;Problem;None;Ecotourism;English;29
DSS-iu4jtyt;Ministry of Environment Forestry & Tourism;4;ministry_of_environment_nam;Carousel;2025-12-15;51;0;3558;0.014334;601;89;0;0;0;0;0;0.2231;0;;1;0;0;1;1;0;1;0;0;0;0;0;0;0;0;Hope;Solution;None;Community;English;14
DTQjJL5iIl2;Ministry of Environment Forestry & Tourism;4;ministry_of_environment_nam;Image;2026-01-08;39;0;3558;0.010961;700;96;0;0;0;0;0;0.2249;0;;1;0;0;1;1;0;1;0;0;0;0;0;0;1;0;Hope;Problem-Solution;None;Policy;English;-1
DTzjeUjCAPj;Ministry of Environment Forestry & Tourism;4;ministry_of_environment_nam;Image;2026-01-22;61;0;3558;0.017144;175;26;0;0;0;0;0;0.3189;0;;1;0;0;0;0;0;0;0;0;0;0;0;0;1;0;Neutral;None;Event;Policy;English;6
DTrvR10CNL6;Ministry of Environment Forestry & Tourism;4;ministry_of_environment_nam;Carousel;2026-01-19;90;0;3558;0.025295;950;154;0;0;0;0;0;0.2091;0;;1;0;0;1;1;0;1;0;0;0;0;0;1;0;0;Hope;Problem-Solution;None;Policy;English;-1
DWjhZ4BOz6Q;AfriCat Foundation;1;africat_foundation;Video;2026-03-31;173;3;18529;0.009337;438;61;5;1;1;0;0;0.258;3;0.0;1;0;0;1;0;0;0;0;1;0;0;0;1;0;0;Hope;Solution;None;Research;English;25
DVqBtGKjNAj;Ocean Conservation Namibia;1;oceanconservationnamibia;Video;2026-03-09;6809;133;236580;0.028781;108;11;5;0;0;0;0;0.3003;15;0.1021;1;1;1;1;0;0;0;0;0;0;0;0;1;0;0;Mixed;Problem-Solution;None;Wildlife;English;3
DW9k7GUDah6;Giraffe Conservation Foundation;1;giraffe_conservation;Image;2026-04-10;428;5;46731;0.009159;355;38;14;1;4;0;0;0.278;5;0.1907;1;0;0;0;0;0;0;0;0;0;0;0;1;0;0;Hope;None;None;Wildlife;English;8
DT5hZMKCC1d;Ministry of Environment Forestry & Tourism;4;ministry_of_environment_nam;Image;2026-01-24;60;0;3558;0.016863;0;0;0;0;0;0;0;;0;;1;0;0;0;0;0;0;0;0;0;0;0;0;1;0;Neutral;None;Event;Policy;English;-99
DT_tR4nCL1l;Ministry of Environment Forestry & Tourism;4;ministry_of_environment_nam;Carousel;2026-01-27;24;0;3558;0.006745;1309;188;0;0;0;0;0;0.2534;0;;1;0;1;1;1;0;1;1;0;0;0;0;1;1;0;Mixed;Problem-Solution;None;Policy;English;14
DT5U_tKCLTG;Ministry of Environment Forestry & Tourism;4;ministry_of_environment_nam;Carousel;2026-01-24;41;0;3558;0.011523;564;88;0;0;0;0;0;0.2996;0;;1;0;0;0;1;0;0;1;0;0;0;0;0;0;0;Hope;None;None;Ecotourism;English;-1
DXE-OgWjDbf;AfriCat Foundation;1;africat_foundation;Video;2026-04-13;282;3;18529;0.015219;450;64;5;1;2;0;0;0.2592;3;0.0;1;0;1;1;0;0;0;0;1;0;0;0;1;0;0;Hope;Problem-Solution;None;Research;English;13
DVisU9BDETE;Ocean Conservation Namibia;1;oceanconservationnamibia;Video;2026-03-06;2474;57;236580;0.010457;101;10;5;0;0;0;0;0.2698;15;-0.0646;1;0;1;0;0;0;0;0;0;0;0;0;1;0;0;Distress;Problem;None;Wildlife;English;3
DRmJOstCBKD;Gobabeb Research & Training Centre;2;gobabeb;Image;2025-11-28;43;0;1112;0.038669;0;0;0;0;0;0;0;;0;;1;0;0;0;0;0;0;0;1;0;0;0;0;1;0;Neutral;None;Learn;Research;English;-99
DV0MHPLDsfO;Harnas Wildlife Foundation;1;harnaswildlifefoundation;Carousel;2026-03-13;80;0;44193;0.00181;322;48;3;0;0;0;0;0.3389;0;;1;0;0;1;0;0;0;0;0;0;0;0;1;0;0;Hope;Solution;Volunteer;Ecotourism;English;1
DVlRHoTjUBR;Ocean Conservation Namibia;1;oceanconservationnamibia;Video;2026-03-07;2610;47;236580;0.011032;115;11;5;0;0;0;0;0.2749;15;0.072;1;1;1;1;0;0;0;0;0;0;0;0;1;;0;Hope;Problem-Solution;None;Wildlife;English;3
DUqU3urCOlq;Namibia Nature Foundation;1;namibia_nature_foundation;Video;2026-02-12;67;0;3532;0.018969;740;100;0;2;0;0;0;0.2771;0;;1;0;0;1;1;0;1;0;1;0;0;0;0;0;0;Hope;Problem-Solution;None;Policy;English;-1
DUUz0iRDln7;Harnas Wildlife Foundation;1;harnaswildlifefoundation;Carousel;2026-02-04;120;2;44193;0.002715;263;40;3;0;1;0;1;0.2853;2;0.0;1;0;0;1;0;0;0;0;0;0;0;0;1;0;0;Hope;Solution;Event;Anti-poaching;English;1
DVn1_0tkheU;Ocean Conservation Namibia;1;oceanconservationnamibia;Video;2026-03-08;96264;2059;236580;0.406898;119;13;5;0;0;0;0;0.2519;15;0.1049;1;1;1;1;0;0;1;0;0;0;0;0;1;1;0;Distress;Problem-Solution;None;Wildlife;English;3
DWboxZriOr5;Environmental Investment Fund;6;eif_namibia;Carousel;2026-03-28;16;0;1579;0.010133;1681;230;0;0;0;0;0;0.3226;0;;1;0;0;1;1;0;1;1;0;0;0;0;0;1;0;Hope;Solution;None;Policy;English;14
DQt-tMODDgV;Elephant Human Relations Aid;1;ehranamibia;Image;2025-11-06;97;0;10866;0.008927;302;55;0;0;1;0;1;0.3026;0;;1;0;0;0;0;0;0;0;1;0;1;0;1;0;0;Hope;Solution;None;Research;English;0
DQ9Ck7CiNTM;Elephant Human Relations Aid;1;ehranamibia;Image;2025-11-12;97;0;10866;0.008927;386;61;0;0;1;0;0;0.2949;0;;1;0;0;0;0;0;0;0;1;0;0;0;0;0;0;Neutral;Problem-Solution;None;Wildlife;English;0
DSB_StyiP9N;Ministry of Environment Forestry & Tourism;4;ministry_of_environment_nam;Carousel;2025-12-09;38;1;3558;0.01068;1130;153;0;0;0;0;0;0.2727;1;-0.8015;1;0;1;1;0;0;0;0;0;0;0;0;1;1;0;Neutral;Problem-Solution;None;Policy;English;14
DQ_nfCKDKZ8;Elephant Human Relations Aid;1;ehranamibia;Carousel;2025-11-13;123;2;10866;0.01132;601;90;0;0;3;0;0;0.2765;2;0.0;1;1;1;1;1;0;1;0;0;0;0;0;0;0;0;Mixed;Problem-Solution;Learn;Wildlife;English;0
DRHaAmiDJXM;Elephant Human Relations Aid;1;ehranamibia;Carousel;2025-11-16;98;0;10866;0.009019;168;28;0;1;2;0;0;0.3024;0;;1;0;0;0;0;0;0;0;0;0;0;0;0;0;0;Hope;None;None;Wildlife;English;0
DQrZ7TJDHjS;Elephant Human Relations Aid;1;ehranamibia;Carousel;2025-11-05;288;13;10866;0.026505;754;121;0;0;2;0;0;0.293;0;;1;0;0;1;0;0;0;0;1;0;0;0;1;0;0;Hope;Problem-Solution;None;Research;English;0
DSqGNSaDeGo;Environmental Investment Fund;6;eif_namibia;Image;2025-12-24;5;1;1579;0.003167;318;48;0;0;2;0;0;0.2908;1;0.69;1;0;0;0;0;0;0;0;0;0;0;0;0;1;0;Hope;None;None;Climate;English;14
DQoxtvHiEiB;Ministry of Environment Forestry & Tourism;4;ministry_of_environment_nam;Carousel;2025-11-04;50;0;3558;0.014053;851;106;0;0;0;0;0;0.315;0;;1;0;0;1;0;0;0;0;1;0;0;0;0;1;0;Hope;Solution;None;Research;English;-1
DSHY-RICNI1;Ministry of Environment Forestry & Tourism;4;ministry_of_environment_nam;Carousel;2025-12-11;46;0;3558;0.012929;653;95;0;0;0;0;0;0.3124;0;;1;0;0;0;1;0;0;0;0;0;0;0;0;1;0;Hope;Solution;None;Community;English;14
DRzUzfEiDhG;Ministry of Environment Forestry & Tourism;4;ministry_of_environment_nam;Carousel;2025-12-03;38;0;3558;0.01068;691;102;0;0;0;0;0;0.307;0;;1;0;0;0;0;0;0;1;1;0;0;0;0;1;0;Hope;None;None;Ecotourism;English;-1
DRZYCRciGff;Ministry of Environment Forestry & Tourism;4;ministry_of_environment_nam;Carousel;2025-11-23;39;0;3558;0.010961;1605;228;0;0;0;0;0;0.2499;0;;1;0;1;1;1;0;1;1;0;0;0;0;0;0;0;Hope;Problem-Solution;None;Community;English;33
DRzjbHoCBJj;Ministry of Environment Forestry & Tourism;4;ministry_of_environment_nam;Carousel;2025-12-03;55;0;3558;0.015458;425;67;0;0;0;0;0;0.2209;0;;1;1;1;0;0;0;1;0;0;0;0;0;0;1;0;Distress;Problem;None;Community;English;-1
DUneNtoiFmf;Environmental Investment Fund;6;eif_namibia;Carousel;2026-02-11;21;1;1579;0.0133;193;26;0;0;0;0;0;0.3227;1;0.0;1;0;0;0;0;0;0;0;0;0;0;0;0;1;0;Hope;None;None;Policy;English;6
DWjEaq3iB7e;Ministry of Environment Forestry & Tourism;4;ministry_of_environment_nam;Carousel;2026-03-31;28;0;3558;0.00787;628;88;0;0;0;0;0;0.2705;0;;1;0;0;0;0;0;0;0;0;0;0;0;0;1;0;Neutral;None;None;Policy;English;6
DT16QUUjpHs;Harnas Wildlife Foundation;1;harnaswildlifefoundation;Image;2026-01-23;135;4;44193;0.003055;200;26;2;0;0;0;0;0.3281;4;-0.0383;1;0;0;0;0;0;0;0;0;0;0;0;0;0;0;Neutral;None;None;Ecotourism;English;1
DTw-cDsjg1M;Harnas Wildlife Foundation;1;harnaswildlifefoundation;Image;2026-01-21;182;2;44193;0.004118;221;33;2;0;0;0;0;0.3118;2;0.0;1;1;0;1;0;0;0;0;0;0;0;0;1;0;0;Hope;Problem-Solution;None;Wildlife;English;5
DRCDcjeiPo8;Ministry of Environment Forestry & Tourism;4;ministry_of_environment_nam;Carousel;2025-11-14;34;0;3558;0.009556;1193;170;0;0;0;0;0;0.3168;0;;1;0;1;1;1;0;1;1;0;0;0;0;1;1;0;Mixed;Problem-Solution;None;Policy;English;14
DVbS9aUDhBA;Gobabeb Research & Training Centre;2;gobabeb;Carousel;2026-03-03;50;0;1112;0.044964;103;15;0;0;0;0;0;0.2614;0;;1;0;0;0;0;0;0;0;1;0;0;0;1;0;0;Hope;None;None;Research;English;17
DRM2T3YjOAm;Elephant Human Relations Aid;1;ehranamibia;Image;2025-11-18;178;2;10866;0.016381;145;25;0;0;1;0;1;0.3078;1;0.6588;1;0;0;0;0;0;0;0;0;0;1;0;1;0;0;Neutral;None;None;Wildlife;English;0
DVJYXnKjRBg;AfriCat Foundation;1;africat_foundation;Video;2026-02-24;199;2;18529;0.01074;1482;221;5;1;0;0;0;0.1675;0;;1;1;0;0;0;0;0;0;1;0;0;0;1;0;0;Hope;Problem-Solution;None;Wildlife;English;32
DRpNNWuiEbq;Ministry of Environment Forestry & Tourism;4;ministry_of_environment_nam;Carousel;2025-11-29;37;0;3558;0.010399;911;131;3;0;0;0;0;0.232;0;;1;0;1;1;1;0;1;1;0;0;0;0;0;0;0;Hope;Problem-Solution;None;Community;English;-1
DQ_CaSgikVa;Namibia Nature Foundation;1;namibia_nature_foundation;Carousel;2025-11-13;45;0;3532;0.012741;1216;154;0;2;4;0;0;0.2827;0;;1;0;1;1;0;0;0;1;1;0;0;0;0;0;0;Hope;Problem-Solution;None;Climate;English;14
DWY0epAiNPH;Ministry of Environment Forestry & Tourism;4;ministry_of_environment_nam;Carousel;2026-03-27;49;0;3558;0.013772;403;64;0;0;0;0;0;0.3001;0;;1;0;0;0;1;0;0;0;0;0;0;0;0;0;0;Neutral;None;None;Community;English;8
DQg1hw9iKpD;Gobabeb Research & Training Centre;2;gobabeb;Image;2025-11-01;27;0;1112;0.024281;23;5;0;0;1;0;0;0.2234;0;;1;0;0;0;0;0;0;0;1;0;0;0;0;0;0;Neutral;None;None;Research;English;12
DXEHsmhjlft;Save the Rhino Trust Namibia;1;savetherhinonamibia;Carousel;2026-04-13;33;0;12414;0.002658;513;59;3;1;0;0;0;0.323;0;;1;0;0;1;1;0;0;0;1;1;0;0;1;0;0;Hope;Solution;None;Wildlife;English;5
DS7ycYNDEFD;AfriCat Foundation;1;africat_foundation;Video;2025-12-31;71;1;18529;0.003832;747;110;8;2;1;0;0;0.1648;0;;1;0;0;1;1;0;0;1;1;0;0;0;1;0;0;Hope;Solution;None;Ecotourism;English;13
DVqBEnpiMbf;Ministry of Environment Forestry & Tourism;4;ministry_of_environment_nam;Carousel;2026-03-09;26;0;3558;0.007307;794;108;0;0;0;0;0;0.2622;0;;1;0;0;0;0;0;0;0;0;0;0;0;1;0;0;Neutral;Problem;None;Policy;English;30
DQ1RoI8DCa2;Elephant Human Relations Aid;1;ehranamibia;Video;2025-11-09;151;0;10866;0.013897;464;75;0;1;2;0;0;0.2071;0;;1;1;0;1;0;0;0;0;0;0;0;0;1;0;0;Hope;Problem-Solution;None;HWC;English;0
DT5BcGpDCOg;Elephant Human Relations Aid;1;ehranamibia;Carousel;2026-01-24;80;1;10866;0.007362;446;71;0;0;2;0;1;0.265;1;0.0;1;0;1;1;1;0;0;0;0;0;0;0;0;0;0;Hope;Problem-Solution;Donate;HWC;English;0
DUI6f7uiG8n;Ministry of Environment Forestry & Tourism;4;ministry_of_environment_nam;Carousel;2026-01-30;27;0;3558;0.007589;1202;168;0;0;0;0;0;0.2057;0;;1;0;0;1;0;0;0;1;0;0;0;0;1;0;0;Neutral;Problem-Solution;None;Policy;English;24
DQwlJwfDWbc;Gobabeb Research & Training Centre;2;gobabeb;Carousel;2025-11-07;43;0;1112;0.038669;317;50;0;0;0;0;0;0.2679;0;;1;0;0;0;0;0;0;0;1;0;0;0;0;0;0;Hope;Problem-Solution;None;Wildlife;English;12
DRe4M-aDIWa;Elephant Human Relations Aid;1;ehranamibia;Image;2025-11-25;84;0;10866;0.007731;674;103;0;0;2;0;0;0.2179;0;;1;0;0;1;1;0;0;0;0;0;0;0;1;0;0;Hope;Solution;None;Community;English;0
DWyg-oLjGQN;Ocean Conservation Namibia;1;oceanconservationnamibia;Video;2026-04-06;3234;55;236580;0.01367;103;10;5;0;0;0;1;0.2;15;0.1857;1;1;1;0;0;0;1;0;0;0;0;0;1;0;0;Distress;Problem;None;Wildlife;English;3
DWv8LJvlSEd;Ocean Conservation Namibia;1;oceanconservationnamibia;Video;2026-04-05;5500;106;236580;0.023248;108;11;5;0;0;0;0;0.2528;15;0.134;1;1;1;0;0;0;0;0;0;0;0;0;1;0;0;Distress;Problem;None;Wildlife;English;3
DQoS5CdDHLo;Elephant Human Relations Aid;1;ehranamibia;Carousel;2025-11-04;95;2;10866;0.008743;763;120;0;1;3;0;0;0.283;2;0.0;1;1;1;1;0;0;0;1;0;0;0;0;1;0;0;Hope;Problem-Solution;None;HWC;English;0
DXuVGWBCGa5;Namibia Nature Foundation;1;namibia_nature_foundation;Carousel;2026-04-29;42;0;3532;0.011891;1135;167;0;0;0;0;0;0.284;0;;1;0;0;0;1;0;0;0;0;0;0;0;0;1;0;Hope;None;None;Policy;English;-1
DUhrzlZjphA;Harnas Wildlife Foundation;1;harnaswildlifefoundation;Carousel;2026-02-09;80;0;44193;0.00181;319;42;3;0;1;0;0;0.2802;0;;1;0;0;1;1;0;0;0;0;0;0;0;1;0;0;Hope;Solution;None;Community;English;9
DQ6Ud-djNHm;Elephant Human Relations Aid;1;ehranamibia;Carousel;2025-11-11;186;3;10866;0.017118;277;45;0;1;1;0;1;0.2887;2;0.0;1;0;0;0;1;0;0;0;1;0;0;0;1;0;0;Hope;Solution;Volunteer;HWC;English;0
DSZ41IKiPsl;Ministry of Environment Forestry & Tourism;4;ministry_of_environment_nam;Carousel;2025-12-18;25;0;3558;0.007026;1059;151;0;0;0;0;0;0.2744;0;;1;0;0;1;1;1;1;0;0;0;0;0;0;0;0;Hope;Problem-Solution;None;Community;English;-1
DRwohMGDDYj;Elephant Human Relations Aid;1;ehranamibia;Carousel;2025-12-02;169;5;10866;0.015553;432;73;0;0;4;1;0;0.2612;3;0.2548;1;0;0;0;0;0;0;0;0;0;0;;;;;Hope;None;Event;Ecotourism;English;1
DUDieQziKe2;Ministry of Environment Forestry & Tourism;4;ministry_of_environment_nam;Image;2026-01-28;30;0;3558;0.008432;0;0;0;0;0;0;0;;0;;1;0;0;0;0;0;0;0;0;0;0;0;0;1;0;Neutral;None;None;Ecotourism;English;-99
DRRgrmyjLcD;Elephant Human Relations Aid;1;ehranamibia;Carousel;2025-11-20;146;2;10866;0.013436;411;64;0;1;4;0;1;0.4009;2;0.3294;1;0;0;1;0;0;0;0;0;0;0;0;1;1;0;Hope;Solution;Volunteer;Wildlife;English;0
DS9vxx7jGRU;Elephant Human Relations Aid;1;ehranamibia;Image;2026-01-01;143;2;10866;0.01316;353;60;0;0;1;0;0;0.2931;2;0.4888;1;0;0;0;1;0;0;0;0;0;0;0;1;1;0;Hope;None;None;Community;English;0
DRpNB6jiCEl;Tosco Trust;1;tosconamibia;Carousel;2025-11-29;39;0;2083;0.018723;1225;191;5;0;0;0;0;0.2492;0;;1;0;1;1;1;0;0;1;0;0;0;0;0;0;0;Hope;Problem-Solution;None;Ecotourism;English;-1
