"Post_ID";"Caption_Text"
"DWbxil5DMTW";"Today is the day. Africa joins millions around the world in the Biggest Hour for Earth.  Give one hour back to the planet. Plant.  Restore. Learn. Protect.  #EarthHourAfrica #BiggestHourForEarth #MyHourForEarth"
"DXY7VTPjMrk";"Call for Proposals: Technical Project Coordinator   WWF Namibia invites qualified consultants to support aquifer recharge projects in partnership with the City of Windhoek.  🔹 Assignment: Technical Coordinator (SSDs & MAR) 🔹 Location: Windhoek 🔹 Deadline: 8 May 2026  Proposals to be submitted to: consultancies@wwf.na  We encourage professionals with experience in hydrogeology and water management to apply.  🔗 View the Terms of Reference in our bio  #WWFNamibia #WaterSecurity #Consultancy #NamibiaJobs #ClimateAction"
"DWg1_QPjL0G";"📢 Call for Proposals: External Programme Evaluation WWF Namibia invites qualified independent consultants or consultancy firms to submit proposals for an external evaluation of it’s SDC‑supported conservation and livelihoods programme implemented across the Kavango‑Zambezi Transfrontier Conservation Area (KAZA) in Namibia, Zimbabwe, and Botswana (2022–2025).  🔹 Assignment: External Programme Evaluation 🔹 Geographic scope: Namibia, Zimbabwe & Botswana (KAZA TFCA) 🔹 Estimated start date: 1 May 2026 🔹 Submission deadline: 17 April 2026, 17:00 CAT  📧 Proposals to be submitted to: consultancies@wwf.na  We encourage experienced evaluators with expertise in conservation, livelihoods, and transboundary programmes to apply.  Click on the link in our bio for the full TOR  #ConsultancyOpportunity #ProgrammeEvaluation #KAZA  #evaluationconsultants"
"DXbu79iDCnX";"This World Earth Day, we celebrate the strength and beauty of our planet. 🌍  From open landscapes to thriving ecosystems, Earth gives endlessly with life, balance, and connection. Today reminds us to pause, to appreciate what sustains us, and to live and act in harmony with nature.   When we care for the Earth, we protect the systems that sustain us all."
"DWjdIZtjHgI";"Namibia has officially recognised its first three Other Effective Area‑based Conservation Measures (OECMs), showing that conservation goes beyond protected areas. OECMs are places managed to deliver long‑term biodiversity conservation, even though they are not formally declared protected areas, proving that people and nature can thrive together across working landscapes.  ✅ NamibRand Nature Reserve ✅ ProNamib Nature Reserve ✅ Canyon Nature Park  Together, these sites conserve around 318,480 hectares of land managed for biodiversity.  The certification followed a national validation workshop in Windhoek led by @ministry_of_environment_nam with partners including @namibia_nature_foundation , @mfmrnamibia, WWF Namibia, communal conservancies and others, supporting Namibia’s progress toward the 30 by 30 biodiversity target.  @namib_rand @pro.namib   #WWFNamibia #OECMs #InclusiveConservation #30by30"
"DWbAAoijFTa";"20 years of Earth Hour.🌎🍃  What began as a single lights off moment in Sydney has become a global movement across 190+ countries and territories.  In Africa, Earth Hour has grown into a powerful force for nature. Africa does not just participate in this movement. Africa leads it. This year, go beyond the hour. Give your time.  Take action. Protect nature."
"DWW4P-5CLtE";"ALLIANCE: National Communal Conservancies and Community Forest Alliance Chairperson Thomas Muronga emphasises the importance of unity and collaboration on the second and final day of the National CBNRM Conference in Windhoek.  #CBNRM2026 #ConservationNamibia #CommunityEmpowerment #MEFT #SustainableTourism @wwfnamibia @ccfnam @nacso_namibia1 @namibia_nature_foundation GIZ Namibia @kfw_namibia"
"DWUhj7VjtYE";"PROGRAMME OVERVIEW: Deputy Executive Director for Natural Resources Management Colgar Sikopo provides a programme overview of the National CBNRM Conference’s first day. Sikopo unpacks some of the topical subjects various speakers and presenters addressed during the first day of the two-day conference. The conference convenes various CBNRM partners, including traditional and regional leaders. It concludes tomorrow.   #CBNRM2026 #ConservationNamibia #CommunityEmpowerment #MEFT #SustainableTourism @wwfnamibia @ccfnam @nacso_namibia1 @namibia_nature_foundation GIZ namibia @kfw_namibia"
"DRUGF9ajCli";"The Youth Climate Change Conference 2025 was successfully held from 4–5 November 2025 at the Emirates Hotel in Ondangwa, Oshana Region. The conference was convened under the theme: “Our Climate, Our Responsibility: Namibian Youth on Climate Action.” It brought together a wide and diverse representation, including government ministries, local authorities, academia, development partners, traditional leaders, media, youth leaders, learners, and children, totalling an estimated 157 participants. The event was spearheaded by SOS Children’s Villages Namibia through the Eco-Champions Project, with collaboration from partners and youth-led environmental organisations such as Youth4CAN, NAYORE, Tulonga Foundation, and Wakapinya Environmental Education.  The main objectives of the convening were to: Increase awareness among young people on climate change, its impacts, and their role in mitigation and adaptation, Build capacity through knowledge transfer on climate-smart practices, green entrepreneurship, climate finance, and resilience-building, Strengthen collaboration between youth and key stakeholders, including the Ministry of Environment, Forestry and Tourism, development agencies, academia, and local authorities, Provide a platform for youth-led dialogue, innovation, skills development, and policy advocacy and, Develop actionable commitments from youth and stakeholders towards climate resilience and sustainable development in Namibia. All these were achieved through presentations on various issues affecting youth and the environment, panel discussions, exhibitions to inspire youth to become innovators of ideas and break-out sessions tailored to create dialogues amongst youth on climate change mitigation.   Read more: https://youthforcan.org.na/2025/11/21/youth-climate-change-conference-namibia-2025/"
"DXceVTokb5e";"Our Power, Our Planet. 🌍💪  This Earth Day, the global theme is a reminder that we have the power to protect the ecosystems that sustain us all. As we celebrate the Earth today 🌍, we’re also counting down to World Giraffe Day on 21 June. 🗓️   Protecting the planet isn't a one-day event, it's the work we do every day to ensure all giraffe species have a future. 🦒   How are you using your power for the planet today? 🌿✨  📷 @felixrome_ | @governorscampcollection   #Earthday #earthday2026 #ecosystemprotection #ourpowerourplanet #GiraffeConservationFoundation #Giraffeconservation #WGD2026 #worldgiraffeday #GCF"
"DUxWaDAiHXN";"World Hippo Day 🦛 
 Namibia’s rivers and wetlands are home to one of Africa’s most powerful and fascinating giants: the hippopotamus. Found in river systems like the Kunene, Kavango, Kwando and Zambezi, hippos play a vital role in maintaining healthy aquatic ecosystems. 
 As Namibia continues to champion community-based conservation, protecting hippos also means protecting livelihoods, biodiversity, and the delicate balance of our shared landscapes. 
 Let’s celebrate these incredible water giants and commit to safeguarding the wetlands and rivers they depend on.  
 #WorldHippoDay #NamibiaWildlife #CBNRM #ProtectOurWetlands #CommunityConservation"
"DXbU3-0DCwx";"Today, Youth4CAN stands for the planet 🌍  On this Earth Day, we reaffirm our commitment to climate action, sustainable futures, and youth-led change.   The choices we make today shape the world we inherit tomorrow, so let’s act boldly, think sustainably, and protect what matters most.  #EarthDay #Youth4CAN #ClimateAction #Sustainability"
"DXuf7d6EZeD";"We are proud to highlight our 🤝 ongoing partnership with the Samburu and Isiolo County Governments, the San Diego Zoo Wildlife Alliance and Twiga Walinzi in Kenya.  Such partnerships ensure that data serves a purpose. Our findings provide local managers with the evidence needed to build stronger ecosystem management plans and ensure the reticulated giraffe 🦒 using the landscape are safe. 🌍  #reticulatedgiraffe #conservationpartnerships #samburu #evidencebasedconservation #GiraffeConservationFoundation #Giraffeconservation #GCF"
"DVAe29YCKEl";"World Pangolin Day | 21 February   Today, Namibia joins the world in celebrating one of nature’s most unique and most threatened species: the pangolin. These shy, scale-covered mammals play a vital role in controlling insect populations and maintaining healthy ecosystems.  In Namibia, pangolins face growing threats from illegal wildlife trade and habitat loss.   Protecting them means protecting our biodiversity and supporting the community-led conservation efforts that make our country a global leader in conservation.  Let’s stand together to protect Namibia’s pangolins because when we protect wildlife, we protect our future.🌎  #WorldPangolinDay #ProtectPangolins #NamibiaWildlife #CBNRM #ConservationNamibia"
"DXhn93Tjbxw";"T.G.I.F. - Thank Giraffe It’s Friday! 🙏🦒  The weekend is so close ... we can almost taste it!  📷 @savannaimages - Thank you!  #GiraffeConservationFoundation #Giraffeconservation #giraffelovers #giraffebeauty #thankgiraffeitsfriday #TGIF #GCF"
"DXgfcC4CBh-";"TOURISM: Minister Indileni Daniel on Thursday met with Namibia Tourism Board (NTB) Chairperson Olavi Hamwele to discuss ways to  strengthen the tourism sector.   The meeting discussed how the tourism sector can be developed further to benefit communities through MSME development and strategic partnerships with proper regulations and exploitation of the global market.   The meeting was attended by the Ministry’s Administration, Planning and Tourism Deputy Executive Director Seimy Shidute, NTB Chief Executive Seblon Chicalu and other MEFT senior officials and NTB executives."
"DUx-o2qCL2l";"World Whale Day 🐋  
 Along Namibia’s wild Atlantic coastline, majestic whales grace our waters, a powerful reminder of the richness of our marine heritage. From the nutrient-rich Benguela Current to the shores of Lüderitz and Walvis Bay, these ocean giants are vital to healthy marine ecosystems. 
 As Namibia advances sustainable ocean management and community stewardship, protecting whales means safeguarding biodiversity, supporting eco-tourism, and preserving the beauty of our Blue Economy. 
 Let’s celebrate and protect the gentle giants of our seas. 🇳🇦 
 #WorldWhaleDay #NamibiaCoast #BlueEconomy #ProtectOurOceans #MarineConservation"
"DXmxhmVDVZm";"The future of giraffe conservation is taking flight. 🦒🛸  We recently teamed up with the @namibiandroneacademy  at Etosha Heights to put various drone technologies to the test. Our mission? To determine the most effective way to survey giraffe populations here in the reserve and across Africa.  But we aren't stopping there - stay tuned for more exciting updates later this year! 🛰️"
"DVGf_p2iJ72";"Strengthening community voices for better conservation 🌿  NACSO is hosting a three- day capacity-building workshop focused on understanding key policy frameworks shaping protected areas, wildlife management, forestry, and land governance. The session brings together stakeholders to build shared knowledge, strengthen participation, and advance community rights.  We are pleased to have Lawyer Willem Odendaal facilitating key sessions, providing expert legal insights on the Revised Concession Policy and the Draft Protected Areas & Wildlife Bill.  Together, we empower communities to lead in sustainable natural resource management. 💪🌍  #NACSO #CBNRM #CommunityGovernance #SustainableConservation #Namibia NaturalResourceManagement"
"DXqj3iSiA-v";"BIODIVERSITY: The Ministry’s Wildlife Support Services Control Warden, Richard Fryer, on Monday underscored the importance of wildlife as a critical component of biodiversity, while addressing pupils at Delta Primary School in Windhoek.   Fryer made the remarks during a school environmental club initiative aimed at sensitising learners to the importance of conservation and environmental protection. Pupils took part in activities centred on various wildlife topics, putting their knowledge and observation skills to the test.  The programme is being implemented jointly with the Ministry of Information and Communication Technology, the Ministry of Education and other stakeholders to promote environmental awareness among learners under MEFT’s CEPA strategy."
"DXivehMRBFx";"Love, written in dust and golden light. Nature has always known how to show it."
"DVvS2FYjO4c";"In Namibia’s Bwabwata National Park, members of the Khwe Indigenous Community spend weeks harvesting devil’s claw, a powerful medicinal plant known for its anti-inflammatory properties. For thousands of rural harvesters, it’s more than a plant. It helps pay for school fees, food, health care and more.  With support from @fao and partners, communities are learning sustainable harvesting practices to ensure this valuable resource continues to support livelihoods for generations to come.  Learn more:  https://www.fao.org/newsroom/story/from-savannah-plant-to-global-remedy/en"
"DXhEfFxiKkR";"LEGAL HUB: Minister Indileni Daniel on Friday launched the Sustainable Wildlife Management Programme Legal Hub in Windhoek, describing it as a strategic step forward in strengthening Namibia’s policy and legal framework for sustainable management of natural resources.   The hub is a website containing a collection of policy and legal documents relating to the governance and regulation of natural resources in Namibia. Namibia joins other countries with similar hubs, such as Botswana, Zambia and Zimbabwe, to mention a few.   The online hub is a central repository of information pertaining wildlife management laws that can be a dependable resource for scholars, practitioners, journalists and broader public. It was done in collaboration with FAO Namibia."
"DU2f6MXjhAG";"Kunene is not an easy place. It is vast, rugged and unforgiving. Yet it is here that some of Namibia’s most important conservation work takes place. Save the Rhino Trust Namibia operates deep within this landscape, where skilled local trackers move quietly across riverbeds and mountains, protecting black rhinos through patience, presence and a profound respect for the land.  Photo credit: @marcuswestbergphotography   #SaveTheRhino #KuneneRegion #Namibia"
"DUh5k2lAUk4";"In Namibia’s remote Kunene Region, even dung tells a story!  Save the Rhino Trust Namibia’s trackers read fresh droppings and tracks like a living map, following them across harsh terrain to understand where each rhino moves. These natural clues reveal identity, health and behaviour, quiet but powerful signals that help safeguard one of Africa’s most threatened species. #SaveTheRhino #BlackRhino #Namibia"
"DVIyH5WjD2M";"Did you know WWF has been shaping conservation worldwide for decades?🐼 Now discover our impact in Namibia.  We are launching our new Getting to Know Our Partners in Conservation series, highlighting the organisations helping to protect Namibia’s wildlife, people and natural heritage.  Our first episode is a special Did You Know: WWF Edition.   Tap the link in our bio to watch and explore some of the work we’re doing to protect nature and support communities.  🎥Watch now and subscribe for more partner stories and conservation insights  #WWFNamibia #ConservationNamibia #PartnershipsForNature #CommunityConservation"
"DXtx6MkCJiI";"HAPPY BIRTHDAY: The Minister, Deputy Minister, management and staff extend their felicitations to Executive Director Sikongo Haihambo on his birthday on Wednesday, 29 April. Haihambo serves as Executive Director and Accounting Officer of the Ministry."
"DVYvpYOjOdh";"Dear Friend of Nature!  We are excited to share with you the December 2025-January 2026 edition of the WWF Namibia Newsletter. This edition brings inspiring highlights from across our landscapes, showcasing the dedication, innovation, and passion that continue to drive our conservation work.  From hosting senior staff members from WWF-US, to advancing our Nature-based Solutions initiatives, including tree planting and ecosystem restoration, these efforts demonstrate the strength of our partnerships and much more.  Click on the link in our bio to read more and see how your support is helping drive change."
"DV8qrmUDGoW";"Our Programmes and Partnership Assistant recently represented the organisation at the biennial Tusk Conservation Symposium in Zimbabwe. The symposium brought together over 70 delegates from TUSK project partners across the continent, creating space for knowledge exchange and strengthening networks that support the protection of Africa’s biodiversity.  We applaud the work of Tusk Trust for its longstanding commitment to conservation across the continent and for helping shape the conversation around the welfare and support of our rangers.  #Conservation #SRT #TUSK"
"DVa3opXjgA4";"A footprint in the desert sand. A legacy millions of years old.  This World Wildlife Day, we stand in protecting Namibia’s desert adapted black rhino. Their survival depends on vigilance, partnership and hope.  Together, we keep them roaming free.  Photographer: @marcus westberg  #WorldWildlifeDay #SaveTheRhinoTrust"
"DVF8oQhjpcp";"To reach rhinos in Kunene’s most remote areas, Save the Rhino Trust Namibia uses a Mule Patrol Unit. Combining the speed of horses with the sure-footed endurance of donkeys, these mules carry trackers, binoculars, GPS units, and cameras across rocky passes, gullies, and soft dunes far beyond vehicle access.  As staff say, they have adapted to the desert “like a mule to the desert,” helping rangers follow rhino trails across once-inaccessible wilderness.  Photo credit: @marcuswestbergphotography   #SaveTheRhino #KuneneRegion #Namibia"
"DUP4CreEVt1";"Meet Dicks /Kgao, our driver from the Nyae Nyae Conservancy. Earlier last year, with the support of Save the Rhino Trust, he travelled to South Africa to further his training at a wildlife college.   Here, he shares what rhinos mean to him and his community, reminding us that conservation is deeply personal, rooted in people, place, and heritage.  #SaveTheRhinoTrust #RhinoConservation"
"DWny2u3DoHP";"Real data. Real rangers. Real impact.  In 2023, Save the Rhino Trust (SRT), in partnership with Wadappt, introduced the Rhino Guardianship Certificate, a verified, performance-based approach to conservation funding.  Each certificate is backed by real field data collected by rangers, from rhino sightings to kilometres walked, and linked directly to the individual behind the effort.  For over 40 years, SRT has shown that boots on the ground make the difference. Now, that impact can be measured, verified, and supported.  Explore more and see featured certificates: https://wadappt.io/  Photography: @marcuswestbergphotography   #SaveTheRhinoTrust #GuardianshipCertificate"
"DWBK6wwjrgc";"Dehorning is a proactive way to protect rhinos, reducing the reward for poachers and giving these iconic animals a better chance to survive. Alongside experienced reserve managers and committed rangers, it forms part of a strategic, integrated approach to anti-poaching.  Photo credit: @Marcus Westberg  #SaveTheRhino #RhinoConservation #BlackRhino"
"DVskknKErzC";"For over 25 years, Save the Rhino Trust Namibia has collected vital data on black rhinos across the Kunene, tracking numbers, movements and trends. This information guides every conservation decision and now extends to understanding the human role in protecting these iconic animals.  Photo credit: @marcuswestbergphotography   #SaveTheRhino #BlackRhino #KuneneRegion"
"DXJwT-bjkEW";"Meet Sarah Hartleitner, our newest intern! She’s a third-year student from the University of Applied Sciences Zittau/Görlitz, studying Ecology and Environmental Protection. Over the next five months, she’ll be working on her project in pollination ecology for her bachelor’s thesis. In the second picture, she can be seen presenting her GobaShare, a ‘get to know me’ presentation that forms part of the welcoming process at Gobabeb. We’re excited to have her on the team and look forward to her contributions!"
"DWQnsyXjpjb";"Diceros bicornis. The black rhino’s name tells its story. Diceros comes from the Greek di and ceros, meaning two horns, while bicornis comes from the Latin bi and cornis, also meaning two horns. A name rooted in form, strength and ancient lineage.  In Namibia’s Kunene Region, these remarkable animals have adapted to one of the harshest environments on earth. Desert-adapted black rhinos endure extreme temperatures, survive days without water, and feed on hardy plants that few other mammals can tolerate. They move quietly through open spaces shaped by rock, wind and time.  Photo credit: @Marcus Westberg  #SaveTheRhinoTrust #BlackRhino"
"DWws0QXjeph";"More learners. More impact. 📚🌍✨  The 2025 KEEP Impact Report is here! We’ve broken records for student reach and expanded our programs to be more inclusive than ever. 📈  Nature belongs to everyone. 👉 Click the link 🔗 in our BIO to see how we’re inspiring Namibia’s diverse future conservationists! 🧡  @naturalselectiontravel @aucklandzoo @ministry_of_environment_nam  @wilhelma_stuttgart  @blankparkzoo   #GiraffeConservationFoundation #giraffeconservation #KEEP #KEEPnamibia #environmentaleducation #wildlifeeducation #Impact #Education #SuccessStory #nextgenconservationists #futureleaders #GCF"
"DVX-MaIDs-A";"Shadowed by sky, forged by the wild. The black rhino stands as a symbol of resilience. Photo credit: @marcuswestbergphotography   #SaveTheRhino #BlackRhino #Namibia"
"DU8LQZCDHZD";"#ThrowbackThursday to an amazing field session with the WWF‑US team 🎥📸   We have been gathering stories across Namibia and the wider KAZA landscape, showcasing how communities, conservationists, and partners are working together to protect wildlife and strengthen coexistence with large carnivores.   More powerful stories coming soon! ✨  #KAZA #Coexistence #ConservationInAction"
"DWgEfuPDuiu";"Participatory Rhino Monitoring has been the foundation of Save the Rhino Trust Namibia’s work for more than four decades. Across the Kunene and northern Erongo regions, dedicated tracker teams patrol vast landscapes on foot, supported by vehicle patrols operating from remote field camps.  Pictured: vehicle patrol by @Marcus Westberg  #SaveTheRhino #ParticipatoryMonitoring #BlackRhino"
"DW4bUExGWiB";"They stand tall, and so do we. 🦒💪  The GCF team brings 120+ years of direct on-the-ground experience to the fight for giraffe survival. With operations spanning 21 🌍 African countries, we are working harder than ever to secure a future for all four species of giraffe.  Our efforts extend to: 📍 21 countries of active protection, 📚 with 120+ years of combined expertise 🎯 One Goal: Saving giraffe in the wild.  The silent extinction stops with us. Are you standing with us? 🦒  #GiraffeConservationFoundation #giraffeconservation #combinedefforts #savegiraffe #protectgiraffe #wildlife #standtallforgiraffe #silentextinction #AfricaWildlife #GCF"
"DXMoBOzDnXM";"At Gobabeb, we are committed to developing the skills of young emerging environmental scientists. Vianda Kauzuu, an intern from @nustnamibia , presenting her research proposal on evaluating the effects of solar-distilled grey water on vegetables grown in distinct soil conditions. Her project aligns with Namibia’s Sixth National Development Plan (NDP6), particularly Pillar 3: Environmental Sustainability. In a country as water scarce as Namibia, her research explores innovative solutions by reusing grey water, reducing freshwater demand and using solar distillation, which supports climate-smart agriculture and renewable energy use. If you happen to visit Gobabeb and are interested in her work, feel free to chat with her, she’s always happy to share insights about her project and its importance for farmers facing water scarcity."
"DXWs260ldFZ";"Here at Gobabeb, we value partnership and collaboration. Dr. Stephan Getzin, one of Gobabeb’s research associates, and his team mapped ring formation in the grass species Eragrostis nindensis across numerous study sites in Namibia from 2023-2025, representing the first in-depth investigation of plant ring patterns in the country. Gobabeb continues to provide a platform for both Namibian and international researchers to engage, innovate and contribute to long-term environmental research in the Namib Desert. Link to publication: https://www.sciencedirect.com/science/article/pii/S0140196326000601"
"DWrjZFUDvNu";"T.G.I.F. - Thank Giraffe It’s Friday! 🙏🦒  The ultimate Friday lineup... 🦒🦒🦒 standing tall and looking forward to the weekend!  📷 @meha.kumar_ - Thank you!  #GiraffeConservationFoundation #giraffeconservation #TGIF #thankgiraffeitsfriday #malegiraffe #reticulatedgiraffe #giraffeinthewild #wildlifelovers #naturelovers #giraffelovers #giraffe #GCF"
"DWmZr1-Ewni";"Move over, Beyoncé - the giraffe have arrived! 🦒🎤✨  Scientists previously thought giraffe only made low-frequency hums. But thanks to new ""Ultra-Ear"" tech, we’ve discovered they actually sing complex ""Savannah Sonatas"" to their calves at night! 🌙🎶  📷 @felixrome_ | @governorscampcollection   #GiraffeConservationFoundation #giraffeconservation #SavannahSonatas #WildlifeMusic #NatureDiscovery #AprilFools #GCF"
"DTfkmjZiIqB";"🌍 Exciting Career Opportunity in Conservation & Community Empowerment! 🌱  The NACSO Training Institute (NTI) is seeking a dynamic and experienced Managing Director to lead our team in Windhoek, Namibia.  ✨ What you’ll do: • 	Provide strategic leadership • 	Oversee accredited training programmes • 	Position NTI as a leader in rural development, adult education & community empowerment  👩‍🎓 We’re looking for: • 	Relevant academic background (Social Development, Adult Education, Business Management, Development Studies, Natural Resource Management, or related fields) • 	10+ years’ experience in rural development (5+ in senior management) • 	Strong leadership, stakeholder engagement & fundraising skills • 	Proven expertise in adult education-based training programmes  📅 Closing Date: 2 February 2026, 17:00 📩 Apply via email: applications@nacso.org.na (Subject: NTI MD APPLICATION) 📍 Or hand-deliver to NACSO offices, 7 Rossini Street, Windhoek   🔗 Please share widely within your networks to help us find the right leader! #Conservation #Leadership #CommunityEmpowerment #NamibiaJobs #NTI"
"DTxc-x1iMoN";"We were honoured to host the Community Leaders Network of Southern Africa (CLN) at the CCI Hub last week to welcome their new Executive Director, Mr Norman Rigava. 🎉  📍 Did you know? The CLN Secretariat is based right here! We were thrilled to welcome several CLN board members to our Namibia hub for the first time.  A proud connection: NACSO Director, Maxi Louis, also serves as the Secretary of CLN, strengthening our shared mission. During the visit, the CLN board connected with our incredible partners: 🐾 The dedicated NACSO team 🐾 Mr. John Kasaona, Director of IRDNC 🐾 Dr. Juliane Zeidler, Director of WWF Namibia  This is what the CCI Hub is all about—fostering collaboration and accelerating community-led conservation across the region.  Learn more about CLN’s vital work at the link in our bio! 🔗  Here’s to a year of impact and partnership. 🌍 #CCI_Hub #CommunityConservation #ConservationCollaboration #ProtectNamibia #ProtectSADC #CommunityLed #AfricanConservation #ClockItPose #PartnersInConservation #CLN #Leadership"
"DW4hFLgDm7x";"MEETING: Minister Indileni Daniel met Police Inspector General Joseph Shikongo on Wednesday at the MEFT head office in Windhoek. The two leaders discussed how to improve collaboration between the Ministry and the police on tourist safety, anti-poaching operations and wildlife crime, amongst other issues.  Minister Daniel stressed the importance of collaboration with the police and thanked the Inspector General for the engagement. “This meeting marks the start of further engagements, as operating in silos will not work for us,” she said.  The meeting was attended by MEFT Executive Director Sikongo Haihambo, Wildlife and National Parks Director Bennett Kahuure, Wildlife Support Services Deputy Director Jose Kaumba, and senior police officials, including Police Spokesperson Deputy Commissioner Kauna Shikwambi."
"DRe7J7VjG1W";"NACSO Leadership Training – Day 2 Highlights 🌟  Day 2 focused on Leading Others — strengthening the skills that help leaders inspire, guide, and support their teams.  We kicked off with an energising recap followed by a powerful session on Personal Mastery & Accountability, exploring: ✨ Reflections ✨ The Wheel of Life ✨ Time management & prioritisation ✨ Self-discipline and stress management  The day continued with key leadership competencies, including: 🧠 Decision-making & problem-solving 💰 Managing personal finances – budgeting, financial goals & tax basics 🤝 Conflict resolution – understanding conflict styles, de-escalation, and navigating difficult conversations  The energy stayed high through interactive discussions and a dynamic team activity!  Leaders are made through practice — and today was all about growing together. 💪🌿  #NACSO #LeadershipTraining #CapacityBuilding #LeadingOthers #empoweredcommunitiesconference"
"DRb4AbSDIld";"DAY 1 HIGHLIGHTS — NACSO Leadership Training 🌿  Today marked an inspiring start to the NACSO Leadership Training as participants gathered for a day focused on Leading Self.  The morning kicked off with arrivals, registration and warm welcomes, followed by setting objectives and expectations for the programme.  ✨ Key Sessions Covered:  Self-Awareness: Exploring Johari’s Window, identity compass and personality traits  Team Activity: “River of Life” reflection — understanding personal journeys  Emotional Intelligence: Understanding emotions, moods, triggers and learning how to regulate emotions in high-pressure situations  Leadership Reflections: Understanding the link between leadership and management  The energy was high as participants engaged deeply, shared openly, and connected meaningfully. A powerful beginning to a transformative journey in leadership! 💡🌱  #NACSO #LeadershipTraining #CapacityBuilding #CommunityEmpowerment #LeadingSelf"
"DXHaZrliNMl";"BIOTRADE: Executive Director Sikongo Haihambo today revealed that Namibia’s biotrade sector contributes 4.5% to the national economy, with the country’s Devil’s Claw supplying 90% of the global market. Haihambo made the remarks at the opening of the Access and Benefit Sharing (ABS) Sector Training currently under way in Windhoek. He emphasised the critical role of researchers in implementing the ABS framework, describing them as the first point of contact with Namibia’s biological and genetic resources. He also acknowledged regulators as the guardians of the country’s genetic resources. Additionally, he highlighted the essential role of the media in raising awareness about biopiracy, benefit sharing and community rights relating to genetic and biological resources. The training, which begins today, aims to equip researchers, regulators and media practitioners with knowledge on ABS, and will conclude on 16 April 2026."
"DXCNPQDCMkN";"REVENUE: The Ministry generated N$183 million in entrance and conservation fees from national parks during the 2025-2026 financial year. A further N$109 million was raised from conservancies through joint ventures, concessions and conservation hunting.  Meanwhile, N$4.4 million has been invested in infrastructure development. Staff housing and office facilities at Hardap Game Park, Namutoni, Keetmanshoop and Daan Viljoen Game Park have been renovated. In addition, 183km of fencing in Etosha National Park has been upgraded, while a further 15km and 13km of fencing have been completed in Mahango National Park.  The upgrades are intended to strengthen tourism infrastructure, support conservation and wildlife management, reduce human-wildlife conflict, and promote biodiversity."
"DXMfT__iL4g";"CONGRATULATIONS: The Minister, management and staff congratulate newly appointed Deputy Minister Anselm Marungu on his graduation today, where he received a Diploma in Lifelong Learning and Community Development. The Deputy Minister graduated today from the University of Namibia Rundu Campus. His other qualifications include a Diploma in HIV/AIDS Management, Diploma in Human Resource Management and a Certificate in Training and Development Management.  Photographs contributed"
"DXHih5GiFjt";"PUBLIC NOTICE"
"DXCM5WvCK1G";"ENVIRO-CLUBS: The Ministry’s Deputy Director for Environmental Information and Natural Resources Economics, Olimpio Nhuleipo, highlighted the importance of protecting the environment and natural resources during an engagement with pupils at Sunshine Private School in Windhoek on Friday, as part of the school environmental clubs initiative.  The initiative, run by the Ministry and other stakeholders, is aimed at implementing the Communication, Education and Public Awareness (CEPA) Strategy, which seeks to strengthen awareness around environmental conservation and the sustainable use of natural resources.  Learners were introduced to key topics including trees, wildlife, waste management and environmental stewardship. The Ministry encourages schools to establish environmental clubs to expose learners to the responsibility of protecting the environment at a young age."
"DSJ-pEaCZpG";"Every day we work to ensure that desert-adapted black rhinos continue to roam Namibia’s northwest. Strong community partnerships and sustainable tourism opportunities help people and wildlife move forward together. A thriving rhino population is a symbol of hope for all. #SaveTheRhinoTrust #WildNamibia #SustainableTourism"
"DXOusaviOJN";"MEETING: Hon. Minister Indileni Daniel convened a meeting with the Namibia National Farmers Union and other stakeholders on Wednesday at the MEFT Headquarters in Windhoek to address issues surrounding Human-Wildlife Conflict.  Discussions centred on growing concerns over increasing elephant populations in the northern regions, with farmers reporting widespread crop destruction, damaged fencing, and loss to general infrastructure. Minister Daniel acknowledged these challenges and assured attendees that further engagements will be held to develop sustainable and collaborative solutions moving forward."
"DSRtCbRj9Wv";"Guardians of Namibia’s black rhinos. Save the Rhino Trust Namibia operates across 25,000 km² of unfenced and unprotected wilderness, where community trackers use their deep local knowledge to protect the world’s last free-roaming black rhino population. Long foot patrols take them through rugged terrain where anyone can enter or leave.Their dedication ensures these rhinos have a future.  #SaveTheRhinoTrust #NamibiaRhinos"
"DSJ-qKtlVzK";"Real conservation. Real results. Buy a Rhino Guardianship Certificate and fund the rangers protecting Namibia’s black rhinos.  Get yours at wadappt.io."
"DXcTP6pCFgr";"EARTH DAY: Executive Director Sikongo Haihambo emphasised the importance of tree planting on Wednesday during the commemoration of Earth Day by Standard Bank Namibia in Windhoek.   “In this regard, tree planting stands out as one of the most practical and impactful interventions available to us. Trees play a critical role in combating climate change by absorbing carbon dioxide, improving air quality and regulating local climates,” he said, adding that trees help to restore degraded land and prevent soil erosion, thereby supporting biodiversity.   Haihambo joined Standard Bank executives to plant a seedling among five the Ministry donated during the event."
"DSetnWpEdUz";"Proudly partnering with purpose.  German company Permalast has committed to purchasing two Rhino Guardianship Certificates per employee, per year, directly supporting on-the-ground conservation work in Namibia.  “At PERMALAST, we believe that long-term responsibility goes beyond our products. Supporting Save the Rhino Trust Namibia was a natural decision for us to actively contribute to wildlife conservation and protect what truly matters.”  This is what meaningful corporate conservation support looks like – measurable, long-term and impact-driven.  https://wadappt.io"
"DXLzm_7CPil";"COMMEMORATION: Minister Indileni Daniel joined stakeholders on Wednesday to commemorate the 2026 Environmental Knowledge Day under the theme “Driving Sustainable Impact Through Strategic Partnerships”. The event highlighted the importance of collaboration across government, the private sector and civil society in addressing Namibia’s environmental challenges, with a strong emphasis on partnerships as a driver of sustainable impact.  In line with this, First National Bank Namibia, through the FirstRand Namibia Group, committed N$4 million to the Community Conservation Fund of Namibia to support sustainable financing for conservation and rural development.  Minister Daniel reaffirmed the Ministry’s dedication to advancing Namibia’s environmental and climate resilience agenda, calling for strengthened partnerships, innovation and shared responsibility to secure a sustainable future for all. The event took place in Windhoek and was attended by Environmental Commissioner Timoteus Mufeti and other environmental and conservation stakeholders."
"DXb9mmtiBmy";"STRATEGIC: President Netumbo Nandi-Ndaitwah said aviation is a strategic infrastructure that drives economic growth, facilitates trade and tourism, and connects African economies beyond it being just a mode of transport.   The President said this in a speech delivered on her behalf by Environment, Forestry and Tourism Minister Indileni Daniel on Wednesday morning during the 2026 Aviation Week Africa under way in Windhoek.   She further highlighted the urgent need to strengthen intra-African connectivity, reduce operational costs and move towards coordinated, continent wide solutions through initiatives such as the Single African Air Transport Market.  The event convenes aviation leaders and stakeholders under the theme “Linking Africa” and runs from Wednesday, 22 to 25 April 2026. Namibia wishes to advance its commitment to position itself as a regional gateway and logistics hub."
"DXPSz7wCFzY";"RESPONSIBILITY: Environmental Commisioner Timoteus Mufeti on Friday morning told pupils at St. Barnabas Primary School in Windhoek to take responsibility of their environment and by implication, safeguard their country. He made these remarks as part of the ongoing School Environmental Clubs initiative run by the Ministry and stakeholders to encourage environmental stewardship and create awareness amongst learners.   “Everybody has a responsibility to take care of this country, even you, young people,” Mufeti said.   The Commissioner further stressed the importance of patriotism in protecting the environment for future generations."
"DRPdL0MjNdg";"“Lions of the Skeleton Coast” roars back to Cinema screens in Namibia!   21 Nov - Windhoek exclusive screening 22 Nov - Uibasen Conservacy Office 23 Nov - Erwee Grootberg Primary School 24 Nov - Bersig School 25 Nov - Warmquelle 26 Nov - Purros Concervacy office 29 Nov - Swakopmund - The Dome"
"DXfEn4XjoXB";"Do not miss this, in southern Africa on DSTV - Sunday 26 April 18:45 CAT. Lions of the Skeleton Coast - See the trailer here https://youtu.be/FoX0CNB8Us0?si=Y54bQse8-qcdB8Av"
"DWI5Bgrijl6";"Happy 36th Independence Day Land of the Brave 🇳🇦"
"DQrx5BLD64o";"In September, SRT and Ecowings Namibia covered nearly 1,500 km and 6 flight hours to provide crucial aerial support for ground teams working in the Nyae Nyae Conservancy.   Our mission was to assist the @ministry_of_environment_nam Ministry of Environment and Tourism Namibia  and the Nyae Nyae Conservancy in checking for fence breaks and other challenges within this vast, rugged and remote area (roughly half the size of Wales).  Home to a remarkable diversity of wildlife such as elands, leopards, elephants, zebras, hippos, impalas, and lions, Nyae Nyae is a true wilderness with limited road access, making aerial support vital for effective conservation efforts.  Conservation is only possible through strong partnerships and we extend our heartfelt thanks to Ministry of Environment & Tourism Namibia , the Nyae Nyae Conservancy and our funding partners for making this operation a success - Namibian Chamber of Environment,  Ministry of Environment and Tourism Namibia,  Wilderness, Venture Media, RMB Namibia and CYMOT.  🤝Here’s to many more collaborative missions safeguarding Namibia’s incredible biodiversity🤝  #wilderness #venturemedia #namibiachamberofenvitonment #cymot #rmbnamibia"
"DWoX4BUCpCZ";"The Bird of the Month for April issssssss....   The majestic Lappet-faced Vulture! Endangered but incredible... Read to find out more about them 🙃"
"DWlbimAChbY";"Our April lineup is HERE!   It's a new month. We hope it brings you new joy and another opportunity to be environmental stewards. Above are the events for the month.   We're bringing back writing competitions. Let's dust off the pens and voice our opinions!  Finally, we hope to see you in person as we clean our streets and celebrate Earth Day.  Voerentoe!"
"DWLzna6im7B";"NYCE celebrates World Water Day💧 22 March.  Not all wealth is seen, sometimes it flows. 🌊 Value water, preserve life!"
"DRJmoBPDER3";"🌿 Day 1 of the CBNRM Technical Workshop 2025 has begun! 📸🌿  The workshop commenced today  with powerful opening remarks from NACSO Director Maxi Pia Louis. She set a productive tone, underscoring the essential role of partnerships in improving governance, sustainability, and long-term benefits for our conservancies and community forests.  Here’s to a collaborative and insightful three days!  Stay tuned for more updates 📸  #protectnamibia #NaturalResourcesManagement #ConservationNamibia #SustainableCommunities"
"DWYsdYrCvaE";"Voucher winners!   We are pleased to officially announce the winners of our National Survey giveaway.  We would like to extend our sincere gratitude to everyone who participated. The level of support and enthusiasm we received was truly overwhelming and deeply appreciated.  Congratulations to all the winners! We look forward to sharing the responses. It's time for Namibian voices to be heard and you were all loud!  Thank you once again for being part of this initiative.   Namibian Youth Chamber of Environment (NYCE)"
"DWOYeqICgEF";"Today we celebrate World Meteorological Day.  Weather and climate are often taken for granted until something goes wrong. This reminds us how critical the information we rely on is to plan, prepare and respond, especially in a country where rainfall and temperature shifts can shape entire seasons"
"DWV5l8TCp7a";"NYCE celebrates World Climate Day.  Climate change is already shaping our environment and daily lives. It brings attention to its impacts and the need to act, through how we use energy, manage waste and make everyday choices.  What we do now matters. Do better!"
"DQmoSzej7Cs";"Our donkey team has been working tirelessly to seek out missing rhinos🤝  In September the team was sent on a mission to find a cow and calf in a remote ephemeral riverbed.  Within a few days news came back to base camp that they had succeeded – cow and calf are safe.  The two had moved off further down the river after good rains earlier this year have ensured plentiful food and water.   Several of the larger seasonal rivers in our north-west landscape still have pools of water, close to 9 months after the rains.  Abundant water makes our trackers’ jobs more difficult as rhinos move towards more remote areas.   Thank goodness our Donkey team can reach even the most well hidden rhinos – well done colleagues🥳🥳🥳"
"DRKRMspjOJr";"🎯 Day 1 of the CBNRM Technical Workshop is a wrap! 🎯  The energy was high as participants delved into focused group sessions. Together, they mapped out the key strengths, weaknesses, and opportunities in conservancy and community forest management.  These dynamic discussions have set a powerful foundation for the work ahead, driving us toward stronger, community-led systems across Namibia.  The energy is high as stakeholders work together toward sustainable and resilient CBNRM structures. 💬🤝🌱  #ProtectNamibia #CBNRM #ConservationNamibia #SustainableCommunities"
"DQmVJK-ji6U";"Donkey team, monitoring rhino in north-west Namiabi💪"
"DRPZSnICLAt";"CBNRM Technical Workshop Concludes Successfully! ✨  After three impactful days of rich discussions, learning, and collaboration, the Community-Based Natural Resource Management (CBNRM) Technical Workshop has officially come to a close.  From governance and financial management, to natural resource protection, wildlife crime, mining impacts, and human-wildlife conflict management — stakeholders engaged deeply on strengthening Namibia’s conservancies and community forests.  💬 Key highlights included: • Open and solution-driven dialogue • Strengthening management and governance structures • Sharing practical experiences from the field • Reinforcing partnerships among MEFT, NACSO members, conservancies, and community forests • A strong commitment to improving CBNRM implementation going forward  The workshop ended with a renewed sense of purpose, strengthened networks, and a collective drive to enhance sustainable natural resource management for communities across Namibia.  🌿 Together, we move forward, stronger, informed and unified for conservation.  Photo credits @namibia_nature_foundation   #CBNRM #CommunityForestry#Conservencies"
"DXJOpNMFqRt";"Recently, the Epukiro community came together with a shared purpose. Cleaning up the local dumping ground and taking pride in their environment.  Following the clean-up, the community was treated to a warm meal and received donations from the Lifeline Clinic, a small gesture of appreciation for a big effort.  Through initiatives like these, the Naankuse Foundation continues to support and uplift the Epukiro community, working hand in hand towards a cleaner, healthier future. #Naankuse #Epukiro"
"DXwfTUBjkcO";"Want to catch up with Dr. Laurie Marker (@drlauriemarker) in person? The founder and executive director of Cheetah Conservation Fund (CCF) is touring the United States right now! Over the next few days, Dr. Marker will be in Michigan and California, appearing at public events to talk about cheetah conservation!   To learn more, visit cheetah.org/get-involved/ccf-events  #cheetah #cheetahconservation #wildlifeconservation #conservation #ccfcheetah"
"DQ8u1Tdjfxy";""
"DW1KVyzCmTL";"NYCE's partner MakeOkahaoGreen Initiative through The Village Boy's Garden and Okahao Town Council now have a get-to-know-us pamphlet.   Contact details are provided for any form of contribution or collaboration opportunities.   @letsmakeokahaotowngreen  @the.village_boy  @okahaotowncouncil"
"DQvufAaFCLQ";""
"DROvNLoDNmc";"Over three days, key conservation stakeholders, including @ministry_of_environment_nam , conservancies, community forests, NGOs, researchers, and development partners, gathered in Windhoek to reflect on the past, assess the present, and shape the future of Namibia’s Community-Based Natural Resource Management #CBNRM programme.  The workshop unpacked several critical themes, including: 🔹 Governance and accountability within conservancies and community forests 🔹 Strengthening benefit-sharing and improving financial management systems 🔹 Enhancing tourism, concession, and joint-venture frameworks 🔹 Addressing human–wildlife conflict through community-led solutions 🔹 Modernising CBNRM data systems such as CONINFO, SMART, and digital monitoring tools 🔹 OECMs, landscape-level management, and transboundary conservation 🔹 Mining and land-use challenges in community conservation areas 🔹 Capacity building and accreditation through the NACSO Training Institute  These discussions were essential in charting a stronger, more accountable, and more resilient future for community conservation, ensuring that Namibia’s world-renowned CBNRM programme continues to deliver meaningful social, ecological, and economic benefits."
"DQoIHPqDDxC";"📌 Prioritizing Wellness at Work  Last week, we held a follow-up session to provide feedback to staff who took part in a health screening during Wellness Week.   The aim? To help everyone better understand their  results and encourage positive lifestyle changes for improved health and wellbeing. 💪  #WorkplaceWellness #HealthyLiving  #EmployeeCare"
"DW9k8REk6pa";"It’s the final episode of Groen Namibië 🌿✨ — and we’re celebrating our favourite furry friends… the playful chacma baboons 🐒💛  At the Naankuse Foundation, these lively little characters keep us on our toes! But behind all the fun is a world of dedication, care, and complex management that might surprise you.  Join Rudie, Marlice, and a troop of mischievous rascals for a truly heartwarming adventure you won’t want to miss 🥰  📺 Sunday, 12 April ⏰ 20:30 📡 kykNET (DStv channel 144)  www.naankuse.com #naankuse #naankusefoundation #baboons #conservation #kyknet #groennamibië"
"DW-3Ni3gdfG";"A heartfelt thank you to Andrea Merz and her incredible support network for their generous donation of beautifully hand-knitted jerseys, socks, and beanies for the babies and children of Epukiro.  These were lovingly created over many months by Nelly and Therese, whose time, care, and dedication will bring warmth and comfort to so many little ones at the Lifeline Clinic and within the community.  From all of us at the Naankuse Foundation and the Epukiro community, thank you for making such a meaningful difference."
"DRC9C5yCNUK";"Conservation is not possible without strong partnerships.🤝  We’d like to thank Ministry of Environment & Tourism and the Nyae Nyae conservancy for joining us during the operation. We hope it was the first of many to come in the future.  #collaboration #savetherhinotrustnamibia #Partnership #conservation"
"DRNXF-BgS9b";"Earlier this month, our team set out to find a rhino that had not been seen for some time. With the help of a Piper Super Cub – an aircraft perfectly suited for low, slow and careful flying we took to the sky. Thanks to excellent air-to-ground communication using radios funded by the @namibia_nature_foundation Namibia Nature Foundation (NNF) , we located the animal just 30 minutes after take-off. Our ground team Jason and Epson once again proved why boots on the ground and skilled foot-tracking techniques remain irreplaceable in the work we do.   Now that we know this rhino is alive and well, we are focusing our patrol efforts on poaching hot-spot areas, especially after the heartbreaking loss of a cow and calf to poachers in October.  An eye in the sky played a key role in this successful search. Random aerial patrols not only help us locate rhinos faster, but also act as a deterrent to poachers and improve our reaction time. A huge thank you to Save the Rhino International for providing the funding to build this new capacity within SRT, and to all the supporters and funders who are contributing to our new air wing.   Special thanks to David Francis and his Super Cub for professional airmanship and some unforgettable views!  #savetherhinotrust #conservation #savetherhinointernational #namibianaturefoundation"
"DXxKLyiGcYl";"We’re thrilled to share another exciting update from our Livestock Guarding Dog (LGD) program in Namibia! In early April, Dionne, welcomed a beautiful litter of puppies! The three puppies – one male and two females – are thriving. While it was a small litter, Dionne has gone above and beyond by adopting and nurturing Koda’s tiny runt puppy to help give the future canine guardian the best possible start (the lighter colored pup is Koda’s).   Even though this was a small litter, Dionne’s pups are HUGE! At just three weeks old, they’re nearly as heavy as Koda’s five week old puppies! Clearly, they didn’t get the memo about growing slowly! At this stage, their eyes are open and their personalities are starting to shine. They have started the weaning process with mashed food. Each puppy has been given a uniquely colored collar to help track their growth and individual care.   This new generation represents another step forward in our mission to support farmers and promote coexistence between humans and wildlife in Namibia. These puppies may be small now, but they have an important role ahead of them. A huge thank you to Modesta, Simone, our dedicated interns, and the entire team at the Model Farm for their ongoing care and commitment to these special puppies! Stay tuned for more updates as they grow!   Want to learn more? Visit cheetah.org  #dogs #puppies #workingdogs #livestockguardiandog #ccfcheetah"
"DXGjtBPFtcW";"At the Lifeline Clinic in Epukiro, up to 120 meals are served during each feeding session, ensuring that babies and children receive the nourishment they need to grow and thrive.  But it doesn’t stop there. Every child is also monitored for signs of malnutrition, allowing early intervention and ongoing support where it matters most.  This vital work is made possible through the generous support of Namib Mills, who donate the pasta and maize meal that help feed our community.  Thank you for helping us nourish young lives and support healthier futures. #Naankuse #LifelineClinic"
"DXEY-ltlqzA";"Weekly Teacher Spotlight!  My name is Helena Frans. I was born and raised in Iishanaputa Uukolonkadhi, a small village in the Omusati region. I started my schooling at Iishanaputa Combined School from Grade 1 to 10, and completed my secondary education (Grade 11–12) at Mwaala High School.  Due to financial challenges, my parents could no longer afford for me to continue my studies. I stayed at home and began searching for work. In 2021, my uncle called me from the north to come stay with his daughter at Naankuse Lodge.   In 2023, a daycare was opened on the farm for all the babies, and I continued working as a house helper for my uncle. I didn’t give up.   A few months later, a vacancy for a school cleaner opened at Naankuse Primary School. I submitted my CV, and within a week, I was told I could start the following Monday. That’s where my journey truly began in 2023.   I didn’t stop at cleaning, I also helped in the daycare, assisted teachers with marking learners’ test papers, and supported learners with their homework. In October 2024, during a meeting with our boss, Mrs. Marlice van Vuuren, we were asked where we see ourselves in five years.  I shared my dream of becoming a teacher. My colleagues supported me because they had seen my passion and dedication, especially how I worked with learners and assisted in the Grade 1 class. As of June 2025, I was appointed as a Grade 0 & 1 Class Assistant.   In January 2026, I began my role as a pre-primary teacher. In February 2026, I joined Alison online learning and earned two certificates in Early Childhood Development.   I still dream of studying further and becoming a graduate. I believe my skills, dedication, and willingness to learn make me a strong future leader. I am proud of my journey and excited to keep growing with the Naankuse family.  Stories like Helena’s are made possible through support and opportunity. If you would like to help us continue investing in education and changing lives, you can support the Naankuse Foundation Schools here: https://naankusefoundation.salsalabs.org/naankuseprimaryschool0/index.html"
"DWn1ukqCqP6";"Our essay writing competition STARTS NOW!  We are a few years away from 2030. We'd like to know what you think about the progress we've made as a country thus far. Focus on two to three Sustainable Development Goals of your choice, and don't forget to use examples from your community.   All the best!  ----------------------------------- Brought to you by Namibian Youth Chamber of Environment (NYCE)"
"DXO2wrHFpDS";"Our learners and community members gathered in quiet reflection as they awaited the passing procession of the late Governor James Uerikua.  A moment of unity, remembrance, and respect. Our thoughts are with the family, friends, and all those whose lives he touched. #Namibia"
"DXbYa58lhWu";"Small spotted genets 💛  Adorable, a little feisty, and ready for their next chapter in the wild.  At N/a’an ku sê, we often welcome these beautiful creatures after they’ve been orphaned or rescued from conflict situations. After spending time in rehabilitation at our Wildlife Sanctuary, they get a second chance at life where they truly belong — in the wild.  On Saturday, 11 April 2026, four of our furry friends took that big step. Carefully sedated, with two fitted with VHF tracking collars, and safely transported to Neuras Wine and Wildlife Estate — a perfect place to call home.  For now, they’ll settle into a soft-release camp, giving them time to adjust to their new surroundings. And soon… complete freedom. 🌿✨"
"DXWIgNFloaI";"We recently had the pleasure of hosting a film crew from Germany’s RTL Television, who visited to capture the impactful work of the Naankuse Foundation.  The feature highlights the incredible conservation and community efforts taking place on the ground, as well as the vision and dedication of our co-founder, Marlice van Vuuren.  We are proud to share our story on an international platform and to showcase the meaningful work being done to protect wildlife and support communities across Namibia.  #Naankuse"
"DXMHXGjlv3g";"A little colour goes a long way 💛  Volunteers at the Lifeline Clinic have brightened up the nursery, transforming the children’s check-up room into a colourful and welcoming space.  It may seem like a small change, but for the little ones who walk through these doors, it makes all the difference. A space that feels safe, warm, and a little less intimidating.  With the support of the Naankuse Foundation, it’s the small touches like these that help create a more caring environment for every child. #Naankuse #lifelineclinicallaboratory"
"DVwU7pzDM_m";"Home sweet home! 🇦🇴🦒✨  We are thrilled to share that the Angolan giraffe 🦒 reintroduced to Iona National Park are thriving! Post-translocation monitoring shows that the groups moved in 2023 and 2024 have settled in well and are healthy and strong. 👏💪  This success is a testament to the power of collaboration and dedicated long-term monitoring. By following the science and staying committed to the landscape, we are giving these giraffe a second chance in a place where they belong. 🌍🌿  A huge thank you to our partners for making this dream a reality. The future of Iona is looking taller every day! 🦒🧡 @africanparksnetwork @inbac_oficial   #GiraffeConservationFoundation #ionanationalpark #angolangiraffe #successstories #successfultranslocations #wildlifetranslocations #healthyhabitats #GCF"
"DV6oG8iDJKi";"Where science meets the savannah. 🌿🔬🦒  Our team recently traveled to Skukuza in Kruger National Park for the 2026 Savanna Science Network Meeting! It was an incredible opportunity to present GCF’s work to over 220 fellow researchers and conservationists. 🇿🇦  What did we talk about? ✅ Management strategies for Southern giraffe ✅ Cutting-edge advances in Conservation Technology 🛰️ ✅ The power of pan-African collaboration  We came away with new ideas and new partners, all dedicated to one goal: a future for all giraffe. 🦒🧡 @sanparks   #GiraffeConservationFoundation #giraffeconservation #VoiceForGiraffe #SavannaScience #KrugerNP #ConservationLeadership #ScientificCollaboration #SouthAfrica #StandTall #GCF"
"DVomlnGjA8A";"It takes a village... especially when you’re a giraffe! 🦒🤝  Captured on camera: a rare moment ✨ of allosuckling. This happens when a lactating female allows a calf that isn't her own to nurse. 🥛  While giraffe ""creches"" (basically a wild daycare!) are common, seeing two calves suckling from the same female at once is a special treat. It’s not a case of twins, but rather a display of incredible maternal cooperation within the herd. 🤱🌿  Nature's bonds are deeper than we often realize. Isn't this marvelous? 🧡  #GiraffeConservationFoundation #allosuckling #allosucklingbehaviour #giraffebehaviour #maternalcooperation #giraffeherds #giraffesocialunits #GCF"
"DWHgHlgj4h3";"T.G.I.F. - Thank Giraffe It’s Friday! 🦒🙏  We’re bringing you triple the cuteness to lead you into the weekend. Check out those fluffy ossicones! 😍  📷 @felixrome_ - Thank you!  #GiraffeConservationFoundation #giraffebeauty #TGIF #thankgiraffeitsfriday #giraffecalves #naturelovers #giraffelove #affectionategiraffe #giraffe #GCF"
"DWCWeXDDvpY";"The DNA of a giant. 🦒🧬✨  Did you know that our research, based on more than 1,000 tissue samples collected across Africa, has completely rewritten the history of giraffe? 🌍  By unravelling the complexities of their genetics, we’ve moved beyond guesswork. These findings are the blueprint for our conservation strategies, helping us protect all four species with integrity and precision. 🩺🦒  Science is our guide, but your support is our fuel. Help us expand our impact and continue leading the way for giraffe conservation across 20+ countries. 🚀💪  Click the link in our BIO to support GCF! 🔗🧡  #GiraffeConservationFoundation #giraffeconservation #giraffegenetics #standtallforgiraffe #highlevelscience #sciencebasedconservation #giraffeDNA #fourgiraffespecies #wildlifeconservation #GCF"
"DWUYKewCPZI";"Giraffe on the move! 🦒🌍  In a surprising discovery, our latest research in Uganda 🇺🇬 and Chad 🇹🇩 has revealed that Nubian and Kordofan giraffe 🦒 exhibit seasonal migratory patterns. Mapping their movements with our partner, the Global Initiative on Ungulate Migration, shows giraffe traveling up to 60 km to find refuge from flooding and locate the best forage. 📈  The recovery of giraffe and their movement patterns in Murchison Falls and the Greater Zakouma Ecosystem is a powerful testament to what happens when we invest in long-term conservation. While habitat loss and human impacts remain challenges, the ability of giraffe to roam across these connected landscapes gives us great hope for their future. 🌅  👉 Read the full story of this ""silent recovery"" via the link 🔗 in our BIO!  @uwauganda @africanparksnetwork @cms.migratory.species   #GiraffeConservation #WildlifeMigration #Africa #ConservationSuccess #NubianGiraffe #KordofanGiraffe #GiraffeConservationFoundation #giraffemovmentpatterns #wildlifemovement #connectedlandscapes #conservationefforts #monitoringgiraffe #GCF"
"DV1ejcrjD4w";"T.G.I.F. - Thank Giraffe It’s Friday! 🙏🦒  The weekend vibes are extra affectionate, 🌟 spreading the love, giraffe style.  📷  @pjarquek - Thank you!  #GiraffeConservationFoundation #giraffebeauty #TGIF #thankgiraffeitsfriday #giraffes #weekendvibes #giraffelove #affectionategiraffe #giraffe #GCF"
"DWZhpaAj9mI";"T.G.I.F. - Thank Giraffe It’s Friday! 🙏🦒  The weekend is near! 🌟   📷 @felixrome_ - Thank you!  #GiraffeConservationFoundation #giraffebeauty #giraffewalking #nature #wildlife #giraffepattern #giraffe #giraffelovers #TGIF #thankgiraffeitsfriday #GCF"
"DWMpye-jTwn";"When your science lesson gets a 18-foot-tall surprise guest... 🦒😲  The 2026 KEEP season is off to a flying start! We’ve already spent time with over 500 incredible students from across the Khomas Region, exploring everything from tiny insects to the vast water cycle. 🧪🐜  This curious giraffe seemed particularly interested in our field activities. There’s no better way to learn about wildlife than having the subject matter walk right up to your ""classroom!"" 🎓✨  We’re proud to provide these young explorers with a day they’ll never forget. 🧡🌵 @naturalselectiontravel  @aucklandzoo @ministry_of_environment_nam  @wilhelma_stuttgart  @blankparkzoo   #GiraffeConservationFoundation #environmentaleducation #KEEP #wildlifeeducation #wildlife #giraffeconservation #giraffeeducation #fieldtrips #engageconservationists #youngconservationists #GCF"
"DR2Pq0aDO16";"Wildlife Conservation Day - Okonjima | Namibia 🇳🇦   Wildlife Conservation Day on 4 December highlights global pressures on wildlife and the need for science-based conservation. At Okonjima and through the AfriCat Foundation, these priorities guide daily work. Long-term leopard and brown hyaena research provides essential data on population trends, movement and behaviour, supporting species protection in Namibia.   Monitoring also strengthens national efforts against illegal wildlife trade by identifying conflict drivers and vulnerability points. Okonjima’s 22,000-hectare reserve safeguards intact habitat and ecological connectivity, while its community-focused operations demonstrate how private landholders contribute to national conservation goals, from research and sustainable tourism to long-term habitat protection.  #africat #research #okonjima #wildlifeconservation #namibia   ____  © @pascal__ok | @riccoseebach"
"DSpvIk3DMXZ";"AfriCat Team Collars two more Brown Hyena 🎉  Two new brown hyena, a male and a female, have been successfully collared at Okonjima Nature Reserve, expanding AfriCat's long-term study on brown hyena ecology and social structure. The collaring was led by the AfriCat Research Team, with veterinary assistance from Dr. Gernot Redecker from the @windhoek_animal_hospital. Both individuals, estimated to be around three years old, were fitted with LoRa GPS collars designed to collect fine-scale spatial data while minimising disturbance to the animals.  Okonjima supports a naturally high density of brown hyena, as first described by Edwards et al. (2020) in ""Socioecology of a high-density brown hyaena population within an enclosed reserve. ""This density provides a unique opportunity to study how individuals share space and resources within an enclosed environment.  One of AfriCat's key research objectives is to better understand brown hyena social structure particularly the interactions that define a ""clan"" and how such groupings function within a high-density population.   While brown hyena are largely solitary foragers, they maintain loose social associations through overlapping home ranges, scent marking, and communal den use. The addition of these two collared individuals also allows AfriCat to examine whether their home ranges and foraging patterns overlap with those of previously studied hyena, contributing valuable comparative data to the long-term dataset.  Each new data point strengthens AfriCat's understanding of brown hyena ecology and advances our knowledge of this often-overlooked carnivore and its complex, nocturnal society.  #africat #research #brownhyena #hyena #conservation"
"DXe7m2rEo4m";"Let’s go on safari! Experience Namibia’s stunning landscapes and incredible wildlife on a one-of-a-kind trip supporting cheetah conservation!   Join us from October 29 to November 8, 2026 (10 nights/11 days) for a journey through Namibia escorted by an experienced guide and a Cheetah Conservation Fund (CCF) team member. The trip will showcase iconic destinations across Namibia, including the towering dunes of Sossusvlei, wildlife-rich Etosha National Park, and the coastal town of Swakopmund, culminating with a three night stay at Cheetah View Ecolodge at Cheetah Conservation Fund!   A private vehicle is provided throughout the trip - and the price includes all accommodations, tours and transfers. Space is limited – reserve your spot today!   To learn more about the trip, check out the new blog!  https://cheetah.org/ccf-blog/ccf-in-namibia/experience-namibia-conservation-safari/  #travel #namibia #explore #conservation #ccfcheetah"
"DXr5rGXmV5m";"3..2..1 🐆 The Cheetah Fit Challenge is back for 2026! The virtual fitness challenge runs from June 1-15, and you can join from any place on earth! Run, walk, bike or paddle all to support cheetah conservation!   Ready to turn your fitness goals into a win for wildlife? Early bird registration is open until May 12 -- be sure to sign up early for a 20% discount at the Cheetah Fit Store!   ➡ cheetahconservationfund.myshopify.com/collections/cheetah-fit-2026  🐾 Ready to join the challenge? Visit cheetah.org/events/cheetah-fit-challenge-2026/  #cheetah #cheetahconservation #wildlifeconservation #bigcats #ccfcheetah"
"DWqKBa7j5v4";"Even in the wild, the excitement for Easter is real 🐾 Happy Easter from the N/a’an ku sê family."
"DW3oE3qFjbF";"Internationally acclaimed actor Hakeem Kae-Kazim, known for his roles in Hotel Rwanda and Black Sails, recently traded film sets for the raw beauty of Namibia during a visit to N/a’an ku sê Lodge.  Hosted by conservationist Marlice van Vuuren, his experience went far beyond wildlife viewing.  From an unforgettable cheetah experience to a sunset game drive across the reserve, he experienced Namibia in its purest form. But more importantly, he stepped into the story behind it all.  Through the work of the Naankuse Foundation, he explored the vital connection between conservation, community upliftment, and wildlife protection, including a closer look at the Foundation’s anti-poaching canine unit.  For a storyteller dedicated to elevating African narratives, this was more than a visit. It was a shared purpose.  As Namibia continues to grow its presence on the global stage, moments like these help amplify the country’s story, where wildlife, people, and purpose come together in powerful ways. #Naankuse #Namibia"
"DWjZfpulh0r";"African wild dogs are one of Africa’s most endangered predators — and without intervention, they face extinction.  At Naankuse Foundation, we’re changing that story.  On 27 March, our team carried out a high-stakes conservation mission across TimBila Nature Reserve and Erindi Private Game Reserve — moving wild dogs, introducing new bloodlines, and rebuilding fragile populations.  Because survival isn’t just about saving animals. It’s about strengthening them.  With expert care from Dr. Rudie van Vuuren and a dedicated veterinary team, these dogs were safely darted, flown, and reintroduced — each step designed to give them a real chance at life in the wild.  It’s complex. It’s risky. It’s necessary.  And it works.  Every move brings us closer to a future where African wild dogs roam free again — stronger, healthier, and no longer on the brink.  Be part of the mission. Support conservation that saves lives.   #Naankuse #ConservationInAction"
"DSVJ6XUDP5G";"Predator Above, Scavenger Below: The Balance of Hunger and Hierarchy   Within the Okonjima Nature Reserve, interactions between these two species are increasingly documented, providing valuable insight into how these carnivores coexist. During an evening game drive, Khaleesi, a collared adult female leopard, was observed feeding in an Acacia tortillas tree. While she fed, an unidentified brown hyena approached, pausing beneath the tree for approximately twenty minutes while maintaining visual focus on the feeding leopard. Khaleesi remained largely indifferent, continuing to feed as the hyena waited below. A typical predator–scavenger interaction pattern regularly noted within the reserve.   Such encounters reflect broader ecological processes known as intraguild dynamics between sympatric carnivores, which simply means how different meat-eating species sharing the same environment interact, compete, and adapt to one another. Research from Namibia, Botswana, and South Africa has shown that leopards and brown hyenas overlap spatially and temporally more than expected, suggesting complex behavioural strategies that allow coexistence. For leopards, hoisting prey into trees represents an adaptive behaviour to reduce kleptoparasitism. For brown hyenas, prolonged vigilance and scavenging opportunism allow efficient resource use without direct confrontation.   As AfriCat’s brown hyena research expands, a key objective is to document these interspecific interactions to better understand the balance between competition and coexistence. Continued monitoring will help assess whether brown hyena activity influences leopard prey access, cub survival, or resource distribution within the reserve. These questions are essential for understanding long-term ecosystem stability and carnivore population dynamics at Okonjima.   #africat #okonjima #research #leopard #conservation #wildlifeencounters"
"DWZose4CUA7";"🚨💨 It’s Episode 11 of Groen Namibië — and things are moving FAST!  Step into the high-stakes world of the N/a’an ku sê Foundation’s Rapid Response Unit, where every second counts. This adrenaline-filled episode follows conservation power duo Rudie and Marlice as they take on an extraordinary mission… releasing a cheetah back into the wild — a truly rare and unforgettable moment. 🐆✨  Don’t miss the action! 📺 Sunday, 29 March ⏰ 20:30 📡 kykNET (DStv channel 144)  www.naankuse.com #naankuse #naankusefoundation #kyknet #groennamibie #conservation   Get ready for heart-racing conservation like you’ve never seen before."
"DWs8j4KATCm";"At Kanaan Desert Retreat, 30mm of rain has fallen across the dry landscape, offering much-needed respite from the harsh, arid conditions.  This rainfall provides temporary relief and a moment of ease in an otherwise unforgiving environment.  In the desert, every drop counts. #Naankuse #KanaanDesertRetreat"
"DS2oMpeDIjB";"Leopard & Brown Hyena 🤯  Encounters between leopard and brown hyena are seldom observed in the wild, given both species’ largely solitary and nocturnal nature.   At Okonjima Nature Reserve, however, such interactions are documented with increasing frequency, offering valuable insight into how these two carnivores coexist.  #africat #research #leopard #hyena #conservation #okonjima   ____  © @pascal__ok"
"DVeTWHdlzyU";"Beating the heat ☀️, giraffe style. 🦒🌿  With their large bodies exposed to intense solar radiation, giraffe have to be smart about how they spend their energy. During the peak of the African heat, the landscape becomes their best tool for survival. 🌡️  By strategically moving between forage and shelter, giraffe use shade for thermoregulation. This behavioural adaptation is a key piece of the puzzle in how they persist in warming environments across the continent. 🌍✨  Healthy habitats mean plenty of shade. By protecting these landscapes, we’re ensuring giraffe have the resources they need to keep their cool. 🦒💪  #GiraffeConservationFoundation #giraffebehaviour #giraffe #activitypatterns #beattheheat #landscapemovement #giraffeadaptations #aridenvironments #GCF"
"DTGPqHUjOPo";"Protected Habitat Funded entirely by Tourism  The Okonjima Nature Reserve was created to secure protected habitat for wildlife, funded entirely through tourism.  It provides a rare opportunity to study wildlife in a well-protected, enclosed ecosystem over long timeframes.  AfriCat’s research within the Reserve helps assess how enclosed protected areas contribute to conservation, how species coexist, and how management decisions affect long-term ecological health.  What we learn here contributes to conservation thinking far beyond Okonjima.  #africat #okonjima #leopard #ConservationScience #WildlifeResearch  ____  © @pascal__ok"
"DW6aWEHllsp";"We are looking for an experienced IT Manager to join our team at Head Office in Windhoek.  This is more than just an IT role. You will play a key part in supporting the digital systems that power our conservation, tourism, and community initiatives across Namibia.  If you are passionate about technology, problem-solving, and making a real impact, this is your opportunity to be part of a purpose-driven organisation.  Closing date: 21 April 2026 Apply here: https://shorturl.at/RCrHm For more info: https://www.naankuse.org/careers"
"DU-bZq3inWr";"Have you heard of the Sandhof Lily?  It is our Plant of the Month and one of Namibia's rare desert surprises.  This remarkable flower only appears after good rains, rising from the soil with elegant white to pale pink petals that transform the landscape almost overnight.   Read more to discover what makes it so unique."
"DUtYO6nDaS4";"T.G.I.F. - Thank Giraffe It’s Friday! 🙏🦒  Friday mood: looking good, feeling free. ✨  📷  @mlorentz23 | @safarious - Thank you!  #GiraffeConservationFoundation #giraffe #giraffelovers #nature #giraffebeauty #fridaymood #TGIF #thankgiraffeitsfriday #GCF"
"DWn5r-flixF";"From survival to strength. 🦁  These desert-adapted lions once faced the harsh reality of extreme drought and human-wildlife conflict. Severely emaciated and close to starvation, their future was uncertain.  Through the efforts of the Naankuse Foundation, they were safely translocated, rehabilitated, and given the care they needed to recover.  Today, they roam freely across the 35,000-hectare TimBila Nature Reserve, restored to full strength and thriving in a protected environment.  This is why we call TimBila the place of second chances.  📸 Photo credit: TimBila volunteer, Jordi  #Naankuse #TimBila"
"DWa0GEIgUev";"🚨 We’re Hiring! 🚨  Naankuse is on the lookout for a dynamic, self-driven Sales Representative to join our team!  If you’re energetic, creative, detail-oriented, and ready to represent a diverse group of brands to both local and international audiences — this could be your next big move.  Ready to take on the challenge? 👉 Apply now and learn more: https://www.naankuse.org/careers  #naankuse #naankusefoundation #conservation #careeropportunity #careersuccess"
"DXpWrXrDEJt";"A behind-the-scenes look at the Cheetah Rescue and Conservation Centre (CRCC) in Somaliland. Since 2023, the CRCC has been the primary intake point for cheetahs rescued from the illegal wildlife trade in Somaliland. Today, the CRCC is home to rescued cheetahs of all ages, from young cubs to seniors. These two cubs are the CRCC’s most recent arrivals - confiscated from wildlife traffickers in late March, thanks to collaborative efforts of Somaliland’s Ministry of Environment and Climate Change (MoECC) and the Cheetah Conservation Fund (CCF).  Want to learn more? Visit cheetah.org   #cheetah #cheetahsofinstagram #cats #wildliferehab #ccfcheetah"
"DW5xIWgllJY";"Two babies. Two critical moments. One urgent need. 👶🏽  At the Lifeline Clinic in Epukiro, volunteer doctors Dr. Annie Hollis and Dr. Chris Sefton are seeing first-hand how fragile life can be in the earliest moments.  One baby was born prematurely in the back of a truck during a 90-minute journey to hospital at 1am. His mother was critically ill. On arrival, he was rushed into care and placed on breathing support. Today, both mother and baby are in ICU and recovering.  Another, baby Christina, was born after an emergency call from a rural village 22km away. She arrived in poor condition, struggling to breathe. With limited equipment, a small team worked quickly to stabilise her using the only tools available. She is now recovering well.  These are not isolated cases.  They highlight a reality. Many delivery rooms are not equipped for even the most basic neonatal resuscitation. Sometimes, babies are born without something as simple as a towel to receive them.  Through the efforts of the Naankuse Foundation and the Lifeline Clinic, that is starting to change.  With the right equipment and training, more lives can be saved. Simple items like breathing support bags, masks, towels, and hats can mean the difference between life and loss.  You can help us change this. Support the Lifeline Clinic and help give every newborn a fighting chance: https://naankusefoundation.salsalabs.org/lifelineclinic/index.html #Naankuse #LifelineClinic"
"DU_ZzNqDJmc";"T.G.I.F. - Thank Giraffe It’s Friday! 🙏🦒  Just hanging around, waiting for the weekend to arrive. 🌟  📷  @mlorentz23 | @safarious - Thank you!  #GiraffeConservationFoundation #giraffebeauty #TGIF #thankgiraffeitsfriday #naturelovers #wildlife #giraffelovers #giraffe #giraffecalf #giraffes #nature #GCF"
"DVMRx8yCMbB";"950+ unique stories. 📊✨  At Etosha Heights Private Reserve, Namibia 🇳🇦, we are filling the gaps in our knowledge of how Angolan giraffe 🦒 use the land outside national park boundaries.  Since 2022, we’ve identified nearly a thousand individual giraffe, helping us understand their movement and survival across a mixed landscape of protected and private land. In a world where wildlife doesn’t recognize borders, this data is critical for the future of conservation across Africa. 🌍  Understanding their needs helps us protect their future. 💪 @naturalselectiontravel @ministry_of_environment_nam @nustnamibia @unam_na   #GiraffeConservationFoundation #etosha #uniquegiraffe #giraffemonitoring #angolangiraffe #wildlifeconservation #transboundarywildlife #protectedareas #giraffe #giraffeconservation #GCF"
"DWrjZUMCXX9";"🐾 Cat and mouse… but make it Namibian wilderness chaos 😄  This Sunday on Groen: Namibië, Rudie, Marlice, and the N/a’an ku sê team are out here playing a real-life game of cat and mouse… except the “mouse” is a brown hyena 👀Or are the humans the mice?   Spoiler: the animals are NOT here to make it easy. Expect suspense, laughs, and humans questioning their life choices while wildlife casually steals the show.  Don’t miss the wildest episode yet — where nature reminds us who’s really in charge 🐾  📺 Sunday, 5 April ⏰ 20:30 📡 kykNET (DStv channel 144)  www.naankuse.com #naankuse #naankusefoundation #kyknet #conservation #hyenas #groennamibië"
"DVRbYULjY8q";"T.G.I.F. - Thank Giraffe It’s Friday! 🙏🦒  If this doesn’t scream Friday, we don’t know what does...  📷  @mlorentz23 | @safarious - Thank you!  #GiraffeConservationFoundation #giraffebeauty #TGIF #thankgiraffeitsfriday #naturelovers #wildlife #giraffelovers #giraffe #giraffes #nature #GCF"
"DVjc9hvjaPy";"T.G.I.F. - Thank Giraffe It’s Friday! 🙏🦒  Spotting the weekend from a mile away. 🌟  📷  @bobbyjophotography - Thank you!  #GiraffeConservationFoundation #giraffebeauty #TGIF #thankgiraffeitsfriday #naturelovers #wildlife #giraffelovers #giraffe #wildlifebeauty #malegiraffe #nature #GCF"
"DXZhne-jWEN";"Snapshots of the most recent rescue in Somaliland. These two cheetah cubs were confiscated from traffickers in late March, thanks to the collaborative efforts of Cheetah Conservation Fund (CCF) and Somaliland’s Ministry of Environment and Climate Change (MoECC). An emergency team was mobilized to pick up the cubs in the northeastern part of the country and transport them to the Cheetah Rescue and Conservation Centre (CRCC) in Geed-Deeble. The tiny cubs were stabilized by the team at the CRCC and are being rehabilitated – and over the last few weeks, they have been growing fast!   Want to learn more? Visit cheetah.org   #cheetah #cheetahsofinstagram #cheetahconservation #wildliferehab #ccfcheetah"
"DVa5zYsCm_O";"World Wildlife Day!  The world is in chaos, with so much uncertainty, but for our wildlife, we pause!   May today, and every other day remind us of the value of wildlife. So, go out there and hug a tree, listen to chirping birds or simply immerse yourself in the natural beauty around you 😁"
"DSAiXtljEJ3";"AfriCat Pangolin Research Project   With an ever-expanding population of monitored individuals, APRP is uniquely positioned to investigate the physiology, ecology, and behaviour of pangolins within a wild, free-ranging population. Our research strategy is designed to capture the full scale of biological complexity, from genetic structure to landscape-level movement patterns.   #africat #research #pangolin #conservation #endangeredspecies   ____  © @pascal__ok"
"DVWk_9XDbv8";"From the GCF Nature Workbook to national recognition! 🦒🎨✨  In Kenya 🇰🇪, our collaboration with the @wildlifeclubsofkenya_  is bringing conservation to life for thousands of students. At Lake Nakuru National Park, young learners are getting hands-on experience and learning how to protect the endangered Nubian giraffe. 🌍  We are so proud of the students whose giraffe-themed mural recently made national headlines! Their creativity is a powerful voice for conservation.  With 10,400+ learners reached so far, we are just getting started. Together, we stand tall for giraffe! 🦒💪  #GiraffeConservationFoundation #VoiceForGiraffe #environmentaleducation #youngconservationists #wildlifeeducation #wildlifeclubsofkenya #nubiangiraffe #natureworkbooks #wildlifeconservation #conservatioenducation #GCF"
"DTQXoYHDNgM";"It Takes a Village 😮‍💨  AfriCat has a small team on the ground. Day to day our time is spent on data collection within the Okonjima Nature Reserve.  #africat #research #namibia #conservation #leopard #wildlifeconservation   ___  © @pascal__ok"
"DVEjcvgj1xY";"Seeing is believing. 🦒✨  By studying the largest dataset of giraffe skulls 🦴ever assembled - 515 in total - our research has confirmed that there are indeed four distinct 🦒 species of giraffe.  Using 3D scanning, we’ve mapped out the striking differences in how these species grow and develop. This data is a vital piece of the puzzle in our mission to protect giraffe across Africa. 🌍  The coolest part? We are turning these scans into 3D-printable models! 🖨️🦒 Now, anyone can hold a piece of giraffe anatomy and learn about these giants firsthand.  Science + Creativity = Impact. 🧡  #GiraffeConservationFoundation #skullstudy #giraffeskull #giraffemorphology #wildlifemorphology #wildlifeanatomy #giraffespecies #cranialdifferences #dimorphisminwildlfie #girafferesearchstudy #GCF"
"DU6QOvFk9xX";"Big impact. Huge scale. 🌍🦒  GCF is proud to be a voice for giraffe, but our mission reaches even further. By training 32 wildlife veterinarians from 14 African countries, we are building the future of conservation on the ground. 🩺🌿  The result? These professionals now support over 550,000 sq km of African 🌍wilderness. That is roughly the size of France, or California and Florida combined! 🇫🇷✨  We believe in the power of collaboration and the courage to invest in the next generation. Together, we are making a measurable difference for giraffe and the landscapes they call home.  @unam_na @naturalselectiontravel @kenyawildlifeservice @tawiri_tanzania @tanapa @tawa_tanzania @zcp_zambia @ngorongoro_insights @savingrwandawildlife @ministry_of_environment_nam @ewca_eth @bewildaid @mozwildlifealliance @ugwildlife @africanparksnetwork @thewcs @frankfurt.zoological.society @mkwc_ke   #GiraffeConservationFoundation #VoiceForGiraffe #ConservationImpact #WildlifeVet #Africa #Standtallforgiraffe #CapacityBuilding #ImpactReporting #conservationefforts #conservationcollaboration #GCF"
"DXuRr8pGfJ_";"CheetahTV is back today with an all new episode! This week, host Brian Badger is joined by Fiesta Warinwa and Brian Jones for a discussion of community conservation in Somaliland – and the pioneering development of the country’s first communal conservancies.   The new episode - Empowering Somaliland: Pioneering Community Conservancies - premieres today at 1 PM EST on Youtube!   To watch the premiere – and catch up on past episodes - visit youtube.com/ccfcheetah   #conservation #communityconservation #biodiversity #cheetah #ccfcheetah"
"DViTTw0CueE";"Bird of the Month. The Trumpeter Hornbill.   Here's a bird we hope you get to see at least once. Found almost exclusively in the far north east.  We hope you learn more about the wonderful birds found in our borders. To do so, read above.   Till next time, Cheers!"
"DXca0cil6Mk";"Happy Earth Day! Today, we’re celebrating the natural world- and the solutions helping to protect the planet’s biodiversity!   Here are five ways you can help to keep cheetahs in the wild:  1. Raise awareness: help spread the word about the threats facing wild cheetahs  2. Support rescue and rehabilitation: sponsor one of the cheetahs rescued from the illegal wildlife trade  3. Join the Cheetah Fit Challenge: sign up for the virtual fitness challenge supporting cheetah conservation (running from June 1-15)  4. Promote coexistence: support initiatives helping humans and wild predators share the landscape, like Livestock Guarding Dogs (LGDs)  5. Become a volunteer: explore opportunities to use your skills and background to contribute to frontline conservation programs   Want to learn? Visit cheetah.org   #earthday #conservation #cheetah #biodiversity #ccfcheetah"
"DXVdVqvGBrZ";"We are excited to share another wonderful update from our Livestock Guarding Dog (LGD) program in Namibia –  more puppies!   A few weeks ago, Koda welcomed a beautiful litter of nine healthy puppies – five males and four females. These puppies represent the next generation of hardworking canine guardians, helping to reduce human-wildlife conflict and support coexistence between farmers and wildlife.   Now, at nearly three weeks old, the puppies are thriving under the care of the team at Cheetah Conservation Fund (CCF). The pups are growing fast, exploring their surroundings, and beginning the weaning process. Each puppy has been fitted with a colored collar, so the team can monitor their individual progress.   We’re incredibly proud of the new litter – and look forward to the important role they will play in the future on farms across Namibia, protecting livestock and keeping cheetahs in the wild. We’ll share more updates soon, as the puppies continue to grow!   Want to learn more? Visit cheetah.org  #dogs #puppies #workingdogs #livestockguardingdog #ccfcheetah"
"DSFsknpDGEy";"Data Collection Method: EPICOLLECT  Using the EpiCollect mobile app, researchers can record field data directly on their smartphones including GPS coordinates, photos, videos, and custom form entries, even in remote areas without internet access. This makes it ideal for field ecologists to collect metadata and field observations of their study site.   Once connected, data syncs automatically to a central, web-based project database, where it can be viewed, mapped, and downloaded in real time for analysis. This seamless integration between mobile and web allows multiple contributors, standardises data collection, and visualise results instantly across global study sites.   EpiCollect has transformed how researchers link smartphones to web applications, enabling faster, more reliable, and collaborative science in the field.  #africat #research #namibia #leopard #pangolin #wildlifeconservation #hyenas"
"DVtL7Z1Cgjg";"ALERT 🚨   As promised, we have our first expert information session this Friday!  Join us for an exciting and insightful webinar with the Namibian Foundation for the Conservation of Seabirds (NAMCOB) as we explore NAMCOB, its roles, and the life of young seabird rangers living on an island protecting Namibia’s seabirds.  Date: Friday, 13 March Time: 11:00 AM – 1:00 PM (Africa/Windhoek)  Google Meet: link: https://meet.google.com/tjx-zdmr-pet  We look forward to seeing you there, as always it's open to everyone 😁🧡🌊"
"DVtRIKfigl2";"Ladies and gentlemen, we present to you the Bronze a.k.a African Penguin members 🥉   NYCE members earn points by organising or participating in environmental activities in their regions. Points are then tallied and members receive various awards as per the NYCE points system.   Well done enviro lovers, keep the fire burning!   More information on NYCE membership and its benefits are available on our website at youth.conservationnamibia.com"
"DWnyV1Wls37";"At Epukiro, knowledge is being shared where it matters most. Doctors from the UK, Dr. Annie Hollis and Dr. Christopher Sefton, recently led a Neonatal Life Support (NLS) training for both Lifeline Clinic and state clinic staff.  By equipping local healthcare workers with critical lifesaving skills, this training goes far beyond a single moment. It strengthens an entire community’s ability to care for its newest and most vulnerable members.  We are incredibly grateful for their dedication, expertise, and the impact they continue to make at Lifeline Clinic.  Because every life deserves a strong start. #Naankuse #MakingADifference"
"DWcGfdLjB95";"At the Naankuse Lifeline Clinic, our care goes far beyond free medical treatment for the San communities of Namibia’s Omaheke Region 💛  Here, we work hand in hand with the community—fighting malnutrition, reaching remote areas through regular outreach, supporting housing initiatives, and so much more. Every effort matters, from the biggest projects to the smallest acts of kindness.  Because sometimes, what seems like a small gesture can change everything ✨  Recently, our clinic team gifted much-needed spectacles to elderly community members—and the joy on their faces says it all. (And of course, the youngsters couldn’t resist joining in on the excitement too!)  www.naankuse.com #naankuse #naankusefoundation #lifelineclinic #healthcare #HealthcareAfrica"
"DVgLvVmipRs";"Check out our March lineup and join us! 😁"
"DV1elZ8D0VV";"🚨 Episode 9 of Groen: Namibië is coming in strong! 🌿🐾  This week, we take you behind the scenes of the Naankuse Foundation’s anti-poaching efforts — where courage, dedication, and some seriously impressive K9 heroes take center stage.  These highly trained dogs don’t just track and protect… they climb trees too! 🌳🐕  It’s an action-packed episode you won’t want to miss.  📺 Sunday, 15 March ⏰ 20:30 📍 DStv kykNET (Channel 144)  Get ready for an unforgettable look at the frontline of conservation in Namibia. 🌍💚  www.naankuse.com #naankuse #naankusefoundation #GROEN #kyknet #conservation #antipoaching #antipoachingdogs"
"DT-JQYiimAB";"As we celebrate #worldenvironmentaleducationday and #worldcleanenergyday,  here are some cool Namibian facts you might not know:  1. Namib Desert is 80 million years old — one of the oldest deserts in the world!  2. Home to the largest free-roaming cheetah population (~3,000).  3. Dragon’s Breath Cave hides the largest underground lake in the world  4. First nation in the world to include environmental protection in its constitution.  5. Namibia produces more solar power because it basks in intense and consistent sunlight all year round. We saw it fit to celebrate our newest member organisation @rural_power_solutions_na for being a powerful example of harnessing solar energy."
"DUX_wPFCgIs";"Bird of the Month: the Rosy-faced Lovebird   This February, as love is in the air 🤭 we’re shining a spotlight on these playful, colourful parrots. Always in pairs or small flocks, they craft clever nests, travel longer distances for water and show us the magic of teamwork and togetherness.  Rosy-faced Lovebirds are not endangered, they are nature’s little helpers, as they help with seed dispersal and keeping ecosystems healthy. Celebrating thriving species reminds us that protecting wildlife is not just about the rare, it is about cherishing all the birds that make our world brighter.  Let’s take inspiration from these lovebirds, give a little care and maybe find your own love along the way 😏💚"
"DT98qQrCBCZ";"#worldwetlandsday reminds us that wetlands are not just beautiful landscapes, they are lifelines for people, birds, and biodiversity. Join us for a guided walk in Windhoek and Swakopmund as we explore the importance of wetlands and migratory birds, guided by passionate and experienced birding and conservation experts. From local wetlands to global flyways, this is an opportunity to connect with nature, learn, and celebrate the ecosystems that quietly sustain us all. Spaces are limited, so be sure to register early. We look forward to walking, learning, and celebrating wetlands with you."
"DWMpxKqjnAZ";"A heartfelt thank you to Namib Mills 💛  Your continued support as Namibia’s leading supplier of staple foods helps the Naankuse Foundation make a real difference in people’s lives every single day.  Through regular feeding sessions at the Lifeline Clinic, thousands of nutritious meals are provided each month — also giving our team the opportunity to monitor and support babies and children facing malnutrition.  Your impact reaches far beyond the plate… and it truly means the world to us — and to the communities we serve.  www.naankuse.com #naankuse #naankusefoundation #malnutrition #healthcare #feedingwithlove #namibmillls"
"DUQylVEiPWw";"Happy #WorldWetlandsDay,   We celebrate this special day with guided wetland walks in Windhoek and Swakopmund, aimed to raising awareness about the critical role wetlands play in supporting biodiversity, climate resilience, and migratory bird species.  These guided walks have been made possible through the CREAF Project, supported by the International Climate Initiative (IKI) of the Federal Government of Germany. A special thank you to our partners the Namibia Bird Club and the @namyouthchamber"
"DV9M4tnAc73";"A true lifeline in the heart of Namibia’s Omaheke Region. ❤️  At the Naankuse Lifeline Clinic, healthcare goes far beyond the clinic walls. Every day, our dedicated team supports the San communities of the region—bringing compassion, care, and vital treatment to those who need it most.  Because for many families living in remote areas, reaching a clinic isn’t always possible. That’s why our outreach teams travel the extra miles, ensuring no one is left behind.  During a recent outreach visit to Donkerbos, more than 100 patients received medical care—a powerful reminder of what commitment and community can achieve together.  Moments like these show what a true lifeline looks like. 💛  www.naankuse.com #naankuse #naankusefoundation #lifelineclinic #healthcare #primaryhealthcare #outreach"
"DV4Db60iEI4";"🏐 They did it! Our Naankuse team are champions in our eyes! 🏐  Last weekend, an incredible Naankuse squad took on one of Windhoek’s biggest volleyball events — “Volleyball for All.” With teams from across Namibia competing, the energy on the court was electric!  Our team rose to the challenge and proudly secured 2nd place in the 4-a-side category — an amazing achievement in such a competitive tournament.  Team spirit, determination, and a whole lot of volleyball passion! 💪  We couldn’t be prouder of our players for representing Naankuse with such pride. Well done, team! 🎉  www.naankuse.com #naankuse #naankusefoundation #volleyball🏐 #sports #conservation #teamspirit"
"DUELhjJjd7D";"🦒🌍 Conservation is a team effort.  Once a year, our team comes together from across Africa to reflect on the year behind us and plan the one ahead. These moments are about more than strategy and workplans - they are about connection, trust, and shared purpose.  Strong conservation outcomes depend on strong teams. By creating an inspiring, supportive working environment, we give ourselves the best chance to succeed - for giraffe and for the landscapes they depend on.  Our work is guided by the values that shape how we collaborate every day: ✨ Creativity & Courage 🤝 Respect 🧭 Integrity 📌 Accountability 🌍 Collaboration  Together, across borders and disciplines, we stand taller - as a team and for giraffe.  #GiraffeConservationFoundation #giraffeconservation #wildlifeconservation #teamefforts #giraffeconservationefforts #standtallforgiraffe #GCF"
"DTugAKuirZm";"Today (20 January) is Penguin Awareness Day.  African penguin numbers have dropped by over 60% in the last 30 years, with fewer than 10 000 breeding pairs left In 2024. They were listed as Critically Endangered.  Overfishing and climate change are pushing them closer to extinction, which is why AWARENESS matters!   Talking about it creates pressure for change 🐧🩵  Will you join us in talking about it?"
"DV6hPrUj1sO";"A heartfelt thank you to Marloes 💛  Volunteer Marloes recently arrived at the N/a’an ku sê Foundation Wildlife Sanctuary with a generous collection of donations for the N/a’an ku sê Primary School.  Teachers and learners were absolutely delighted by the much-needed stationery and supplies. These thoughtful gifts will make teaching a little easier and add even more colour, creativity, and joy to everyday school moments.  Your kindness makes a real difference, Marloes — thank you for supporting our learners and teachers! 🌈📚  www.naankuse.com #naankuse #naankusefoundation #naankuseprimaryschool #education #volunteerafrica #volunteersmakeadifference"
"DUOesl5jXwq";"Nature’s ultimate survival suit. 🦒✨  Did you know that giraffe spots are about more than just blending in? While they offer great camouflage, they also serve as a vital cooling system. 🌡️  Each patch is a ""thermal window"" where blood vessels allow heat to escape, helping giraffe stay cool under the intense African sun. It is a beautiful example of the biological creativity we work so hard to protect. 🌿  We are proud to be a Voice for Giraffe. Join us in celebrating the integrity and resilience of this iconic species. 🌍  Learn more about giraffe on our website! 🔗 Link in BIO.👈  📷 @savannaimages   #GiraffeConservationFoundation #giraffeconservation #giraffecoat #giraffepattern #thermoregulation #savanna #wildlifebiology #GCF #VoiceForGiraffe #GiraffeConservation #NatureIsCreative #WildlifeFacts #StandTall #Giraffe"
"DT8dIW2iCC3";"🌟🦒 A strong start to the year - powered by partnership.  To our partners and donors across Africa 🌍 and beyond: thank you. Your support underpins every step we take for giraffe conservation. 🤝  2025 brought a major milestone - the official recognition of four distinct giraffe species, strengthening the foundation for targeted, effective protection.  Together, we’re building a more secure future for giraffe across Africa. 🙌💛  See who stands tall with us & find out how to get involved. 👉 Link in BIO. 🔗   #GiraffeConservationFoundation #giraffeconservation #sanantoniozoo #communityengagement #standtallforgiraffe #supportconservation #gcf   📷 @steveandanntoon"
"DUbWq9sk2fR";"T.G.I.F. - Thank Giraffe It’s Friday! 🙏🦒  Spotting the weekend from miles away and standing tall like... ✨  📷 @poulomee_basu_photography - Thank you!  #TGIF #ThankGiraffeItsFriday #VoiceForGiraffe #StandTall #GiraffeConservation #ConservationVibes #WildlifeLovers #FridayFeeling #giraffeconservationfoundation #GCF"
"DUWNHNmDsUE";"Data = Protection. 🦒📊  From the field to the lab, we’re using tech to study giraffe like never before. The result? We’ve found that some populations are twice as large as we once estimated! 🌍✨  By working with local and international partners to monitor 30,000+ individual giraffe, we are turning insights into real-world outcomes. 🤝💪  👉 Learn more about our impact at the link in our BIO! 🔗   #GiraffeConservationFoundation #giraffeconservation #impactreports #giraffepopulations #giraffemoitoring #fourspecies #wildliferangers #supportconservation #gcf"
"DTqbkOCjdCj";"🦒 Remembering Giraffes is coming!  We’re proud to be part of the next @rememberingwildlife book — dedicated to Africa’s giraffe.  📸 The photo competition is now open, with 20 places in the book available.  ✨ Open to pros, amateurs, and everyone in between. 🗓️ Entries close 8 March 2026.  #StandTallForGiraffe and support this incredible conservation initiative.  Link 🔗 in BIO. 👈"
"DT3TiZ9DdmI";"T.G.I.F. - Thank Giraffe It’s Friday! 🙏🦒  Ending the week on a high note with this duo! 🌟  #GiraffeConservationFoundation #giraffeconservation #TGIF #thankgiraffeitsfriday #naturelovers #giraffelovers #giraffe #GCF"
"DTyJ9OpgXzm";"🦒 T–5 months to World Giraffe Day | 21 June 🎉  The countdown has begun! ⏳ Get ready to celebrate the world’s tallest animals and those standing tall for their future. 🦒  More coming soon… 👀🦒  #GiraffeConservationFoundation #giraffeconservation #WGD2026 #worldgiraffeday #worldgiraffeday2026 #conservationefforts #standtallforgiraffe #WGD #GCF"
"DWE0qc5Evit";"🇳🇦✨ 21 March 2026 — Namibia, it will be YOUR day!  The vibes? Immaculate. The pride? Unmatched. As we celebrate 36 amazing years of independence on 21 March, we’re reminded why we are truly the Land of the Brave — rising, thriving, and shining through every challenge. 💙❤️💚  And if you’re in Windhoek, here’s the perfect way to celebrate: Come cheer on our very own Zacheo van Vuuren — the incredible son of Rudie and Marlice — as he takes the field for Namibia’s national cricket team, the Eagles! 🏏🔥  Yes, you read that right… Zacheo is officially part of the national squad, and we couldn’t be prouder!  📍 FNB Cricket Ground 🕑 2PM | Saturday, 21 March 🆚 Namibia Eagles vs Uganda  Let’s show up, show love, and make some noise for our team on this special day!  Here’s to freedom, unity, and one unforgettable Independence Day celebration 🇳🇦🎉  www.naankuse.com #naankuse #naankusefoundation #Namibia #independencedaynamibia #IndependenceDay"
"DU5v6CKCn_O";"Why we need to know more about ""The North"" of Namibia?  Many Namibians hail from the regions north of Etosha, formerly called Owamboland, but today often referred to simply as the North. While the towns in the North have grown rapidly in the last couple of decades, up until about 50 years ago this area used to have only rural farms and villages, with most inhabitants leading a subsistence lifestyle.  You don't want to miss this one 😉  Read more here: https://conservationnamibia.com/blog/cuvelai-wetland.php"
"DWHgK_VkmUt";"🦁 From the brink of starvation… back to the wild where they belong.  Since 2018, the Naankuse Foundation has been rescuing lions from conflict zones in Namibia’s north-west. Many of these magnificent big cats were fighting for survival due to severe drought and dwindling prey.  Through dedicated care and rehabilitation, these powerful predators were restored to full strength — and released back into the wild… exactly where they deserve to be. 🌍  🎬 Don’t miss this powerful episode showcasing the incredible story of these majestic lions.  📺 Only on DStv – kykNET (Channel 144) 🗓 Sunday, 22 March ⏰ 8:30 PM  www.naankuse.com #Naankuse #LionConservation #Namibia #WildlifeRescue #BigCats #ConservationInAction"
"DWI5bFigUef";"🇳🇦 Happy Independence Day, Namibia! 😊  Today we celebrate the heart and soul of this incredible country — its beauty, its resilience, and its people.  At N/a’an ku sê, the spirit of independence is alive and shining! Our team has fully embraced the day — vibrant, stylish, and bursting with pride as we honour the heroes who fought for our freedom and shaped 36 years of independence.  From bold colours to radiant smiles, today’s celebrations say it all: we are proud, we are grateful, and we are Namibian! ✨  www.naankuse.com #IndependenceDay #Namibia #ProudlyNamibian"
"DUoOpqdjEUM";"Survival at the limits. 🦒✨  In the scorched landscapes of the pro-Namib desert, 13 Angolan giraffe 🦒 are teaching us what it means to be resilient. 🏜️🇳🇦  Through our collaborative research with @pro.namib Nature Reserve, we followed this unique population for over a year. From vast home ranges to a diet centered on camel thorn trees, their survival strategies offer critical insights into how giraffe adapt to hyper-arid environments. As the world changes, understanding these marginal habitats is a key piece of the conservation puzzle. 🧩🌍  🔗👉 Click the link in our BIO to read the full paper!  #GiraffeConservationFoundation #voiceforgiraffe #giraffemovement #angolangiraffe #aridlandscape #giraffebehaviour #gwildlifemonitoring #giraffestudy #longtermmonitoring #habitatfragmentation #giraffehomerange #GCF"
"DWCWecbj-kV";"Big Naankuse welcome to the awesome students from Denmark’s Ranum Efterskole College! 🇩🇰✨  Right now, this lively bunch is spending time at our Lifeline Clinic — and they’re absolutely loving it! From learning all about hygiene to helping protect kids from pesky fungal scalp infections, they’re getting hands-on and making a real difference.  Good vibes, big hearts, and meaningful impact 💛  www.naankuse.com #naankuse #naankusefoundation #lifelineclinic #hygiene #healthcare"
"DUggSmvjmH0";"Data-driven protection in Mozambique. 🦒  As part of our ongoing partnership with the @mozwildlifealliance, we’ve successfully deployed 📡 GPS ear tags on 10 individual giraffe. This initiative allows us to track movements between conservation areas and identify critical transboundary corridors.  By working closely 🤝 with @parquenacionaldemaputo, @sabiegame, and @peaceparks, we’re ensuring that giraffe conservation planning remains rooted in integrity and long-term collaboration. 🌍✨  #GiraffeConservationFoundation #MozambiqueWildlifeAlliance #TechForGood #StandTall #WildlifeMonitoring #VoiceForGiraffe #ConservationScience #GPSeartags #giraffemovement #standtallforgiraffe #gcf"
"DV_xrwzjCSH";"Cricket is so much more than just a game. 🏏  For our San children, it’s a source of confidence, teamwork, and healthy learning that reaches far beyond the classroom. Through cricket, they discover discipline, friendship, and the joy of growing together.  And the passion is spreading! Naankuse team members Pedro, John, and Roberto have proudly completed their Level 1 Cricket Coaching course.  We couldn’t be prouder of their dedication to supporting and inspiring the next generation. 🌟  www.naankuse.com #naankuse #naankusefoundation #naankuseprimaryschool #cricket #sport #teamspirit❤️"
"DV1RBwxDDEe";"Fun will be had! Come visit our Naankuse Costal Project for a wild week full of fun and impact!  #namibia #swakopmund #ocean #conservation #beach"
"DW4VErZEjmD";"Out in the field, a vehicle problem is never just a vehicle problem. A flat tyre, an overheating engine, or a missing tool kit can quickly become a safety issue and delay important conservation work. That is why our Ecology, Clinic, and Scat Dog teams recently took part in a two-part Vehicle Workshop at Cheetah Conservation Fund (CCF), hosted by mechanics Frans Kambanda and Esela Shipiki.  Staff from the Ecology, Clinic, and Scat Dog teams came together for practical, hands-on training in vehicle fluids, air filters, tool checks, tyre changing, and 4x4 driving. The aim was simple, to help build confidence, improve vehicle care, and ensure our teams can work as safely and effectively as possible in the field.  ‘It was really informative, everyone really appreciated the training,’ said CCF ecologist Utarera Katjavivi.   From checking fluids and air filters to changing tyres and practicing 4x4 driving, this training was all about building practical confidence for safe and effective fieldwork.  As ecology intern Saara Nghede highlighted, ‘I learned about the different parts of the vehicle and how they function, and also gained practical skills on how to change a flat tire. It was a very useful and hands-on session, and I really appreciate the opportunity to learn.’   CCF veterinarian Dr. Anne Shiimi added, ‘It was really helpful and eye-opening. I learned a lot, I didn’t know most of the things but now I can confidently say and tell how a car works beyond pressing pedals. And, I can confidently change a tire now.’   A big thank you to our mechanics for sharing these valuable skills. We hope to continue rolling out this type of training across other departments.    #fieldready  #conservation  #vehicleworkshop #fieldsafety #ccfcheetah"
"DXFDkC8EZUF";"The Cheetah Fit Challenge is back for 2026 - and early bird registration is open now!   🐆 The virtual fitness challenge runs from June 1-15 - and you can participate from any place on earth! Join as an individual or form a team!   Turn your fitness goals into a win for wildlife!   To learn more, visit cheetah.org/events/cheetah-fit-challenge-2026   #cheetah #cheetahconservation #wildlifeconservation #fitnesschallenge #ccfcheetah"
"DXB-DjOjmZ2";"Last Sunday, our new Livestock Guarding Dog (LGD) puppies stole the spotlight on Easter - but the older dogs had some fun too, with an egg hunt!   These intelligent and naturally protective dogs are a vital part of our frontline conservation efforts in Namibia. By deterring wild predators, these canine guardians protect livestock and rural livelihoods, helping to prevent conflicts between people and animals.   Want to learn more? Visit cheetah.org   #dogs #dogsarethebest #workingdogs #livestockguardiandog #ccfcheetah"
"DXMiL7jjXgk";"30 seconds of Tupuka in the wild, without trending audio. 🐆  Estimated to be approximately five-years-old, Tupuka was captured on a farm in Namibia in August and returned to the wild in September. Before being released, Tupuka was fitted with a tracking collar as part of our Early Warning System (EWS) program. Relying on GPS satellite collars equipped with geofencing functions, the program uses virtual fences to alert farmers when cheetahs are on their land. These real-time warnings allow farmers to protect their livestock using non-lethal methods - helping to keep cheetahs like Tupuka in the wild.   #cheetah #cheetahconservation #fahlo"
"DRFUHr8DPls";"A New AfriCat….🔥  After decades of predator rescue, community outreach, and ecological restoration, AfriCat is entering a new phase.   Keep a look out on our socials for more updates 👀  #africat #research #namibia #okonjima #conservation #leopard   ____  © @pascal__ok"
"DQuKrLZDCfh";"Update On Our Rhino Bull’s Eye 👀   We are delighted to share a progress update: the white rhino bull who underwent a delicate veterinary procedure to remove horn fragments from his eye last month is showing remarkable improvement!   His eye is far less swollen, the wound has largely closed, he’s even been seen socializing with a rhino companion he often frequents. The injury came after a fierce territorial showdown with another bull in which the sheer force of impact drove fragments of his rival’s horn into the tissue around his eye. These bulls were involved in two clashes, and the injured rhino was examined three times and only on the third examination were the fragments discovered by Dr Redecker from the Animal Hospital.   Dr Redecker has inferred that these fragments were likely lodged into the rhino’s face during the first clash and migrated to the eye area during the second fight. This resulted in the growth proud flesh, an excessive growth of healing tissue due to prolonged inflammation, around the eye, which was removed by the vet did full healing begin. 
  White rhinos have relatively limited visual acuity compared to their sense of smell and hearing, but healthy eye structure remains essential to protect against infection and maintain behaviour such as grazing safely. Though the extent of permanent vision loss remains under study, his prognosis is good we are still in awe of the power and resilience of these magnificent beasts especially considering he was walking around with the fragments of his rivals horn in his eye for nearly two months.  
 At AfriCat, we always prefer letting natural healing occur. But when an injury threatens survival, or when healing stalls under complications like proud flesh, intervention  becomes necessary. This recovery is a tribute to animal strength, veterinary skill, and the resilience of wildlife.  #africat #conservation #wildaid #namibia #whiterhino"
"DRkL8DrjBZz";"Introducing the New Logo  A symbol of where we’ve come from and where we are going.   As AfriCat evolves, our visual identity evolves with us…  Our new logo honours the Foundation’s history while representing its renewed scientific direction. The leopard head acknowledges AfriCat’s longest-running research project and its deep connection to the Okonjima Nature Reserve. The tracks beside it represent the many species now included in our expanded research framework and speak to the idea of interconnectedness within an ecosystem.  This updated design marks the next step in AfriCat’s journey: a commitment to rigorous science, responsible land stewardship and long-term conservation.  Thank you for growing with us. More updates will follow as we continue refining our research-led approach and strengthening our contribution to Namibia’s conservation landscape.  #africat #research #conservation #namibia #okonjima #leopard #pangolin #brownhyena   ____  © @pascal__ok"
"DW69EwJESBc";"Meet our Cheetah of the Month, Aidan! Aidan was rescued in Somaliland in August. He was one of ten cubs confiscated from wildlife traffickers, thanks to collaborative efforts of Somaliland’s Ministry of Environment and Climate Change (MoECC) and Cheetah Conservation Fund (CCF). At the time of his rescue, Aidan was estimated to be approximately seven months old. As one of the older cubs in the group, the young cubs looked to Aidan for comfort and reassurance.   After being rescued, Aidan and the other cubs were transferred to the Cheetah Rescue and Conservation Centre (CRCC) in Geed-Deeble. He was very dehydrated and malnourished when he arrived, and staff provided intensive care to prevent re-feeding syndrome and help Aidan build up his strength. After being tied up in captivity for months, Aidan also had difficulty walking. However, with specialized, round-the-clock care, Aidan was stabilized, gradually built up strength and began to thrive. In 2025, he was named by entrepreneur and philanthropist Simon Squibb (@simonsquibb), in honor of his son.   Today, Aidan lives in a large and naturalistic enclosure at the Cheetah Rescue and Conservation Centre (CRCC), where he is continuing his rehabilitation.   Want to sponsor Aidan - or one of the other cheetahs rescued from the illegal wildlife trade? 🐆 Visit cheetah.org/get-involved/ways-to-give/sponsor  #cheetah #wildlife #cats #wildliferehab #ccfcheetah"
"DW2bF8jjNJE";"Approximately two weeks ago, Cheetah Conservation Fund (CCF) received information on two young cheetah cubs in the northeastern part of Somaliland destined for the illegal wildlife trade - if they survived. In partnership with the Ministry of Environment and Climate Change (MoECC), CCF quickly mobilized a rescue team to get the cubs as soon as possible.   By 7 pm the following evening, the cubs were safely back at the Cheetah Rescue and Conservation Centre (CRCC) in Geed-Deeble, receiving expert care. Thanks to the dedication and expertise of the team at the CRCC, the tiny cubs were stabilized and are growing fast!   The illegal wildlife trade continues to devastate wild cheetah populations in the Horn of Africa. According to estimates, fewer than 500 cheetahs remain in the wild in the Horn of Africa - and in 2023, the Northeast African cheetah, the subspecies found in the region, was uplisted to endangered. Most of the cheetah cubs removed from the wild as part of the illegal wildlife trade do not survive the traumatic conditions experienced while being trafficked.   🐆 Want to help stop the trade? Learn more at cheetah.org   #cheetah #wildliferescue #endangered #cats #ccfcheetah"
"DVvyBh7Csmj";"Ladies and gentlemen, we present to you the Silver a.k.a Welwitschia members 🥈   NYCE members earn points by organising or participating in environmental activities in their regions. Points are then tallied and members receive various awards as per the NYCE points system.   Well done enviro lovers, keep the fire burning!   More information on NYCE membership and its benefits are available on our website at youth.conservationnamibia.com"
"DWBU3t0ilGW";"Happy World Recycling Day!  Collective action is great, but today we're re-emphasising the importance of individual choices. Do you reduce the amount of things you buy and use or do you buy aimlessly because you have money for it? Do you reuse containers or do you throw them away? Do you repeat clothes two to three times a week like us or do you have a new outfit for everyday of the week?   Recycling gives materials a second life. Which allows the earth to breathe. Do better!"
"DWD7q9hijMg";"Plant of the Month.   Presenting the famous !Nara plant!"
"DVyHG_Jijrz";"Ladies and gentlemen, we present to you the Gold a.k.a Heaviside's Dolphin members 🥇   NYCE members earn points by organising or participating in environmental activities in their regions. Points are then tallied and members receive various awards as per the NYCE points system.   Well done enviro lovers, keep the fire burning!   More information on NYCE membership and its benefits are available on our website at youth.conservationnamibia.com"
"DTibOjAjHCe";"Jabulani’s Journey   Since being collared, Jabulani’s movements have begun to tell the story of a young male coming into his own. Born at Okonjima in June 2022 to long-term resident female Lesedi, he spent his early life within his natal area. During his first year, he was frequently recorded within the home range of Sefu, who is considered his suspected father based on repeated associations during Jabulani’s early months.
  At around three years of age, Jabulani began to explore more widely. GPS data shows several months of ranging across the Reserve as he gradually moved away from his parents’ core areas. This exploratory phase is typical for a young male leopard searching for space and opportunity. More recently, Jabulani has settled in the southern reaches of Okonjima, far from where he was born.
  Encouragingly, he has been recorded with kills, suggesting he is hunting successfully and adapting well to his new range. And as the data is starting to hint… this young male may not be settling down 
 alone.   More on that soon.  #africat #leopard #research #wildlifeconservation #namibia   ___  © @pascal__ok"
"DV0so-eCkJk";"And last but definitely NOT least, is our Platinum star a.k.a Cheetah member! 🏆🥳🤩🤩🎉  Julia Nghishoongele showed up and showed off. A true environmental champion!   __________________________________________________________________________  NYCE members earn points by organising or participating in environmental activities in their regions. Points are then tallied and members receive various awards as per the NYCE points system.   Well done enviro lovers, keep the fire burning!   More information on NYCE membership and its benefits are available on our website at youth.conservationnamibia.com"
"DRhp-g_DJMg";"AfriCat Enters a New Era: From Rescue to Research  After more than three decades of rescue work, conflict mitigation and environmental education, AfriCat is entering a new era shaped by long-term ecological research.  Our work inside the Okonjima Nature Reserve has grown steadily over the years. Today, we monitor key species such as leopard, brown hyena and pangolin through integrated tracking, camera trapping and environmental data systems that help us understand how wildlife lives in central Namibia, in an enclosed landscape.  This progression has led us to refine our mission into three connected pillars: Research. Protect. Restore.  These principles guide our approach to conservation and reflect the direction AfriCat will continue to grow.  We look forward to sharing more about what this means for the future of our work, our partnerships and the biodiversity of the Okonjima landscape.  #africat #research #okonjima #conservation #leopard #pangolin #brownhyena #wildlifeconservation   ____  © @pascal__ok"
"DUJVGkOjxSn";"T.G.I.F. - Thank Giraffe It’s Friday! 🙏🦒  Long neck edition. Who’s ready to stretch into the weekend?   📷 @martin_harvey_photography - Thank you!  #GiraffeConservationFoundation #giraffeconservation #TGIF #thankgiraffeitsfriday #naturelovers #giraffelovers #giraffe #GCF"
"DVimfKujWUT";"Join the movement!  Sign up via the link in bio or visit our website.  Existing members can renew for 2026 through the same link.  Are you a conservation organisation? Join us for free!  #wearetosco #jointhemovement #travelwithimpact #namibia"
"DQ4iGjBjLUz";"Article ALERT 😁   What is happening with the communal conservancies between Etosha and the Skeleton Coast? How are their needs being addressed alongside conservation goals to maintain wildlife corridors between these protected areas?  Read this article about WWF Namibia's Sustainable Wildlife Management programme to find out.  https://conservationnamibia.com/articles/sustainable-wildlife-management-2024.php"
"DRP35sUjLR6";"Launching! 🚀   We’re officially launching the National Environmental and Socio-Economic Survey tomorrow!   Catch us live on NBC Good Morning Namibia tomorrow at 7 a.m., featuring NCE CEO, Dr Chris Brown and NYCE Secretary General, Ottilie Fillipus.   Remember to set your alarms and hear more about it!"
"DQ87jsuDEw5";"PLANT of the MONTH 🌳  As the year slowly comes to a close, we'd like to celebrate one of Namibia's tree legends, the Zambezi Teak (Baikiea plurijuga)."
"DWURr-cDbzB";"See you there!   #wearetosco #elephants #elephantconservation #sustainabletourism #namibia"
"DTamIGPCnjn";"HIRING ❕  The NCE is currently looking for a Receptionist and Administrative Assistant. This position supports the effective functioning of the NCE by providing professional administrative, operational and organisational support.   For further details, please visit the NCE website at https://n-c-e.org/vacancies-and-opportunities/"
"DVen7U1DDSX";"We care deeply for the children of Naankuse 💛  With polio posing a possible risk in Namibia, our precious learners at Naankuse Primary School received their important vaccine this week. The best part? No needles — just a few brave drops on the tongue 😊  They handled it like little champions, with courage and big smiles all around. We’re so proud of our Naankuse children! 🌟  www.naankuse.com #naankuse #naankusefoundation #naankuseprimaryschool #polio #vaccines #VaccinesSaveLives"
"DVl64BGCPgg";"Volunteering at the Harnas Foundation Wildlife Sanctuary is packed with unforgettable hands-on experiences. Track majestic white rhinos across the vast reserve during the iconic rhino experience — complete with a night camping under the stars alongside an anti-poaching ranger — every moment is an adventure.  It truly doesn’t get better than this. 🦏✨  www.naankuse.com #naankuse #naankusefoundation #rhinos #foreverharnas #stoppoaching #volunteerafrica"
"DWW44aTDSt2";"Last month, our ReGen lead farmers travelled to Kavango West for an agroforestry training with our partners from Aywa Forest Farm. All the way from northwest Namibia, traveling a thousand kilometers, they were amazed to see such a different part of their own country for the first time!   Last year, we slowly started introducing agroforestry in their gardens, and planted some first rows for them to get to know this innovative type of agriculture. These gardens, in De Riet, Fonteine and Ekoto, are amongst the first pilot gardens that ReGen Namibia will continue to build on, together with communities, our partners and tourism members. Capacity building by training lead farmers is an essential part of ReGen’s first phase.   For the lead farmers, this training at Aywa Forest Farm was about discovering what agroforestry has to offer. Agroforestry is still a relatively new concept worldwide and in Namibia, and so for them to see a mature system in practice was very inspiring. Experiencing a landscape where trees, crops and soil work together gave new perspective on how their own gardens can grow over time, and the benefits this provides for them.   Our farmers did not return empty-handed. Cars were packed full with trees and plants before they headed the long way back home, ready to expand their gardens and put new ideas into practice 🌱  #wearetosco #ReGenNamibia #regeneration #agroforestry #sustainabletourism"
"DWouAPSEVB9";"Rabies claims the lives of more than 59,000 people worldwide every year - and nearly half of these deaths are children under the age of 15. More than 95% of rabies deaths are in Africa and Asia - and the majority of these fatalities result from dog bites. While this deadly zoonotic disease affects domestic animals, like dogs and cattle, the rabies virus can also be devastating for wildlife, especially endangered species. In shared landscapes, like Namibia’s communal farmlands, the disease can spread from domestic animals, to humans, and wildlife.   In Namibia, there is another connection between healthy dogs and cheetah survival. Many farming communities use Livestock Guarding Dogs (LGDs) to protect their livestock. With an intimidating presence and a naturally protective nature, these canine guardians deter wild predators, like cheetahs, and prevent conflicts between humans and wildlife. This means, keeping Livestock Guarding Dogs healthy also protects cheetahs and other predators.   Cheetah Conservation Fund (CCF) launched the rabies vaccination program in 2019 in the Greater Waterberg Landscape, building on the ‘One Health’ approach. Launching vaccination programs in remote regions comes with real challenges - but the program has continued to evolve. In 2022, CCF connected with the Global Alliance for Rabies Control (GARC) and in 2023 began using their digital tools. The difference has been significant, tracking data in real time - and making analysis much faster! We’ve also linked our data to the Namibian government’s reporting system, so our work contributes to the country’s national rabies prevention figures.   Last year, the program hit a big milestone 10,000 dogs and cats vaccinated. In Namibia, this ongoing and collaborative commitment to rabies outreach is building community trust - and saving the lives of humans, domestic animals and wildlife.   Want to learn more? Check out the CheetahTV episode with GARC’s (@rabiesalliance) Dr. Andre Coetzer, visit youtube.com/ccfcheetah  #conservation #rabies #wildlifeconservation #cheetahconservation #ccfcheetah"
"DWl7H61DbCB";"CheetahTV is back today with a very special episode! This week, host Brian Badger is joined by Dr. Andre Coetzer, the CEO of the Global Alliance for Rabies Control (GARC). During the interview, Brian and Dr. Coetzer discuss the impact of rabies - a disease that claims the lives of approximately 59,000 people every year worldwide and can be devastating endangered species, like African wild dogs and cheetahs. During the episode, Brian and Dr. Coetzer also delve into the ambitious global effort to end dog-mediated rabies by 2030, and how Cheetah Conservation Fund (CCF) is partnering with GARC to tackle rabies in cheetah habitat.   🐆 The new episode premieres today at 1 PM EST on YouTube! Watch the premiere, and catch up on past episodes, at youtube.com/ccfcheetah  To learn more about GARC (@rabiesalliance) visit rabiesalliance.org   #rabies #rabiesprevention #publichealth #conservation #ccfcheetah"
"DRj_EEGDNma";"Arbour Day in Oshikoto 🌳  On Thursday, 20 November, NYCE joined partnered with the Oshikoto Regional Council to celebrate Arbour Day by hosting a tree-planting event at Onuuya Primary School in the Oshikoto Region.  A big shout-out to Ms Ndinelago Ithindi, our Oshikoto Regional Coordinator, for handling the logistics and making the day a success! Through this initiative, we reaffirm our commitment to the theme: “Fighting plant blindness and loving one tree at a time.”   What an incredible way to wrap up the year. Well done Ndinelago and the entire team!"
"DWhFSe_Epwk";"A rainy day at the Cheetah Rescue and Conservation Centre (CRCC) in Somaliland - and the resident cheetahs are enjoying the cooler weather. All of the cheetahs are the CRCC are animals who have been rescued from the illegal wildlife trade or cases of human-wildlife conflict.   Want to learn more - including how you can sponsor one of the CRCC's resident cheetahs? Visit cheetah.org   #cheetah #cheetahsofinstagram #wildliferehab #cats #ccfcheetah"
"DV1dpcLjf4m";"Meet ReGen’s lead farmer, Lesley Rhyn.  Lesley used to work as a chef at a lodge in southern Namibia, but he always dreamed of returning to Fonteine to start his own garden. Together, we helped him set up an agroforestry garden — and after just 10 months, he’s already selling fresh vegetables to three Wilderness lodges and welcoming guests for garden visits.  Today, Lesley is inspiring nearby communities to start their own regenerative gardens.  We think it might have something to do with his love for plants 🌱💚  #ReGenNamibia #wearetosco #jointhemovement #travelwithimpact #regeneration #improvinglivelihoods"
"DWaZbb-D-L5";"We are thrilled to share an update from the Livestock Guarding Dog (LGD) program in Namibia - Misty-Lee delivered eight healthy puppies! With five males and three females, this litter represents a new generation of canine guardians, poised to make a significant impact on our frontline conservation efforts. Each and every one of these puppies has the potential to play a crucial role in fostering understanding and coexistence between local communities and wildlife.   With a loud bark and a naturally protective nature, Livestock Guarding Dogs (LGDs) deter wild predators like cheetahs, keeping livestock safe and helping to prevent conflicts between humans and wildlife. Since the Livestock Guarding Dog (LGD) program launched in 1994, more than 800 dogs have been placed on farms across Namibia and other parts of Africa.   Now, at nearly three weeks old, the puppies are thriving – and growing fast! We’ll share more updates soon!   Want to learn more? Visit cheetah.org  #dogs #dogsofinstagram #livestockguardiandog #workingdogs #ccfcheetah"
"DVqo_9BgVKV";"A warm Naankuse welcome to Drs. Annie Hollis and Christopher Sefton! 💙  This wonderful doctor duo has joined the Naankuse Lifeline Clinic for the next four months, bringing their knowledge, compassion, and dedication to serve the patients of the Omaheke Region.  The Lifeline Clinic relies on volunteer doctors who generously offer their expertise to support the marginalised San communities of Namibia — making the work of volunteers like Annie and Christopher truly invaluable.  Originally from the UK, they’ve spent years developing their medical skills, and are now stepping into a rural setting where their care and commitment will make a real difference.  We’re so grateful for their selfless service and are delighted to welcome them into the Naankuse family. 🌿  www.naankuse.com #naankuse #naankusefoundation #lifelineclinic #healthcare #doctors #volunteerafrica"
"DWsMJvfjOo5";"Happy eighth Birthday Dominic! Dom arrived at Cheetah Conservation Fund’s (CCF) Centre in Namibia in 2018, when he was just ten days old! Dom was very sick when he was first rescued - and was so young his eyes had just opened, and he still had no teeth. Staff provided intensive care and Dom recovered - and grew up to become a beautiful cat! Today, he’s also known for his exceptionally loud purr. 💛  Want to learn how to sponsor Dominic - or one of the other cheetahs rescued by CCF? 🐆 Visit cheetah.org/get-involved/ways-to-give/sponsor   #cheetah #cheetahsofinstagram #cats #catoftheday #ccfcheetah"
"DVtwG76oLp5";"At N/a’an ku sê we believe in our people reaching for the stars and building careers they can be proud of. 🌟  Join us in celebrating John, who has successfully graduated with a qualification in Plant Production, specializing in grains. His dedication, perseverance, and passion have truly paid off.  John’s new expertise will now be put to work right here at N/a’an ku sê, contributing to the future of sustainable agriculture. The industry depends on committed professionals like him to drive innovation and help feed the future.  Congratulations, John — we are incredibly proud of you! 👏🌱  www.naankuse.com #naankuse #naankusefoundation #naankusefamily #agriculture #careersinagriculture #susainability #conservation"
"DVqcuKHmK2G";"Calling all horse lovers 🐎✨  If horses light up your soul and you have hands-on equine experience, this is your sign.  We’re looking for a Voluntary Equine Intern to join our team — a role filled with purpose, learning, and unforgettable moments.  Ready to take the reins? 👉 Apply now via the link for full details: https://www.naankuse.org/careers   #Naankuse #NaankuseFoundation #EquineInternship #EquineCareers #Conservation #CareerDreams"
"DRKInR5DE1a";"Expo Highlights 💫   NYCE was proud to support Theuhill Veldtschoen's participation at the recently concluded Namibia Rethink Waste GreenCycle Expo @namibia_rethink_greencycle in Windhoek.   Thuehill, an active NYCE member and founder of Veldtschoen Waste Management Solutions was part of two panel discussions alongside other experts, sharing his experience and amplifying youth voices.   Shout out to our executive member, Thanti Bengela for coordinating everything, To the expo team for involving us throughout, and to all our members that showed up. It's platforms like these that allow us to step out of our comfort zones and take action!"
"DUDf5d4DUm_";"ReGen Namibia is an invitation to tourism companies who want to help shape a meaningful climate action programme for Namibia, together. 🌱  See you at the launch!  When: 11 February at 15:15 Where: CCI Hub, 7 Rossini Street RSVP: DM, WhatsApp or info@tosco.org"
"DVjdARTD6tT";"Episode 8 is BIG… like elephant-sized big 🐘✨  This week, we’re stepping into the incredible world of the elephants rescued from human-wildlife conflict and given a second chance at TimBila Nature Reserve by Naankuse. For four years, these gentle giants have been living their best, peaceful lives in a place made just for fresh starts.  Join conservation power duo Rudie and Marlice van Vuuren as they get up close with these magnificent pachyderms — including a special meet-and-greet with the one and only Piet! Trust us, this is one you don’t want to miss.  📺 Catch Groen: Namibië on Sunday, 8 March at 8:30PM on DStv’s kykNET (Channel 144).  Set your reminder — it’s going to be unforgettable. 🐘🌿  www.naankuse.com #naankuse #naankusefoundation #conservation #elephants #groen #kyknet #groennamibie"
"DVyJnZlDMPe";"Let yourself take a deep breath and enjoy some peaceful weeks in our beautiful Namibia #namibia #peace #nature #animals #quite"
"DVmCpq8jAER";"All we need is to observe and understand eachother  #namibia #animals #conservation #naankuse #nature"
"DWWv0b4kmFB";"At the Convention on Migratory Species of Wild Animals (CMS COP15) in Brazil (March 23 -29), Zimbabwe has submitted a proposal to include cheetah populations in Botswana, Namibia and Zimbabwe on CMS Appendix I and II – the last cheetah populations not covered by the Convention’s highest level of protection. While the species was listed on Appendix I of CMS in 2009, cheetah populations in Zimbabwe were not included because the country was not a party at the time (but did join later, in 2012).   Zimbabwe was once home to the third largest cheetah population on earth. The cats were widespread in the country – and in 1999, the population was estimated to number more than 1,500 cheetahs. However, large-scale land use changes have caused Zimbabwe’s carnivore numbers to drop over the last two decades, including cheetahs. According to Zimbabwe’s most recent cheetah census (from 2022 to 2024), the country’s population has declined by nearly 90% since 2000.   Zimbabwe’s remaining cheetahs are at the core of southern Africa’s cheetah population – the largest wild cheetah population remaining on earth. Most of the cheetahs living in southern Africa are actually part of a single transboundary population stretching across southern Angola, Botswana, southwestern Mozambique, Namibia, northern South Africa, southern Zambia, and southwest Zimbabwe. These cats are also part of multiple transboundary conservation initiatives in the region, including the Kavango-Zambezi Transfrontier Conservation Area (or KAZA).  At CMS COP15, Zimbabwe’s proposal would add the last unlisted cheetah populations – in Botswana, Namibia and Zimbabwe – to the Convention’s highest level of protection. If adopted, the proposal would bring the entire species under full CMS protection. Cheetah Conservation Fund (CCF) strongly supports this proposal. This action is important – highlighting the need for an elevated level of protection for individual cheetah populations and emphasizing the importance of cross-border cooperation to save the species.   Want to learn more? Visit cheetah.org/events/ccf-at-cms-cop15-cross-border-protection-for-cheetahs/  #cheetah #conservation #CMSCOP15 #wildlife #ccfcheetah"
"DReQDwTDOOM";"Meet the team!   These dedicated individuals will be covering the country to reach people with limited access to the Internet. When you see them out there, please engage.   Remember, the survey will run from November 2025 to January 2026. Have your say on the big issues facing Namibia today!  Visit our website for more information:  www.youth.conservationnamibia.com"
"DSvNTG6DxNi";"T.G.I.F. – Thank Giraffe It’s Friday! 🙏🦒  Unwinding like this Masai giraffe in the soft 🌞 golden hour light as the year gently winds down.  A little reminder to pause, breathe, and enjoy the view. 💛  📷  @felixrome_ | @governorscampcollection - Thank you!  #GiraffeConservationFoundation #giraffeconservation #TGIF #thankgiraffeitsfriday #giraffebeauty #savannahsunset #wildlife #naturelovers #giraffelovers #giraffe #GCF"
"DVrBQE7jEWE";"The world feels loud sometimes. Namibia reminds you how quiet it can be.  #namibia #disconnecttoreconnect #peace #quite #nature"
"DVwVD1GjiEL";"Ever dreamed of visiting one of the only places on Earth where towering sand dunes meet the sea? 🌊🏜️  Imagine spotting the famous pink waters along the coast, braving the icy Atlantic Ocean, and enjoying laid-back beach lunches from a beautiful home right on the shoreline.  Then add quad biking through the breathtaking Namib Desert… and a powerful purpose: helping clean and protect the coastline. 💙  That’s the Naankuse Coastal Conservation Project — a week packed with adventure, impact, and unforgettable memories.  www.naankuse.com #naankuse #naankusefoundation #coastalconservation #marinelife #adventure #volunteerafrica"
"DVy5ucnCAYI";"⚡️ We bless the rains down in Africa! 🌧️  Recently the skies above the Harnas Foundation Wildlife Sanctuary lit up in a breathtaking display, as lightning split the glowing clouds and rain poured over the land.  Moments like these remind us just how powerful — and beautiful — Mother Nature can be. And here in Namibia, every drop is a blessing for this rugged land often called “the land God made in anger.”  When the storms roll in, life begins again. 🌍✨  www.naankuse.com #naankuse #naankusefoundation #foreverharnas #conservation #rain #mothernature"
"DS0W5kkD2zk";"It’s a wrap on an inspiring year for our KEEP team! 🎉 2025 brought so much adventure, learning, and joy in nature. 🦒  This year we hosted 4,086 students, 190+ teachers, and 36 schools across 105 field days in the Khomas Region, Namibia 🇳🇦.  After 9 years 💚, KEEP has now welcomed 25,500+ students, 1,200+ teachers, and distributed more than 19,000 GCF Nature Workbooks nationwide. 🌍📚  To every curious learner and every dedicated teacher - thank you. You are the heart of KEEP, and we can’t wait to see you again next year!  #GiraffeConservationFoundation #giraffeconservation #KEEP #environmentaleducation #wildlifeeducation #khomasregion #natureworkbook #GCF"
"DVthvBkjAAF";"My everyday commute to work🧡  #namibia #disconnecttoreconnect #naankuse #sunset #peace"
"DU-ncR0jTOc";"We have officially launched ReGen Namibia! 🌱  This is a collective programme, of our members and partners to drive meaningful climate action.   You can now subscribe for phase 1. Contact us if you want to confirm your participation or get more information.    #wearetosco #namibia #conservation #sustainabletourism #regeneration"
"DS8FQVIjdpH";"As the year wraps up, we’re celebrating 🎉 some big wins for giraffe!🦒  Across Africa, populations are rising 📈, communities and governments are stepping up 🤝, and four distinct giraffe species are finally recognised. 👏  With your support, we’ve been able to: 🌍 Protect key habitats 🤝 Work with governments, NGOs & communities 🔬 Drive science that leads to real conservation action.  Proof that conservation works , and that every effort counts. 💛  Here’s to another year of standing tall for giraffe! 🌟🦒  📷  @felixrome_ | @governorscampcollection  #GiraffeConservationFoundation #giraffeconservation #happynewyear #successstories #conservationsuccess #giraffepopulations #GCF"
"DTGYcjdjeVp";"🦒 Giraffe don’t know borders.   Exciting news from Nkasa Rupara National Park in Namibia’s Zambezi Region 🇳🇦 — Southern giraffe are back! 👏  After a long absence, low water levels in the Kwando River have allowed Southern giraffe to naturally cross over from Botswana🇧🇼, with these two males now settling in the park.  A beautiful reminder that conservation works best across borders and with communities working together. 🤝🌍  #GiraffeConservationFoundation #giraffeconservation #southerngiraffe #transboundaryconservation #ecologicalhealth #conservationefforts #communityconservation #successstories #GCF"
"DS-qEVPADma";"🎉 2026: another year to rise tall, stay gentle, and protect what matters. 🦒✨  Sending you tall wishes for the New Year! 💫🦒  📷 @gurcharan   #GiraffeConservationFoundation #giraffeconservation #happynewyear #happy2026 #standtallforgiraffe #giraffe #GCF"
"DTBO21Djf01";"T.G.I.F. - Thank Giraffe It’s Friday! 🙏🦒  Starting the year in black and white. 🦒🖤  📷 @rahulsachdevphotography - Thank you!  #GiraffeConservationFoundation #giraffeconservation #blackandwhite #monochromegiraffe #thankgiraffeitsfriday #TGIF #giraffelovers #GCF"
"DTgIY48D2Bx";"Collaboration in action across KAZA! 🇧🇼🇦🇴🇳🇦🇿🇼🇿🇲  We recently joined fellow NGOs, government teams, and international partners working within the Kavango Zambezi Transfrontier Conservation Area to strengthen joint efforts for wildlife conservation.  Catching up is great - but what truly matters are the actions that follow. Together, we’re committed to supporting 🤝 Southern giraffe conservation 🦒 across one of Africa’s most incredible landscapes. 🌍 @kaza.tfca   #GiraffeConservationFoundation #giraffeconservation #KAZA #transboundaryconservation #wildlifeconservation #GCF"
"DTYZ__3jMEy";"Smart planning = better conservation outcomes.  Before relocating 14 Angolan giraffe🦒 to Iona National Park 🇦🇴, we used satellite imagery 🛰️ and movement data to predict the best habitat.  The giraffe confirmed it themselves — using the predicted areas, moving widely, and settling well. Real-world proof that science-driven translocations work. 🌟  🤝 @africanparksnetwork  @universitycollegecork  @inbac_oficial   #GiraffeConservationFoundation #giraffeconservation #translocation #wildlifetranslocation #giraffetranslocation #angolangiraffe #historiclandscapes #GCF"
"DTOG1rZj1Wf";"Giraffe 🦒 need more than protection — they need healthy landscapes. 🌍  At the Etosha Heights Conservation Centre, Namibia 🇳🇦, we combine Angolan giraffe research with biodiversity monitoring, working alongside Etosha National Park and neighbouring landowners.  Protecting giraffe means protecting entire ecosystems. 🤝🌿  @naturalselectiontravel @nustnamibia  @unam_na @ministry_of_environment_nam   #GiraffeConservationFoundation #giraffeconservation #biodiversity #wildlifemonitoring #etoshaheights #etoshamonitoring #environmentalassessment #biodiversityhealth #GCF"
"DT8Hxp4DMQV";"Biological Monitoring 🔬  A final data collection system is biological monitoring which includes weight and size monitoring and collection of blood, tissue or other material from the research animals in order to assess growth, health status and undertake genetic testing.   Biological monitoring takes place when the animals are collared or tagged plus, in the case of pangolins, we weigh them monthly and check their tags, as their tags are exposed to significant wear and tear and frequently fall off, break or malfunction.   All of our genetic material is sent to the Technical University of Munich, Department for Molecular Zoology for analysis.  #africat #research #conservation #hyena #leopard #pangolin  ____  © @pascal__ok"
"DTTQcXSDwcQ";"T.G.I.F. – Thank Giraffe It’s Friday! 🙏🦒  A gentle reminder to lift your head and enjoy the view as the weekend approaches. 🌟  📷 @anthony_ochieng_onyango | @tonywildke - Thank you!  #GiraffeConservationFoundation #giraffeconservation #giraffecalf #giraffebeauty #thankgiraffeitsfriday #TGIF #giraffelovers #GCF"
"DTlR_2oEp9y";"T.G.I.F. - Thank Giraffe It’s Friday! 🙏🦒  With the weekend in sight, long legs definitely have their advantages. 🌟  📽 @naturalselectiontravel | Tawana Lodge  #GiraffeConservationFoundation #giraffeconservation #TGIF #thankgiraffeitsfriday #naturelovers #giraffelovers #giraffe #GCF"
"DU59lkXjDeX";"Linking Leopard Lineages Across Time 🙌🏻  PP091, PP093 and PP137 are three young female leopard born at Okonjima Nature Reserve and recently collared as part of AfriCat’s multi-generational leopard study. PP091 descends from Isaskia, a female whose daughters continue to occupy space within the reserve, offering rare insight into long-term female site fidelity.  PP093 is a third-generation leopard and the granddaughter of Zani (PP034), a female first recorded at Okonjima in 2016 and central to the reserve’s early monitoring efforts. PP137 is a second-generation female and the daughter of Naya (PP018), a long-term resident recently treated following extended monitoring and minimal intervention.  Female leopard typically establish home ranges close to their natal areas, with dispersal decisions shaping population structure and density. By tracking related females simultaneously, researchers can examine how territories are inherited, how space is shared across generations, and how long-term protection supports population persistence. Together, these three leopard connect individual life histories into a single ecological record shaped by lineage, landscape, and time.  #africat #research #okonjima #leopard #conservation   ____  © @pascal__ok"
"DUlV2iNCOB0";"Pangolin Proofing the Tech 👀  What you see here is one of the most carefully considered steps in pangolin research. In 2025, tag failure became a significant constraint on the AfriCat Pangolin Research Project. Pangolin move through burrows, dense vegetation and mud daily, placing constant mechanical stress on tracking devices. As a result, batteries depleted earlier than expected, antennas broke, and some tags detached from their attachment tabs and were lost underground.  The central challenge is attachment. Tags must remain in place long enough to generate meaningful movement data, but must also release if caught, to avoid injury. Achieving this balance is technically and ethically complex.  In response, AfriCat worked closely with @smartparks to refine both software and hardware. GPS fixes are now restricted to above ground activity to conserve battery life, and alternative antenna and attachment materials continue to be tested.  Progress in pangolin research depends on careful iteration, patience and prioritising animal welfare for this vulnerable species. We’re hoping the trials of 2025 have laid the groundwork for more reliable data in 2026.  #africat #research #conservation #pangolin #wildlifeconservation   ____  © @pascal__ok"
"DUGbxzVDE1m";"33 Wildlife Immobilizations In 2025 🤯🙌🏻  AfriCat carried out 33 wildlife immobilisations, involving 21 #leopard, 9 #brownhyena and 3 white rhino. These carefully planned veterinary procedures support collaring for long-term research or medical treatment when necessary.   Immobilisations allow animals to be safely examined, treated, or fitted with tracking collars before being released back into the wild. The collars deployed during these events provide critical data on movement, behaviour, and space use, helping us understand how large mammals navigate a fenced reserve that remains ecologically connected to surrounding farmland.  While some followed standard protocols, others required rapid decisions and adaptation in the field. In every case, animal welfare remained the priority, and all animals recovered well and were released in good health and unharmed.  Some exciting highlights from this year include  • Removal of a horn fragment from the eye of a white rhino  • Surgical treatment of a lump on leopard Naya  • Brown hyena hot releases after collaring  • Leopards calmly exiting the wake-up crates  • Strong field teamwork during complex immobilisations  All procedures were carried out in close collaboration with our veterinary partners: Dr HO Reuter, Dr Anais Herbert,  Dr Gernot Redecker from the @windhoek_animal_hospital and Dr Ulf Tubbesing and Mariska Bijsterbosch from @wildlife_vets_namibia.   Some of these moments will be explored in more detail in upcoming posts.  #africat #research #wildlifeconservation   ____  © @pascal__ok"
"DSGA6a6gTQ3";"Murchison Falls National Park, Uganda 🇺🇬, protects the world’s largest population of critically endangered Nubian giraffe. 🦒  Together 🤝 with the @ugwildlife  and @makerere , our team carries out regular photographic surveys to monitor this important population.  Long-term monitoring = better conservation decisions. 👏 It helps us detect changes, understand threats, and protect Nubian giraffe for the future.  Read the latest survey report via the link in our BIO. 🔗   #GiraffeConservationFoundation #giraffeconservation #murchisonfalls #nubiangiraffe #giraffethreats #longtermmonitoring #nubiangiraffe  #ugandawildlife  #twigatracker  #standtallforgiraffe  #GCF"
"DVJlhV9DD_m";"The coolest camping gang in town😉  Come volunteer at our Naankuse Costal Project to be a part of this fun experience!  #namibia #conservation #ocean #volunteer #gapyear"
"DWOuG89jwy0";"In Namibia, Cheetah Conservation Fund (CCF) recently hosted students from the Nazareth Private School – and the kids thoroughly enjoyed learning about cheetah conservation! The students learned about some of the technology used for conservation, including how to set up camera traps. They also spent time at the Model Farm, learning about our Livestock Guarding Dogs (LGDs) and day-to-day operations at the Dancing Goat Creamery. The students also sampled some of the creamery’s famous ice cream!   Education is the foundation of conservation – and CCF’s conservation education programs have a huge impact on both students and teachers in Namibia! CCF’s education outreach programs reach approximately 20,000 students in Namibia every year and highlight the importance of wildlife and the value of healthy ecosystems. Teaching these young learners about the importance of wildlife conservation is critical for training the next generation of scientists and conservationists!   Want to learn more? Visit cheetah.org   #conservation #education #conservationeducation #cheetahconservation #ccfcheetah"
"DVWk_muDRUJ";"From car engine… to canyon kings 👑🐾  A little while ago, the tiniest surprise was discovered hiding inside a car engine — baby rock hyraxes, all alone and without their mum. 💔  Thankfully, they were brought to the Naankuse Foundation Wildlife Sanctuary, where Marlice and her incredible team stepped in. With lots of expert care (and a whole lot of love), these little fluffballs began their journey back to the wild.  Because at Naankuse, our mantra is simple: wild back to the wild. 🌿  And that’s exactly what happened!  Also known as dassies, these adorable rock-loving characters roam free on the Naankuse Reserve, especially in rocky havens like the lodge canyon. Our rescued little ones were released in a carefully chosen spot where they can join other dassies and live exactly as nature intended.  From engine bay to sun-soaked rocks… run free, sweet dassies! 🧡✨  www.naankuse.com #naankuse #naankusefoundation #rockhyraxes #conservation #animalrelease"
"DVCCqirFE2-";"🇨🇦 Calling all Canadians! 🇨🇦  Guess what? We’re in Toronto! 🎉  Come find us at the Outdoor Adventure Show at the International Centre (Hall 5) — we’re hanging out at Booth 218!  Swing by to chat about: 🌍 Volunteering with the Naankuse Foundation 🦒 Our bespoke ecotourism lodges 🌿 Life-changing wildlife experiences  We’ll be there until 5PM on Sunday, 22 February (doors open at 10AM). Don’t miss it!  But wait… we’re not done yet 👀  📍 Vancouver, you’re next! Join us at the Vancouver Convention Centre (East Building) 🗓 28 February & 1 March ⏰ Saturday: 10AM–6PM ⏰ Sunday: 10AM–5PM  We’re bringing the wild world of Naankuse straight to you. Come say hi and let’s talk adventure! 🐾✨  www.naankuse.com #naankuse #naankusefoundation #naankusecollection #adventure #travel #conservation"
"DVBDGWRjKFU";"The beauty of Namibia stuns us again and again everyday. Come volunteer at the Naankuse Costal Project to be a part of this experience!  #namibia #volunteerabroad #volunteer #naankuse #desert"
"DVeTYKBDDi-";"Birds of a feather… 🕊️  She arrived fragile. Injured. Grounded. A peregrine falcon — a symbol of speed, power, and freedom — suddenly unable to fly.  When she needed a second chance, the Naankuse Foundation Wildlife Sanctuary stepped in. Wrapped in care, patience, and expert hands, she was given the time and space to heal. Every day was a quiet promise: you will soar again.  And then the moment came.  Strong. Fierce. Ready.  Against the wide Namibian sky at TimBila Nature Reserve by Naankuse — that sacred place of second chances — she spread her wings and reclaimed her freedom. One powerful beat at a time, she rose back into the wild where she belongs.  Because sometimes all it takes is compassion… to help the wild fly free again. 💛  www.naankuse.com #naankuse #naankusefoundation #animalrelease #animalrehabilitation #birdsofnamibia #conservation"
"DRwcckvjYNV";"🦒 Help save giraffe. Together. 🤝  Today is #GivingTuesday, and we need your kindness to ensure wild giraffe continue to stand tall. 🧡 Thanks to your past support, giraffe numbers are stable or even increasing in most parts of Africa 🌍, but our work to protect them is far from over.  🌟 Help us make this a record-breaking day for conservation. 🧡 Make your gift now and secure a wilder future for giraffe. 🔗 Link in BIO. 👈  📷 @bobbyjophotography   #GiraffeConservationFoundation #giraffeconservation #givingtuesday #standtallforgiraffe #giraffe #giftagiraffe #GCF"
"DR5IqOsiJb_";"T.G.I.F. – Thank Giraffe It’s Friday! 🙏🦒  Here’s a fun fact straight from the wild❗ Male giraffe spar by swinging their necks and heads like pendulums in a behaviour known as necking. It may look slow or even gentle at first, but dominant bulls can deliver powerful blows - sometimes strong enough to knock an opponent off balance.  Fridays are better with a bit of giraffe science. 🦒✨  🎦 @frederikeotten - thank you!  #GiraffeConservationFoundation #giraffeconservation #TGIF #thankgiraffeitsfriday #giraffenecking #giraffesparring #naturelovers #giraffelovers #giraffe #GCF"
"DVZeWt7AodX";"🦏✨ Guardians of Giants at TimBila Nature Reserve ✨🦏  Rhinos may be powerful, but they are also incredibly vulnerable — and at TimBila Nature Reserve by Naankuse, their protection is our top priority.  Home to several magnificent rhinos, the reserve is safeguarded around the clock by a dedicated anti-poaching unit and highly trained K9s who work tirelessly to keep these giants safe.  Recently, our team witnessed some big action involving two rhino calves! In a carefully coordinated aerial operation, the young calves were expertly darted to allow for essential conservation procedures. They were ear-notched for identification, fitted with microchips, and DNA samples were collected — all critical steps in protecting their future.  Every notch, every microchip, every patrol is a promise. We are keeping our rhinos safe — today and for generations to come. 💚🌍  www.naankuse.com #Naankuse #TimBila #RhinoConservation #ProtectOurWildlife #GuardiansOfTheWild #naankusefoundation"
"DV99gHxDCdy";"Looking for something new to watch? CheetahTV with Brian Badger is back with all new episodes, premiering every other Wednesday on YouTube. 🐆 Of course, you can always catch up on past episodes anytime too!   The next new episode drops this Wednesday at 1 PM EST on YouTube.   To learn more, visit cheetah.org/cheetahtv  #conservation #cheetahconservation #cheetah #cheetahtv #ccfcheetah"
"DVZJxG8gdBv";"Powerful. Majestic. Born to rule the skies.  But this time, a Verreaux’s eagle lay grounded — injured, flightless, vulnerable.  A creature built for soaring above mountains was suddenly unable to rise.  That’s when the Naankuse Foundation Wildlife Sanctuary stepped in. With expert hands, unwavering dedication, and meticulous care, our team worked tirelessly to rehabilitate this magnificent raptor — honoring its strength while fighting for its second chance.  And then… the moment came.  On TimBila Nature Reserve, beneath an open African sky, those powerful wings spread wide once more. A surge of strength. A leap of faith. And flight.  Freedom reclaimed.  This is why we do what we do. 🦅✨  www.naankuse.com #naankuse #naankusefoundation #wildlifesanctuary #birdsnamibia #eagles #conservation #animalrelease"
"DVHILyij3Ej";"Our little learners are getting their hands dirty – and loving every moment of it! 🌱🍉  The Grade 2 and 3 classes from the Lifeline Clinic School recently teamed up with Selmah, an intern from the Namibia University of Science and Technology (NUST), to plant watermelons, pumpkins, squash and Kalahari melons as part of the Lifeline Clinic’s agricultural project.  Moments like these remind us how important it is to teach children about sustainable living from a young age. They’re not only growing fresh produce – they’re growing knowledge, responsibility and a deeper connection to the earth. Learning happens everywhere, both inside the classroom and out in the field. 💚  www.naankuse.com #naankuse #naankusefoundation #lifelineclinic #agriculture #sustainableliving #conservation"
"DRz_BrsjG0U";"What does giraffe tracking data look like? 🦒✨ Here are six months of Southern giraffe movements that were tagged in Sabi Game Park in Mozambique 🇲🇿.  These Southern giraffe don’t stay put — they move freely across the border into Kruger National Park, South Africa 🇿🇦, reminding us that wildlife doesn’t follow human boundaries.  This movement data is vital for shaping effective, cross-border conservation efforts 🤝🌍.  #GiraffeConservationFoundation #giraffeconservation #transboundarymovements #giraffemovement #sabigamepark #kruger #crossbordermovements #GCF"
"DSiVUl0gTF5";"How many giraffe are there in Africa? 🦒🤔 We can tell you, because we’ve built the most comprehensive database ever assembled!  Our Giraffe Africa Database (GAD) now holds more than 4,000 records of giraffe populations from across the continent. 📊🌍  This powerful tool helps us track trends, monitor populations, and strengthen giraffe conservation. A big thank you to all partners and field teams who helped make this possible! 👏  Want to request data? Send us a message or reach out via our website.  #GiraffeConservationFoundation #giraffeconservation #giraffeafricadatabase #giraffespecies #monitoringgiraffe #giraffepopulation #GCF"
"DSQTzsPDRJ6";"AI is helping giraffe rise again. 🦒✨  With GiraffeSpotter, we turn everyday photos into fast, reliable data on individual giraffe, giving conservation a digital boost across Africa. 🌍  The future of monitoring is here.  🔗 To read more, click the link in BIO.   @wildmeorg @conservationxlabs @africageo   #giraffeconservationfoundation #giraffecomeback #giraffeconservation #protectinggiraffe #AIpoweredcoservation #cuttingedgetechnology #giraffespotter #GCF"
"DSdLvtCiO9N";"T.G.I.F. - Thank Giraffe It’s Friday! 🙏🦒  Are you ready to stretch into the weekend?  📷 @felixrome_ | @governorscampcollection - Thank you!  #GiraffeConservationFoundation #giraffeconservation #TGIF #thankgiraffeitsfriday #giraffeneck #wildlife #naturelovers #giraffelovers #giraffe #GCF"
"DVT5VGnDVSk";"Imagine being small, vulnerable, and alone.  Two black-backed jackal pups — removed from conflict, orphaned, with no mother to guide them or protect them.   Now imagine those same two pups arriving at the Naankuse Foundation Wildlife Sanctuary… where they were given a second chance. Raised with unwavering care, yet always encouraged to remain wild. To trust their instincts. To be jackals.  Today, those once-fragile pups have grown into powerful, beautiful black-backed jackals.  And they were ready.  Because at Naankuse, our goal is never to keep wildlife — it’s to return them to where they belong.  In a carefully planned soft release, Marlice van Vuuren and her dedicated team prepared the duo for their next chapter. Gently sedated for the journey, they were transported to a vast camp on the Zannier Reserve by Naankuse, just beyond the sanctuary’s borders — a place where freedom begins.  Fitted with trackers, their movements will be monitored as they rediscover the rhythms of the wild, step by step, scent by scent.  From orphaned and alone… to strong and free.  This is why we do what we do. This is conservation in action. 🐾  www.naankuse.com #naankuse #naankusefoundation #jackals #animalrehabilitation #conservation #wildlifesanctuary"
"DSqDr_mAgXH";"""✨ Help save giraffe. Together. ✨  This festive season, we’re celebrating conservation wins across 🌍 Africa — from growing giraffe populations, stronger partnerships 🤝, and inspiring action. 🦒  But there’s still so much more to do. Your support helps protect giraffe and the habitats they depend on. 💛  🎁 Give a gift that truly matters: 👉 Link 🔗 in BIO.  Thank you for standing tall with us. 🎄🦒💚  📷 @savannaimages   #GiraffeConservationFoundation #giraffeconservation #standtallforgiraffe #savegiraffe #donate #giraffehabitats #festiveseason #GCF"
"DSLMZorAZyc";"T.G.I.F. - Thank Giraffe It’s Friday! 🙏🦒  Follow their lead… Friday adventures await! 🌟  📷 @felixrome_ | @governorscampcollection - Thank you!  #GiraffeConservationFoundation #giraffeconservation #TGIF #thankgiraffeitsfriday #girafecalf #naturelovers #giraffelovers #giraffe #gcf"
"DVv5Vyeje89";"In Namibia, an exciting new partnership with Almo Nature (@almonature_na) is supporting our Livestock Guarding Dogs (LGDs) - and saving wild cheetahs! As part of this new collaboration, Almo Nature is donating enough food to feed 20 resident Livestock Guarding Dogs for the next three years - that’s more than 7,200 meals every year! The first food delivery arrived in late December - and the Livestock Guarding Dogs absolutely love it!   These canine guardians are at the heart of our frontline conservation efforts in Namibia - and this generous food donation will have a significant impact for cheetah conservation. Using powerful breeds recognized for their ability to bond with livestock herds, the program trains and places canine guardians with farmers. These dogs prevent livestock losses by deterring wild predators, like cheetahs, giving farmers a non-lethal option. By preventing potential conflicts between humans and wildlife, these dogs are directly saving wild cheetahs. Since launching in 1994, the Livestock Guarding Dog program has placed more than 800 dogs on farms across Namibia and other parts of Africa.   Now, this new partnership with Almo Nature is keeping Cheetah Conservation Fund’s (CCF)Livestock Guarding Dogs well-fed for years to come.   #dogs #workingdogs #cheetahconservation #livestockguardiandog #ccfcheetah"
"DR-SMDzDZx2";"Through our Twiga Wetu Initiative 🤝, we supports the people who share their homes and landscapes with giraffe. 🦒  🇰🇪 In Kenya, we partner with the Reticulated Giraffe Awareness Program to work with schools in Meru, Isiolo & Laikipia, inspiring the next generation of giraffe stewards. ✨  From field trips to community outreach, students and families get to experience conservation in action. These real-world learning moments help build a stronger connection to the reticulated giraffe and the need to protect them. 🌍 @wildlifeclubsofkenya_  @sandiegozoo   #GiraffeConservationFoundation #giraffeconservation #environmentaleducation #conservationists #merunationalpark #reticulatedgiraffe #wildlifeeducation #wildlifeprotected #GCF"
"DSYCJfoj4ik";"Counting giraffe isn’t simple - especially when populations are large and always on the move! 🦒  But with a new photographic 📸 survey in Kenya’s Masai Mara 🇰🇪 and our AI-powered tool GiraffeSpotter, we’ve identified 3,371 unique Masai giraffe 🦒 across the landscape.   This information gives us clearer insight into their current status and the threats they face - and helps us protect them more effectively. 🌟 @kenyawildlifeservice @wrtikenya @wildmeorg @universitycollegedublin   #GiraffeConservationFoundation #giraffeconservation #maraecosystem #masaigiraffe #giraffesurveys #longtermmonitoring #GCF"
"DVavhOlDFHe";"Nothing beats a week at our wonderful TimBila project.  Come sign up as a volunteer at Naankuse to be apart of this amazing experience!  #namibia #naankuse #lion #elephant #conservation"
"DRsQo-BARQL";"👀 Spot anything unusual?  This Angolan giraffe🦒, photographed at @aiaiba_the_rockpainting_lodge  in Namibia 🇳🇦, has a unique bend in its neck caused by a kink in its spine.  But here’s the beautiful part - this giraffe is not just surviving, it’s thriving ☀️. We’ve seen a few cases like this before, and each time we’re reminded of just how resilient and extraordinary giraffe truly are.  Their ability to adapt gives us hope!  Be a voice for giraffe this #GivingTuesday 🤝 Link in BIO.   @naturally_namibia, @bigskyafricasafaris   #GiraffeConservationFoundation #giraffeconservation #wildlife #spinedeformity #raresighting #giraffeautonamy #GCF"
"DXtaDoijIT_";"Allomothering is an important part of elephant life 🐘  It’s when young females help look after calves within the herd: staying close, guiding them and learning how to respond in different situations.  These early experiences shape how they will one day care for their own calves.  Little Joy is now stepping into that role with Fiori. Both no longer so little, but still the youngest in the Ugab West desert elephant herd.  With no other calves currently surviving in this area, their presence matters. They represent the next generation. Learning, growing and carrying forward the knowledge that keeps elephant families strong."
"DVO3p9GDGew";"The coolest thing you’ll see today!   It is important that we dart our Rhinos every few years to make sure they are at full health and to help us track their growth especially in the first couple years of life.  #naankuse #conservation #namibia #rhino #endangeredspecies"
"DWAqKGpkuSD";"Two of our staff – Tresia Shihepo and Dr. Tim Hofmann –  presented at the African Wild Dogs United Conference 2026 (wilddogs.org), from March 10-12, 2026.   Tresia presented during the session ‘Pitches by Emerging African Wild Dog Scientists and Conservation Practitioners’ to obtain future funding for further genetics work. Despite strong competition, Tresia was awarded the grant! During the Genetics session, she also presented her Master’s thesis under the topic, ‘Assessing Relatedness of African Wild Dogs in Namibia’s Eastern Communal Conservancies.’   Tim presented during the Surveys & Monitoring session, sharing CCF’s wild dog paper ‘Using Scat Detection Dogs to Survey African Wild Dogs.’ One of the other talks mentioned CCF’s work specifically, as our research has demonstrated that scat detection dogs can find wild dog latrines and drastically increase monitoring efficiency. Tim also co-hosted a special session, ‘Exploring Wildlife Detection Dogs as a Novel Tool for African Wild Dog Research,’ with Jennifer Hartman from Rogue Detection Dogs.   A former veterinarian at CCF, Dr. Robin Gieling, presented a paper with several authors from CCF on African wild dog vaccinations done at CCF. All of the sessions were well attended and Tim and Tresia were excited  to represent CCF.   Scientific research is the backbone of our frontline conservation and education initiatives, and our scat detection team is vital. CCF’s trained scat detection dogs help geneticists find scat from cheetahs and other predators in the field. Once collected, DNA is extracted from the samples, allowing researchers to identify individual animals and better understand the population structure of cheetahs and other carnivores.   Just like cheetahs, endangered African wild dogs have disappeared from most of their historical range in Africa. Now Found primarily in southern Africa and the southern portion of East Africa, these  intelligent canids face many of the same threats as cheetahs, including habitat fragmentation, conflict with humans, and diseases transmitted by domestic animals.   Want to learn more? Visit cheetah.org   #africanwilddogs #cheetah #conservation #ccfcheetah"
"DWFHDlUj2ZX";"Next week, Cheetah Conservation Fund (CCF) is heading to the Convention on Migratory Species CoP15 (CMS COP15) in Brazil. So, why are cheetahs on the agenda at a summit on migratory species? Cheetahs are a wide-ranging and semi-nomadic species. In fact, the cats have typical home ranges of 800 to 1,500 square kilometers! For cheetahs, this is the wide-ranging behavior is a balance between the need to find prey, while also avoiding larger and stronger predators, which pose a potential threat.   Cheetahs also live at very low population densities. Just for perspective, on average there are rarely more than two cheetahs per 100 square kilometers in the wild. This means, for the species to survive, the cats need room to roam. In Africa, this wide-ranging behavior means the cats frequently cross jurisdictional boundaries between countries.   Today, Southern Africa is home to the largest cheetah population on the planet. More than half of the world’s remaining wild cheetahs live in a single transboundary population extending across multiple countries in the region. This means, cross-border cooperation is critical to save the species. As the only convention focusing exclusively on migratory species, the Convention on Migratory Species of Wild Animals (CMS) provides an important framework for protecting transboundary species, like cheetahs, establishing the groundwork for international coordination and cooperation.  Want to learn more? Visit cheetah.org  #cheetah #wildlifeconservation #conservation #cmscop15 #ccfcheetah"
"DV7XJOljNi_";"An afternoon grooming session at the Cheetah Rescue and Conservation Centre (CRCC) in Somaliland!   Since 2023, the CRCC has been the primary intake point for cheetahs rescued from the illegal wildlife trade or incidences of human-wildlife conflict.   Want to learn more? Visit cheetah.org  #cheetah #cheetahsofinstagram #cheetahconservation #cats #ccfcheetah"
"DWCI-u-Ee46";"A new episode of CheetahTV premieres today at 1 PM EST - and this week, host Brian Badger is chatting with wildlife educator, content creator, and zookeeper Jordan Veasley, also known as Jungle Jordan (@junglejordan23)!   Brian caught up with Jordan to discuss his amazing journey caring for animals, his passion for wildlife conservation, and commitment to inspiring future generations. Be sure to tune in for a very special surprise at the end of the episode!   To learn more about Jordan’s work, visit junglejordan.com.   Watch the episode at youtube.com/ccfcheetah  #cheetah #wildlife #conservation #cheetahconservation #ccfcheetah"
"DXJ6PfWFpCF";"A new perspective on a familiar favourite.  Formerly known as Little Ongava, we are proud to introduce Horizon by Ongava – a thoughtful evolution shaped by space, privacy, and connection to the landscape.  A new name. The same extraordinary place. Read more via the link in our bio.  #HorizonByOngava"
"DXUHBZnltwo";"For years, Little Ongava has held a special place in the hearts of those who stayed here.  Quiet mornings. Endless views. Wildlife moving below the ridge.  Horizon by Ongava honours that legacy – refining what already existed, while protecting the spirit that made this place unforgettable.  #HorizonByOngava"
"DWHfqggD7KW";"Nearly two-thirds of the planet’s big carnivores are threatened by extinction- including cheetahs. Over the last century, cheetahs have disappeared from most of their historical range, due to challenges like habitat loss, conflict with humans, and the illegal wildlife trade. Across the cheetah’s current range, climate change is exacerbating these challenges.   Returning cheetahs to the wild is a critical part of protecting the species. Rewilding can restore cheetah populations to their historic territory, and boost dwindling wild populations by enhancing genetic diversity. Cheetah Conservation Fund’s (CCF) approach to rewilding is rooted in science, supported by a research-based methodology involving rehabilitation, monitored releases, post-release tracking, and community-based protection systems. To ensure the cheetahs returned to the wild remain in the wild, CCF prioritizes supporting the communities living alongside the cats, launching initiatives like the predator Early Warning System (EWS) to alert farmers when cheetahs are on their land, and the Livestock Guarding Dog (LGD) program, offering a way to protect livestock without killing predators.   As predators, cheetahs have an outsized impact on the ecosystems they inhabit. Their presence helps to regulate prey populations and keeps disease outbreaks in check, and by dispersing herbivores and smaller carnivores, cheetahs also influence vegetation growth. The cascading impacts of these big carnivores boosts overall biodiversity, making ecosystems more productive and resilient. This ecological impact benefits humans too. Healthier ecosystems provide critical ecological services, generating benefits like improved soil and water quality.   Efforts to rewild large predators- like cheetahs - are already having an impact. Today, as we celebrate World Rewilding Day, we join a global movement to restore ecosystems and build a future where nature thrives.  Want to learn more? Visit cheetah.org   #cheetah #rewilding #conservation #worldrewildingday #ccfcheetah"
"DXMYTYjlr_q";"Out here, the horizon is never empty.  It shifts with movement – a line of elephants in the distance, a lone rhino moving through the grass, light stretching across the plains.  This is where perspective begins.  Read more about Horizon by Ongava via the link in our bio.  #HorizonByOngava"
"DXQx2jFFrjg";"Some horizons reveal themselves slowly.  Zuma knows how to wait, how to watch, and how to listen to the land until the wild begins to unfold. At Horizon by Ongava, the view may stretch endlessly – but it is the knowledge behind the wheel that brings it to life.  #HorizonByOngava"
"DXG8IUMDeZj";"A new perspective on a familiar favourite.  Formerly known as Little Ongava, we are proud to introduce Horizon by Ongava – a thoughtful evolution that builds on what made this place so special, now refined with even greater space, privacy, and connection to the landscape.  We were honoured to have Hon. Indileni Daniel, Minister of Environment, Forestry and Tourism, officiate the launch – a meaningful moment that reflects the shared commitment to conservation and responsible tourism in Namibia.  Set high above the plains with uninterrupted views, Horizon marks a new chapter in the Ongava story.  Discover the full story behind Horizon in our latest blog. Link in bio  #HorizonByOngava#Ongava #Namibia"
"DXEcMZZDgY7";"There is power in proximity. To stand within sight of an elephant moving calmly through the bush is to feel both humbled and protected – a reminder that true wilderness and careful stewardship can exist side by side."
"DXO2QOUln2I";"A meaningful milestone in a new chapter.  We were honoured to have Hon. Indileni Daniel, Minister of Environment, Forestry and Tourism, officiate the official launch of Horizon by Ongava – reflecting a shared commitment to conservation, responsible tourism, and Namibia’s wild future.  Read more via the link in our bio  #HorizonByOngava"
"DW9CcE-D6SX";"The dassie is one of Ongava’s smallest – and most entertaining – residents.  They may look like oversized guinea pigs, but these little rock specialists are perfectly adapted to life among the cliffs, darting into crevices at the first hint of danger and basking in the morning sun to warm up for the day ahead.  Watch closely and you’ll spot their curious personalities – nibbling, stretching, and keeping a careful lookout over their rocky kingdom."
"DXWQDv-iRp8";"Out here, nature speaks in ways that don’t require words. In the rustle of grass beneath an elephant’s feet. In the distant call of a bird taking flight. In the hush that settles just before sunrise.  When you truly listen, the wild begins to teach you – patience, presence, belonging. At Ongava, every encounter begins with listening to nature."
"DXJnfgRDJCq";"We’re proud to share that EHRA’s volunteer programme has been recognised with a Silver Award for Regenerative Tourism at the WTM Africa Responsible Tourism Awards in Cape Town 🥈  But it’s not only about us, it’s about everyone who made this possible.  It’s about every volunteer who has picked up a shovel, spent nights out in the field, collected data, helped build protection walls and been part of the day-to-day work that makes coexistence possible.  Regenerative tourism is about leaving a place better than you found it. In practice, that means:  • Restoring and protecting natural environments • Supporting local communities • Contributing to long-term, sustainable change  Together with communities on the ground, volunteers are part of real, measurable impact.  In the areas we work, human-elephant conflict incidents have dropped from 92 in 2023 to just 12 so far in 2026, and in 2025 no elephants were shot as problem animals across more than 2 million hectares.  That’s the impact behind this award.  To every volunteer who has been part of the programme, thank you. This recognition is yours.  🐘 If you’ve been thinking about joining, there’s a place for you here! Find out more via the link in bio."
"DWgtt_SgXiB";"A flash of olive, a flick of a tail, and those unmistakable crimson eyes – the Red-eyed Bulbul is one of Ongava’s most familiar little characters.  Often heard before it’s seen, its cheerful calls drift through the trees while it hops energetically between branches, always busy, always curious. It’s these small, everyday encounters that make time in the bush feel so alive.  Next time you’re on game drive, listen closely… the wild isn’t only in the big moments."
"DWWoOTkjmc6";"In all its raw beauty, in all its abundance and diversity, this ecosystem we call ""nature"" is embedded in our nature too."
"DW0itq8DiiZ";"Some encounters begin with stillness. A pause. A glance through the leaves. At Ongava, wildlife reveals itself on its own terms – quiet, curious moments that remind us how privilege often arrives softly."
"DWnsHF-DQxD";"There is something powerful about encountering nature in a place where you feel completely at ease.  In our quiet corner of the world, safety brings freedom – the freedom to breathe deeply, to wander slowly, to belong to the rhythm of the wild.  At Ongava, nature isn’t just seen… it’s felt, trusted, and shared."
"DUtRbGeCDvW";"It’s Groen: Namibië — and this time we dive deep into the raw, emotional world of animal rehabilitation. 🐾✨  There’s no handbook. No perfect formula. Just dedication, tough decisions, and a relentless commitment to giving wildlife the second chance they deserve.  Meet the lions whose futures hang in the balance — and witness the challenges, hope, and heart behind every step of their journey. 🦁💛  Don’t miss this powerful episode! 📺 Sunday, 15 February ⏰ 20:30 📍 Only on DStv kykNET (Channel 144)  www.naankuse.com #GroenNamibië #WildlifeRehabilitation #SecondChances #Namibia"
"DXWUuVLiluH";"National Wildlife Crime Statistics, March 2️⃣0️⃣2️⃣6️⃣.  The Government of the Republic of Namibia’s, ‘Wildlife Protection and Law Enforcement in Namibia: Monthly wildlife crime statistic Reports’ are generated from the National Wildlife Crime Database which is managed by the Blue Rhino Task Team (BRTT). These reports are a collection of all wildlife crime data for the country (cases registered, arrests, seizures and prosecutions) including plants.   NNF’s combatting wildlife crime projects (CWC) aim to support in capacitating our partners in the fight against the illegal wildlife trade. Partners such as, MEFT, BRTT through the Rooikat Trust (RT), NamRA and Save the Rhino Trust (SRT). The U.S. Department of State’s Bureau of International Narcotics and Law Enforcement Affairs (INL) has been and continues to be a key supporter of Law Enforcement interventions in Namibia, alongside the Rhino Recovery Fund managed through the Wildlife Conservation Network.   📌This infographic is designed by NNF for awareness purposes only. For interested readers the ‘Annual Namibia Wildlife Protection and Law Enforcement Report’ can be found here on our website 🔗link in bio🔗  @stateinl @euinnam  @rewild @rhinorecoveryfund @wildnetorg @nczoo  @savetherhinonamibia @ministry_of_environment_nam @namra_org_na  @pangolincrf @workingdogsforconservation"
"DXLyjUAjZ73";"Come meet us at the Living Earth Expo, a platform bringing together innovators and change-makers driving a more sustainable future. We will be showcasing how our work across agriculture, forestry, community-based conservation, and marine ecosystems and the rest of our programmes contribute to practical, community-led solutions.  Connect with our team and explore how people and nature can thrive together through shared action and innovation.  📍 Dagbreek School, Klein Windhoek  🗓 17–18 April  🎟 Tickets available on Webtickets or at the gate  For more information visit  @living.earth.africa"
"DWELR2UDkdM";"The notion that the green season offers diminished game viewing is debunked time and again at Ongava. With the first rains, the reserve transforms – grasses flush green, wildlife disperses across the landscape, and the air carries that unmistakable scent of renewal."
"DXPE5MbDHp0";"Join our award-winning volunteer programme 🐘  Recognised at the WTM Africa Responsible Tourism Awards, this is a project built on regenerative tourism, where the focus isn’t just on minimising harm, but on actively leaving a place better than it was before.  At EHRA, that looks like:  Supporting communities → Working alongside rural communities to reduce human-elephant conflict and create safer ways to live alongside wild elephants  Restoring and protecting ecosystems → Building protection walls and monitoring elephants daily to safeguard vital resources for both people and wildlife  Creating long-term impact → Contributing to over 25 years of data and solutions that continue to work long after volunteers leave  Working with, not against, nature → Focusing on coexistence, ensuring both people and desert-adapted elephants can thrive in the same landscape  Leaving a place better than it was before → Creating impact that is visible, measurable, and built to last  If you’ve been thinking about joining a conservation project, this is your chance to be part of something real.  Find out more via the link in bio or contact us at info@ehranamibia.org 📩"
"DWatI5sjiv8";"Lunch tastes better poolside. Fresh flavours, warm sunshine, and time to simply pause.  This is the art of slow safari living."
"DXbe6nYCnwx";"#ourplanet  #ourPower  This 🌍 #EarthDay2026 the focus is clear: the power to shape a sustainable future lies in our collective actions.  Today, several people live in areas highly vulnerable to climate change, while global demand for water and natural resources continues to rise. At the same time, solutions are scaling,  from renewable energy expansion to ecosystem restoration and more sustainable ways of living.  “Our power” is a reflected in: 📌The systems we support 📌The policies we prioritise 📌The everyday choices we make  🌍Earth Day is a reminder that while the challenges are global, the responsibility is shared.  #earthday2026  #ourplanetourpower  #sustainablefuture  #climateaction"
"DWlb0sNDFI2";"Solving human-elephant conflict is possible, but it requires dedication! It’s managed, day by day, by people on the ground.  Our Elephant Guards are at the heart of this work: tracking herds, responding to conflict, supporting communities and helping prevent situations from escalating. Their presence makes coexistence possible across vast, shared landscapes.  A dedicated team, steady commitment and countless hours in the field. We are so proud of them, and we never even knew how much we would rely on them today 🐘"
"DW3daffjCif";"10 days. A small group of women. The Namibian wilderness.  Tracking desert elephants and learning from the matriarchs who lead them.  Early mornings with yoga under wide, flame-red skies. Evenings around the fire, sharing stories. Nights under a sky full of stars.  Time spent with Namibian women, hearing their stories, and seeing this landscape differently.  It’s wild, grounding, and powerful.  Only a few spots left for 21–30 October 2026.  📩 For more information, follow the link in our bio or head over to https://cathadventure.com/the-matriarch-adventure  📷: Christin Winter"
"DXoz26sjP1a";"Fundraising like this makes our work possible 🐘  He’s done it! 🏃‍♂️ Mark Edsell has successfully completed the London Marathon, taking on 42.2km in support of EHRA.  Every donation raised goes directly towards our work on the ground, supporting coexistence between people and elephants.  A huge thank you to Mark for taking on this challenge, and to everyone who has already supported his run.  You can still be part of it and donate here: https://www.justgiving.com/page/mark-edsell?utm_medium=FR&utm_source=WA"
"DWtKKg3jMKm";"A single night of elephant damage can destroy a water point that a family depends on.  As a volunteer, you can help prevent that!  By building protection walls, you’re directly reducing conflict while keeping water accessible for both people and elephants. It’s one of the few projects where the impact is immediate and visible: a wall built, water protected.  🐘 Want to be part of work like this? Contact info@ehranamibia.org or visit our website to learn more."
"DXWhPTbE16s";"Last month saw the official launch of Africa’s first Wood Identification Screening Center (WISC) 🔬 at the Namibian Police Forensic Science Institute in Windhoek.   The event, hosted by the Namibia Police Force @namibianpoliceforce 🤝 in collaboration with the Ministry of Environment, Forestry and Tourism, @ministry_of_environment_nam  the Namibia Revenue Agency @namra_org_na , the United States Forest Service @u.s.forestservice , and the United States Embassy @usembnamibia , was officiated by Honourable Minister Lucia (Ministryofhome of Home Affairs, Immigration, Safety and Security), with remarks from Lieutenant General Joseph Shikongo (Inspector General, NAMPOL), Ambassador John Giordano (United States Ambassador to Namibia), Dr Beth Hahn (US Forest Service), and Commissioner Becker (Head of @namibianpoliceforce SI) 🇳🇦.   The center was established by the USDA Forest Service Office of International Programs and Trade, with funding from the U.S. Department of State’s Bureau of International Narcotics and Law Enforcement Affairs (INL), in close collaboration with the Government of Namibia and national enforcement authorities.   Why this matters⁉  Often overlooked, the illegal timber trade 🚫🪵 is among the most lucrative transnational crimes, undermining legitimate businesses, threatening sustainable livelihoods, and placing immense pressure on Namibia’s natural resources.   Globally, profits from illegal logging finance terrorist groups, drug cartels, and other criminal organisations. As one of the world’s largest timber traders, the United States has a strong interest in deterring illegal timber practices that undermine American industry, workers, and fuel large criminal enterprises.  By strengthening the ability to identify wood species 🔍 and verify timber shipments, the WISC will help prevent illegally sourced timber from entering both local and international markets."
"DUi-O5xmKYK";"Some Monday cuteness to melt your heart 🐘✨  Just look at these baby elephants on the TimBila Nature Reserve by Naankuse. Playful, curious, and completely at home, they roam freely across 35,000 hectares of pristine conservation land — a place of safety, peace, and possibility.  Born into freedom, these little ones are the beautiful result of parents who were once removed from conflict and lovingly translocated to TimBila. Now settled, safe, and thriving, they’ve felt comfortable enough to grow their families here.  And honestly… we can’t get enough of their adorable antics 💕🐾  Photo Credit: @juli.august___  www.naankuse.com #naankuse #naankusefoundation #elephants #conservation #OnlyAtTimBila"
"DWODCFVDkCp";"At Ongava, welcome is not just a greeting – it’s a feeling that settles softly around you."
"DXTqzuxjCXj";"It’s awards week for EHRA 🐘  A huge congratulations to Taiwin Garoeb, our Head Elephant Guard West, for being named a winner at the GOSCARS (Grassroots Owen-Smith Conservation Awards).  Taiwin leads a small but highly effective team working across the Kunene Region, supporting communities living alongside desert-adapted elephants. Over the past three years, he has personally reached hundreds of rural residents, sharing practical, safe and sustainable ways to live with elephants.  From responding to late-night calls and assisting vulnerable community members, to finding locally accessible solutions that help prevent conflict, his work is grounded, consistent and deeply connected to the people he serves.  He’s also known for his problem-solving mindset, including introducing creative approaches like using “angry bee” deterrent sounds to safely guide elephants away from farms.  This award recognises individuals who are trusted by their communities and dedicated to long-term, community-based conservation.  Taiwin, this recognition is incredibly well deserved. Congratulations 🐘   📷: Gail Potgieter"
"DXgjOMjoc5M";"A big thank you from Rachel Harris, our CEO, to each and every volunteer we’ve had at EHRA since 2003 🐘  This award for Regenerative Tourism is thanks to all of you, and sums up the heart of what we do at EHRA.   We’d love to hear what your highlight from volunteering with us was, so drop it in the comments 🩶"
"DUqspAglZWX";"A little splash of joy for your day 💦🦛  Take a look at this adorable mother-and-son hippo duo at TimBila Nature Reserve by Naankuse. These two were translocated from a potential conflict area and are now living their best lives in a safe conservation paradise.  It does look like mom might be having a serious chat with her not-so-little boy… 👀 We can’t help but wonder what mischief he got up to this time. Sneaking extra snacks? Too much splashing?  Whatever it was, we’re just happy they’re safe, together, and thriving. Enjoy this heart-melting (and possibly ear-twitching) moment! 💚  www.naankuse.com #naankuse #naankusefoundation #hippos #hippolife❤️ #conservation"
"DV_Pa2ujuyN";"Look closely, and you will find the spirit of the land in every detail.  At Little Ongava, design is not simply about luxury – it is about place. The textures, colours and materials echo the surrounding landscape of Etosha and the timeless rhythms of Namibia’s wilderness. Stone, wood and earth-toned fabrics mirror the plains below, while expansive views invite the outside world gently in.  Perched high above the Ongava plains, Little Ongava offers one of the most exclusive safari experiences in Africa – where design, landscape and wildlife meet in perfect harmony."
"DW3IxVCjip9";"Every journey here is shaped by people who know this land intimately. Guides are storytellers, protectors, and companions – ensuring that each encounter with nature happens safely, respectfully, and with a deep sense of belonging."
"DU0pr3KjK2K";"At the Coastal Project, we like going on WILD rides🙂‍↕️ #nambia #swakopmund #naankuse #desert #quadbiking"
"DUv9CdXiIPB";"Just look at the love our sweet Old Lady is surrounded by 💛  At the Harnas Foundation Wildlife Sanctuary, our volunteers and staff have hearts as big as the African sky — and they’ve poured so much of that love into one very special soul.  Old Lady, one of our oldest and most cherished vervet monkeys, has spent many beautiful years with us. As she gracefully grows older, she’s showered with extra tender loving care, gentle moments, and all the comfort she deserves.  This Valentine’s Day, we celebrated her with a special “buffet of love,” thoughtfully prepared just for her — a little reminder that every stage of life is worth celebrating.  Happy Valentine’s Day from Old Lady and all of us at Naankuse 💕  www.naankuse.com #naankuse #naankusefoundation #foreverharnas #vervetmonkeys #valentine #bemyvalentine"
"DUk1QjjDDWR";"Not a single moment of peace with our little wild ones  #namibia #naankuse #volunteer #baboon #wildlife"
"DUoHy9SjDWf";"A roaring success… 🦁✨  Look into her eyes. This desert-adapted lioness was once on the brink of death — caught in conflict, facing starvation or lethal persecution. Her future was slipping away.  Today, she rests peacefully in the wild, pristine beauty of TimBila Nature Reserve. Safe. Protected. Home.  She is the living proof of what conservation can achieve when compassion meets action. A true conservation victory. Instead of suffering, she now roams free — strong, resilient, and embracing a second chance at life.  And the tracking collar she wears? It’s not a symbol of captivity, but of care. It allows us to monitor her and her pride, ensuring their safety and wellbeing as they reclaim their place in the wild.  This is why we do what we do. Because every life saved is a future restored. 🌍🧡  Photo credit: @juli.august___   www.naankuse.com #naankuse #naankusefoundation #conservation #lions #bigcats #animalrehabilitation"
"DXbqi4PDIfu";"“Short bursts of speed… followed by a slow wander looking for food.” Sound familiar? 🐘  On 26 April, Mark Edsell is running the London Marathon and raising funds for EHRA.  Inspired by the idea of how an elephant might take on 42.2km (and realising it might not be all that different), he’s turning the challenge into something meaningful, supporting conservation work that makes a real difference on the ground in Namibia. All funds raised go directly to EHRA.  If you’d like to support his run, you can donate here: https://www.justgiving.com/page/mark-edsell?utm_medium=FR&utm_source=WA"
"DWp8LUSDnGz";"Morning arrives gently here. Light spills across the hills, revealing a wilderness that feels both vast and reassuring – a place where freedom begins with the simple act of breathing deeply and knowing you are safe in nature’s care."
"DWyTxceDHN1";"400km in 14 days… This bull taught us a lot!  Bull 6, now nicknamed “Etosha Boy”, was collared during our January operation. As a young adult male, he’s part of a group that often travels widely, exploring new areas and shaping movement pathways across the landscape.  Within just 14 days, he covered over 400 km, moving from our area of operation into Etosha, and has since wandered back out again, now recorded east of Outjo.  We still haven’t managed to get ID photos of him ourselves. Instead, we’re tracking his journey through collar data and the photos shared by farmers whose land he passes through.  Movements like his teach us a lot about how elephants use the landscape, how they respond to changing conditions, and how connectivity between areas matters more than ever, especially as climate and habitats shift. Understanding these patterns is key to adapting coexistence strategies for the future 🐘"
"DU81AbnCf5j";"In Epukiro, fungal scalp infections can spread faster than playground gossip 😅 — but that’s where our amazing volunteers jump in to save the day!  With soap, water, and lots of smiles, they help keep those pesky infections at bay. Regular washing makes a world of difference, and our team absolutely loves spending time with the wonderful children of Epukiro, home of the Naankuse Lifeline Clinic.   Clean scalps, happy hearts, and plenty of laughter all around! 🫧💛  www.naankuse.com #naankuse #naankusefoundation #lifelineclinic #healthcare #hygiene"
"DU_MJCCghr8";"🦁 It’s time for Groen: Namibië — and this week, the lions rule the spotlight!  Get ready for an action-packed episode as we follow the journey of Namibia’s magnificent big cats — rescued from human-wildlife conflict and given a powerful second chance at life. 💛  And that’s not all… you’ll come face to face with the one and only Lucky Luke — a lion you won’t soon forget.  Don’t miss the conservation action unfolding this Sunday, 22 February at 8:30PM on DStv’s kykNET (Channel 144).  Set your reminder. This is one wild story you need to see. 🌍🔥  www.naankuse.com #naankuse #naankusefoundation #groennamibie #lions #conservation #bigcats"
"DU0kTVJiYGd";"🏃‍♂️✨ Friendly Competition in Full Swing! ✨🏃‍♀️  On Saturday, 14 February, the learners of Naankuse Primary School took to the field to showcase their athletic talents — and what a day it was! From fast-paced races to impressive leaps, the air was filled with energy, excitement, and plenty of cheering.  It wasn’t just about winning — it was about team spirit, determination, and having an absolute ball together.  At Naankuse Primary School, learning goes far beyond the classroom. We believe in building confident, well-rounded learners through sport, teamwork, and shared experiences that shape character as much as academics. 💚  Here’s to healthy competition and growing strong — together!  Thank you to Windhoek Gymnasium Private School for so generously letting us use your athletics equipment.  www.naankuse.com #naankuse #naankusefoundation #conservation #teamspirit #naankuseprimaryschool #athletics"
"DU8KNrLDLWc";"We love our fishy friends! Get the chance to observe these seals up close at our Naankuse Costal Volunteer Project!  #naankuse #reels #oceanconservation #namibia #volunteer"
"DRDKx7WjEV0";"T.G.I.F. – Thank Giraffe It’s Friday! 🙏🦒  No better time to share some 🎉 fantastic news… it’s a baby boom in Pian Upe Wildlife Reserve, Uganda! 🇺🇬  The Nubian giraffe population that we helped establish in collaboration with the @ugwildlife and currently continue to monitor with @spaceforgiants is thriving. 💪  The proof is in the pudding, or in this case, the babies! 🦒💛 Each new calf represents another step toward a secure future for this endangered giraffe subspecies. @william_luwaga   #GiraffeConservationFoundation #giraffeconservation #TGIF #thankgiraffeitsfriday #babyboom #babygiraffe #giraffebeauty #naturelovers #giraffelovers #giraffe #GCF"
"DVZ3LZRElaC";"CheetahTV is back this week with a very special guest! Any guesses?   Watch the new episode this Wednesday at 1 PM EST on YouTube. To learn more, visit cheetah.org/cheetahtv  #conservation #cheetahconservation #wildlife #cheetahs #ccfcheetah"
"DVXZSXLDLb0";"It’s time for the big reveal! At Cheetah Conservation Fund’s (CCF) Model Farm in Namibia, Calum and the team have been busy preparing a meaningful surprise for Dr. Marker (@drlauriemarker) - and the resident goats! In less than 10 days, the team updated the play yard and did a major renovation on Dr. Marker’s original Land Rover - turning the vintage vehicle into a new centerpiece for the Model Farm, that doubles as an enriching play feature for the animals.   To read more about the team behind his innovative transformation, check out the new blog!   ➡️cheetah.org/ccf-blog/model-farm/a-meaningful-transformation-at-the-kraal-renovating-the-kids-play-yard/  #landrover #goats #goatsofinstagram #cheetahconservation #ccfcheetah"
"DVoFl_YDezG";"Happy International Women’s Day! Today, we are celebrating all the incredible women making a difference in conservation at Cheetah Conservation Fund (CCF) - and all over the world! Their efforts are boosting conservation outcomes and creating a more sustainable future.   #internationalwomensday #womeninscience #conservation #ccfcheetah"
"DVghGJuDbWD";"Happy World Book Day! 📚What are some of your favorite books? We are partial to anything about cheetahs (or Livestock Guarding Dogs)!  In fact, our founder and executive director, Dr. Laurie Marker, doesn’t just love to read- she’s also written a few books and collaborated with amazing artists, illustrators, and photographers! A few years ago, she even wrote a children’s book about a rescued cheetah cub named Chewbaaka, who grew up to become an inspirational ambassador for his species.   Want to celebrate the joy of reading - and support cheetah conservation at the same time? Check out the books available from Cheetah Conservation Fund (CCF)! 🐆 Visit cheetah.org/learn/ccf-books  #worldbookday #reading #cheetah #cheetahconservation #ccfcheetah"
"DVeHLEsEZn4";"The new season of #CheetahTV premieres today - with a very special guest, Jeff Corwin (@wildcorwin)! During the episode, host Brian Badger discusses Jeff’s lifelong commitment to wildlife conservation, and his special connection to Cheetah Conservation Fund (CCF)!   Watch the new episode today at 1 PM EST on YouTube! Visit youtube.com/@ccfcheetah   To learn more, visit cheetah.org/cheetahtv   #conservation #wildlife #cheetahconservation #ccfcheetah"
"DVteIrHkpr9";"POV: When Cloud insists on weighing herself.   Rescued as a young cub in 2018, Cloud in is now one of the oldest cheetahs at the Cheetah Rescue and Conservation Centre (CRCC) in Somaliland. She and her sister Mist were confiscated shortly after Somaliland began enforcing revised wildlife protection laws enacted in 2016. Her story is especially significant – not just because her rescue resulted in the conviction of two wildlife traffickers – but also because Cloud and her sister Mist both survived.   Ten years ago, when Cheetah Conservation Fund (CCF) first began working in Somaliland, there were no permanent facilities for rescued cheetahs and very limited veterinary training. In those early years before permanent facilities and trained care teams were in place, mortality among rescued cubs exceeded 50 percent. Over the last decade, that number has fallen to single digits – and in early 2025, no newly arrived cubs were lost.   Cloud has lived through the transition from the temporary Safe Houses in Hargeisa to the Cheetah Rescue and Conservation Centre (CRCC) in Geed-Deeble in 2023, where Cloud and her sister Mist now live in a large, natural enclosure. Cloud’s life reflects the arc of Somaliland’s progress in cheetah conservation – and the important improvements in infrastructure, training and veterinary readiness.   Want to support our efforts to rescue cheetahs like Cloud? Visit cheetah.org.   #cheetah #cheetahconservation #cats #wildliferehab #ccfcheetah"
"DQ2L-kBgaVr";"🦒 Are you a GiraffeSpotter?  With GiraffeSpotter, you can help us monitor wild giraffe populations across Africa 🌍 and become part of the world’s largest giraffe identification project!  So far, we’ve identified 28,130 individual giraffe from over 171,500 sightings contributed by researchers and citizen scientists in 18 countries. 🌟  Joining is easy! 🤝 📸 Head to giraffespotter.org - link in BIO 📤 Upload your giraffe photos 🔍 If we find a match with a previously sighted giraffe, we’ll let you know!  Together, we can #StandTallForGiraffe — one spot at a time. 🦒 @wildmeorg   #GiraffeConservationFoundation #giraffeconservation #giraffespotter #giraffeidentification #protectinggiraffe #giraffesightings #GCF"
"DQ96W0vD9A5";"More big news from Zambia 🇿🇲!  We’ve just completed the first-ever 🛰️ GPS satellite tagging of 19 Luangwa giraffe 🦒 in the iconic Luangwa Valley — a major milestone for giraffe conservation in the region. 🌟  This unique population is not only growing in number, but also expanding its range across a diverse landscape of protected areas, community lands, and safari regions. Understanding how these giraffe move through such a complex environment is key to ensuring their long-term survival. 🌿  With these new GPS units, we can now monitor movements, seasonal shifts, and habitat use like never before — supporting evidence-based conservation planning across the valley.  A huge thank you 🤝 to all our partners and dedicated field teams who made this incredible work possible! 💪 @zcp_zambia @cslzambia @nsangaconservation @_sungani_  @bushcampcompany   #GiraffeConservationFoundation #giraffeconservation #luangwagiraffe #luangwavalley #gpstagging #movementpatterns #evidencebasedconservation #GCF"
"DVqtQN1Deaf";"Recently, we hosted a group from Art Safari (@artsafari) at our Centre in Namibia. We thoroughly enjoyed welcoming the group of artists, led by Shelly Perkins (@shellyperkinswildlifeart)! The group learned about our frontline conservation efforts in Namibia and got the backstory on some of the resident cheetahs currently being cared for by Cheetah Conservation Fund (CCF).   We thoroughly enjoyed the visit- and were truly amazed by the group’s creativity, artistic abilities, and passion for wildlife. Shelly even graciously left us on of the stunning paintings inspired by the visit to CCF - a beautiful and meaningful addition to our Centre!   Situated beside the picturesque Waterberg Plateau, our Research and Education Centre in Namibia welcomes day-visitors and overnight guests. 🐆 To learn more about daily activities, amenities, and accommodation options, visit cheetah.org/get-involved/visit-ccf  #namibia #travel #artist #conservation #ccfcheetah"
"DVe15yLj6YW";"Cheetah close-ups at the Cheetah Rescue and Conservation Centre (CRCC) in Somaliland! Since 2023, the CRCC has been the primary intake point for cheetahs rescued from the illegal wildlife trade and cases of human-wildlife conflict. The CRCC is home to cheetahs of all ages, from young cubs to seniors, and staff provide individualized care to each cat.   Did you know that you can sponsor one of the rescued cheetahs at the CRCC? Visit cheetah.org/get-involved/ways-to-give/sponsor/  #cheetah #cheetahsofinstagram #cats #wildliferehab #ccfcheetah"
"DRVFd6ziFlp";"T.G.I.F. - Thank Giraffe It’s Friday! 🙏🦒  Weekend forecast: 100% chance of giraffe and good vibes. 🌧️🦒  #GiraffeConservationFoundation #giraffeconservation #TGIF #thankgiraffeitsfriday #giraffebeauty #masaigiraffe #savannahlandscape #naturelovers #giraffelovers #giraffe #GCF"
"DRaPEBQjOK7";"Keeping kids actively engaged during our KEEP field days is key, and our program is always evolving. We’ve recently introduced a new interactive activity to help learners understand how the water cycle works. 🌦️  By turning lessons into hands-on experiences, we make learning fun and memorable.   After all, in an arid country like Namibia 🇳🇦, understanding and saving water is vital - and what better way to inspire care for our environment than through play? 🌿  #GiraffeConservationFoundation #giraffeconservation #environmentaleducation #waterconservation #KEEP #handsonexperience #gcf"
"DRIGtULDGKm";"Over the past year, Kedong’s landscape in Kenya 🇰🇪 has changed dramatically. 🏞️ Large areas have been sold, fenced, and subdivided, cutting off vital wildlife corridors 🚧.  As a result, Masai giraffe 🦒 and other wildlife are now trapped in shrinking patches of land, unable to reach Lake Naivasha, their only reliable water source.  The impact has been devastating, with increasing human-wildlife conflict, poaching, and entanglement risks.  In an urgent rescue effort, four Masai giraffe were safely relocated to secure habitats in Nairobi National Park and another nearby protected area. Each giraffe was fitted with a GPS satellite tag 🛰️ to monitor how they adapt to their new home.  But the work isn’t over — an estimated 25–30 more giraffe urgently need relocation ⚠️. Led by Kenya Wildlife Service (KWS), conservation teams are racing against time to give Kedong’s giraffe a fighting chance. 💪 @kenyawildlifeservice  @thesafaricollection  📷 @klein_nettoh   Read the full story here 👉 Link 🔗 in BIO. 👈   #GiraffeConservationFoundation #giraffeconservation #translocations #giraffetranslocations #proectinggiraffe #conservationaction #humanwildlifeconflict #GCF"
"DXWaGU2DI8-";"A small update from the field: Mimi is doing well 🐘  She’s growing, keeping up and looking strong.  Calf survival hasn’t been common here in recent years, which makes updates like this from our patrol teams something we don’t take for granted. Every sighting, every positive report, is a reminder of why the work matters.  📷: @stephanie.morgan.photography"
"DVRbbXIiHaN";"🔥 Episode 7 of Groen: Namibië is here — and it’s all about Himeezembi… a lion among lions! 🦁  This week, the kings of the wild take centre stage — and their power is undeniable. These magnificent big cats have been dominating the small screen, and their presence? Absolutely unforgettable.  Join dynamic conservation duo Rudie and Marlice as they dive into the heart of Namibia’s wilderness, tackling the real challenges of conservation and fighting to protect these iconic predators. Expect raw moments, breathtaking scenes, and the untamed beauty of Africa at its finest.  🌿 Only on Groen: Namibië 📅 Sunday, 1 March 2026 ⏰ 20:30 📺 DStv kykNet (Channel 144)  Don’t miss the roar.  www.naankuse.com #naankuse #naankusefoundation #lions #bigcats #conservation #groen #kyknet"
"DV8V_PjFMlT";"Some walk loudly through the world. Others tread softly.  An elephant knows the rhythm of the land – each step measured, each path remembered. In places like Ongava, we are reminded to slow down, move gently, and leave only footprints behind."
"DVgPtlCDbl3";"At Anderssons at Ongava, contemporary comfort and wild views come together – panoramic suites, waterhole watching from the hide, an infinity pool, and direct access to one of Namibia’s richest wildlife landscapes.  📷: Andrew Morgan"
"DVSdPEfDGlm";"In Namibia, Calum and the team at the Model Farm are planning a big surprise for Dr. Laurie Marker, our founder and executive director! The team is updating the goat play yard at the Model Farm and converting Dr. Marker’s original Land Rover into an iconic centerpiece- and enriching play feature for the goat kids!   But, with just a little more than a week to get everything done, Calum and the team are racing against time! Stay tuned to find out if the team can get everything done in time!   To learn more about how the Model Farm is supporting local communities and keeping cheetahs in the wild, visit cheetah.org. 🐆  #landrover #diy #surprise #cheetahconservation #ccfcheetah"
"DVTW8GMjZim";"Small, still, perfectly adapted. The Etosha Agama is a master of camouflage, blending seamlessly into the grasses and earth of Ongava’s valleys.  It is often the smallest encounters that slow you down – reminders that this landscape belongs to far more than just its largest inhabitants."
"DQpT_FHjeeA";"After the devastating fires 🔥 in Etosha National Park, Namibia 🇳🇦, our camera traps 📷 showed both the power of fire and the incredible resilience of life.   Just days later, a springbok strolls calmly through the scorched savannah, as fresh green shoots 🌿 begin to emerge.   Nature’s resilience never ceases to amaze. 🌍✨   #GiraffeConservationFoundation #giraffeconservation #etosha #natureinfocus  #wildfires #savannahfires #nature #GCF"
"DVmWaukkpqC";"Moving gently through the landscape. At Little Ongava, elevated walkways trace the contours of the mountain – guiding guests between ancient rock, trees, and sky. A reminder that here, the wild is not crossed, but carefully woven into every step."
"DVo7FqKjnUw";"Green season changes everything. The land softens, colours deepen, and the bush exhales after rain.  At Ongava, this is a time of renewal – when tracks are fresh, skies dramatic, and the reserve feels alive with possibility."
"DQr4xc2jBxf";"Collecting data for a stronger future for giraffe in Zambia. 🇿🇲  Together with the Department of National Parks and Wildlife (DNPW), our team recently collected 🧬 DNA tissue samples from 51 giraffe 🦒 across 19 sites in Zambia, including protected areas, communal conservancies, and private game ranches and farms.  This important work forms part of the KAZA TFCA Giraffe Conservation Strategy (2022–2026) and aims to better understand the genetic diversity and population structure of Zambia’s giraffe for long-term conservation planning. 🌿  Using a non-invasive drop-dart technique, the team safely gathered samples and detailed data on age, sex, and location. The DNA will now undergo whole-genome analysis, with results expected in 2026 — helping guide conservation efforts across Zambia and beyond. 🌍  #GiraffeConservationFoundation #giraffeconservation #geneticstudies #giraffebiopsy #tissuesamples #genomeanalysis #GCF"
"DVbLx5hjV9r";"Sometimes the most powerful moments happen quietly. No engine noise. No urgency. Just distance, respect, and time.  At Ongava, wildlife moves freely – and encounters unfold on the animals’ terms, exactly as they should."
"DV8bdWGGfP1";"When you visit a different country, do you know what’s happening on the ground? Do you know about the conservation challenges and what is being done to address them?⁠ ⁠ If you’re travelling through Damaraland, consider stopping by EHRA’s Elephant Education Centre for a break along the way. Learn more about Namibia’s desert-dwelling elephants, the challenges of human–elephant coexistence, and the work being done to protect both communities and wildlife.⁠ ⁠ Your visit directly supports our conservation and community programmes.⁠ ⁠ 📍 You’ll find us 50km from Uis, just 5km off the C35, near the Ugab River bridge.⁠ ☕ Visitors are welcome to stop in, learn more, and enjoy the surroundings.⁠ ⁠ We hope to see you on your journey 🐘"
"DVdps8pDG1E";"Conservation is built on collaboration.  Our recent elephant collaring operation brought together an incredible range of expertise and commitment: the Ministry of Environment, Forestry and Tourism, MEFT veterinarians, AWCT pilot, our EHRA field team, and the local communities who share their landscape with elephants every day.  Operations like this require trust, coordination and a shared goal. Every person involved plays a different role, but the outcome depends on everyone working together.  Strong partnerships like these are what make effective, long-term conservation possible 🐘"
"DV3ir46kge2";"Only a few desert-dwelling elephants remain.⁠ ⁠ These elephants have adapted to survive in one of the harshest environments on Earth, travelling vast distances between scattered food and water sources. Over generations, they have learned how to navigate this fragile desert landscape.⁠ ⁠ Protecting them means maintaining a delicate balance between elephants and the communities that share this land.⁠ ⁠ Through monitoring, conflict mitigation and community support, EHRA works to ensure that both people and elephants can continue to live here side by side 🐘"
"DVHpOKMj7dH";"POV: Nap time just ended at the Cheetah Rescue and Conservation Centre (CRCC) in Somaliland.   Since 2023, the CRCC has been the primary intake point for cheetahs rescued from the illegal wildlife trade and cases of human-wildlife conflict.   Want to learn more? Visit cheetah.org   #cheetah #cheetahsofinstagram #cats #wildliferehab #ccfcheetah"
"DWRTGNGlQCt";"As the sun begins to dip, a familiar call echoes across the plains – the unmistakable sound of the Double-banded Sandgrouse returning to water.  Known for their remarkable daily journeys, these hardy desert birds can travel vast distances to reach waterholes, arriving in flocks just as the day cools. Males even soak their specially adapted breast feathers in water to carry it back to their chicks – one of nature’s most fascinating survival strategies.  For guide Tuli, the Double-banded Sandgrouse is the ultimate “sundowner bird” – a signal that the day is winding down and the evening magic of Ongava is about to begin.  Listen closely… their call is one of the true sounds of sunset in the bush."
"DVLlSpkFEpk";"Some places arrive slowly.  Before they are seen, they are heard.  Before they are understood, they are felt.  This is a place shaped by moments that do not announce themselves. They linger. They pass. They stay with you.  Encounter by Ongava"
"DWGywKJiuW1";"🔬🦂 Understanding the small species that sustain our ecosystems... During recent fieldwork in Warmbad, the National Museum team collected arthropods and insects using pitfall traps as part of the @jrsbiodiversity project. These specimens are now being carefully sorted to order level, with further identification to species level by collection curators.  While often overlooked, these organisms play a critical role in maintaining ecosystem balance,  from nutrient cycling and soil health to supporting food webs. Studying them allows scientists to better understand biodiversity patterns, species distribution, and how ecosystems respond to environmental change.  This data is essential for informed conservation planning, helping to protect not only individual species, but the integrity and resilience of entire ecosystems."
"DWgSNwADO1W";"“#TeamNoSleep, our night shift has started.” A message from our Elephant Guard, Taiwin, as elephants approach a water point in the dark.  In dry landscapes like this, water draws both people and elephants to the same place. Without protection, these encounters can quickly turn into damage and conflict.  Here, a solar-powered water system and protected infrastructure help reduce that risk, allowing elephants to move through while keeping water accessible for the community.  On nights like these, our Elephant Guards are there to monitor movements, read behaviour, and step in only when needed. Safely guiding situations before they escalate, for both people and elephants 🐘"
"DUtUiVNjyqn";"Happy Valentine’s Day from our Livestock Guarding Dogs! For more than 30 years, these incredible dogs have been keeping cheetahs in the wild. These canine guardians bond with their herds - and with a loud bark and an intimidating presence, they help deter wild predators, like cheetahs. In fact, in Namibia, Livestock Guarding Dogs have been found to reduce predation by 80-100%.   Most of Namibia’s cheetahs live outside protected areas, instead these cats occupy commercial and communal farmlands, sharing the landscape with humans and domestic animals. By deterring wild predators, these Livestock Guarding Dogs are protecting rural livelihoods- and preventing conflicts between humans and wildlife before they happen. To date, more than 800 dogs have been placed on farms across Namibia and other parts of Africa since the Livestock Guarding Dog program launched in 1994.   Did you know, you can also sponsor our Livestock Guarding Dog program in Namibia? Sponsors get special updates throughout the year! Visit cheetah.org/get-involved/ways-to-give/sponsor   #valentines #valentinesday #dogs #workingdogs #ccfcheetah"
"DVnOjbSjT6J";"Celebrating the Women of Ongava.  From the quiet patience of the bush to the warm welcome in camp, the women of Ongava help shape every moment of the guest experience. They are hosts, caretakers, storytellers, and stewards of this remarkable landscape.  Behind every perfectly prepared room, every shared story, and every unforgettable encounter with nature, there are women whose dedication, skill, and passion bring Ongava to life.  Today, on International Women’s Day, we celebrate their strength, their leadership, and the vital role they play in conservation and hospitality."
"DVyb81qEv7Z";"Time in the field means learning to read tracks in the sand, noticing the plants elephants feed on, and seeing how water, terrain and seasons shape their movements across this vast desert.⁠ ⁠ These moments are just as important as the work itself. The more we understand this environment, the better we can protect the elephants that call it home.⁠ ⁠ With two projects running every month, there are regular opportunities to join EHRA in the field and experience these landscapes for yourself.⁠ ⁠ 📩 Interested in getting involved?⁠ Contact info@ehranamibia.org or visit our website to learn more."
"DWQ_vNvDHIN";"Happy birthday to Anna, our Environmental Education Program Manager 🐘  Thank you for all your hard work in spearheading our SEED Project and for being such an important part of the team!  We hope you have a lovely day 🎉"
"DVGseIDDyuy";"The Education Department has kicked-off their annual conservation outreach for 2026! The team is starting in the greater Kunene Region – and the schools are very excited to be a part of their outreach and learn why saving cheetahs is so important! Cheetah Conservation Fund's (CCF) outreach programs are targeted to upper-primary and secondary students, highlighting the important role predators play, the plight of the planet's remaining cheetahs, and efforts to protect the species. The education team also exposes young learners to different careers in conservation, and the importance of going into the field of science. For their third trip, the team will be headed to the Omaruru region. Stay tuned for more updates!   Education is the foundation of conservation. Every year, Cheetah Conservation Fund’s (CCF) education programs reach approximately 20,000 students in Namibia, highlighting the importance of wildlife and value of healthy ecosystems. In 2023, CCF’s educational materials were recreated and translated for use in outreach programming in schools in Somaliland. Teaching these young learners about the vital ecological role cheetahs play as apex predators and the importance of conservation is also critical for training the next generation of scientists and conservationists.   Want to learn more? Visit cheetah.org   #conservation #education #cheetahconservation #STEM #ccfcheetah"
"DWMOLvjI0E1";"Lately, most conversations around elephants in Namibia have been shaped by conflict. Crops destroyed, water points damaged, and in some cases, lives lost.  These are real and serious situations, and they deserve attention.  But at the same time, there is another side to this story that is often missed.  Across the country, people are learning how to live alongside elephants in a more informed and practical way. Not because it’s easy, but because it’s necessary.  One of the biggest shifts we see through EHRA’s PEACE Project is how quickly fear changes when understanding grows. Many participants arrive thinking elephants are unpredictable and dangerous. After the training, that perception often shifts.  As one participant shared: “I always thought elephants wanted to hurt you. But now I understand they don’t, if we don’t threaten them.”  Understanding behaviour, what attracts elephants, and what triggers them, can make a real difference in how situations are handled, especially in places where people are moving through elephant habitat every day."
"DViwwfADNh2";"Did you know? 🐘  Elephants communicate using deep infrasonic rumbles that can be as low as 12 Hz, far below the range of human hearing.  Other elephants can not only hear these rumbles up to 10 km away, but they can also be felt through the earth up to 25 km away, allowing herds to stay connected even when they are far apart.   📷: @conservation.diaries"
"DVPx65yjFAk";"In late January, Tango was rescued from the illegal wildlife trade in Somaliland, and transferred to the Cheetah Rescue and Conservation Centre (CRCC) in Geed-Deeble. Estimated to be approximately eight months old  at the time of her rescue, Tango was confiscated from a private home, where she had been restrained with a rope around her neck.   Since arriving at the Cheetah Rescue and Conservation Centre (CRCC) a little more than a month ago, Tango had gained weight and started playing with toys. Recently, she was released from quarantine - and now spends her time in a large, natural enclosure.   Want to help us continue to rescue and rehabilitate cubs like Tango? 🐆This month, you can support the campaign to replace the x-ray machine at the CRCC, a vital diagnostic tool for our veterinarians.   To learn more, visit cheetah.org/ccf-blog/ccf-in-somaliland/when-enforcement-increases-survivability-must-follow/  #cheetah #cheetahsofinstagram #wildliferescue #cheetahconservation #ccfcheetah"
"DWHAQoDDCFJ";"When people arrive at the PEACE Project, many are scared of elephants, or see them as a threat. That’s understandable, given the experiences many have had.  Over the course of our training, that perspective shifts. By learning how elephants behave, situations start to feel more predictable and easier to handle.  That understanding doesn’t remove the challenges of living in these areas, but it does make coexistence more possible 🐘"
"DU--e3nDTLy";"Meet Cloud - one of the oldest cheetahs at the Cheetah Rescue and Conservation Centre (CRCC) in Geed-Deeble. Cloud and her sister Mist were confiscated as young cubs in 2018, shortly after Somaliland began enforcing new wildlife protection laws, enacted in 2016. At the time, there were no permanent facilities for rescued cheetahs and very limited veterinary training. Just like Cloud, many cubs arrived with injuries or illness related to trafficking, and are often malnourished and dehydrated. In those early years before permanent facilities and trained care were in place, mortality among rescued cubs exceeded 50 percent. Over the last decade, that number has fallen to single digits - and in early 2025, no newly arrived cubs were lost.   The story of Cloud and Mist is significant not only because their rescue led to the conviction of two traffickers- but also because both Cloud and Mist survived. They have lived through the transition from temporary Safe Houses in Hargeisa to the Cheetah Rescue and Conservation Centre (CRCC) in Geed-Deeble, where they now live in a large and natural enclosure. Cloud’s life reflects the full arc of Somaliland’s progress in cheetah conservation - and important improvements in infrastructure, training and veterinary readiness.   Want to support our efforts to rescue and rehabilitate cheetahs like Cloud? This month, you can have a HUGE impact for rescued cheetahs by helping us replace our x-ray machine.   🐆To learn more, visit cheetah.org/blog/ccf-in-somaliland/when-enforcement-increases-survivability-must-follow/  #cheetah #wildliferescue #wildliferehab #cats #ccfcheetah"
"DWYj25RjKBe";"Not every step is graceful. Even the experts of the desert lose their footing sometimes 🐘"
"DUwbUUNj_NO";"Happy Valentine’s Day from #taylorswift and Kelce (the cheetahs)! At the Cheetah Rescue and Conservation Centre (CRCC), Taylor and Kelce celebrated the holiday with a tasty - and beautifully presented- treat!  Since 2023, the CRCC has been the primary intake point for cheetahs rescued from the illegal wildlife trade and cases of human-wildlife conflict - and offers individualized care to each cat.   Want to find out more about how you can sponsor Taylor Swift, Kelce, or one of the other rescued cheetahs at the CRCC? 🐆 Visit cheetah.org/get-involved-ways-to-give/sponsor/   #cheetah #valentinesday #cheetahconservation #ccfcheetah"
"DWOp8pRgrY-";"Last week, our Inland Fisheries team based in Zambezi met with representatives of the Kasika Community following several expressions of interest from the community regarding the possible establishment of a community fisheries reserve.  Two channels, Malindi and Ntonga, have been proposed.  The purpose of the engagement was to assess the level of community interest and better understand current perspectives, noting that no formal submission had yet been made to confirm the authenticity of the request.  While there was general agreement that interest exists and that there is enthusiasm to initiate the process, discussions also revealed some mixed views and a degree of uncertainty as to whether full community consent has been secured.  As a way forward, the matter was referred to the Sub-Khuta for further deliberation, scheduled for Monday. A formal letter confirming the community’s position will be shared with our office thereafter, which will guide any further engagement.  💬 We value community-led processes. What are your views on establishing community fisheries reserves?  #InlandFisheries #CommunityEngagement #SustainableFisheries #Zambezi"
"DVKnOCFkeoh";"In Namibia’s Eastern Communal Conservancies, vaccinating dogs and cats against rabies is one of the most important things we do to keep cheetahs safe. Rabies is a deadly virus that can spread between animals and humans. In shared landscapes, domestic animals – like dogs and cats – can transfer rabies to wildlife, and for endangered and threatened species like cheetahs and African wild dogs, a single rabies outbreak can be devastating.   There is also a connection between healthy dogs and cheetah survival. Many farming communities in Namibia rely on Livestock Guarding Dogs to protect their herds. These naturally protective canines prevent conflicts between humans and big carnivores by deterring wild predators – like cheetahs. Keeping these Livestock Guarding Dogs rabies free is essential to the whole system working.   Cheetah Conservation Fund’s (CCF) rabies vaccination program launched in 2019, in Namibia’s Greater Waterberg Landscape. By 2025, the program had vaccinated more than 10,000 domestic dogs and cats. Early on, the program relied on paper records, which were challenging to organize. In 2022, CCF connected with GARC- Rabies Alliance (@rabiesalliance) and in 2023 we began using their Data Platform, a free digital tool that helps organizations like CCF track and visualize vaccination data in real time. CCF’s work is directly supporting Namibia’s national rabies strategy – and the global ‘Zero by 30’, which aims to end human deaths from dog-transmitted rabies by 2030.   In Namibia, our ongoing commitment to rabies outreach and education is saving the lives of humans – and wildlife.   Want to learn more? cheetah.org/ccf-blog/success-stories/protecting-cheetahs-one-vaccination-at-a-time-how-ccf-uses-data-to-fight-rabies/  #cheetahconservation #publichealth #rabies #conservation #ccfcheetah"
"DWI1jSjCECU";"From Namibia Nature Foundation 🇳🇦  #independenceday2026"
"DVRh1txjwyW";"We’ve got a big surprise planned for Dr. Laurie Marker, our founder and executive director, at the Model Farm in Namibia!   Stay tuned to find out if Calum and the team can pull off the surprise in time!   For decades, Cheetah Conservation Fund’s (CCF) Model Farm in Namibia has been supporting the communities living alongside cheetahs, fostering coexistence between humans and big carnivores, and helping protect the ecosystems humans and wildlife defend on.   Want to learn more? Visit cheetah.org   #cheetahconservation #landrover #restorationproject #conservation #ccfcheetah"
"DWlx5zxDR9z";"𝗛𝗼𝘄 𝗰𝗮𝗻 𝘄𝗲 𝗺𝗲𝗮𝗻𝗶𝗻𝗴𝗳𝘂𝗹𝗹𝘆 𝗲𝗺𝗯𝗲𝗱 𝗜𝗻𝗱𝗶𝗴𝗲𝗻𝗼𝘂𝘀 𝗮𝗻𝗱 𝗹𝗼𝗰𝗮𝗹 𝗸𝗻𝗼𝘄𝗹𝗲𝗱𝗴𝗲 𝗶𝗻𝘁𝗼 𝗯𝗶𝗼𝗱𝗶𝘃𝗲𝗿𝘀𝗶𝘁𝘆 𝗽𝗼𝗹𝗶𝗰𝘆 𝗮𝗻𝗱 𝗽𝗿𝗮𝗰𝘁𝗶𝗰𝗲?  We are pleased to share the 𝑁𝑎𝑚𝑖𝑏𝑖𝑎 𝑁𝑎𝑡𝑖𝑜𝑛𝑎𝑙 𝑂𝑢𝑡𝑙𝑜𝑜𝑘 𝑜𝑛 𝐼𝑛𝑑𝑖𝑔𝑒𝑛𝑜𝑢𝑠 𝑎𝑛𝑑 𝐿𝑜𝑐𝑎𝑙 𝐾𝑛𝑜𝑤𝑙𝑒𝑑𝑔𝑒 𝑜𝑓 𝐵𝑖𝑜𝑑𝑖𝑣𝑒𝑟𝑠𝑖𝑡𝑦, a publication that contributes to a growing global recognition of Indigenous Peoples and local communities as essential custodians of biodiversity.   Developed in collaboration with UNESCO @unesco and the Ministry of Environment, Forestry and Tourism @ministry_of_environment_nam and supported by the Kunming Biodiversity Fund, this Outlook forms part of a UNESCO-led initiative across Malawi, Namibia, and Trinidad and Tobago. Read the full publication via the🔗 in our bio"
"DWW2_T3iBZt";"COMMUNAL LAND: Hon Minister Indileni Daniel addressed the attendees at day two of the CBNRM conference in Windhoek on Thursday, focusing on issues surrounding communal land ownership between investors and conservancies.   The Minister highlighted the need for proper documentation when applying for land rights within conservancies to avoid future legal battles. “Very often we want to change when we have already signed the contract and that is why our contracts need legal attorney generals to look at them to see if it is correct and will serve both parties as where there are two people you need to agree” she said. Minister Daniel further emphasized the need for the involved parties to fully understand the terms of their agreements, as this would help promote sustainable investment in the economy while mutually  benefitting the communities where these Lodges are built.  @ccfnam @namibia_nature_foundation @kfw_namibia @nacso_namibia1 @GIZNamibia"
"DXJDgC_j8QH";"Our team attended a 2-day CIRCLE Project workshop hosted by WILDTRUST bringing together partners across the region committed to advancing biodiversity protection in the sub-Antarctic Indian Ocean and exploring the potential for High Seas MPAs connecting critical biodiversity areas.   These discussions are highly relevant for Namibia, particularly as we continue to strengthen domestic marine conservation efforts and broader ocean governance processes. The emphasis on partnerships, science-based planning, and coordinated action across national and international levels strongly resonates with our approach.  Through such partnerships and conservation initiatives, we are working together towards reaching the global 30x30 target in support of biodiversity, climate resilience, and healthy ecosystems."
"DXG_Rg6gKjW";"We recently hosted a successful Community-Based Natural Resource Management (CBNRM) technical workshop in support of Namibia’s National Adaptation Plan (NAP) process, in partnership with the Minister of Environment, Forestry & Tourism Namibia (MEFT) @ministry_of_environment_nam.  The workshop brought together MEFT regional technical staff, partner NGOs, community forests, conservancies, and traditional authorities to exchange knowledge, discuss climate adaptation priorities, and explore practical approaches to strengthening community resilience.  The engagement emphasised the importance of inclusive participation and the integration of local knowledge into national adaptation planning.  We'd like to extend appreciation towards all partners for their meaningful contributions and ongoing commitment to building resilient communities across Namibia.  #ClimateAction  #ClimateAdaptation  #climatechange  #Resilience #NationalAdaptationPlan  #PartnershipsForTheGoals"
"DXGuQgdClUM";"🤝In partnership with the University of Glasgow @uofglasgow, NNF annually hosts final year veterinary and bioscience students for a Conservation in Action field course, one of the most sought-after courses at the University, now in its third year.  🧬Together with the our research team, students gain hands-on exposure to wildlife management and conservation across Parks, Conservancies, and Private Nature Reserves. Spanning Namibia's savannah, desert, and marine biomes, the course champions broad ecosystem and community-based conservation, exploring the vital role veterinarians and scientists play in the holistic conservation of Africa's wildlife.  We'd like to thank the 2026 cohort success in their studies, and we look forward to the discoveries, connections, and conservation impact that lie ahead for them.  #AppliedResearch #Partnership #ConservationInAction"
"DRh9fYtF7oD";"Kenya’s 🇰🇪 Masai Mara is changing fast, and so is life for its wildlife. 🦒  Fences are rapidly appearing across the ecosystem, cutting through once open spaces. As Masai giraffe often roam beyond protected areas, it’s crucial to understand how they are navigating this changing landscape.  Together with @kenyawildlifeservice (KWS), @wrtikenya (Wildlife Research and Training Institute), @narok_county_official, and local conservancy teams, we deployed 🛰️ GPS satellite tags on 23 Masai giraffe 🦒 to track their movements and gain valuable insights.  Unfortunately, an increasing number of giraffe are becoming entangled in fences ❌, underscoring the urgent need for coexistence-focused conservation through mapping and protecting wildlife corridors that allow safe movement for all species. 🌍  #GiraffeConservationFoundation #giraffeconservation #masaimara #fences #humanwildlifeconflict #coexistence #GPStags #movementecology #GCF"
"DWIr7PTE4-T";"🌿 #forestrestoration  is essential to sustaining healthy ecosystems and supporting the communities who depend on them.  As #climatevariability intensifies, degraded landscapes become increasingly vulnerable, impacting soil stability, water availability, biodiversity, and livelihoods. Restoration must go beyond tree planting. It requires locally appropriate approaches, strengthened technical capacity, and meaningful community involvement. It is about building resilience, strengthening local capacity, and supporting communities to lead in adapting to climate change while restoring their natural environment.  This year, #InternationalDayofForests is celebrated under the theme “Forests and Economies”, highlighting the role forests play in supporting livelihoods and driving sustainable, inclusive growth.  At NNF, this is reflected in our work to reconnect people and forests, supporting restoration, building capacity, and strengthening value chains for non-timber forest products in community forests and conservancies.  We also continue to explore sustainable financing approaches that contribute to both conservation and livelihoods."
"DQkKY5FCLco";"📰 Hot off the press! GCF Annual Report 2024/25 is here!  Our team has been so busy with giraffe conservation projects across 21 African countries that we almost forgot to compile it! From fieldwork to research, partnerships, and translocations — it’s been a year full of action, collaboration, and impact. 🦒🌍  Take a look inside to see what it really takes to secure a future for all four giraffe species in Africa.   👉 Link 🔗 to full report in BIO. 👈  #GiraffeConservationFoundation #giraffeconservation #GiraffeConservation #AnnualReport #WildlifeResearch #ConservationImpact #TeamWork #Africa #GCF"
"DRnHDGCDVEp";"T.G.I.F. – Thank Giraffe It’s Friday! 🙏  Fridays are for standing tall, soaking up the sun ☀️, and seeing the world from a higher perspective. 🌿  Here’s to slowing down, stretching out, and enjoying the view — just like a giraffe. 💛  📷  Koushik Chatterjee - Thank you!  #GiraffeConservationFoundation #giraffeconservation #TGIF #reticulatedgiraffe #thankgiraffeitsfriday #giraffebeauty #naturelovers #giraffelovers #giraffe #GCF"
"DXhaLKmlu0M";"Some evenings ask for nothing more than firelight, open skies and the quiet luxury of being fully present in the wild."
"DVDHgPFCJDL";"Encounter the wild in motion. Rain softens the land. The bush breathes. Life moves freely through the valley.  As the season unfolds, so does a closer way of staying – Encounter by Ongava, where presence shapes every moment."
"DV3ClNUjpXi";"As the sun slips toward the horizon, the bush slows to a golden hush. Glasses are set, napkins folded, and the scent of a fire-grilled feast drifts through the trees. Here, dinner is more than a meal – it is a moment to pause, breathe in the wild, and savour Namibia’s quiet magic."
"DWOMpv0ipjl";"Today is World Meteorological Day. There are so many special UN International days, so what makes this special? Weather matters to everybody, even if we do not often think about where the information comes from. Today we honour all those people that contribute, observers that record rainfall, temperature and other variables in remote and lonely places, meteorologists that capture and record daily atmospheric data throughout the year, hydrologists that measure floods and water levels at dawn, oceanographers monitoring conditions out at sea and on the coast, engineers and technicians that maintain and repair weather stations and instruments, satellite technicians that ensure accurate and reliable information recorded from space, forecasters who stay awake and make sure that we are warned and informed about what we can expect from the weather, climatologists who help us understand the past and prepare for the future, atmospheric scientists and physicists that investigate the processes that allows us to develop and improve models and software engineers and computer specialists that help to crunch data and programme analytic processes. Weather information is so much more than just guessing or gazing into a crystal ball. Let us celebrate the global team of people that make weather information happen."
"DRjkb12glvq";"To our donors, supporters, and partners – Thank You. 🤝  Because of you, giraffe 🦒 have a stronger chance at a safe and thriving future. Your compassion, your commitment, and your belief in our work make every step forward possible. 🌟  Today and every day, we’re especially grateful for the community that stands tall for giraffe with us.  🦒🍂 Happy Thanksgiving, and thank you for making a real difference.  📷 @jonaholiverholmes   #Thanksgiving #StandTallForGiraffe #GiraffeConservation #Gratitude #giraffeconservationfoundation #giraffe #GCF"
"DU5pU_UjQsQ";"For cheetah cubs, playing with their siblings and their mother is an important part of life. While the phenomenon is challenging for animal behavior scientists to study, most researchers agree play has an important developmental role for predators like cheetahs. By engaging in play with their siblings and mother, cheetah cubs are strengthening social bonds and cognitive ability, while also developing the skills they will need in the future, as wild predators.   Cheetah cubs have been observed engaging in four types of play: locomotor play, contact social play, and object play. Observed primarily in younger cubs, locomotor play - for instance chasing, jumping and climbing - is believed to help young cubs improve motor skills. Social and object play is often observed in older cubs, helping them to develop the skills needed to successfully stalk and take down their prey.   For young cheetahs, play helps the cats hone their hunting skills - and better prepares them for the challenging and unexpected situations they will face later in life, as adults.   #cheetah #cheetahcubs #cheetahconservation #fahlo #ccfcheetah"
"DWYWQYjjZtc";"After a longer pause, the station’s greenhouse is being brought back to life. The restoration is currently underway, carried out by Vianda Kauzuu, a B.Sc. in Agriculture student with some help from her colleagues. She is doing her Work Integrated Learning (WIL) project here at Gobabeb, looking at Solar distillation of grey water for a sustainable irrigation system. With the garden she took on a side project, hopefully supplying the station with fresh squash, tomatoes, herbs, radish, chili and more very soon."
"DWa67ppjZEz";"The Gobabeb Team 2026  After three years, we finally managed to capture a full Gobabeb team photo again. Bringing everyone together in one frame is no small task in a place where research, fieldwork, visitors and shifting schedules keep us constantly on the move."
"DWipTbxDK8S";"Meet Adam Richardson, a Master's student from the University of Southampton. After visiting us last year on an undergraduate trip he is now returning for a month to complete the fieldwork for his masters thesis. The project utilises high-resolution Terrestrial Laser Scanning (TLS) as well as wider riverbed characterisation to generate models that assess the complex interplay between dune encroachment and fluvial flushing processes within the Kuiseb River. The study aims to determine the event magnitudes required to maintain the river as a functional barrier against the encroaching sand sea. We are thrilled to host him and are very excited to see the result of his studies."
"DWgIriWDQxg";"During a trip deep into the dunes of the Namib Sand Sea for a project, we came across several oryx skeletons. This was a good chance to collect teeth samples from the remains, which will be used for isotope analysis, helping us better understand from where these desert-adapted animals obtain their water. The oryx was clearly slaughtered, leaving the distinctive heads, skins and legs behind. It revealed the scale of poaching and disrespect for the national park and world heritage site."
"DWlOT-GDX6g";"Life in the Namib doesn’t just survive, it specialises!!!!   New research by Treonis et al. (2026) explores nematodes living in hypersaline springs of the central Namib Desert.....and the results are striking. These extreme habitats host surprisingly distinct nematode communities, with some species showing clear specialisation to high-salt conditions. The study also found that salinity strongly shapes which species can survive, driving unique community composition even across nearby springs. Microbial mats were highlighted as key biological structures that further buffer extreme saline conditions.  For the full story: https://doi.org/10.1002/ece3.73328"
"DVgC6V2ioa5";"Fatal aircraft accident at Gobabeb  Two visiting reserachers tragically lost their lives in the late afternoon of 04 March near Gobabeb. They were conducting research on oryx within the Namib Sand Sea and were returning from an observation flight when the accident occurred.  The incident took place in the Namib-Naukluft National Park and involved an outstanding scientist and a highly experienced pilot. The team had obtained the necessary work and research permits to conduct the study in collaboration with Gobabeb and in consultation with the Ministry of Environment, Forestry and Tourism (MEFT) and the Chief Warden of the Namib-Naukluft National Park.  Relevant authorities were immediately informed following the incident.  Gobabeb is deeply shocked and saddened by this tragic accident. We extend our sincere condolences to the families, friends, and colleagues of those who lost their lives. We request that the privacy of the relatives be respected during this difficult and traumatic time."
"DVTDeXjjmMZ";"Meet Twapewa Iita,  our newest student associate, who holds a Bachelor of Science  in Fisheries and Aquatic Sciences (Honours) from the University of Namibia. Her Master's project will focus on acoustic ecology of the barking geckos exploring how vocal activity changes in response to environmental variables. We are excited to have her on the team!"
"DU50x96jR1d";"Almost a year ago, on 19-20th of March 2025, Gobabeb recorded one of its heaviest single day rainfall events since meteorological records began. More than 20mm of rain fell in that period. We are still hopeful that this season brings much needed moisture across the Namib."
"DVyESaDDdiT";"Some of Gobabeb’s large 4700 Ah-2V batteries, to ensure 24/7 power, ruptured almost four months ago. The batteries were peak technology when installed in 2018 and were carefully maintained for extended use until 2030. Then they failed with a bang that was heard kilometers away. We could not replace the damaged cells or mix battery technologies, as it was obsolete technology. We required new LiPO4 batteries. Despite the looming festive season, SolSquare could assist Gobabeb to evaluate the cause of the damage, the suitability of our energy system for migration to modern technology, and now the installation of a new battery system. A long period of energy anxiety and power interruptions, with downstream damage to equipment, is eventually coming to an end. Thank you to Renette, Cassie, Leonhard, Jürgen, and the rest of the team for your help. #Solsquare"
"DVI864ZjNsa";"Meet Axel Ingemarsson, a 3rd year student from the University of Gothenburg, Göteborgs Universitet in Swedish. He is pursuing a bachelor’s degree in biology and will be with us for 3 months. During his time at Gobabeb, he will be looking at the movement of Bitis peringueyi (commonly known as side-winding adder). We are thrilled to have him join our team and look forward to his valuable contributions."
"DVLjRgJDs5J";"Our intern, Hannah collecting soil samples for her project to investigate how organic matter influences water-holding capacity in arid soils. Working in constantly shifting sands is no small task, but we are excited to see the results of this study!"
"DR1lAl1DNyj";"#WorldCheetahDay Namibia is home to the largest free‑roaming population of cheetahs, a true stronghold for the fastest land animal on Earth. But speed alone can’t outrun the threats of habitat loss. The future of cheetahs depends on the health of our entire ecosystem. By protecting Namibia’s vast landscapes and empowering community‑led conservation, we safeguard not only these iconic cats but all the wildlife that calls this land home.  Show your support: ✨ Double-tap to stand with cheetahs 👥 Tag a friend who loves wild cats  Protecting Namibia’s ecosystems today means safeguarding the legacy of its wildlife for generations to come."
"DVtYmYXDoF9";"Gobabeb recently hosted two exciting days of learning and experience of the Namib Desert for Grade 6 learners from Walvis Bay Primary School. Through guided activities, they gained knowledge about sustainability, adaptation, and how life survives in the desert despite extreme weather conditions.  They also discussed how important it is to protect the natural desert habitat. The day ended flawlessly with the students cooling off in the pool after a day of learning and exploration amid this week's intense heat."
"DRoh4CgjIdg";"We are excited to announce that WWF Namibia now has an official LinkedIn page! 🎉  This new page will highlight our conservation work, community partnerships, and the impact we are making together.  Head to the link in our bio and join us on LinkedIn to stay connected, discover our latest conservation stories, and help grow our community presence."
"DV1DmH0CkLB";"Iris, Hannah, and Patema made their way to the Skeleton Coast this week to take down sites related to Iris’ research regarding predation on Onymacris beetles. Iris presented some of her preliminary results today after nearly 5 months of data collection, and further analysis will reveal the relationship between colour and predation in the Namib (hint: it’s not what you think)!"
"DSSZ_zZjCkl";"Closing the year with our final newsletter! Our October-November edition wraps up 2025 with inspiring stories and key updates:   ✅ Step into the world of sustainable beekeeping in Bwabwata  ✅ Witness the launch of the EU NaturAfrica initiative boosting green jobs  ✅ Explore insights from the Africa Adaptation Workshop  ✅ Go behind the scenes of vital ranger training strengthening conservation efforts  Your support makes these stories possible.   👉 Read the full newsletter by clicking the link in our bio!"
"DSVAuMcDEaR";"Eyes in the Wild! 🐾  We are thrilled to contribute to the 2025 Conservation and the Environment in Namibia magazine with a story on how technology is transforming conservation in the Zambezi Region! In the Bamunu, Sobbe, and Kwando conservancies, camera traps are not just taking photos,  they are empowering communities to protect their natural heritage. Through the Wildlife Credits initiative, these “eyes in the wild” provide real-time alerts on poaching and convert verified wildlife sightings into performance-based payments that directly benefit local communities.  Read the full story by clicking the link in our bio.  #WildlifeCredits #CommunityConservation #Zambezi #ConservationNamibia"
"DVOUUsFiHNk";"Earlier this month, the National Museum of Namibia headed south to the #Warmbad area near #Karasburg as part of the @jrsbiodiversity project “Incorporating Succulent Plant and Animal Species Information into Conservation Planning.” A multidisciplinary team, from Mammalogy, Arachnology, Herpetology, and Ichthyology, worked together in the field to document and collect vital biodiversity data.  During the expedition, specimens of: 🦇 Small mammals 🦎 Reptiles 🐜 Insects 🕷️ Arachnids 💧 Aquatic invertebrates were carefully recorded to support ongoing research and conservation planning. 💡 Why it matters? The data collected strengthens conservation strategies and helps protect Namibia’s unique ecosystems, especially within the ecologically significant Gariep Centre of Endemism. Field research is where conservation begins. #NationalMuseumOfNamibia #BiodiversityResearch #NamibiaNature #Fieldwork #ConservationScience #GariepCentre #EnvironmentalResearch #ProtectOurPlanet #ScienceInAction #MuseumLife #AfricanBiodiversity #SustainableFuture"
"DVYvl7RiVL5";"The urine evaporator system for converting urine into fertilizer is now up and running. The setup integrates temperature sensors and real-time mass tracking to accurately quantify evaporation rates.  Evaporation rate is essential for optimizing nutrient concentration, minimizing nitrogen loss, and improving the efficiency and quality of the resulting fertilizer. This data will help us better understand how environmental factors influence evaporation under varying environmental conditions."
"DRZpsCYDKQo";"Youth Leading the Climate Conversation!  WWF Namibia recently joined the Youth Climate Change Conference 2025 in Ondangwa, where our very own Simonia delivered a powerful message on the biodiversity economy as a key to climate resilience.  From wildlife conservation to indigenous plants and nature-based industries, Simonia highlighted how Namibia’s rich natural heritage can fuel climate adaptation and unlock sustainable livelihoods for youth.  💡 Her call to action? Let’s harness the power of nature to build a greener, more resilient future, together.  #YouthForClimate #ClimateActionNow #BiodiversityEconomy #NatureBasedSolutions"
"DU0iQhODA9h";"When drought dries up water sources, pressure rises for both people and elephants. They end up relying on the same scarce resources, and conflict becomes more likely.  For elders living remotely, like Ouma Elsie, this becomes a reality. Failed rains, damaged gardens, and elephants searching for food and water can quickly threaten a household’s stability.  Ouma Elsie has always adapted and persevered, like many rural residents do. But some challenges need extra support. EHRA assisted with a water tank, a solar pump, and garden protection to reduce risk and ease daily pressure.  Her garden was one of the first we ever attempted to protect. The wall helped, but it also taught us that some methods work better than others. Conservation often means testing, learning and improving as we go. Today, electric fencing has proven far more effective for garden protection.  Coexistence is not a fixed formula. It’s a process of listening, adjusting and working alongside communities who live with elephants every day 🐘  📽️: @conservation.diaries"
"DRjpDiHjHFV";"🐝 Bees for a Better Future  Youth from Omega 3 and T’onxei villages are learning sustainable beekeeping through WWF Namibia’s CAPA project, with Bushman Honey and Kyaramacan Association.   🌱 They are gaining skills to build apiaries, follow forestry rules, and harvest honey safely, while protecting biodiversity and reducing human–wildlife conflict in Bwabwata National Park.   🍯 Beekeeping is not just about honey.  It is about resilience, conservation, and climate-smart livelihoods.   📷 Follow their journey and see how bees are becoming champions of change.     #BushmanHoney #YouthInConservation #BeekeepingForChange"
"DVlOuZXjkcq";"Gobabeb student associates set up camera traps to identify pollination and dispersal agents of the beautiful Adenia pechuelii. Many aspects of the biology and ecology of Adenia pechuelii are still unknown, a population was found with ripe fruit, (a very rare occurrence!), so MSc student Natalie Kapsosideris took the opportunity to try gain more knowledge on the species. This will form part of her project on the population genetics of Adenia pechuelii."
"DVOGgyQDCdJ";"An international team of botanists are visiting Gobabeb for collaborative research on Namib plants. While the rest of the team from South Africa and Belgium are engaged in other research, Drs Karolina Heyduk (U Connecticut) and Jim Leebens-Mack (U Georgia USA) are out before dawn every morning to measure photosynthesis in Welwitschia. Despite several theories, it is still unknown how Welwitschia plants in hyperarid conditions get sufficient water to sustain their high levels of respiration and water use."
"DUi1DKFEswt";"Golden hour at the Cheetah Rescue and Conservation Centre (CRCC) in Somaliland! These photographs were captured recently by our founder and executive director, Dr. Laurie Marker (@drlauriemarker ) during a trip to the CRCC.   Since 2023, the CRCC has been the primary intake point for cheetahs rescued from the illegal wildlife trade and cases of human-wildlife conflict, and offers individualized care to each resident cat. To learn more, visit cheetah.org.   #cheetah #cheetahsofinstagram #cheetahconservation #wildlifephotography  #ccfcheetah"
"DVTacFEDDjq";"Conservation requires consistent fundraising. Without it, conflict mitigation, monitoring, education and rapid response work simply cannot continue.  Our annual fundraising trek is one of the ways we secure the resources needed to keep this work moving across nearly 2 million hectares of Namibia’s northwest.  Over 5 days, participants hike 100km through desert terrain. It’s physically demanding, but every step directly supports human–elephant coexistence on the ground.  📅 13–20 September If you’d like to be part of a challenge that funds real conservation work, get in touch to learn more."
"DRbhlL9jFj-";"Did you know elephants can walk hundreds of kilometres across Namibia’s rugged landscapes?  Last week in the Kunene Highlands, our team helped collar three elephants from different herds.  These GPS collars will reveal vital migration routes and seasonal movements, helping communities and conservationists work together to prevent conflict, protect livelihoods, and keep both people and elephants safe.   #KuneneHighlands #ElephantConservation"
"DUamruyjIvp";"In January, EHRA took part in a successful elephant collaring operation together with our partners.   Working alongside MEFT regional services, MEFT veterinarians Dr Janine Sharpe and Dr Lungowe Mary Sibalatani, helicopter pilot Carl-Heinz Moeller from AWCT, Johannes Kapner, our experienced EHRA ground teams, and local communities, several free roaming elephants were collared or re-collared to strengthen our Early Warning System and corridor work. These collars help us understand movements, anticipate where elephants may approach farms or villages, and respond proactively to reduce human-elephant conflict.  We’re happy to share that all collared and re-collared elephants have been closely monitored and are doing well. Tracking them has already taught us more about their movements, including one young bull who has since made his way all the way to Etosha.  Every collar adds to a bigger picture: better data, better planning, and safer coexistence for both people and elephants.  Thank you to every partner and team member who made this operation possible 🐘"
"DU8Q-V6Eh8X";"Thirsty elephants can walk straight into a village, usually without warning.⁠ During dry seasons, most natural water sources dry up, and elephants get their water almost exclusively from boreholes.⁠ ⁠ GPS collars allow us to monitor movements in real time.⁠ When a collared elephant approaches a settlement, our early detection system alerts our team so we can warn communities in advance.⁠ ⁠ Early warning gives people time to prepare and avoid surprise encounters, keeping both people and elephants safer 🐘⁠ ⁠"
"DVakVfSCFgS";"On World Wildlife Day, we celebrate Namibia’s extraordinary biodiversity and the people who work tirelessly to protect it.  Did you know? Namibia was the first country in the world to incorporate environmental protection into its Constitution, and today, communal conservancies collectively manage the land in which they reside, contributing significantly to wildlife recovery and rural livelihoods.  Namibia’s conservation success is built on collaboration, where local knowledge, evidence-based decision-making, and shared responsibility come together to safeguard wildlife and natural landscapes.  #WorldWildlifeDay #ConservationInAction #communityconservation #biodiversity #SustainableDevelopment"
"DUq4ZLtj73l";"Meet some of the women shaping the future of conservation at our International Research and Conservation Centre in Namibia! 🐆  Situated beside the Waterberg Plateau, CCF’s International Research and Conservation Centre and reserve spreads over more than 140,000 acres in north-central Namibia, and includes the only dedicated conservation genetics lab in the country.   ‘One of my core goals at Cheetah Conservation Fund (CCF) has always been to create opportunities for women to thrive,’ says Dr. Laurie Marker (@drlauriemarker), the founder and executive director of CCF.   To learn more about how women are shaping the future of cheetah conservation at CCF, visit cheetah.org 🐆  #womeninscience #womeninstem #conservation #cheetahconservation #ccfcheetah"
"DVOQ3h4DCqP";"When a water point is damaged by thirsty elephants, a family can lose access to one of their most essential resources.  These volunteers helped build a protection wall around a vital water source, reducing elephant damage while keeping water accessible for the people who rely on it. Where needed, alternative access points or dedicated elephant water sources are part of the broader solution, because coexistence means both people and elephants must have what they need.  It’s tough, hands-on work, but it’s one of the most practical ways to support coexistence 🐘  Want to be part of work like this? Join one of our volunteer projects and help protect both communities and desert-dwelling elephants   📩 Get in touch via info@ehranamibia.org or visit our website to learn more."
"DVIvSh2jPbB";"Not every calf survives its first year in the desert. Drought, injury and human pressure make early life fragile for desert-dwelling elephants.  That’s why patrols matter. Monitoring herds, responding quickly to conflict and reducing disturbance on the ground all play a role in giving calves a better chance to survive.   Every patrol is, ultimately, about protecting moments like this. Ready to join our patrols? Contact us at info@ehranamibia.org 🐘"
"DU-1O9BCJ5U";"Reflections from Neville Sweijd, Director at ACCESS.   Ocean in Focus Symposium (18-19 February 2026), Swakopmund, Namibia."
"DU_BedZDHK_";"Statement by Elephant-Human Relations Aid (EHRA):  Elephant-Human Relations Aid (EHRA) would like to address the recently published announcement regarding an elephant bull that damaged the roof of a house in Okongwe.  During the night, EHRA’s Elephant Guards responded immediately and successfully chased the bull away before the situation escalated further. Fortunately, no one was sleeping in the house at the time, and no injuries occurred.  The bull was attracted by Ana tree seed pods stored inside the house. Ana seed pods are a natural and highly preferred food source for elephants. They attract elephants much like sweets attract children. When seed pods or livestock feed are stored inside homes, this creates a known and significant risk of attracting elephants, especially during dry periods when their preferred food is scarce in riverbeds.  In situations like this, if there is no rapid response and preventative action, frustration and fear can quickly escalate, placing both people and elephants at risk.   The following day, EHRA arranged and funded the repair work, ensuring that members of the local community were employed to rebuild the damaged roof. We also convened an emergency meeting with residents to discuss the risks associated with storing seed pods inside living spaces and to explore safer storage solutions.  We strongly encourage residents not to store seed pods or livestock feed in structures where people sleep. If storage is necessary, it should be located away from sleeping areas and secured as safely as possible.  Desert-dwelling elephants are a protected and globally significant population, and their long-term survival depends on effective conflict mitigation rather than reactive measures.  EHRA will continue to share Early Warning Alerts with all residents. Our Elephant Guards remain on call to respond to conflict situations and to assist community members who feel unsafe or need help protecting their property.  For coexistence advice or emergency assistance, please contact a local EHRA Elephant Guard by the numbers given above."
"DUlJ-T9DMsS";"Clear vision can change how a child learns, how an adult works, and how a community thrives.  We were grateful to welcome Gillian Caplan from Ethical Vision, who joined EHRA in Khorixas to provide eye tests and glasses to local communities in Damaraland.  Over three days at Abraham Gariseb Primary School, more than 130 children and several adults were screened. Many were fitted with prescription glasses, reading glasses or sunglasses, some for the very first time. In total, over 50 pairs of glasses were provided to the school community, and sunglasses were also gifted to EHRA field team members who spend long days in the sun.  Good conservation goes hand in hand with supporting the well-being of the people who coexist with elephants.  A big thank you to Gillian and @ethical.vision for making this outreach possible 🐘"
"DVan0V-iFrF";"Earlier in February, regional stakeholders convened in Gobabis, Omaheke Region, to contribute to Namibia’s National Adaptation Plan (NAP) process. The engagement focused on identifying regional climate risks, including drought, water scarcity, and land degradation, while exploring practical pathways to strengthen adaptation planning, institutional coordination, and climate finance mobilisation. Inclusive, regionally grounded dialogue remains essential to building long-term climate resilience across Namibia."
"DU-z_9ziHyK";"Ocean in Focus Symposium  #oceanoptimism #mafwlr #nnf #baf #bbp"
"DUVa739DPUG";"Did you know? Elephants are among the most intelligent land animals 🧠  They have exceptional memories, solve problems, use tools, and even self-medicate with plants. Their brains weigh around 6.5 kg, the largest of any land animal, and they show emotions such as empathy and grief.  📷: @conservation.diaries"
"DTe7EkljNLD";"We are seeking expert partners to support the Climate Resilient Enduring Earth for Bolivia and Namibia (CREE BN) project, funded by the Green Climate Fund.  🌍 Focus areas:   -Ecosystem health -Land‑use insights -Protected and Conserved Area resilience   Who should apply: ecological and climate‑resilience specialists  📄 Full Request for Proposals link in bio.  #WWFNamibia #ForPeopleForNature #RequestForProposals #climateresilience"
"DWB8QHqjWrn";"🥾Boots on the ground in Kwandu Conservancy Earlier this month, a productive day was spent in Kwandu Conservancy with the Inland Fisheries team, verifying the boundaries of two fisheries reserves, another important step in sustaining fish stocks and empowering communities who depend on them. In Kwandu Conservancy, a team consisting of two local fish monitors and three NNF Inland Fisheries staff revisited two waterbodies proposed as community fisheries reserves. With previous GPS readings unclear, the team navigated through channels to verify coordinates and gather field observations. This fieldwork is crucial for accurate mapping, gazettement, and sustainable community management of fisheries. Through the combination of local knowledge and technical expertise, the exercise improves data accuracy, reinforces collaboration, strengthens community engagement, and affirms a shared commitment to conservation.  Contributing to strengthened community-led fisheries management in the KAZA region, this work supports sustainable fish stocks and improved livelihoods for local communities."
"DVdH45gAVk4";"The Erongo Regional Association has received essential camping equipment, supported by @nacso_namibia1  in collaboration with the EU EIA Project.   This practical investment means members can now travel to and participate in community meetings, even in the most remote areas of the Erongo landscape.  With increasing pressure on Namibia’s natural resources, from climate variability and drought to ongoing human-wildlife conflict and land-use demands,  strong, well-coordinated regional structures are more important than ever. These tools will improve coordination, decision-making, and on-the-ground action.  The long-term benefit is clear:  📌Better equipped regional associations lead to stronger community governance, more effective conservation planning, and more resilient landscapes for both people and wildlife.  The EU EIA Project is funded by @euinnam   #CommunityConservation #Erongo #EUEIAProject #NACSO #Namibia"
"DUQkt2iDA7P";"Big news for Namibia! 🇳🇦 Tracking desert-dwelling elephants in Namibia has been featured in Lonely Planet’s “25 Best Experiences in 2026”, one of the world’s most respected travel guides.  This recognition highlights not just Namibia’s incredible landscapes and wildlife, but also the meaningful experiences grounded in conservation and community engagement, including opportunities to learn about humans and elephants living together by visiting the EHRA Education Centre.  Check out the article via the link in our bio 🔗  For over two decades, our work has focused on creating peaceful coexistence with desert-dwelling elephants through education, monitoring and community support. Namibia continues to shine as a destination where visitors can engage respectfully at a distance with wildlife, understand coexistence challenges and contribute to solutions that matter.  📩 Want to learn more or plan your visit? Contact us at info@ehranamibia.org"
"DUGHK9qjPW3";"This month, EHRA completed a successful elephant collaring operation in collaboration with MEFT and AWCT.  Over the course of two days, seven elephants were safely collared. These collars provide critical movement data that helps us: • understand elephant movement • identify corridors and high-risk conflict areas • strengthen our early warning systems • support long-term, evidence-based coexistence planning  All collars used during this operation were generously donated by the International Elephant Foundation.  A sincere thank you to everyone involved: MEFT and the entire ground team MEFT veterinarians Dr Janine Sharpe and Dr Lungowe Mary Sibalatani Pilot Carl-Heinz Moeller (AWCT) and Johannes Kapner  And to our EHRA team, whose commitment, experience and calm expertise in the field make complex operations like this possible.  This work is only possible through strong collaboration and shared commitment to protecting free-roaming elephants while supporting the people who live alongside them.  🎥: @laura_braune"
"DVslJUkiCXw";"🔄Dialogue matters when it comes to responsible development. The Erongo Regional Association recently hosted a Multi-Stakeholder Dialogue Platform bringing together government representatives, traditional authorities, environmental officers, and community leaders to discuss mining and prospecting activities in the region. The platform also created space to exchange information on environmental regulations and strengthen understanding of the laws that protect Namibia’s natural resources. This dialogue, supported by the Delegation of the European Union to Namibia-funded project: “Strengthening the Capacity of Community-Based Organisations in Namibia to Engage in Environmental Impact Assessment (EIA) Processes”, is one of the many initiatives of the project that ensure that development decisions are informed, inclusive and environmentally responsible. #environmentalgovernance #eia  #environmentalimpactassessment  #cbnrm #communityvoices #responsibledevelopment  #sustainabledevelopment  #naturalresources #namibiaconservation  #euinnamibia #environmentallaw  #stakeholderdialogue  #ProtectNature #Namibia"
"DUDUlzWDmzd";"A quiet gathering, a shared necessity. Waterholes at Ongava are not just places of survival – they are meeting points, moments of calm, and windows into the rhythm of the bush."
"DWGMzA5iEYq";"Yesterday marked a significant and uplifting milestone in Kabbe, as community members gathered at the Kabbe Sub-Khuta for a Special General Meeting grounded in unity, collaboration, and shared purpose. With collective pride, the community formally endorsed both the Management Plan and Constitution of the Kabbe Sizubukwa Community Fisheries Reserve, a critical step in strengthening community-led natural resource management and safeguarding fisheries for future generations. This achievement reflects the power of partnership, bringing together local leadership, community members, and supporting institutions to co-create sustainable solutions that are rooted in local knowledge and ownership. The journey continues. In the coming week, we will work alongside the community to support the application process for the gazettement of the reserve, further formalising this important initiative and reinforcing long-term sustainability. A proud and historic moment captured: Ms Betty Matali, Secretary of the Kabbe Sizubukwa Community Fisheries Reserve/Communal Conservancy, signing the official documents, witnessed by the community she serves. #communityconservation #sustainablefisheries #communityfisheries #InlandFisheries #Zambezi #KAZAregion #KAZATFCA #Namibia"
"DULC8MvjkTx";"Behind every unforgettable sighting is a deeper story. The people of Ongava are its greatest custodians – carrying knowledge, pride, and a profound connection to the land they protect."
"DUQMkcKCKzR";"At Ongava, authenticity lives in the details.  From walking safaris and quiet game drives to moments shared around a sundowner as the bush exhales – every experience across our camps is shaped by the land itself. Nature leads, we listen, and guests are invited to slow down and truly connect."
"DVqFzwkiKC1";"As part of the Climate Adaptation for Protected Areas (CAPA) Project, more than 350 tree seedlings were planted last month in a restoration effort at Chetto and Mangarangandja in #BwabwataNationalPark The seedlings, which were nurtured in recently established nurseries, were planted using landscape-specific restoration techniques such as half-moon structures, contour trenches, mulching, and direct planting. Practical biochar training was also facilitated to strengthen local skills in sustainable forest restoration, with biochar being incorporated into the planting medium to improve seedling survival as the dry season approaches. Nursery management and tree planting form part of the project’s broader objective to strengthen household- and cluster-level climate change resilience through community-led restoration and food system innovations. #TreePlanting #ClimateAction #Sustainability #Biodiversity #RestoreNature #ForestRestoration #LandRestoration #NatureBasedSolutions #ClimateResilience #CommunityConservation #ClimateAdaptation #SustainableFutures"
"DQ33W_MDIWT";"WWF Namibia is inviting proposals from qualified consultants to provide Technical Assistance in Testing a CBNRM Enabling Environment Tool within the KAZA landscape 🌍🤝.   This short-term consultancy spans 32 days over two years (Dec 2025 – Nov 2027) and is aimed at strengthening community-based natural resource management.  🔗 Scan the QR code to apply Deadline: 20 November 2025"
"DQwc21VjCay";"Today, WWF Namibia met with Hon. Erica Shafudah, Minister of Finance, and Mr. Sikongo Haihambo, Executive Director of MEFT, to advance the Namibia for Life Project Finance for Permanence (PFP).  The PFP model is a game-changing approach to conservation finance. It helps secure long-term funding for Namibia’s Community Conservancies through strong partnerships with government, civil society, and both private and multilateral funding partners.  We’re inspired by the shared commitment to protecting Namibia’s natural heritage and empowering communities for generations to come.  #NamibiaForLife #PFP  #ConservationFinance #CommunityConservation #PartnershipsForNature"
"DTrtFpEjvQr";"When the day softens and the light turns golden, the bush speaks differently.  This is the hour where stories unfold slowly – one track, one sound, one breath at a time."
"DSrIVS5jgIs";"Wishing you a season of quiet moments, wild places, and the kind of wonder only nature can give.  From all of us at Ongava – Merry Christmas from the wild heart of Namibia."
"DT2qXbkDhAW";"Strength, tenderness, and memory in motion. At Ongava, even the giants pause – to guide, to protect, to teach the next generation how to move through this ancient land."
"DTHj9wWDrOW";"Look closer. No two patterns are the same – nature’s signature, written stripe by stripe."
"DTz6o0ADgsG";"Two spotted bush snakes were, quite literally, spotted at the pool at Ongava Lodge – a quiet moment that reminds us how seamlessly wildlife moves through this landscape.  The spotted bush snake (Philothamnus semivariegatus) is one of Namibia’s most common and widespread snake species. Slender, agile and usually a bright green marked with dark speckles, it is non-venomous and completely harmless to humans. These snakes are excellent climbers and are most often found in trees and shrubs, where they hunt geckos, frogs and small birds. On hot days, they may also be drawn to cooler, shaded areas – including pools.  Just another example of how, at Ongava, even a moment of stillness by the pool can turn into an unexpected encounter with Namibia’s remarkable biodiversity."
"DROlo6ODMZ2";"Exciting opportunities at WWF Namibia! 🐼  We’re looking for passionate, committed individuals who care about people and nature. Think you’re the one? 🌿 Apply by 26 November 2025."
"DTMth9CDqsA";"Some journeys are quiet. Shared steps, open eyes, and time slow enough to notice what usually goes unseen."
"DS1iZTWjqdX";"Look closer. In this eye is memory, resilience, and a species still standing because it is protected."
"DTCaWV3DqXt";"Look closer. Perched high, eyes sharp, always watching.  Do you know which raptor this is? Drop your guess in the comments 👇"
"DSRfVglE9R7";"The National Botanical Research Institute #NBRI, National Museum of Namibia #MNM, and Namibia Nature Foundation #NNF recently hosted and participated in the Specify Database Training Workshop held in #Windhoek. Led by Dr. Willem Coetzer, this workshop strengthened capacity in the Specify 7 database system for managing natural history collection data. Participants explored database configuration, data structuring, and quality control aligned with international biodiversity standards. This initiative is vital for Namibia’s biodiversity framework, ensuring precise data is accessible for national research and conservation planning. Funded by the JRS Biodiversity Foundation @jrsbiodiversity, the training supports a joint project by #NNF, #NBRI, and #NMN focused on integrating succulent plant and animal information into conservation efforts for southeastern #Namibia. #NamibiaNatureFoundation  #JRSBiodiversityFoundation #SpecifyDatabase #BiodiversityData #CapacityBuilding #ConservationPlanning #NaturalHistoryCollections #BiodiversityInformatics #NamibiaBiodiversity #DataManagement"
"DSUdHpljhNG";"We just wrapped up our 12-region consultation tour for the National Adaptation Planning (NAP) Project (NNF & MEFT). The biggest lesson? Climate risk is hitting different across Namibia, and adaptation MUST be built from the ground up!  We heard our stakeholders: Action needs to be based on LOCAL data, not just national policies.  Now, the hard work begins! We are shifting gears to the critical Regional Vulnerability Assessments (RVAs). This is how we transition from conversations to quantitative climate modelling, the science needed to protect your community, your farms, and your future.  ❓ We want to hear from you: In YOUR region, what is the #1 climate-related challenge you're seeing right now (e.g., drought, flooding, heat)?  Share your experience in the comments below! 👇"
"DTu6OvXDGvb";"We recently completed a 3-day PEACE Project training, funded by Berlin Zoo, with 18 women from the Okongwe Garden Project. This inspiring group of women started a community garden to help feed their community, with a special focus on supporting local pensioners.  Living and farming in an elephant area comes with real challenges, so the group asked for protection and practical training. Over the course of this year, EHRA has supported the project with solar lights, a protection wall around their water tank (funded by AGA), and most recently, a three-day human–elephant coexistence training at our Education Centre, made possible with support from @zooberlin.  While the elephants had moved out of the area during the training, learning continued in another powerful way. A visit to the protected vegetable garden at Irene Pos allowed for valuable peer-to-peer exchange. Geraldine, a Damara resident, shared her experience of living alongside elephants, explaining how her electric fence works, how bee sounds are used as a deterrent, and how sharing water has helped reduce conflict in her village.  A meaningful few days of learning, sharing, and women supporting women."
"DUak3CWihKh";"Today marked an important step forward for NNF with the Inception Meeting of the Freshwater Initiatives for Sustainable Habitats #FISH  project.  The gathering brought together key partners and institutions.  Discussions centred on strengthening collaboration between research, policy, conservation practice, and education, with a shared focus on community co-managed fisheries reserves, freshwater ecosystem protection, and long-term sustainability.  @eduventuresnamibia a partner to this project, also shared exciting plans for awareness-raising platforms and education-driven initiatives aimed at connecting communities, youth, and decision-makers to freshwater conservation.  The meeting highlighted the importance of working across sectors to scale impact, align efforts, and build resilient freshwater systems that support both biodiversity and livelihoods.  Looking ahead, the FISH project will continue to deepen partnerships, expand community-led fisheries initiatives, and create platforms for learning, dialogue, and action, with upcoming engagements including regional inception activities and a national freshwater symposium later this year. This project is funded by Solidarität International  @sodi_ev"
"DTc2Yz7FK4g";"At Anderssons at Ongava, contemporary design rises gently from the mopane bush – Afro-Mediterranean elegance shaped by light, space and the rhythm of the wild.  Wake with the sun filtering through the trees... Retreat to your glass-fronted suite. Blond wood, curved beams and quiet luxury.  Safari, reimagined. Quietly bold. Deeply rooted."
"DTpriFKDEoy";"The Matriarch Adventure is a women-only journey shaped by time in nature, shared experience and meaningful conservation work.  Led by Catherine Edsell, this expedition brings a small group of women into Namibia’s remote desert landscapes to engage with desert-dwelling elephant conservation in a way that is personal, grounded and intentionally off the beaten track.  Spots are limited to keep the experience intimate and impactful.  📅 Next Matriarch Adventure: 10–19 October 2026 📩 For more information, follow the link in our bio or visit https://cathadventure.com/the-matriarch-adventure  📷: @conservation.diaries"
"DUAvy1HCrdK";"Slow down. Step off the vehicle. Walk the land. A walking safari at Ongava changes how you see the bush – every track, every sound, every scent grounding you in the moment. And as the day draws to a close, there’s only one way to end it: sundowners, the sky turning gold, the wilderness settling in for the night."
"DTpkqRcjKoI";"A new year with new opportunities in the field.  Our 2026 volunteer projects are underway, offering another year of hands-on conservation, community work, and time spent alongside desert-dwelling elephants in Namibia 🐘  If this is the year you’ve been thinking about joining us, now is the time.  Contact us at info@ehranamibia.org for more information."
"DUDwkx3CoSw";"This week we had the pleasure to welcome legendary explorer and humanitarian Kingsley Holgate and his expedition team for a night at Gobabeb. Kingsley Holgate is the founder of the Kingsley Holgate Foundation, which undertakes  expeditions across Africa that are linked to humanitarian and environmental initiatives, including malaria prevention and access to clean water. His team visited Gobabeb as part of the Defender Africa Traverse Expedition, a pan-African journey through some of the continent’s most remote landscapes, with conversations centred on desert research, climate resilience, and the value of long-term science in arid environments. We value opportunities like these to share knowledge, exchange perspectives, and showcase the importance of sustained environmental research in one of the world’s oldest deserts."
"DTdBVo0DE80";"Reaching for leaves high above, an elephant can extend its trunk up to 25% longer using flexible skin folds. With around 100,000 muscles, the trunk is one of the most versatile tools in nature.   📷: @conservation.diaries"
"DU-z0VTCIDD";"The Ocean in Focus Symposium in Swakopmund brought together over 70 participants united by one shared commitment, strengthening Namibia’s coastal and marine future.   Convened in partnership with the Ministry of Agriculture, Fisheries, Water and Land Reform, the symposium created space for critical dialogue between science, policy and community voices all working toward a resilient blue economy.  From identifying marine knowledge gaps to unpacking coastal and marine-use impacts, key messages emerged: Climate change is already affecting marine biodiversity, including fish size and growth patterns demanding an integrated ecosystem-based approach. Underwater noise pollution remains an under-addressed threat, coupled with the ineffectiveness of sound EIAs to capture cumulative impacts. Strengthening the Small-Scale Fisheries model is essential to build resilience, sustainability and community-led stewardship. Across both days, one message stood clear, and that is science, policy and communities must move in step.  This initiative was made possible through a consortium of partners, with generous support from the Blue Action Fund and the Blue Benguela Partnership."
"DTQJTa4DCHb";"“When the elephants walk, the forests walk with them” - Sudha Ramen  Contact us at info@ehranamibia.org to find out more about volunteering for Namibia’s desert-dwelling elephants 🐘   📷: @laura_braune"
"DT-LDRWDLjo";"Sometimes the impact shows up in the simplest ways 🌱  After taking part in EHRA’s SEED Project, learners at F.H.T. !Gaeb Primary School in Khorixas continued their own environmental club at school. One of their first initiatives was using recycled paper as firewood for cooking, instead of collecting new wood or throwing the paper away.  This is exactly what SEED is about: continuing past the weekend project by supporting schools to establish eco-clubs that continue learning, problem-solving and caring for the environment long after the programme ends.   Thank you to the learners, the school, and Anna, our Environmental Education Program Manager, for helping turn environmental education into everyday action."
"DUYS-aeDTbR";"Meet our newest intern Hannah, a third year student from the Technical University of Berlin. She is doing her Bachelor in Ecology and Environmental Planning and will be with us for three months.  We are thrilled to have her join our team and look forward to her valuable contributions."
"DUIs9smjU9U";"Hot off the Press!  How do you determine the age of a Welwitschia? It is commonly suggested that the largest Welwitschias in Namibia is about 2000 years old. But is it true? The only attempt to accurately date a Welwitschia was more than 60 years ago. In association with Sarah and Mike Martin at the Science Museum of the Norwegian University of Science and Technology, funded through a Peder Sather grant, we explored how to date a Welwitschia (see https://doi.org/10.1017/RDC.2025.10185). This relatively small Welwitschia was killed by horses in April 2021. It has been regularly monitored by Gobabeb since 1984 and was about 600 years old at depth, with a taproot of more than 6 m to reach water, and a cumulative leaf base width of 2.26 m. It implies the leaf bases were expanding at ca 3.76 mm per year (or 1.8 mm per leaf). If that is the case, how old would the largest Welwitschia be? The largest Welwitschia in Namibia is at the Messum, with a cumulative leaf base of 25m, and the largest on the Welwitschia Plains has a cumulative leaf base of 23.28 m. @vitenskapsmuseet_ntnu #vitenskapsmuseet #ntnuvitenskapsmuseet"
"DUFkxsrAbe6";"Another special moment from the recent visit by the amazing Defender Africa Traverse Expedition team, journeying across southern Africa along the Tropic of Capricorn (or as close to it as they can get!).  Two absolute SUPER-LEGENDS:  the inimitable Kingsley Holgate and Gobabeb’s very own Eugene Marais!"
"DTZwVuyDPzv";"In December, we hosted the very first Elephant Cup! 🐘   Initiated by one of our Elephant Guards, Taiwin, the Elephant Cup brought youth together through sport. With over 300 people attending, messages of coexistence and conservation were shared in a way that truly resonated with the community.  Thank you to the following sponsors who made this event happen: Sorris-Sorris Conservancy, Brandberg White Lady Lodge, Madisa Camp and Ondjamba Hills"
"DS8gr-cjs7N";"To all who visited, supported, worked, and dreamed with us – thank you.  Here’s to another year of protecting wild spaces, supporting thriving ecosystems, and writing a future where wildlife flourishes. May the year ahead bring more rain, more life, and more reasons to believe in the resilience of this wild place.  Happy 2026 from Ongava."
"DQ_R3ppjGei";"#Throwback to the Youth & Bioeconomy Dialogue at the Africa Biodiversity Summit!   Our Country Director, Juliane Zeidler, spotlighted the power of youth to lead a greener, more sustainable future, and reaffirmed our commitment to supporting their journey.   #YouthForNature #Bioeconomy #AfricaBiodiversitySummit"
"DUlFFvqlza-";"We are currently hosting an international research team at Gobabeb working along the Kuiseb River. The project, co-led by Dr. Philipp Schiffer (University of Cologne) and Dr. Ann-Marie Waldvogel (Technical University of Munich), focuses on soil sampling, nematode extraction, DNA extraction and on-site nanopore sequencing to uncover hidden biodiversity in desert soils.  Joining them is a science communication team from the University of Bonn, led by Dr. Annette Scheersoi, who are shadowing the fieldwork as part of their project on how scientific research is communicated.  It’s great to see cutting-edge desert science and science communication coming together at Gobabeb! 🌍🔬"
"DUu_PDljEOn";"Beetles are always feeling the love! These Onymacris langi meridionalis beetles are taking care of “business”, but that doesn’t stop the female from trekking across the dunes, searching out food and shade/cover while the male gets a free ride. One day to celebrate love is not enough for these beetles, which are prey to many larger animals and mating (nearly) year-round is necessary to keep their populations abundant! Happy Valentine’s Day from our wild side to yours❤️"
"DUsTl7-CLzI";"Although chameleons should not normally be handled, as this can cause stress and leave human scent on their skin, preventing harm was necessary in this situation. During fieldwork, our students safely moved this beautiful Namaqua chameleon off a busy road to protect it from danger. This desert-adapted species is known for its remarkable colour changes and high-speed tongue. We are proud of our students for caring for Namibia’s wildlife while conducting their studies."
"DUirI8jCpq9";"Windy, cloudy days make desert fieldwork a little easier but challenging too because then you have to run after your data sheets. But wait, it was a fun field trip in the dunes collecting data on the iconic Namib endemic cucurbit, !Nara (Acanthosicyos horridus)"
"DUm4LN7ij2P";"During a field trip near Gobabeb, we encountered this !Nara cricket (Acanthoproctus  diadematus) trapped inside a fallen !nara melon (Acanthosicyos horridus). Strong winds likely overturned the fruit while the cricket was feeding, turning a vital food resource into a fatal trap"
"DUxWVHkkQKe";"Caught in action! This gecko shows off its hunting skills as it feasts on a beetle."
"DTz7HPojK0l";"Ever wondered how long a wild elephant can live? 🐘  Generally, elephants can live up to 70 years in the wild, though desert elephants typically live closer to 55 years due to harsher environmental conditions.  📷: @conservation.diaries"
"DUSPBlNAdD2";"Gobabeb was pleased to host a consortium of academics convening in Namibia to launch a new initiative, “Integrating Mobility, Digital Tools, and Climate Education to Address Terrestrial Plant Diversity and Conservation in a Changing Climate (IMPACT-ED).” A whistle-stop trip to the Namib allowed the team to experience our magnificent desert landscapes, while also providing valuable opportunities for meaningful discussions at the Gobabeb campus. Participants shared experiences and aspirations around developing science capacity in Africa, with a particular focus on mainstreaming climate change issues within university curricula. We extend our thanks to the project coordinator, Dr Jack Kambatuku from UNAM (and a proud Gobabeb alumnus!), for arranging this fruitful engagement."
"DUz7IcljPlu";"This sunshine recorder at Gobabeb tracks daily sunshine hours, helping scientists and researchers better understand our climate and environment."
"DR_9tu4DEa9";"🌊 Clean Coasts, Healthy Oceans 🌍   Last Friday, the @ministry_of_environment_nam, together with the @namibianpoliceforce , WWF Namibia, and local partners, carried out a coastal clean-up campaign from Independence Beach in Walvis Bay through Langstrand to the DRC settlement. Volunteers collected litter to protect marine life and raised awareness about the importance of keeping Namibia’s beaches and environment clean.   💚 Clean coasts mean thriving wildlife, healthier oceans, and stronger communities. Let’s continue working hand in hand to protect our coastlines and conserve our natural heritage  #Cleanup #Conservation #ProtectNature"
"DTSSRVGDovn";"Apply soon if you are interested in Bioacoustic Ecology! The closing date for applications is Jan 18th."
"DSAAY7CCL0h";"🦏National Wildlife Crime Statistics, November 2025.  The Government of the Republic of Namibia’s, ‘Wildlife Protection and Law Enforcement in Namibia: Monthly wildlife crime statistic Reports’ are generated from the National Wildlife Crime Database which is managed by the Blue Rhino Task Team (BRTT). These reports are a collection of all wildlife crime data for the country (cases registered, arrests, seizures and prosecutions) including plants.   Namibia Nature Foundation’s combatting wildlife crime projects (CWC) aim to support in capacitating our partners in the fight against the illegal wildlife trade. Partners such as, @ministry_of_environment_nam, BRTT through the Rooikat Trust (RT), NamRA and @savetherhinonamibia. The @stateinl has been and continues to be a key supporter of Law Enforcement interventions in Namibia, alongside the @rhinorecoveryfund managed through the @wildnetorg.    This infographic is designed by NNF for awareness purposes only. For interested readers, the ‘Annual Namibia Wildlife Protection and Law Enforcement Report’ can be found on our website. 🔗link in bio. @euinnam @smartcnsvtools @namra_org_na @pangolincrf @workingdogsforconservation @nczoo"
"DRUoRnVip6U";"What is #WorldFisheriesDay all about? This day is dedicated to highlighting the critical importance of sustainable fisheries, healthy aquatic ecosystems, and the livelihoods of fishing communities around the world.   The main aims and themes of the day include: 📌Promoting sustainable practices 📌Addressing threats and serious issues facing global fisheries, such as overfishing 📌Supporting small-scale fishers 📌Recognizing the vital role of fish as a crucial source of protein and food security for billions of people globally.  We champion sustainable inland fisheries through a holistic, community-led approach focused on the Kavango-Zambezi Transfrontier Conservation Area (KAZA). We work with  the Ministry of Agriculture, Fisheries, Water and Land Reform (MAFWLR) to establish Community Co-managed Fish Reserves that have already shown promising signs of fish stock recovery. Beyond conservation, we strengthen local livelihoods and food security by integrating resource management with capacity building, habitat restoration, and transboundary collaboration across shared river systems."
"DTkwKMyDiTL";"Journal of Zoology 2024 Paper of the Year Saima Shikesho’s study on the role of black-backed jackals was selected as the paper of the year by the Journal of Zoology - https://jzoblog.wordpress.com/2025/12/17/winners-of-the-2024-journal-of-zoology-paper-of-the-year-award/. The editors have introduced this award to acknowledge one paper each year that exemplifies excellence in zoological research. Gobabeb is proud of the outstanding effort and dedication of all its early career scientists, but international recognition is an inspiration for all"
"DRwLY29iqCu";"There are historical observations of a population of elephants inhabiting the Kunene Highlands, and local communities have, for generations, lived alongside them. Much like the desert adapted elephants, the highlands elephants may be a uniquely adapted group, feeding on mountain plants on the steep slopes.   Besides a recent study of their feeding preference, little is known about them.  Earlier this month, NNF was part of a collaborative operation bringing together  3 different projects: The Oppenheimer Generations Fellowship in People and Wildlife, the Skeleton Coast Etosha Bridge and the Reversing Environmental Degridation in Africa and Asia Project (REDAA). Funding was secured by WWF Namibia, who undertook the expedition with NNF, the Oppenheimer Fellow, supported by IRDNC, MEFT and the Community Game Guards of the area.  Three Highland Elephants were successfully and safely collared and the data from these satellite devices will, over the longer term: 🐘 help better understand Highlands elephant habitat usage, movements and connectivity, 🐘 benefit conservancies by generating valuable ecological data that can inform land-use planning, tourism development, and other wildlife-based income opportunities, in turn strengthening local incentives for conservation and sustainable management. 🐘 A commited dedicated community becomes a valuable source of intelligence against IWT in the area protecting wildlife and their benefits for generations to come, and finally, 🐘 by integrating the tracking data with ranger and conservancy monitoring systems, the initiative can potentially serve as an early waning system to communities in these areas and mitigate conflict in this HWC hotspot.   @oppgenrc  @legacylandscapesfund @the_iied  @wwfnamibia  @irdnc.namibia  @ministry_of_environment_nam  @stateinl @namibia_helicopter"
"DRysmMAjjkE";"At Ongava, encounters like these unfold quietly – a reminder of the ancient lives we are privileged to share space with."
"DTZ8t_rjf0K";"Tenebrionid beetles were central to the founding of Gobabeb and remain icons of desert adaptation. Many of these beetles are flightless. That may sound like a disadvantage, but it is actually a smart evolutionary trade-off for surviving extreme aridity. Their hard wing covers (elytra) are fused shut, creating a sealed subelytral cavity. Instead of breathing directly from dry desert air, beetles exchange gases inside this humid space, with air leaving through a restricted posterior opening. This design reduces water loss in hot, windy conditions. Even their black colour is not a problem. Although black absorbs heat, studies show that colour has only a small effect on body temperature. What matters more is behaviour. When it gets hot, beetles stilt, lifting their bodies off the sand to cool down in moving air. Photo credits: Huntley, B.J., 2023. Adaptations to Life in the Namib Desert. In Ecology of Angola Terrestrial Biomes and Ecoregions (pp. 249-274). Cham Springer International Publishing. https://doi.org/10.1007/978-3-031-18923-4_11 https://www.researchgate.net/publication/360996617_An_end_to_the_black_desert_beetle_paradox"
"DRkD-f8ChaE";"We are honoured to stand alongside regional partners in celebrating the official endorsement of the BCLME IV Project, a transformative initiative dedicated to strengthening the governance, resilience, and sustainable use of the Benguela Current Large Marine Ecosystem.  As an implementing partner, NNF is proud to contribute to a programme that puts marine spatial planning, biodiversity conservation, climate-resilient restoration, community-driven livelihoods, and sustainable blue economy development at the centre of regional cooperation.  From MPA expansion, to enhancing the management of Namibia Islands Marine Protected Area (NIMPA) to supporting community-based tourism, ecosystem restoration, and cutting-edge biodiversity monitoring, BCLME IV represents an important step forward for Namibia and the region.  We look forward to working with the Benguela Convention Commission Secretariat, government partners, coastal communities, and all regional stakeholders to safeguard our shared marine ecosystems and ensure that the Benguela Current continues to support thriving biodiversity and resilient coastal livelihoods for generations to come."
"DTP7j3RDHLk";"We would like to give a warm welcome to our newest member Vianda, a 3rd year student from the Namibian university of science and technology (NUST) main campus, doing her bachelors in Agriculture, she’ll be with us as an intern for 6 months as part of her curriculum and her project is focused on fog harvesting and grey water distillation using sun( solar) for sustainable irrigation and domestic usage. During her stay, Vianda will be involved in our daily activities and gain practical experience while working on her project. We are thrilled to have join our team and look forward to her valuable contributions."
"DRyly-3Elxh";"On 18 November 2025, the Southern Kunene Regional Association hosted a multi-stakeholder consultation on ongoing and emerging prospecting and mining activities. Key participants included the Traditional Authority, Regional and Local Councils, the Ministries of Industry, Mines and Energy, Agriculture, Water and Land Reform.   The meeting was a platform for stakeholders to discuss the #environmental and #socioeconomic impacts of mining. While recognising the economic benefits of mining, participants at our recent session raised serious concerns that current Environmental Impact Assessment (EIA) reports are often too technical, making meaningful community consultation almost impossible. Stakeholders urged EIA practitioners & project developers to prioritize clear communication, accessible reporting, and authentic community engagement. Decisions on natural resources must integrate local voices.  #EIA #CommunityEngagement #Mining #Sustain #naturalresources #naturalres #sustain"
"DSRmHo9jktf";"A pause worth celebrating – the classic Ongava coffee stop. Warm mugs, sweet treats, and the unmistakable comfort of Amarula shared under the open Namibian sky. Small rituals that make safari unforgettable."
"DT0Ic-vDqZS";"Meet Monika who recently completed her Honours in Applied Chemistry at NUST and is currently waiting to graduate. She will join Gobabeb for a three month internship, focusing on the installation and monitoring of a project that prototypes and evaluates a solar thermal and wind driven urine evaporator to make fertilizer."
"DRoZZFWDisZ";"Knowledge is the true luxury of a safari. Ongava’s guides carry stories passed down through landscapes, generations, and seasons – revealing the science, humour and heart behind every sighting. This is conservation, interpreted with care."
"DUafvG0Dt8S";"Poise, precision, and instinct. The impala moves through Ongava with effortless grace – always aware, always part of the bigger picture."
"DTczhoqCMi3";"We had the pleasure of hosting Prof. Dr. Alexander Brenning (Friedrich Schiller University Jena, Germany) together with his PhD student, Bourriz Mohamed.  They presented their exciting research project on mapping and characterising desert pavement distribution in Namibia, highlighting innovative approaches and the importance of understanding arid-land surface processes.  Thank you for the insightful presentation."
"DTxbld2jk4g";"A background choice assay set up by PhD student Iris Quayle. This experiment will test if the Onymacris beetles will favor surfaces to match their coloration."
"DSjumFdDrHH";"Look closer. Every curve tells a story of age, survival, and quiet strength shaped by this landscape."
"DTsjxydDrqm";"Gobabeb students performing maintenance on the gravel plains Baseline Surface Radiation Network. This measures radiation reflected from the earth's surface to allow scientists to understand the earth's energy budget. To ensure measurements are accurate the machinery must be cleaned and monitored."
"DSWvw0ojpo2";"Life converges at Ongava’s waterholes: a meeting place, a sanctuary, a stage."
"DRUeLV4kVdA";"We recently launched an ESS Community of Practice (CoP) in Windhoek, a new national platform unifying government, finance, and community voices!  This is a huge commitment to rights-based Environmental and Social Safeguards (ESS), emphasising Gender, Free, Prior & Informed Consent (FPIC), and inclusive project delivery.  The Key Result? Four powerful Technical Working Groups have formed to tackle priority themes like Inclusive Conservation and Climate Trade-Offs.  Read the full story via the 🔗 in Bio!  #ESSConnect #EnvironmentalSafeguards #InclusiveDevelopment #FPIC #SustainableDevelopment #Namibia #CommunityOfPractice #RightsBasedApproach #ClimateAction #conservation"
"DRti-4hkrSH";"A glimpse at the magic of Little Ongava...  Discover more on our website: https://www.ongava.com/lodge/little-ongava"
"DSANRZ7Csag";"🍃We're featured! Want to know the real stories behind some of our conservation success? Namibian Chamber of Environment Conservation Namibia Magazine references NNF's impactful work in three must-read publications! Your next great read is waiting. Click the 🔗 link in our bio or swing by the our office to grab yourself a copy!"
"DRylxXvCGVv";"Indigenous and Local Knowledge #ILK took its rightful place at the centre of Namibia’s biodiversity and conversation policies. For generations, Indigenous Peoples and Local Communities #IPLCs have safeguarded biodiversity through place-based knowledge systems, deeply rooted in daily interactions with nature. In Namibia, where 70% of the population depends on natural resources for food, medicine, fuel, and income, this knowledge is not optional, it’s essential. Yet, ILK has long been sidelined in policy-making. Much of it remains undocumented, undervalued, and unprotected. That’s why last month we hosted hosted a national workshop focused on integrating ILK into Namibia’s biodiversity strategies, including the upcoming NBSAP III. This was in collaboration with UNESCO and @ministry_of_environment_nam  Over the two days, government officials, researchers, #IPLC leaders, and civil society delved into key findings from Namibia’s first National Outlook on #ILK of Biodiversity. Discussions addressed the risks of knowledge erosion, the importance of co-created documentation, and the need for fair benefit-sharing mechanisms that respect intellectual property.  #ILK #IndigenousKnowledge #NamibiaConservation #Biodiversity #IPLCs #PolicyIntegration #UNESCO #MEFT #BenefitSharing #FutureOfConservation"
"DUVWG6IDlEW";"The magic of Ongava often lives in the details.  Look closer and the bush reveals its smallest residents – perfectly adapted, quietly observant, and endlessly fascinating."
"DSHS8tCjoMU";"Safaris end as beautifully as they begin. After the morning drive, Ongava’s kitchen brings colour and comfort to the table – fresh, thoughtful, and crafted to be savoured slowly, just like the experience itself."
"DSo4McVCYZ-";"Rhino has always been guide Nico’s favourite animal – not just for their strength, but for what they represent.  At Ongava, we are privileged to protect both black and white rhino on one reserve, and even more importantly, to have no history of poaching to date.  This is what makes Ongava unique – committed people on the ground, deep respect for wildlife, and a conservation story that is still being written, day by day."
"DTxnqemDkJW";"Hot off the press! A recent article revealed relationships between the southernmost Welwitschia populations (https://doi.org/10.1016/j.celrep.2025.116836). It indicated that Welwitschia may have been more widespread during the Pliocene (ca 3 million years ago), but populations fragmented around the onset of Namib hyperaridity due to intensification of the Benguela upwelling system ca 2 million years ago. Around 500,000 years ago, the well-known Welwitschia Plains population at the Swakop River fragmented into a northern population around the big Welwitschia on the Husab plains, and the population near the Moon landscape south of the river, possibly due to a combination of factors that includes intensification of Swakop River flood events, a deeper river channel and greater aridity of the area. This research highlights why every Welwitschia population is special and why conservation of indigenous and endemic species should incorporate population genetic considerations. Very few countries can afford the type of cutting-edge technologies required for this kind of research, which emphasize the benefits of international collaboration. Also see:  https://www.facebook.com/republikein/posts/n-welwitschiaplant-wat-in-1992-deur-navorsers-geplant-is-in-japan-se-tsukuba-bot/1346687310817261/  https://www.instagram.com/p/DTuhwqdDlKv/  @SAJOREC #SAJOREC @WBG-CAS #WBG-CAS"
"DScAMoqDGfB";"In lions, courtship behaviour is subtle: males follow females closely, exchange scent cues, and engage in brief physical contact. These interactions strengthen social ties and initiate mating cycles – but it’s not always mutual. Females often assert their boundaries, and a sharp snap or swat is her way of saying she’s not interested."
"DR32LTpDqq9";"At Ongava’s waterholes, wildlife behaviour unfolds in real time. Plains zebras often engage in gentle nuzzling as a form of social bonding – a way to reinforce herd cohesion and reduce tension before drinking. Moments like this offer guests a closer look at the subtle communication and hierarchy that shape life on the edge of Etosha’s wilderness."
"DSMjgNigije";"How's this for a waterhole encounter?  Etosha National Park is one of the best places in Africa to observe elephants in large numbers, and the reason lies in the unique nature of its landscape. With no major rivers flowing through the park, wildlife relies heavily on a network of natural and artificial waterholes – focal points that draw animals from vast distances across the grasslands and mopane woodland."
"DUl-h-iDtVF";"At Anderssons at Ongava, summer is not rushed. It’s shared laughter, chilled drinks, barefoot afternoons and the simple luxury of being present in a green, breathing wilderness.  Images courtesy of Living Breathlessly."
"DWn0BodDtvi";"Last night, eastern winds brought a thunderstorm to Gobabeb. We received just over 5.5 mm of rain!"
"DU2k5TgCEm4";"Encounter the rhythm of the Mopane and terminalia woodland.  Formerly Ongava Tented Camp, Encounter by Ongava returns with a deeper connection to its landscape and natural pace."
"DRkDGmqil3i";"In 2022, the @ministry_of_environment_nam, in collaboration with @nacso_namibia1, implemented the Conservancies Financial Management System Training for Young Professional Accountants (YPA) and #CBNRM support staff. This initiative aimed to enhance financial management and governance skills in Community-Based Organisations (CBOs).   To date, this work is being carried out by #YPAs, conservancy managers, treasurers, bookkeepers, and CBNRM support staff. In this context, the Gobabis MEFT Regional CBNRM Support, along with NNF, are working together with the Omaheke Conservancies to prepare Annual Financial Reports ahead of the upcoming Annual General Meetings. This activity is supported by WWF Namibia through the Namibia for Life Project."
"DUvBEwdiOJq";"Introducing Encounter by Ongava.  Formerly Ongava Tented Camp, the camp has a new name that reflects what it has always offered: a closer, unscripted way of meeting the wild.  Here, wildlife moves freely. Days unfold naturally. Every moment is shaped by the rhythms of the bush.  The name has changed. The soul remains.  Welcome to Encounter by Ongava."
"DU-uqVPiIUw";"Encounter awareness, not distance  Now reimagined as Encounter by Ongava, the former Ongava Tented Camp reflects Ongava’s evolving approach to immersive wilderness experiences."
"DU0deWyDr98";"Encounter a place shaped by quiet renewal.  Ongava introduces Encounter by Ongava – formerly Ongava Tented Camp – where a closer, more present way of staying gently unfolds within the landscape."
"DSCJVfvDiLC";"Step off the vehicle, and the wilderness rises around you. Ongava’s guided walks reveal the finer strokes of the ecosystem – tracks, textures, scents, stories woven into every blade of grass. This is the bush at its most honest and alive."
"DW3h9rpioLY";"For her study on the soil properties in the hummocks of fog-harvesting plants, our intern Hannah is currently conducting an evaporation experiment. By comparing evaporation rates from loose sand and soil crust layers, this setup will help us understand how soil structure influences water retention in fog oasis systems of the Namib Desert"
"DUGAYhbjqCg";"This week, Save the Rhino Trust hosted awareness sessions for Conservancy Rhino Rangers, focusing on the well-being of our frontliners who protect Namibia’s precious biodiversity.  Over 60 rangers attended across five days, exploring important topics such as GBV, gender roles, mental health, and substance abuse. The sessions were led by experts from Lifeline and Childline and form part of our Ranger Welfare initiatives, which also include first aid training, medical consultations, and regular check-ups.  Strong and healthy ranger teams are vital to our mission. By taking care of those who protect wildlife every day, we ensure our rhinos and all of Namibia’s wildlife have the guardians they deserve.  #SaveTheRhinoTrust #RhinoRangers #RangerWelfare"
"DUF8p2CDAtQ";"WWF Namibia is inviting proposals for the design, illustration, and layout of a School Water Awareness Educational Booklet under the Nature-Based Solutions for Water Security and Community Resilience (NBS4Res) project.  Help us inspire learners from Grade 0–12 to value and protect our water resources.  🗓 Deadline: 10 February 2026 📩 Submit to: consultancies@wwf.na"
"DU3V6-wjMVm";"We are excited to share our latest contribution to the Namibia Journal of Environment!  In this issue, we highlight how Other Effective Area-based Conservation Measures (OECMs) can help Namibia reach its goal of conserving 30% of land and water by 2030.  Namibia has made great progress, and OECMs offer even more opportunities to protect ecosystems while supporting communities.  👉 Read more in the link in our bio! #WWFNamibia #Conservation #Namibia #OECM #30x30 NaturePositive"
"DW6B_l-iuQh";"We're on this Saturday! 😁"
"DXLuD9Wijhj";"How do Elephant Guards trained by Elephant Human Relations Aid help their communities to live with elephants?   They take both pre-emptive and responsive approaches - preparing people for when elephants come into their area, and responding quickly to incidents of conflict. This shows people that they are not dealing with elephants alone - someone is there to help them.  Celebrate Elephant Guards by reading this inspiring article!  Read more: https://conservationnamibia.com/articles/elephant-guards-2025.php  @ehranamibia"
"DUiOGOniVHI";"In a world of AI fakes, quick takes and surface impressions, this is your reminder to slow down – to look closer, to notice what thrives when the land turns green.  After the first summer rains, during Namibia’s green season, the mopane worm emerges. It feeds deliberately on fresh mopane leaves, moving with an unhurried certainty that feels perfectly timed to the rhythm of the bush. This is a season of abundance – of renewal sparked by rain – and the mopane worm is part of that cycle. Small, often overlooked, yet deeply connected to the landscape, it tells a much bigger story about resilience, seasonality, and life responding to rain."
"DSrLZqAACD4";"Merry Christmas and Happy New Year from all of us at Save the Rhino Trust. Thank you for standing with our rangers and helping keep Namibia’s rhinos safe. Here’s to a new year of protection, hope, and wild spaces that endure."
"DSmTYczjsqm";"Once widespread across Namibia and western South Africa, desert-adapted black rhinos now roam freely across arid communal lands in the Kunene region. Genetically similar to other south-western black rhinos, these iconic animals are not actually black. Their name may set them apart from white rhinos or come from the dark soil that coats their skin after wallowing.  Today they are listed as critically endangered, making every sighting a powerful reminder of the importance of conservation.  #SaveTheRhinoTrust #ConservationMatters"
"DTw-cFFjt7_";"Black rhinos are critically endangered, with fewer than 6,000 left in the wild. Namibia is home to the largest of all black rhino subspecies, perfectly adapted to survive in harsh, arid landscapes. These legendary animals roam freely in open wilderness, far from zoos or captive breeding facilities.  #SaveTheRhino #BlackRhino #RhinoConservation"
"DW6RMLZinP8";"Masters student Adam started his measurements in the Kuiseb riverbed, surveying the area around Gobabeb to capture conditions ahead of flood events. Over the past three days, the work has focused on laser scanning, river channel surveys and sediment sampling, using a multi-band RTK GNSS receiver to ensure centimetre-level accuracy. The collected data will provide high-resolution insights into how flood events in the Kuiseb act as a barrier to the northward migration of the Namib Sand Sea. In addition, measurements from Gobabeb’s river gauge will be used to analyse the relationship between flood intensity and fluvial sediment flux. These datasets will also contribute to the calibration and assessment of a larger-scale model."
"DXZHhSxCp6z";"NYCE was honoured to be part of IUM Environmental Society's official opening event on Friday, 17 April 2026.   Majority of the NYCE membership are university students and we are proud to see young people showing up and committing to protecting their environment. Well done!   Thank you @ium_environmental_society for the invitation. We look forward to many engagements with you."
"DTSTWrNDnOT";"Apply soon if you are interested in Remote Sensing! The closing date for applications is Jan 18th."
"DXbqlj7CmfU";"Happy World Earth Day! 🌍   This year's theme, Our Power, Our Planet, means the small things we do every day actually count. No waiting, no excuses, just action.   Love your Earth the way you love yourself!"
"DUDNt00DuTz";"A quiet moment in the wild. A mother rhino and her calf rest together, a reminder of the strength, resilience, and gentle bonds that define these incredible animals. Every rhino protected is a future preserved.  #SaveTheRhino #BlackRhino #RhinoConservation"
"DXOW8EeCnoE";"Namibia's icon 😎  #plantofthemonth  #quivertree  #namibia  #fypppppppppppppppppppppppppppppppppppppppppppppppppppppppppppppppppppppp"
"DXEgAVWCtkH";"A Saturday for the environment is always worth it.   Highlights from our cleanup last Saturday."
"DTxCXWpDE4V";"Kicking off 2026 with reflection, connection, and a shared commitment to grow. The WWF Namibia team is ready for a new year of impact for people and nature.✨"
"DS1wKIEjqZf";"SRT was founded in 1982 to protect the last black rhinos of Kunene and Erongo. What began with Blythe Loutit, a single Land Rover and the sale of her artwork soon grew into community-led patrols that helped curb poaching. By 1986, SRT supported three tracking teams and ten community game guards, backed by a structured monitoring system.  SRT later built the world’s longest-running photographic and life-history database of black rhinos, a cornerstone of conservation in the region.  #SaveTheRhino #Humblebeginnings #RhinoConservation"
"DXeGKudihBK";"Namibia has 1,500km of coastline. One of the world's most productive fishing grounds. A marine ecosystem that feeds thousands. Yet, there is no substantial media coverage around marine and coastal conservation.  Last night, we had a roundtable conversation that brought together voices across journalism, science communication, and youth activism to ask why that may be the case. All in honour of hashtag#EarthDay2026🌍   The room left with clarity, commitment, and a renewed sense of purpose. Because hashtag#OurPlanetOurPower is not just a theme, it is a call to action. This was one of many conversations toward ensuring that Namibia's marine environment finally receives the media attention it has always deserved.  #NNF #EarthDay2026 #OurPlanetOurPower #NYCE #NCE @namyouthchamber #CommittedtoConservation #MarineConservation #NIMPAPLUS #NIMPA #OceanOptimism @blueactionfund #BAF #Namibia #CoastalConservation #NamibianMediaLandscape"
"DTHxtDGDjph";"Community development is at the heart of SRT’s work. By partnering with Traditional Authorities and local stakeholders, SRT empowers rhino rangers, game guards, and custodians to monitor rhinos, maintain vital data, and run awareness programmes for visitors and young people across Namibia.  #SaveTheRhino #BlackRhino #Communityconservation"
"DW8ck9sijNW";"We REALLY tried to find a reason why YOU shouldn't enter the NYCE writing competition, But we didn't find any.   Stand a chance to win N$ 1,500, earn points and have your essay published on the NYCE website!   9 days left. The clock is ticking. Don't delay. 😎"
"DXbo4bICltt";"🌍 Earth Day 2026 | Our Power,  Our Planet   In commemoration of Earth Day, together with @namyouthchamber, we are hosting a roundtable discussion bringing together stakeholders from media, communications, public relations, and academia to engage on an important issue within Namibia’s environmental landscape, the limited visibility of marine and coastal conservation in public discourse.  The session will explore: 📌 Why ocean-related issues receive less media attention 📌The challenges faced in environmental reporting and communication 📌The role of communicators, researchers, and institutions in strengthening environmental storytelling  This dialogue is particularly relevant for professionals and practitioners working at the intersection of communication, knowledge sharing, and sustainability.  🕒 22 April 2026 | 16h30 – 18h30 (CAT) 🔗 Livestream link: 🔗Link in bio🔗 📱 Alternatively, scan the QR code on the poster  We invite you to join and contribute to this important conversation  #EarthDay2026 #OurPlanetOurPower #EnvironmentalCommunication #Sustainability #Namibia"
"DQyN13UDdWR";"Even the queen steps aside when the matriarch arrives. Respect runs deep at the waterhole."
"DXodK1uCjQS";"Last slide is the MAIN caption 😁  There's something powerful about youth collaborations, and NYCE takes pride in the relationships it is building!   A big thank you to everyone who showed up for the clean-up in Khomasdal. Your efforts reflect true collaboration in action and the positive impact we can make, even through small initiatives. Let’s keep the momentum going. 💚  Thank you @girlupnamibia for organising this important event!"
"DQ_hY2pDcxc";"We recently held Spatial Monitoring and Reporting Tool #SMART training at the Uibasen Conservancy office for all eight Kunene South conservancies and Tsiseb conservancy from Erongo, with 48 conservancy game guards taking part. The training focused on wildlife monitoring, data collection, and conducting fixed-route patrols using #SMART  Each conservancy received SMART devices to strengthen data collection and improve wildlife monitoring across the landscape.  This initiative was made possible through partnership with  @nacso_namibia1 @wwfnamibia & support from the Legacy Landscapes Fund and the REDAA project."
"DQ9QJa0iknB";"Through the Blue Benguela Partnership (BBP) Project, the Namibia Nature Foundation handed over equipment valued at N$50,000 to the Benguela Infinite Fishing and Harvesting Association (BIFHA) in Lüderitz.  This support strengthens local fish processing and value-addition efforts, helping small-scale fishers improve their products, boost income, and build more sustainable livelihoods. Financial support for this project comes from the Blue Nature Alliance, a global partnership aims to safeguard global ocean biodiversity, build resilience to climate change, promote human wellbeing, and enhance ecosystem connectivity and function.  The @luderitztowncouncil, an NNF partner through a formal MoU, also joined the celebration. “Through our joint efforts, we’ve shown that collective success comes from working together with a shared vision,” said Elwin !Gaoseb, Public Relations Officer of the Lüderitz Town Council. “The Council remains committed to empowering our community and building a sustainable future for Lüderitz.”  Together, we’re proving that conservation and livelihoods can go hand in hand, creating lasting impact for people and nature alike."
"DSCwOfFDlpl";"We love listening to the sounds of the desert here at Gobabeb and we also love listening to our peers! Yesterday, we got to hear from Lorenzo about the TOAD HARE project which documents vegetation’s impact of dunes formation and our newest intern Kendra presented her Gobashare — a ‘get to know me’ presentation made by all new interns here at the station. Thank you to Lorenzo and Kendra for giving excellent talks and sharing your knowledge and background with us!"
"DRgkG3FDuJS";"A mother and calf moving as one through the tall grass. Their bond unspoken, their path ancient. The wilderness has always known this rhythm."
"DRzYNeKCo0L";"A fog cloud moved over Gobabeb the previous morning, reaching the crests of the dunes and lingering until about 07:30. Fog events here typically form in the early hours of the morning, often from around 02:00 onwards, and they remain one of the Namib Desert’s most important water sources in a landscape that may receive less than 20 mm of rain a year. Fog is carried inland by wind and can travel more than 100 km, sustaining organisms adapted to capture moisture from it. If you're visiting the station, early mornings offer the best chance to experience and photograph this remarkable desert phenomenon."
"DRL9xcejsyu";"Between reflections and ripples, the terrapin waits patiently, unhurried, perfectly at home in its silence."
"DRKJ-EZigFp";"Strengthening livelihoods Lüderitz 🥇  We hosted the very first pitch event focused on enterpreneurs in the small-scale fishing sector and what an inspiring afternoon it was.  Four bright and passionate entrepreneurs stepped forward to pitch their ideas to a diverse and experienced panel made up of representatives from Impact Tank Namibia, Lüderitz Town Council, @Novanam Ltd -Namibia, and consortium partner COSDEC-Benguela, Luderitz.  This entrepreneurship programme is delivered together with our partner #ImpactTank, and it marks the beginning of an exciting journey to strengthen coastal livelihoods, unlock creativity, and support community-driven solutions.  This is just the start. Stay tuned as we prepare for Cohort 2, which will focus on the tourism sector in Lüderitz!"
"DSMVuCOCTl_";"CONRAD (NAD) BRAIN 1963 - 2025  Today, Gobabeb staff and associates, past and present, honour one of our own, a remarkable Namibian soul – a wildlife vet, scientist, and pilot whose life was inextricably woven into the land he loved. Having been introduced to the Namib at an early age, Nad dedicated his days to the wild places of Namibia, more recently rekindling his association with Gobabeb.  Whether planning new projects to investigate longevity and health of the keystone fig trees in the Kuiseb, advising young postgraduate students on baboon behaviour, imagining the adventures of a very famous 4x4 hero, brainstorming ideas to ensure sustainability of the research facility, or lifting into the sky to track gemsbok from above, he lived with purpose, courage, and quiet generosity. But beyond these professional roles, he was simply a good man – kind, and impossibly humble. He gave without hesitation, without needing thanks. A subtle hint, and he had our students up the air on their first flying experience. A small gesture, perhaps, but leaving a huge and lasting affection for that tall, bare-footed, friendly figure in dusty overalls striding across the gravel plains en route to the airfield.  Today we celebrate a life lived boldly and compassionately. Though he has taken his final flight, his presence circles above us still — in the Namib Desert he loved, the wilderness he protected, and the lives he touched."
"DRKTe9SitKH";"We We are proud to share that Samantha Matjila and Alannah Grobler represented the Namibia Nature Foundation at the 2025 International INSAKA Symposium, held under the theme “Bridging Coastal and Terrestrial Systems: Advancing Participatory Conservation and Sustainable Fisheries.”  This year’s symposium unfolded in a unique, journey-based format — and our team was right at the heart of it. As part of the event, a research roadtrip from Windhoek to Spitzkoppe and Henties Bay created an invaluable platform for knowledge exchange and for showcasing ongoing work that builds stronger links across Namibia’s land–sea interface.  Along the way, the team explored how deeply connected our country’s landscapes truly are. From inland drylands to marine ecosystems, the journey highlighted shared challenges such as climate resilience, biodiversity loss, equitable resource access, and inclusive governance, reminding us that solutions must be as interconnected as the systems we seek to protect.  A big thank you to the INSAKA Consortium organising committee (@unam_na) for inviting us to contribute in creating a space for learning, collaboration and future-focused conservation work."
"DSXZ7bpjjzq";"Meet our newest addition  Kendra, a second-year student at the University of Namibia, Katima Mulilo Campus, pursuing Wildlife Management and Tourism Studies. She will be joining us for a three-month internship as part of her curriculum. During her internship, she will be involved in our daily activities, gaining practical experience and contributing to our ongoing projects. We are delighted to have her join our team and look forward to her valuable contributions."
"DRKPnfYCp6K";"Namibia is taking a historic step in marine research! NNF researchers are heading into the Kunene River Mouth for the first-ever Namibian study on green turtle behaviour and population patterns. Why it matters: 🔬First documented green turtle nesting in Namibia was recorded here in 2020.  🔬Scientists still don’t know why turtles gather at the river mouth.  🔬This research will help determine if the area should be protected as a critical breeding site.  This incredible opportunity has been made possible through funding provided by the IKI-CREAF project, the Blue Nature Alliance through the Blue Benguela Partnership. and Blue Action Fund through the NIMPA+ project."
"DS1qVQYjqcs";"In Chinese Astrology, 2025 was the Year of the Snake and it’s only fitting that we have seen several as the year starts to end.  Here we have caught a few on screen (or sometimes rapidly exiting the screen)!"
"DScbrOljail";"Euguene, Iris, and visiting journalist Meg Bernhard went to Skeleton Coast National Park this week to set up more model predation sites for Iris’ research. The beetles were the celebrities of the trip with a very avid fan base, but there were many other intriguing sites like this mummified hyena leg that Meg spotted emerging from the sand."
"DRCbRmxja_O";"Since attending the initial Law Enforcement Training in September 2024, 22 nominated DoF personnel, used their real-world experiences presenting case studies, driving the discussions on gaps and challenges as well as the way forward.  The focus for the 1-week session included, illegal harvesting and trading of protected succulent plants, illegal logging of timber, and other forest produce. The opportunity was taken to also look deeper into security awareness, ethics, and integrity for law enforcement officers, the application of the legislation, such as the Forest Act, and the criminal procedures act. The week was expertly facilitated by Ruben Angula, Chief Warden Wildlife Protections Services, Jonas Mwiikinghi, Chief Forestry Technician, Kavango Region and the Office of the Prosecutor-General's Environmental Crimes Unit (OPG-ECU) Advocate. J Kalipi. The training included a hands-on practical session, on vehicle and permit search and checks alongside NAMPOL. The training was funded by the US Government INL5 project of @stateinl to support @ministry_of_environment_nam Directorate of Forestry (DoF) and the National Botanical Research Institute (NBRI) to better combat and respond to timber and plant crime. Challenges were met in equal measure with their commitment to their roles as law enforcement in the regions, further strengthening the Government's multi-agency approach to combating Wildlife Crime.  #combattingwiildlifecrime #Partnersincombattingwildlifecrime #Conservation #IWT #Biodiversity #lawenforcement #resourcemanagement #environment #forestreserves #communityforests #stateforests #forestcrimes #climatechange"
"DT2pb6hiLJo";"📢 Upcoming Public Consultations 📢 The Ministry of Environment, Forestry and Tourism is inviting YOU to take part in key national consultations:  🟢 THE PROPOSED SAND AND GRAVEL MINING REGULATIONS UNDER THE ENVIRONMENTAL MANAGEMENT ACT, 2007 (ACT 7 OF 2007) AMENDMENT BILL. 🟢 NATIONAL POLICY ON TOURISM AND WILDLIFE CONCESSIONS ON STATE LAND 2007 🟢 NATIONAL POLICY ON THE UTILIZATION OF DEVIL’S CLAW 2010 👉 Swipe to see dates & venues across the country! 🗓️  Your voice matters. Help shape policies that impact our environment, communities, and livelihoods.  ❗️ Please share widely with colleagues and networks to ensure strong regional representation. ❗️ #CommunityConservation #ProtectNamibia #PublicConsultations #NamibiaEnvironment #HaveYourSay #SustainableDevelopment #InclusivePolicy"
"DSIF5R8D3c2";"Does anyone else feel like this week is going by faster than this Onymacris plana can run? Recent research has found that the high speeds this beetle reaches as it runs around under the desert sun may be helping it cool down, a phenomenon known as “exercise-induced cooling”. If only we humans could do that!"
"DUDbb2FjD8p";"Today, we want to say thank you to our Elephant Guards.  They’re on the ground every day and night... tracking elephants, responding to conflict, supporting communities, fixing damages and sharing knowledge where it’s needed most. Often unseen, always essential.  Your commitment, patience and dedication make coexistence possible. We’re deeply grateful for the work you do and the responsibility you carry 🐘"
"DReHoxSjt92";"Morning light, open plains, and the quiet thrill of discovery. At Ongava, every drive becomes a conversation with the land... A chance to pause, reflect, and learn with expert guides who read the bush like a book."
"DT2HsqsjWhH";"NACSO Director Ms Maxi Pia Louis, powerfully represented NACSO at the Parliamentary Roundtable on Human–Wildlife Coexistence in Botswana (19–21 January 2026), sharing key insights on how communities can lead sustainable coexistence.  This high-level event brought together parliamentarians, experts, and community leaders from Africa and the EU to discuss how people and wildlife can coexist safely and sustainably.  The roundtable focused on: 📘 Strengthening legislative and policy frameworks 🌍 Sharing regional and global experiences 👥 Ensuring communities’ voices guide decision-making 💡 Exploring solutions like compensation, CBNRM, technology, and benefit-sharing models  Why is this important? Human–wildlife conflict challenges livelihoods, food security, biodiversity, and rural development. Parliamentary collaboration is crucial to crafting policies that enable sustainable, community-led coexistence.  Maxi highlighted Namibia’s community-driven CBNRM model, stressing that empowered communities are essential for sustainable coexistence—a core message that informed regional learning and policy innovation. Thank you, Maxi, for representing NACSO and elevating community voices on the international stage.  #HumanWildlifeCoexistence #ProtectNamibia #ProtectSADC #CBNRM #CommunityConservation #Botswana #PolicyDialogue"
"DRl0mmRiO6j";"Sound on🔊  Is that a wild weekend calling?"
"DUaqWnPCDxU";"Meet & Greet Reflections | NACSO, CLN & IRDNC 🤝🏽  NACSO, CLN and IRDNC held a successful Meet & Greet session today - with the CEO of CCFN, Mr Pandeni Kapia, and Board Chairperson, Advocate Andrew Corbett. The engagement created a valuable space for open dialogue, reflection and renewed collaboration.  The session focused on strengthening engagement, aligning institutional priorities, and reinforcing collective efforts toward community-led conservation and sustainable development.  Participants were introduced to NACSO’s Working Groups, highlighting their roles in advancing conservation, livelihoods, governance and partnerships. The Finance Department was also introduced, underscoring the importance of transparency, accountability and sound financial management in supporting impactful programmes.  The interaction reaffirmed a shared commitment to collaboration, mutual learning and building a stronger, more connected conservation network. 🌱"
"DS62I6pDk7E";"As the year comes to an end, we would like to thank our visitors from all over the world.🌍 Can you spot your pin on our map? Let us know in the comments!"
"DRWQ-B9jmwx";"At the water’s edge, the lioness drinks, eyes lifted, alert to the world around her. Power, poise, and patience in one breath.  https://www.ongava.com/"
"DRTyj6qimZ8";"From 5–17 October, 9 botanists, both experts &  juniors,  concluded another field expedition to the Warmbad area as part of the project ""Incorporating succulent plant and animal species information into conservation planning,  with a focus on southeastern Namibia"", implemented by NNF, in collaboration with the National Botanical Research Institute and the National Museum of Namibia.   The aim was to survey and establish long-term monitoring plots for Namibia’s unique dwarf succulent species, including Lithops, Lapidaria, Titanopsis and Dinteranthus across 7 farms. The trip yielded valuable data on threatened and range-restricted dwarf succulents, and assisted the team in establishing seven long-term monitoring plots and conducting nine Red List assessments.   The farm visits also gave opportunity to the NBRI staff to engage with the farmers, showing them the plants and sharing information on the importance of protecting the areas in which they occur. These fascinating plants, adapted to some of the country’s harshest environments, are increasingly threatened by poaching, climate change and habitat loss.   📌The project is funded by the JRS Biodiversity Foundation.   #Fieldwork  #Biodiversity #DesertSucculents #plantsofnamibia"
"DSZ25aFj-dD";"Did you know that around 20% of the world’s arid and hyper-arid regions are covered by aeolian dunes? Despite their vast extent, the processes controlling how these dunes form and evolve are still not fully understood. At Gobabeb, we are helping to narrow this knowledge gap by collecting detailed field measurements through the TOAD HARE project. The project investigates how surface roughness elements, such as vegetation, influence wind-driven sand transport across desert landscapes. By improving how wind–sand interactions are represented in models, this work contributes to better monitoring of dune dynamics and a clearer understanding of their origins. #desertlandscapes #namibdesert #dunes #geomorphology"
"DXPmUSmAsWS";"T.G.I.F. - Thank Giraffe It’s Friday! 🙏🦒  A tall order of cuteness to start the weekend.  📷 @mlorentz23 - Thank you!  #GiraffeConservationFoundation #Giraffeconservation #motherandcalfgiraffe #giraffecalf #cutegiraffe #thankgiraffeitsfriday #TGIF #GCF"
"DXwKK3PCoiw";"The SDG Essay Competition Results Are In! 🥁🥁🥁🥁  We’re excited to officially announce the Top 3:  1st Place: Magano Iipinge  2nd Place: Tjiunatjo Nganjone  3rd Place: Simon Nenkete   A huge congratulations to our winner, Magano Iipinge, who takes home the N$1,500 cash prize for achieving the highest score 👏  We were genuinely impressed by the quality and depth across all submissions. Thank you to everyone who participated, your voices and ideas matter. Now that you've written them down you can be the catalyst for the change you'd like to see and we'd love to be part of your journey! 😎  We’ll be publishing the Top 3 essays on our website soon, so stay tuned!"
"DXbynlCjsnU";"Happy Earth Day"
"DXg39MKjeJB";"Meet Wendy Swart, our newest student associate. Wendy will be working on plant demography of Welwitschia mirabilis with remote sensing techniques. Over the next two years she will be with us at Gobabeb. She has been fascinated by Welwitschia mirabilis since childhood."
"DXUv-0KjLn4";"The landscape of evolution. 🦒🌿  Rivers do more than provide water — they shape species. For giraffe, Africa’s 🌍major river systems have historically served as dividing lines, leading to the development of separate lineages over time. 📉  These natural barriers define where populations persist and how they evolve. While movement across these rivers is rare, it does occur, offering unique insights into giraffe behavior and resilience.  AT GCF, we monitor these population dynamics to ensure our conservation efforts are aligned with the latest genetic and ecological science.  #GiraffeConservationFoundation #Giraffeconservation #rivercrossing #giraffespecies #giraffe #landscapechanges #rivers #GCF"
"DXbSywhDQWF";"A beautiful scenery is unfolding around our station after the early 5.5 mm April rains."
"DWEnQrpO-q8";"Jabulani & Naleli 😻  Previously, we followed Jabulani’s transition from a northern-born cub to a southern resident male. Over the past year, he has consolidated his territory and grown increasingly confident within it. Naleli’s story unfolded alongside his. A young female establishing herself in the same southern region, she has secured her own space as she approaches reproductive maturity.  As both leopards strengthened their presence, their movements began to align. Over the past months, guides have recorded mating behaviour on four confirmed dates, and the pair are also seen regularly sharing kills, indicating repeated and deliberate association rather than chance encounters.  If successful, this union would connect long-standing northern and southern maternal lines within the Reserve. What began as separate dispersal and establishment stories may now represent the formation of a new breeding pair in Okonjima’s south.  #africat #research #leopard #namibia #conservation   ____ © @pascal__ok"
"DV84SaljvmX";"So much about them is still unknown 🥺🥺🥺  Despite their ecological importance and growing conservation concern, Temminck’s pangolin remains one of the least understood mammals in southern Africa. Fundamental questions are still unresolved. How many pangolin live in a given area? How much space do they need? How far do young animals disperse? Which habitats do they rely on, and how do rainfall and drought affect their survival?  AfriCat’s Pangolin Research Project was established to address these gaps through long-term study of a wild, free-ranging population in Okonjima Nature Reserve. The project is explicitly interdisciplinary, combining population monitoring, movement ecology, foraging ecology, life-history tracking, and genetic analyses.   #africat #research #pangolin #wildlifeconservation #namibia   ____ © @pascal__ok"
"DVbcgVLDPGM";"The Queen of Okonjima | Isaskia   This is, the leopard queen of Okonjima’s north-central region. Her name means “beautiful” in Khoekhoegowab, which is spoken by the Damara and Nama people of Namibia. A fitting description for this long-standing matriarch. Estimated to have been born in 2009, she is the oldest female in the Reserve at 17 years old. First observed as a young adult in 2011, later camera trap footage and DNA analysis revealed she is the daughter of past Okonjima resident Shira, a shy and seldom-seen female leopard from the north.  Isaskia has had three, possibly four, litters during her lifetime. Her last two daughters remain in the Reserve and are part of AfriCat’s ongoing research. Having been born in the Reserve, she is famously relaxed around vehicles, a trait she has passed on to her offspring. Tragically, all three of her sons have left the Reserve. While the fate of one remains unknown, one was illegally killed despite AfriCat’s efforts to protect him.  Her life illustrates the importance of monitoring young males, which is now being supported with LoRa GPS collars to track those who disperse. Isaskia’s story highlights both the resilience of female leopards and the challenges faced by males leaving the Reserve.  #africat #research #leopard #conservation #okonjima   ____  © @pascal__ok"
"DWb7j2uDMKS";"What looks like a gentle rub against a branch is actually one of nature’s most precise communication tools.  Leopards maintain complex, overlapping territories. To manage these vast spaces without direct confrontation, they rely on a sophisticated multimodal scent-marking system.  Urine spraying, claw raking, and strategic scat placement all play a role. But facial gland secretion — deposited through deliberate cheek and forehead rubbing on vegetation and branches — is particularly fascinating. Each deposit carries a unique chemical signature, communicating individual identity, reproductive status, and recency of presence to any leopard that passes through.  #africat #namibia #wildlifeconservation #research #leopard   ___ © @pascal__ok"
"DVRGvV1DNZT";"From Orphan to Mother | Amali   Amali’s journey at @okonjima_nature_reserve began with tragedy but has evolved into a story of strength. Born in 2016 to then long-term resident Jo Jo, she and her sister lost their mother at just 19 months in a rare event: Jo Jo was killed by a warthog, the only documented case of a non-leopard adult fatality in the Reserve.  Amali and her sister were left to fend for themselves, their survival closely monitored by AfriCat staff. Her sister disappeared in 2019, making Amali the last representative of her mother’s line in Okonjima. Now a mature female at ten years old, Amali has raised her first cub, Jambo, and has recently been seen with a new litter, continuing her mother’s legacy. Her story demonstrates the challenges of leopard survival, the importance of maternal lines, and the resilience needed to thrive in the wild. Time will reveal whether Jambo remains in the Reserve and how her current litter will fare.  #africat #research #okonjima #leopard #conservation   ____  © @pascal__ok"
"DQn6pZKjmE6";"Over the past three decades, Ongava Private Game Reserve has become one of the continent’s greatest conservation success stories. Here, over 100 known species of mammals are at home in the mopane woodlands and savannah, restoring the rhythms of nature to a once-barren realm."
"DWMgGWFjOeC";"Today, recognising the urgent need to protect habitat for wildlife and the unique contribution of the Okonjima Nature Reserve, AfriCat is focussing on conservation research on the ecology of predators and endangered species within the Reserve, in order to inform the role that protected areas can play as a long-term conservation strategy.  #africat #wildlifeconservation #leopard #pangolin #hyena   ____ © @pascal__ok"
"DXofbb7Dbv5";"Hannah ended her internship with us by presenting the results of her project. To find out how soil properties, especially water-holding capacity, change within the hummocks of three different fog-harvesting plants in the Namib Desert.  The study aims to help understand spatial vegetation patterns in fog deserts and potential shifts in species dominance as a result of shifting fog patterns due to climate change. Acanthosicyos showed a statistically significant increase in water-holding capacity compared to bare sand. The changes were driven by structural properties, not chemical ones, with the coarse-grained fraction (<125µm) and Organic Matter as the main drivers.  Hannah also sampled along a fog gradient, choosing three sites at 20, 30 and 50km distance from the ocean. The results showed that there was no difference in the water-holding capacity, as decreasing salinity and increasing organic matter counteracted each other. This might suggest that fog oasis systems may be more resilient to spatial variability in fog input than expected. Overall, the results indicate strong interactions and co-dependence between the properties and show that plants follow different engineering strategies."
"DVq2xA8DRA_";"FIVE Brown Hyena added to our Research Project 🙌🏻  Over three nights in December, five brown hyenas stepped into the next phase of our research. Each was safely captured using our refined box trap system and fitted with a LoRa GPS collar. By coincidence, all five were female. OHB103 and OHB106 were familiar individuals whose original collars were nearing the end of their lifespan. Their recollaring maintains valuable longitudinal records. OHB106 was again visibly pregnant at capture. Her first collar enabled us to locate her den, and we continue to document activity at that site.  OHB103 appears to be reproductively active within a different clan network. The remaining three females represented new data points and new questions. Two were young animals, with minimal signs of wear. Subsequent movement patterns suggest OHB114 may be closely related to OHB106. OHB113, likely from another clan, lost her collar within weeks of deployment. The detached collar suggests intraspecific aggression, though her condition remains unknown.  The fifth female initially overlapped with the younger individuals before dispersing east beyond the Reserve. She has ranged between farms bordering the B1 highway and has recently shifted closer to her previous range.  Each collar now contributes to a clearer picture of female breeding  and clan dynamics, dispersal and landscape connectivity.   #africat #research #namibia #brownhyena #conservation   ____ © @pascal__ok"
"DVykjIEDLEb";"A Rare Look at Brown Hyena Motherhood  This is Malaki, one of the brown hyenas monitored by AfriCat researchers at Okonjima. Her name means “lucky” in Lozi, and recently she haslived up to it.  When Malaki (OHB106) was recollared in December, she was visibly pregnant. Later tracking data guided researchers and guides back to a den site, where camera footage has now confirmed the presence of two cubs.  Brown hyena cubs spend their first months hidden at the den while their mother returns regularly to nurse them, making sightings of early family life extremely rare.  Guests joining the Brown Hyena activity at Okonjima may be exploring the same landscape where Malaki is raising her young. With a bit of luck, a den site moment like this could become part of the experience.  #africat #research #brownhyena #okonjima #wildlifeconservation   ____ © @pascal__ok"
"DXKc58qjZ0A";"🌟 We always aim to get more international airtime for giraffe 🦒, so we were excited that our latest research made the cover of Restoration Ecology!   By analyzing data from our Angolan giraffe translocation to Iona National Park, we tested how accurately distribution models can predict where giraffe will choose to live.  Our findings highlight how these models serve as an important roadmap for guiding wildlife translocations and ensuring long-term success. 👏  We use science to inform our conservation decisions! 🔬🌍  🔗 Link to full paper in BIO. 👈   @universitycollegedublin @universitycollegecork @africanparksnetwork @smithsonianzoo   #GiraffeConservationFoundation #giraffeconservation #ionanationalpark #angolangiraffe #giraffe #restorationecology #giraffetranslocation #speciesdistribution #wildlifetranslocation #GCF"
"DXoAP_2lqoE";"From setbacks to stepping into leadership 💛  My name is Natasha Jenevieve Dealie. I was born in Windhoek and raised in Rehoboth, a small town south of Windhoek.  My teaching journey began in 2017 through the government INSET programme, where I worked as a teacher while studying. Due to personal hardships, I had to step away, but I didn’t give up. I continued my studies independently, holding on to my dream.  Since 2024, I had one goal in mind, to be part of the N/a'an ku sê Foundation Schools. Despite many challenges, I kept applying, reaching out, and believing. I knew I wanted to contribute to the incredible work being done in education, conservation, and community upliftment.  In June 2025, that opportunity finally came. I joined N/a'an ku sê Primary School as a Grade 0 and 1 teacher. Just nine months later, I was honoured to step into the role of Head Teacher at TimBila Primary School, thanks to the support and belief of Mrs. Potgieter and Marlice van Vuuren.  Today, I feel proud, fulfilled, and deeply grateful. This year, I will be graduating as a Junior Primary Teacher, and I look forward to continuing this journey of growth and purpose.  I am proud to be part of the Naankuse family. 🌍 Learn more or support our schools: www.naankuse.org #Naankuse #NaankuseFoundation #TeacherSpotlight"
"DXhA84pFEFq";"Introducing the Naankuse Wildfit Challenge. 🔥  A test of strength, endurance and grit set in the wild. No shortcuts. No easy way out. Just you and the challenge.  More details coming soon. Stay ready. #Wildfit #TheUltimateNatureRace"
"DW6x4dRjNxf";"Selene returns with a surprise 😍  Selene is a female pangolin first tagged in April 2021 as part of AfriCat’s early pangolin research. Over the following years, she was recorded giving birth and contributed rare insight into pangolin life history.  In late 2023, her GPS stopped working, and her VHF tag fell off. With no signal to follow, Selene was lost from the research. Equipment failure and the loss of monitored individuals are an unavoidable part of pangolin research and can create significant data gaps.  Nearly two years later, on 13 November 2025, Selene was re-identified after one of AfriCat’s pangolin trackers, Jacob, observed two pangolins emerging from a burrow, both without tags. One was a male whose tag had fallen off weeks earlier. The second was Selene, identified by her scale patterns. And she wasnt alone…she was accompanied by a pup on her back weighing 425g.  Her reappearance highlights the challenges of studying pangolins while reconnecting an interrupted research record and adding a new chapter to her story.  IMPORTANT NOTICE:  Pangolin welfare remains a high conservation priority. Recent data indicates escalating pangolin trafficking activity throughout Namibia, requiring enhanced surveillance protocols for our monitored population. We maintain regular visual confirmation of all tagged individuals to ensure their continued safety and wellbeing. This mother-offspring pair has been successfully observed during multiple subsequent field surveys, with both animals demonstrating positive health and behavioral indicators.  #africat #pangolin #research #wildlifeconservation #namibia"
"DXt_IDBD93L";"Big purr, friends! 🐾 My name is Kovu, and I’m so happy to meet you! I’m a proud male cheetah living at the Naankuse Foundation Wildlife Sanctuary, my forever home.  I arrived here back in 2016 when I was just a tiny cub. My early days were a little rocky… I don’t know what happened to my cheetah mom, and for a while I was kept as a pet. My human family cared for me deeply, but cheetahs like me aren’t meant for that life. My diet wasn’t quite right, and it affected my growth, especially my back legs. Walking wasn’t easy for me back then.  But everything changed when I came to Naankuse 💛  With the incredible care of the team (and my favorite human, Marlice!), I got the nutrition and exercise I needed to grow strong again. And guess what? I became the largest male cheetah Naankuse has ever seen! Now that’s something to purr about 😸  These days, I live a big, beautiful life in an enormous camp that’s part of the natural reserve. I share it with my cheetah friends Athena and Roadie, and together we help teach visitors about the challenges my species faces in the wild. I may not roam completely free, but I’m proud to be an ambassador for my kind.  I’ve even starred in documentaries and shown off my hunting skills right here on the reserve! And while I may not chase the lure quite like I used to (hey, I’m almost 10 now!), don’t be fooled — I’m still the fastest land mammal alive ⚡Just look at me in my younger days in the video.   Want to be part of my journey? You can symbolically adopt me and make this spotted sprinter part of your family 🐆✨  👉 https://www.naankuse.com/product-page/kovu That’s all from me for now… Keep purring! 🐾💛"
"DXi6TshgSo5";"We all know that song… yes, Baby Shark 🦈🎶 — the one that lives rent-free in your head and somehow gets your whole body dancing.  Well, at Naankuse Primary School, things just got VERY real. Our tiny learners each received a stuffed toy shark… and let’s just say, some of these sharks are practically the same size as their new best friends 😄  Chaos? Maybe. Adorable? Absolutely. Obsession level? 100%.  Now excuse us while we all sing together… baby sharkie doo doo doo doo doo doo 🦈💃"
"DV3Sws3jIWU";"Throwback to an unforgettable mission in the Kunene Highlands! 🐘  Collaring an elephant is not just about the thrill, it is a vital lifeline for conservation.   By tracking their movement, we can: ➡️ Map Elephant distribution and important wildlife corridors  ➡️Reduce human-wildlife conflict ➡️Build a safer future for these gentle giants  Each data point is a building block for a more sustainable world. This is just the start of the journey. 🎥  Stay tuned as we peel back the layers of this complex process in our upcoming series!   #ElephantConservation #KuneneHighlands #WildlifeTracking"
"DWtzXr8ODrc";"Introducing NEO  The “One” of Okonjima. Named after the Matrix character, this nearly 12-year-old male entered the reserve as an adult, stepping into a new reality that would shape the next generation of leopard at Okonjima.  Over his decade-long residency, Neo has become a dominant presence in the heart of the reserve, holding the largest home range and earning his title as the “king in waiting” after Mawenzi. He has sired multiple cubs, including at least three with Vamos, and is often seen showing unusual tolerance towards his offspring, especially Mpandu. From feeding together to resting side by side, Neo challenges the idea of leopards as strictly solitary.  Now weighing 76 kg, Neo has taken over as the heaviest male in Okonjima, surpassing Mawenzi, who currently weighs around 70 kg, though still shy of Mawenzi’s peak of 80 kg. With strength, strategy, and surprising social flexibility, Neo is steadily shaping the future of Okonjima’s leopard lineage.  #africat #research #okonjima #leopard #conservation   ____ © @pascal__ok"
"DXwqAO0Fugv";"Outreach is more than a service — it’s a lifeline. ❤️  In Namibia’s Omaheke Region, many San communities are simply too far from help. Distance, isolation, and lack of transport stand in the way of something as basic as healthcare.  But the Naankuse Lifeline Clinic doesn’t wait. Their team travels hundreds of kilometres, bringing care directly to those who need it most — because no one should be left behind.  At Skoonheid resettlement alone, 70 patients were recently treated. Alongside medical care, families received warm blankets, nourishing peanut butter, and even spectacles for those struggling to see clearly.  This is what compassion in action looks like. The Lifeline Clinic… truly a lifeline. 💙 www.naankuse.com #naankuse #naankusefoundation"
"DWUGbt-DAvh";"STRENGTHEN CBNRM: Minister Indileni Daniel opened the 2026 National CBNRM Conference in Windhoek on Wednesday, saying government plans to repeal the Nature Conservation Ordinance and replace it with a new Wildlife and Protected Areas Management law, while also reviewing the Forest Act.  The changes aim to strengthen the Community Based Natural Resource Management programme by giving communities more control over conservancies and forests to increase benefits.  NACSO Board Chairperson Dr Selma Lendelvo said sustained support and a unified approach are key to long term success. She said cooperation is vital to keep the programme central to rural development.  At the same event, MEFT Executive Director Sikongo Haihambo said CBNRM remains central to Namibia’s conservation and tourism sectors.  #CBNRM2026 #ConservationNamibia #CommunityEmpowerment #MEFT #SustainableTourism @wwfnamibia @ccfnam @nacso_namibia1 @namibia_nature_foundation @kfw_namibia"
"DXwKk3HCCrp";"At Ongava, each camp rises gently from the landscape – shaped by stone, shadow, and silence – held within the wild home of the reserve itself. Here, comfort does not replace wilderness, it lives alongside it.  Moments unfold slowly. Light spills across decks. Wildlife moves just beyond the edge of view. And every stay becomes part of the rhythm of this remarkable land."
"DVLyohjjzzO";"NACSO successfully hosted the 3-day workshop titled - Strengthening Community Governance: Understanding the Protected Areas and Wildlife Management Bill, Forestry Act and the Land Bill at the Community Conservation Inspiration Hub.  Over the three days, participants strengthened their understanding of key policies affecting communal conservancies and community forests. The sessions, led by legal insights from Dr. Willem Odendaal and Peter Watson focused on:  ✅ Clarifying management plans, policies and laws ✅ Key provisions of the Draft Protected Areas & Wildlife Bill and Forest Bill ✅ Implications of the Land Bill for communal areas ✅ Open dialogue to support informed participation and protection of community rights  👏 Thank you to all participants for the active engagement and valuable contributions.  #NACSO #CommunityGovernance #CBNRM"
"DXexE6XjJDv";"Vamos 😍  You’ve likely already seen Vamos, she is Okonjima’s most observed leopard and at 8 years old, a true matriarch in the making. Her name means “let’s go” in Spanish, and it perfectly reflects her energy, determination, and dedication to her cubs.   Daughter of long-term resident Lila, Vamos inherited the northern portion of her mother’s territory, demonstrating a common mother-daughter sharing pattern in leopard. Guides frequently see her moving across her central home range, managing interactions with other adults like Neo, and protecting her young from threats, including opportunistic brown hyena.  Vamos has successfully raised at least one cub from each of her three litters - Yebo, Mpandu, and her current female cub, PP141 - balancing gentle parenting with fierce protection. Observations include her chasing intruders, keeping cubs close, and navigating shared spaces without unnecessary aggression.  Vamos demonstrates how female leopard balance maternal duties, territoriality, and social flexibility, ensuring the continuation of their lineage in a competitive environment.  #africat #research #conservation #leopard #okonjima   ___ © @pascal__ok | @nadiasnijders_photography"
"DXUcLv_jGa4";"Many national parks occur in arid and hyper-arid regions, particularly within the Namib Desert. Though ecologically unique and supporting specialised biodiversity, they represent only a portion of Namibia’s biodiversity. More productive landscapes, including acacia savannas and thornbush shrublands, lie largely outside the formal protected area system. These environments support a high proportion of wildlife populations but are also the areas most intensively used for agriculture and livestock production.  Private nature reserves account for approximately 4% of Namibia’s land surface, forming a smaller but strategically important part of the national conservation mosaic.  To read the full article visit our bio & head over to our blog for the piece called: “THE EMERGING IMPORTANCE OF PRIVATE RESERVES FOR WILDLIFE CONSERVATION”   #africat #namibia #wildlifeconservation #coexistence #okonjima   ___ © @jjsnijders_photography | @pascal__ok"
"DXY1VUcAHbh";"A massive thank you to Tusk and Jaguar Land Rover for the handover of this incredible Defender in support of Save the Rhino Trust!  Partnerships like these power the work on the ground: helping us go further, reach more, and protect what matters most."
"DXbSvspFoHk";"🦏 Did you know? Rhinos don’t run flat-footed. They move on their toes, a feature that helps support their weight and gives them the ability to charge with impressive speed.  But despite these incredible adaptations, rhinos are critically endangered. Save the Rhino Trust (SRT) works tirelessly alongside local communities and rangers to monitor and protect these animals in the wild.  Photography: @marcuswestbergphotography   #SaveTheRhinoTrust #DidYouKnow #RhinoFacts"
"DWyGEHKDo5E";"Save the Rhino Trust (SRT) may not run schools, but its lessons reach far beyond the classroom. Through outreach and hands-on community involvement, local people are actively engaged in rhino conservation: learning to value, protect, and safeguard these incredible animals for generations to come.  Photography: @marcuswestbergphotography   #SaveTheRhinoTrust #RhinoConservation #Education"
"DXqvhiqlt1o";"Most of SRT’s conservation work happens on foot. For four decades, teams of dedicated trackers have patrolled the Kunene and northern Erongo regions, walking miles from their field camps to monitor black rhinos. Their tireless foot patrols are at the heart of protecting these iconic animals.  Photography: @marcuswestbergphotography   #SaveTheRhinoTrust #BootsOnTheGround #RhinoConservation"
"DXJRMa_AkWD";"Rain in the desert never loses its magic. In Namibia’s northwest, where dry seasons stretch long and the landscape waits in quiet anticipation, the sight of gathering clouds is always met with hope.  When the rains do arrive, they transform more than just the land. For those working in this drought prone environment, it is a powerful reminder of renewal, resilience, and the delicate balance that sustains both wildlife and our conservation efforts."
"DXWX-PXFqnF";"Big steps for the Rhino Cup!  Save the Rhino Trust’s first meeting with Hon. Dino Balotti, Deputy Minister of Education, Innovation, Youth, Sport, Arts and Culture, was a powerful moment to present the vision behind the Rhino Cup. Encouraging feedback on what we have dreamed up, built, and are continuing to pursue for conservation through community engagement via football.  Alongside Mammie Kasaona, Rhino Cup Commissioner and Namibian football superstar and coach, the momentum is real."
"DVnoukUjl9S";"Today we honour the women shaping the future of Namibia, from conservationists and entrepreneurs to mothers and mentors. Their strength, vision, and determination remind us that when women rise, entire communities rise with them.  #InternationalWomenDay #Harnas #Naankuse"
"DXgcXcbFpJy";"The Mike Hearn Memorial Cycle Ride, held every second year in support of Save the Rhino Trust (SRT), raises vital funds for conservation.  Riders set off from Ugab Camp, spending two nights there before cycling through the Doros and Torra Conservancies to Werelds End, then on through Palmwag for two days and two nights across some of Namibia’s most remote landscapes.  This year’s ride takes place from 19–26 April 2026, with 18 riders led by organiser Vanessa Buxton, continuing a tradition of endurance and conservation impact."
"DVvCknRjvf6";"An inviting arch marks the entrance to Harnas Guest Farm and Wildlife Sanctuary. Step through, make your way to the Reception, and let the stress of the day melt away. Unwind, unpack, and stay awhile. Your Kalahari escape begins here. #Harnas #Naankuse #GuestFarm"
"DXpCdUhjNBm";"Happy International Hyena Day 🐺  Today, we celebrate one of Africa’s most misunderstood and often vilified carnivores, the brown hyena. Long entangled in folklore and misconception, it is far more than the stories suggest. This is a highly adapted scavenger-predator, quietly shaping nutrient flows, recycling biomass, and linking predator communities across Namibia’s landscapes in ways that often go unseen.  At Okonjima Nature Reserve, long-term research is steadily reshaping how this species is understood. What emerges is a picture of complexity: structured clans moving across shared landscapes, individuals ranging over vast distances at night, and close ecological interactions with other large carnivores, particularly leopard, where feeding opportunities briefly concentrate life across the system.  Through GPS tracking, camera trapping, and sustained field observation, Africat is revealing a species that is rarely encountered yet constantly active within the ecosystem.  Stay tuned for an update on our Brown Hyena Project later this week…  #africat #research #wildlifeconservation #hyena #okonjima  ___© @pascal__ok"
"DVQP4NojqaK";"It’s in the details at Harnas Guest Farm. From the charm of a rustic kitchen sink to the warmth of handcrafted wooden furnishings, every touch is intentional, functional, and welcoming.  #HarnasGuestFarm #NamibiaTravel #RusticCharm"
"DVc6DMtjoUk";"Experience the magic of storytelling under a blanket of stars ✨ ‘San under the Stars’ at Harnas Guest Farm and Wildlife Sanctuary offers a rare window into an ancient way of life. For the San, oral traditions have preserved knowledge and stories for generations, and as a visitor, you’ll listen, learn, and connect with this rich cultural heritage in a sensitive and immersive way. #Harnas #San #Naankuse"
"DVF8tnJDu1d";"Growing up among the animals at Harnas, Naankuse co-founder Marlice van Vuuren, learned a lifelong lesson in care, compassion, and community. 💚 Today, Harnas continues to protect wildlife, preserve the ancient San culture, and support people through the Naankuse Lifeline Clinic. A sanctuary where every life matters. #HarnasWildlife #ProtectWildlife #ConservationHeroes"
"DVXwcGxjjIi";"Local changemakers for sustainable good 💚 Meet the changemakers behind the care. From Epikuro’s Lifeline Clinic, our staff serve the most vulnerable with heart and dedication. #LifelineClinic #Harnas #Naankuse"
"DVJKgdwDE6k";"It’s officially Mongoose Mayhem at Harnas   When feeding time hits at the Harnas Foundation Wildlife Sanctuary, the lawns transform into a full-blown mongoose festival. They pop up in droves like tiny, fluffy popcorn with legs — and honestly, it’s the best show in town.  Cute? Absolutely. Calm and collected? Not so much.  These little legends may look sweet, but they’ve got serious sass. So we decided to spice things up with some enrichment for our feisty furballs.  The result? An Olympic-level display of leaping, launching, and mid-air acrobatics — all for those irresistible meaty morsels.   10/10 for enthusiasm. 12/10 for drama. Infinite/10 for cuteness.   www.harnas.org #Naankuse #NaankuseFoundation #HarnasWildlifeFoundation #ForeverHarnas #Mongoose #Enrichment #WildlifeSanctuary"
"DWf9kn4Dsd8";"In the stillness of the veld, two cheetahs watch the world unfold at Harnas Wildlife Sanctuary. Their quiet vigilance speaks to the challenges facing Namibia’s wildlife. Conservation isn’t just about protection: it’s about ensuring that these elegant hunters and their habitats survive the pressures of human expansion, so the wild remains truly wild.  #Harnas #Naankuse #Cheetah"
"DVl6803ArIo";"Volunteering at the Harnas Foundation Wildlife Sanctuary is packed with unforgettable hands-on experiences.   Track majestic white rhinos across the vast reserve during the iconic Junior Rangers Experience — complete with a night camping under the stars alongside an anti-poaching ranger — every moment is an adventure.  It truly doesn’t get better than this. 🦏✨  www.harnas.org  #Naankuse #NaankuseFoundation #HarnasWildlifeFoundation #ForeverHarnas #Rhinos #StopPoaching #VolunteerAdventure"
"DUz7FfoDqtk";"In Omaheke, time moves differently in the hands of San artisans.  Ostrich eggshells are gathered, cleaned, shaped, pierced, and polished, one bead at a time, into necklaces and bracelets that carry generations of knowledge. As modern life reshapes daily realities, this craft endures, adapting without losing its soul. A quiet testament to resilience, memory, and making beauty from what the land provides. 🤍   #SanHeritage #Harnas"
"DVa3m5fDjN9";"On World Wildlife Day we celebrate the wild pulse of Namibia. Here, the cheetah does not just survive, it sprints across open landscapes as a powerful symbol of freedom and coexistence.  With one of the largest free ranging cheetah populations in the world, Namibia stands at the forefront of conservation, supported by the dedicated work of Harnas Wildlife Sanctuary and passionate communities who protect what makes this country extraordinary.  Today is a reminder that every effort counts and every species matters.  #WorldWildlifeDay #Harnas #Naankuse"
"DWGNnrpDtYm";"Open skies, golden grass, and the gentle rhythm of wildlife. Impala and wildebeest share the veld at Harnas Wildlife Sanctuary #Harnas #Sanctuary"
"DViKhngjjX9";"Thatch overhead. A cosy chalet to call your own. Trees casting generous shade across the Kalahari veld. At Harnas Guest Farm, the quiet surrounds you, inviting you to slow down and reconnect with nature. Slip away for a simple weekend reset and gather your strength for the rest of the year. #Harnas #Omaheke #Naankuse"
"DU5EsvWjsxF";"Throwback to an important moment in conservation collaboration!  Last year, N/a’an ku sê hosted a Human-Wildlife Conflict Workshop at Harnas, bringing together farmers, conservationists, and key stakeholders for meaningful conversations around co-existence. From Rapid Response Unit insights to hands-on engagement and open dialogue, the workshop highlighted just how vital shared knowledge and collaboration are in landscapes where people and wildlife live side by side.  As we move through this year, there is exciting potential for new workshops and continued knowledge-sharing at Harnas, strengthening relationships, supporting farmers, and helping protect Namibia’s incredible wildlife heritage.  Here’s to building on momentum, deepening understanding, and working together for sustainable co-existence. 🌍🐾"
"DU-OQhPjn88";"At Harnas, every day without poaching is a victory. Our dedicated Anti-Poaching Units and K9s work tirelessly to safeguard rhinos and wild dogs, keeping hope alive in the wild. #HarnasWildlife #ProtectWildlife #K9Unit #AntiPoachin"
"DVLGQ7hDvlC";"From slicing veggies to sorting supplies, our incredible volunteers tackle it all to support Harnas’ diverse animal residents. Every helping hand counts! #HarnasSanctuary #VolunteerPower"
"DWN8CmPDmjg";"Stay at the viewpoint as the sun dips low, enjoy a sundowner, and watch wildlife gather across the veld at Harnas. #HarnasWildlife #SundownerViews"
"DWYPQRHjtlS";"Did you know that only about 59% of people in the Omaheke Region live within 10 km of a health facility, compared with 87% nationwide?  Rural communities like Epikuro often face long distances to clinics or hospitals, limited staff, and shortages of ambulances and equipment, making access to basic healthcare a daily challenge for many families.  At Lifeline Clinic, we’re committed to bringing essential care closer to those who need it most and supporting healthier, stronger communities.  #LifelineClinic #CommunityHealth"
"DWTFsBgjvPD";"Whether joining in on dance moves or listening to the San share their stories, guests can link arms – literally – and connect with Namibia like never before at Harnas. 🌿✨ Step into culture, tradition, and the living history of the San community. #Harnas #San"
"DWBEEBWjifc";"At Harnas, our volunteers enjoy a life-changing experience while staying in spacious, comfortable, and fully functional accommodation. It’s the perfect base to learn, explore, and make a real impact in Namibia’s wildlife and community projects. #VolunteerWithPurpose #Harnas"
"DWgODPqDNcr";"We’re hiring!  KAZA Transboundary Leader / Team Lead  Join WWF and help lead conservation across the world’s largest transfrontier conservation area. This role focuses on transboundary collaboration, community‑based conservation, wildlife protection, and sustainable development across the KAZA landscape.  If you’re passionate about big‑picture conservation and regional impact, we’d love to hear from you.  👉 Apply now: Link in our bio  #WWF #KAZA #ConservationJobs"
"DV76dOJjpxd";"Support the San community and promote sustainable livelihoods. These handmade ostrich shell crafts are thoughtfully created and available for purchase right at Harnas Guest Farm, helping the community cultivate self-sufficiency while sharing their incredible artistry. #Harnas #Naankuse"
"DXuDcJQiA2H";"FOREST RESERVES: The Ministry, through the NILALEG Project, on Wednesday launched the Hamweyi, Kanovlei and Zambezi State Forest Reserves in Windhoek. The launch follows the promulgation of these reserves in the Kavango West, Otjozondjupa and Zambezi regions in 2022, in line with the Forest Act of 2001. The reserves seek to promote sustainable access by communities to forestry products such as wood for energy and grazing for communal farmers, among others.  In a speech read on her behalf by Executive Director Sikongo Haihambo, Minister Indileni Daniel said the reserves represent the Government’s move to secure ecologically important landscapes under formal protection, in line with Article 95 (l) of the Constitution, which mandates the State to safeguard ecosystems and biodiversity and ensure the sustainable use of natural resources for present and future generations.  The event was attended by Zambezi Governor Dorothy Kabula, Kavango West Governor Verna Sinimbo, Khomas Governor Sam Nujoma Junior, and Tsumkwe Constituency Councillor Petrus Mutji, representing Otjozondjupa Governor John //Khamuseb, as well as UNDP Namibia Deputy Resident Representative Dr Christian Shingiro. Representatives of traditional leaders, Environmental Commissioner Timoteus Mufeti, and Forestry Director Johnson Ndokosho were also in attendance."
"DXCuXRniIRH";"How do you track a giant? With the power of space! 🛰️🦒  Our Twiga Tracker initiative is the largest GPS satellite tracking study in giraffe history. We’ve deployed over 750 units in 17 different countries to better understand how giraffe navigate their world. 🌍🛰️  This technology is a game-changer for our conservation strategies, providing the insights we need to protect all four species. To keep acting with courage and creativity, we need your help. ✨  Help us put more ""eyes in the sky"" to protect giraffe on the ground. 🦒💪  Click the link in our BIO to donate to GCF! 🔗🧡  #GiraffeConservationFoundation #giraffeconservation #GPStrackers #satellitetracking #movementpatterns #giraffemovements #twigatrackerinitiative #cuttingedgetechnology #standtallforgiraffe #studygiraffe #giraffe #GCF"
"DXYu82YCEDr";"Every choice carries impact. Every voice carries power.  This Earth Day, we are collaborating with the Youth Climate Collective (YCC) -Nigeria & The Climate Sociologist to bring together five extraordinary young changemakers to remind us that climate action isn’t waiting for the future, it’s happening right now, in communities across Africa and the world.  Date: Wednesday, 22nd April 2026 Time: 2:00 PM – 3:30 PM GMT Google Meet: https://meet.google.com/jsp-panm-nhp  Don’t miss stories of grassroots innovation, sustainable living, renewable energy, and indigenous wisdom, all in one powerful session.  Heads up! Before you join, grab a sheet of paper and a pen, pencil, or markers, we’ll be doing a fun Group Sketch activity together at the end of the session and you won’t want to miss out!  #EarthDay2026 #OurPowerOurPlanet #ClimateYouth #YouthNREG #ClimateAction"
"DRhNyZnjIg1";"Third and Final day 👏🏼 Career Development & Communication Mastery 🌟  We wrapped up the final day of the NACSO Training Workshop with powerful sessions focused on personal growth, teamwork, and lifelong learning.  The day began with reflections and an energiser, setting a positive tone for deep discussions on: ✨ The Ideal Team Player ✨ Team dynamics, trust, motivation & collaboration ✨ Becoming an effective communicator ✨ Public speaking, influence & confidence-building  The afternoon focused on:  🌱 Career growth and lifelong learning 🌱 Building strong relationships in multicultural environments  Day 3 ended with group reflections, shared insights, and renewed inspiration as participants continue their leadership journey. 🌿✨  Well done to all participants and facilitators for making this workshop a success! 🙌✨  #NACSO #LeadershipDevelopment #CapacityBuilding #CareerGrowth #CommunityStrengthening #LifelongLearning #TeamWork #Empowerment"
"DQ4p6A_j2N8";"🛩️ Flying for Wildlife Conservation  Flying for conservation is no ordinary mission. Every off-field landing demands skill and precision, and a high level of concentration from both the crew and pilot.  Fuel is brought to remote sites in 200-litre drums and hand-pumped into the aircraft,  every drop counts. With the nearest hangar far away, the pilot must ensure everything needed is brought along.  These flights are a testament to the dedication and teamwork behind protecting Namibia’s biodiversity.  🤝We would like to thanks EcoWings Namibia and the Namibian Chamber of Environment for their continued support in making our aerial conservation efforts possible🤝  #ConservationInAction #FlyingForWildlife #NamibiaWildlife #RhinoConservation #savetherhinotrustnamibia #community #collaboration #Partnership"
"DXb98OkiLtY";"COURTESY VISIT: Minister Indileni Daniel received a courtesy visit from the United States of America Ambassador to Namibia, John Giordano, demonstrating the strong and growing partnership between Namibia and the United States.  Discussions focused on enhancing the travel experiences between the two countries through a more consistent framework, strengthening collaboration in wildlife conservation and maintaining open lines of communication to advance shared priorities."
"DWerOqzAbIP";"30,000 square kilometers. 20+ years. 505 giraffe. 🦒  Northwest Namibia 🇳🇦 is home to the longest-running giraffe monitoring programme in Africa. This isn't just a study, it’s a decades-long commitment to the Angolan giraffe, a subspecies of the Southern giraffe that has mastered life in the desert 🏜️.  Our latest impact report is officially out, and it showcases how Namibia has become a global beacon for conservation success. Seeing this population grow and thrive in such a harsh environment is a testament to the power of persistence and integrity. 💪✨  Curious about how we track giraffe across such a vast area? Click the link 🔗 in our BIO to read the report. 📖"
"DU7v1hOilMn";"Marine Mammal Protection Day!   Today we celebrate the incredible marine mammals that keep our oceans alive and our coasts thriving. The ocean gives so much to us, it is time we give back. We can do that by reducing pollution, supporting sustainable practices, respecting marine habitats and spreading awareness.   Follow @soa_namibia for more on marine conservation and awareness."
"DRSKePSDN6A";"A New AfriCat - As conservation evolved, so did we.  Recognising that the greatest threat to biodiversity is habitat loss, we turned our focus to the Okonjima Nature Reserve, two hundred and twenty square kilometres of restored farmland now provides protected habitat for Namibian wildlife, including leopard, brown hyena, and pangolin, that are naturally occurring within the reserve in high numbers.   Today, our work centres on conservation research…  #africat #research #namibia #conservation #leopard #pangolin   ____  © @pascal__ok"
"DWzDJHOkk7W";"We have exciting news to share! Our cheetah keeper, Elifas Nashini, contributed a poster and an online presentation to the 6th International Meeting on Zoo Research, Conservation and Biodiversity, hosted by our longtime supporter, the Serengeti Park (@serengetiparkhodenhagen) in Hodenhagen, Germany.   Titled ‘Reducing Stress in Captive Cheetahs via Positive Reinforcement Training’, the poster submitted by Elifas outlines the way the cheetah team at Cheetah Conservation Fund (CCF) trains our cats to voluntarily participate in medical procedures such as blood draws through Positive Reinforcement Training (PRT). This approach significantly reduces stress during these procedures and ultimately improves the welfare of our resident cheetahs, while enhancing keeper safety.   The poster was designed by Elifas, with support from head cheetah keeper Lea Petersen, conservation scientist and canines specialist Dr. Tim Hofmann, and Dr. Laurie Marker, founder and executive director of CCF. This team also contributed to the development of the training approach, which is carried out by the cheetah keepers. Currently, all of the cheetahs at the Cheetah Rescue and Conservation Centre (CRCC) in Somaliland and three-fourths of the cheetahs at CCF’s Centre in Namibia have been trained with this approach.  Want to learn more? Visit cheetah.org  #cheetah #cheetahconservation #wildlifeconservation #bigcats #ccfcheetah"
"DV8ic1cCqAP";"We're on this Thursday!   Writing is an essential skill in all sectors. While AI has made it easy to generate appealing words, it is still important to write with purpose, clarity and quality.   Join us and Gail Thomson, a renowned environmental communicator, and learn how to effectively write and structure your reports, proposals, blogs and more.   Whether you're a student, young professional or simply passionate about writing, this session is your chance to strengthen one of the most powerful skills you can have.   See you then!"
"DQ3dSnjDP3l";"A moment to pause, breathe, and reconnect.  At the Community Conservation Inspiration Hub, we recently took some intentional time to focus on a significant aspect: our mental wellness. During our Staff Mental Health Wellness session, we heard from @stevenharageib, a passionate mental health expert and advocate.  🌼 We shared what we are grateful for 🧠 We checked in with our minds and bodies 🔥 We reflected on where we are: energised, persevering, or feeling the weight of burnout  This gentle reminder helped us realise that feeling tired isn’t a weakness. It is a sign of how much we have given, grown, and cared this year.   Let’s continue making space for wellness, together."
"DUyh38sDYy-";"✨10 years. 20 locations. 280+ giraffe returned. 🦒  At GCF, we are proud of the impact we’ve made, but the work is far from over. While we celebrate these 280 giraffe finding new homes, we cannot ignore the reality: in some areas, giraffe populations have plummeted by 95%. 🌍💔  We need your help to keep this momentum going. Your support 🤝 fuels the courage and creativity needed to solve these complex conservation challenges.   Will you stand tall with us? 🦒💪   Click the link in our BIO to make a difference. 🔗  #GiraffeConservationFoundation #Girafefconservation #VoiceForGiraffe #StandTall #ConservationImpact #Giraffe #Africa #Donate #GCF #StandTallForGiraffe #WildlifeProtection #AfricaWildlife #Impact #ConservationHero"
"DTw3Yjzim57";"Waddle we do? 🐧   Are you aware of the plight of Namibia's penguins? If not, you need to read this article by @namibia_nature_foundation (NNF).  African penguins in Namibia and South Africa are struggling for survival. Conservationists are working hard in both countries to prevent these little penguins from extinction. Find out all about their hard work here:  https://conservationnamibia.com/articles/namibia-penguin-extinction-2025.php   #penguinawarenessday🐧  #penguinawarenessday"
"DUP8i2Qigcf";"Happy World Wetlands Day & World Ostrich Day 🥳  1. This year's World Wetlands Day theme is Wetlands and Traditional Knowledge: Celebrating Cultural Heritage  This theme highlights the vital role of indigenous and local knowledge in sustaining wetlands, recognising them as essential cultural landscapes rather than just ecosystems.  2. World Ostrich Day highlights the world’s largest living bird and its remarkable adaptations. Ostriches are the fastest running birds, have powerful legs for defence, and possess the largest eyes of any land animal, larger than their brains!   What a remarkable day!"
"DUOX2sXjWu-";"Smiles for Miles! The children at Cheeky Cheetah Primary School are starting the new school year brighter than ever! Thanks to the generous donation of 120 toothbrushes from Ilse Dippman and the ASICS Austrian Female Run, our little learners can brush, smile, and shine all year long. 😄💛  A huge thank you for helping our students sparkle - because every smile matters!  www.harnas.org #CheekyCheetahSchool #BrightSmiles #HealthySmiles #EducationWithLove #HarnasWildlifeFoundation"
"DWn68aHCAaP";"APPOINTMENT: President Netumbo Nandi-Ndaitwah has on Thursday appointed Honourable Anselm Marungu as Deputy Minister of Environment, Forestry and Tourism. Marungu is the Constituency Councillor of Ndonga Linena Constituency in the Kavango East Region and Member of the seventh National Council. He deputises Honourable Indileni Daniel who led the Ministry for almost a year without a deputy."
"DUm1Xg9Dmf3";"🐆 Fast Facts about Namibia’s Cheetahs  Namibia is home to the largest free-ranging cheetah population in the world, and the Omaheke region is a key stronghold for these incredible predators. Cheetahs here roam vast open landscapes, hunting with unmatched speed and precision. Conservation efforts by Harnas and the Naankuse Foundation are vital to protect these majestic animals from habitat loss and human-wildlife conflict.  #CheetahsOfNamibia #OmahekeWildlife #Harnas"
"DUH7zAPjiP7";"Every meal tells a story of care 💛 At the Lifeline Clinic, nourishing bodies goes hand in hand with uplifting spirits. Together, we’re making sure no one goes hungry. #NaankuseFoundation #LifelineClinic #Communitysupport"
"DW3KFFOCN4A";"BIOMASS: The Ministry will spend N$155.4 million to support the conversion of bush biomass into value-added products such as charcoal, woodchips, firewood and biochar during the 2026-2027 financial year. The initiative aims to curb bush encroachment while promoting sustainable rangeland management, supported by a national forestry inventory.  To strengthen community participation in forestry, the Ministry plans to gazette three community forests covering approximately 360,000 hectares. It will also review the Forest Act and its regulations to address emerging and contemporary challenges.  In addition, the Ministry is developing a national wildfire management policy to strengthen fire prevention and control measures at national level."
"DUPqMmljuGv";"Hidden in plain sight 🌿 Nature is full of surprises. Train your eye, dive into conservation, and discover a whole new world with Harnas’ Volunteer Program. Head over to our website and sign up today!  https://www.harnas.org/volunteering-experience  #HarnasVolunteer #NatureAwaits #ConservationJourney"
"DW3WDZWiA6v";"NOTICE: The Ministry is set to hold public consultations on the Dorob National Park Dune Belt Off-road Concession on 17 April 2026 at Swakopmund. Interested stakeholders are encouraged to attend."
"DW3Jis6CDlb";"CLIMATE CHANGE: During the 2026-2027 financial year, the Ministry earmarked N$25.6 million to develop and implement a national climate change and adaptation plan across key sectors. This initiative aims to strengthen resilience while promoting low-carbon, sustainable development. In addition, the Ministry is advancing a national circular economy policy to support the establishment of waste buy-back centres and innovation hubs.  In the previous financial year, consultations were conducted on proposed amendments and regulations to the Environmental Management Act. During the same period, a total of 1,515 environmental clearance certificate applications were processed, with 937 certificates issued. Furthermore, three waste disposal facilities were gazetted, while 60 projects granted environmental clearance certificates were inspected for compliance.   Meanwhile, the Development Bank of Namibia was accredited to the Green Climate Fund, enabling the country to access financing of up to US$250 million."
"DW3WLwbiIzy";"LEADERSHIP: Minister Indileni Daniel extended a belated warm welcome to her newly appointed deputy, Anselm Marungu, following a meeting on Tuesday at the Ministry’s head office in Windhoek. Daniel told Deputy Minister Marungu that the Ministry’s mandate centres on serving communities and emphasised that significant work lies ahead for them as the leadership of the Ministry."
"DW4f5mjjpGm";"TROUBLED: The Ministry pronounced its position on the Walvis Bay Landfill concerns on Tuesday in a media release issued by Environmental Commissioner Timoteus Mufeti, who described the situation at the site as troubling and said the Ministry is working with the Walvis Bay Municipality and other stakeholders to resolve the issue.  The statement follows multiple media enquiries about the burning of tyres at the landfill. Commissioner Mufeti, who doubles as Deputy Executive Director for Environmental Affairs and Forestry at MEFT, cautioned against living near dumping sites. “The Ministry urges communities to avoid settling in such areas,” he said, adding that a sustainable solution is being urgently worked on in collaboration with all relevant stakeholders."
"DW3JUnYiHWQ";"TRANSFORMATION: The Ministry has allocated N$26.8 million to digitally transform the tourism and gaming industries through the Tourism Information Management Systems and the Gambling Central Monitoring System to improve data and revenue collection as well as regulatory oversight in the country during the 2026-2027 financial year.   During the 2025-2026 fiscal period, the gambling board generated N$49.5 million and issued 134 licences to operators since its inception. Furthermore, the Ministry is working on the tourism bill and national gaming policy and regulations to diversify these industries."
"DWoNu2YiMLw";"WARM WELCOME: Executive Director Sikongo Haihambo welcomes newly appointed Deputy Minister Anselm Marungu to the Ministry of Environment, Forestry and Tourism’s head office in Windhoek on Thursday afternoon, hot on the heels of Marungu’s appointment at State House the same day."
"DWhVFUtDubq";"‘DO YOUR WORK’: Minister Indileni Daniel on Monday instructed Namibia Wildlife Resorts (NWR) management to act decisively to improve the public enterprise’s operations.   “Do your work,” she said, urging managers to carry out the responsibilities they were appointed for and to not allow a key national entity to decline under their watch.   She emphasised the need for immediate action to change NWR’s status quo. In a meeting attended by middle and executive management, including Acting Managing Director Epson Kasuto, the Minister said tangible progress must be seen within a week. She cautioned that failure to do so would result in a formal directive and consequences."
"DUYx4VLDCYU";"🐒✨ All hail Harnas! ✨🐒 Take a look at what our incredible volunteers got up to this past weekend… and wow, did they show up with heart and hustle! 💪💛  With huge enthusiasm, they took part in a fundraiser dedicated to the baboons of Harnas—our cheeky, clever, and much-loved residents.  Some of our baboon buddies currently live in smaller camps due to physical disabilities or other circumstances that make joining a main troop difficult. But that chapter is about to change. 🌱  Thanks to the generosity of our volunteers and the overwhelming support from our amazing supporters, we’ve raised the funds to revamp a massive 13.5-hectare camp right here on the Harnas Reserve.  This new space will be packed with enrichment, comfort, and everything these baboons deserve—most importantly, the chance to enjoy freedom together.  From all of us (and all of them): thank you for making this possible 🧡🙌  www.harnas.org #NaankuseFoundation #HarnasWildlifeFoundation #ForeverHarnas #Baboons #WildlifeSanctuary #ThankYou"
"DUdtwy-jdBl";"Darling Cleo 🧡 Little Cleo arrived at the Naankuse Foundation Wildlife Sanctuary as a tiny orphan, after human-wildlife conflict claimed the life of her mother. From the very beginning, our team poured care and dedication into raising her — always with one goal in mind: keeping her wild.  Because Cleo was never meant to stay. Freedom was always on the cards.   When the time was right, Cleo was relocated to the Harnas Foundation Wildlife Sanctuary in eastern Namibia — the perfect place for her next chapter, with ideal habitat, plentiful prey and other wild caracals to call neighbours.  And on 29 January 2026, our beautiful girl stepped back into the wild.  Fitted with a GPS tracking collar, we’ll continue to follow her journey as she embraces life on her own terms.  Returning the wild to the wild — that’s the Naankuse mantra. Run free, Cleo.   www.harnas.org #Naankuse #NaankuseFoundation #HarnasWildlifeFoundation #Caracals #AnimalRehabilitation #Conservation"
"DUr-88XjjJb";"At Harnas Guest Farm, it’s all about feeling at home. Enjoy a cosy, welcoming atmosphere, modern comforts, and easy access to Namibia’s incredible wildlife and landscapes.  #HarnasGuestFarm #CosyComfort #NamibiaTravel"
"DWI6-PhCgDu";"NYCE celebrates International Day of Forests.   Think Namibia has no forests? Well, our dry woodlands, especially in Zambezi, Kavango East and Kavango West may not look like tropical jungles, but they matter just as much. With 43 community forests covering about 8% of our land, they support livelihoods, protect biodiversity and help stabilize our climate 🌳"
"DWlUKAsCBNC";"RECOGNITION: Executive Director Sikongo Haihambo on Tuesday lauded the recognition of NamibRand Nature Reserve, ProNamib Nature Reserve and Canyon Nature Park as the first Other Effective Area-based Conservation Measures (OECMs) in the country by the government.   During the official event at the Windhoek Country Club Resort in the capital, Haihambo said the recognition serves as a practical expression of Namibia’s constitutional commitment to sustainable use of natural resources for current and future generations. OECMs are private conservation areas beyond protected areas, community conservancies and forests. The event was co-organised by Ministry of Environment, Forestry and Tourism, Ministry of Agriculture, Fisheries, Water and Land Reform and World Wildlife Fund Namibia."
"DWhU7LCjva2";"DRYLAND RESTORATION: PhD candidate Paulina Naupu, a postgraduate scholar funded by the Ministry’s NILALEG Project, is undertaking her oral examination today at the Namibia University of Science and Technology.  Her study provides evidence-based guidance for dryland restoration, making a significant contribution to sustainable land management in arid areas."
"DUZ9b7jDh1Z";"Every piece of equipment at Lifeline Clinic tells a story of dignity and hope. 💙 Serving some of Namibia’s most vulnerable communities, this lifesaving work is made possible through generous donor support. Help us continue delivering essential healthcare where it is needed most. Support Lifeline Clinic today! Visit our website: https://www.naankuse.com/donate  #LifelineClinic #NaankuseFoundation"
"DXvye8QFSV3";"Can You Guess?  How many entangled seals did we rescue this month?  Drop your answer in the comment section.  #ocn #stats #sealrescue #quiz"
"DUvvTWQjyn4";"Just look at the love our sweet Old Lady is surrounded by 💛  At the Harnas Foundation Wildlife Sanctuary, our volunteers and staff have hearts as big as the African sky — and they’ve poured so much of that love into one very special soul.  Old Lady, one of our oldest and most cherished vervet monkeys, has spent many beautiful years with us. As she gracefully grows older, she’s showered with extra tender loving care, gentle moments, and all the comfort she deserves.  This Valentine’s Day, we celebrated her with a special “buffet of love,” thoughtfully prepared just for her — a little reminder that every stage of life is worth celebrating.  Happy Valentine’s Day from Old Lady and all of us at Harnas. 💕  www.harnas.org #Naankuse #NaankuseFoundation #HarnasWildlifeFoundation #ForeverHarnas #VervetMonkeys #Valentine #BeMyValentine"
"DUuxi5_DvLg";"Side by side, through every adventure.💛 Celebrate love and companionship this Valentine’s Day, and come stay at Harnas Guest Farm to meet our wild friends! #HarnasWildlife #ValentinesDay"
"DXwUHbmk-oD";"BTS | Wednesday Rescue Patrol Vlog  #ocn #oceanconservation #sealrescues #plasticpollution #raisingawareness"
"DXWCXRoCX7X";"My name is Teacher Giselah Frieda Kamuhenune. I’m 34 years old and a proud single mother to my wonderful son, Junior Ruhumba 🥰  I am part of Lifeline School of N/a’an ku sê — a place that has truly inspired me to become a better person every day.  N/a’an ku sê holds a very special place in my heart. I still remember the day I met the Boss Lady back in 2020 — it was such an overwhelming and unforgettable moment. That was the time I realized that I finally had a roof over my head, and most importantly, a sense of belonging in my heart.  Being part of N/a’an ku sê has taught me so much — especially how to care for vulnerable, orphaned, and discouraged children in our Epukiro community. As someone who comes from the Epukiro Constituency myself, I have seen firsthand how our school is changing the lives of so many children.  We don’t just focus on education — we also care deeply about our children’s well-being. We teach hygiene, from washing their bodies to cutting nails and hair, and we make sure they receive a healthy meal every single day.  N/a’an ku sê has helped me in ways I can’t even fully express. As an orphan myself, I now feel like I finally have a home. There was a time when life felt so hard, and I didn’t think I would ever have stability. But through N/a’an ku sê, I feel like I’ve been given a new beginning.  To all the N/a’an ku sê staff — thank you so much 🙏 And especially to my amazing teaching team, thank you for all the laughter, support, and even the tears we share. It truly means the world to me.  A very special thank you to my Principal. Your dedication and hard work make everything possible. Because of you, we are not just teachers — we are guardians and role models for our little ones. We are so grateful to have you leading us, alongside the entire N/a’an ku sê team."
"DRQ69T9ir4N";"The National Environmental and Socio-economic Priorities Survey  The Namibian Youth Chamber of Environment (NYCE) in collaboration with the Namibian Chamber of Environment (NCE) calls on all Namibians to participate in the National Environmental and Socio-economic Survey.   By meeting the objectives below, the goal is to ensure that public opinion is part of shaping evidence-based policies, targeted funding, public dialogue and community-driven responses to national development and climate resilience.   • Measure public understanding, prioritisation and awareness of environmental and socio-economic challenges in Namibia. • Provide insights that will guide government policy, budgeting and planning that are widely publicised. • Measure public confidence in government institutions to address environmental and socio-economic challenges in Namibia.  Have your say on the big issues facing Namibia today. Scan the QR code to participate and stand a chance to win 1 of 28 N$ 500 cash vouchers."
"DXtvQ9SgL98";"Overgrown and Infected: Brutal Rescue  #ocn #oceanconservation #sealrescues #plasticpollution #raisingawareness"
"DSsoe4NDfql";"🦒 From our neck of the woods to yours ... 🌟  Wishing you a peaceful, joyful, and giraffe-filled festive season! ✨  Thank you for supporting giraffe and helping us make a difference. 💛  📷 @felixrome_ | @governorscampcollection   #GiraffeConservationFoundation #giraffeconservation #happyholidays #standtallforgiraffe #festiveseason #giraffe #GCF"
"DUYeCeoDJs6";"Adaptive Research Methods for Brown Hyena  Capturing brown hyena for collaring is one of the more challenging aspects of carnivore research. Free darting of uncollared individuals is avoided entirely, as losing visual contact with a darted animal can be fatal. For this reason, AfriCat continually refines its immobilisation methods to prioritise safety.  Past experiences showed that brown hyena panic in standard box traps, while oral sedation carried unacceptable risks for both target and non-target species. In response, a new trapping method was trialled this year. Box traps were introduced gradually, padded to prevent injury, and monitored using cameras already installed at nearby leopard traps.  This setup allowed us to observe hyena entering the trap calmly and ensured an immediate response once the trap was triggered. Over three nights, five brown hyena were successfully immobilised with no injuries and minimal stress. Future upgrades will mirror leopard systems, including beam-trigger alerts linked to mobile phones and manual trap closure, allowing greater selectivity.  In upcoming posts, we will profile the five female brown hyena successfully collared using this method and share what their data are already revealing.  #africat #research #hyena #conservation #namibia   _____  © @pascal__ok"
"DVcrAuRjsnE";"In Namibia, Cheetah Conservation Fund (CCF) proudly celebrated World Wildlife Day in Kalkfeld, alongside two incredible schools - G.K. Wahl and Kalkfeld Primary School. The young learners truly outdid themselves, filling the day with inspiring drama performances, heartfelt poetry readings, creative posters, and powerful storytelling. This year’s theme, ‘Medicinal and Aromatic Plants: Conserving Health, Heritage, and Livelihoods,’ came to life through their passion and creativity.   It was wonderful to see young minds exploring how nature supports not only wildlife, but also human wellbeing, cultural heritage, and sustainable livelihoods. A big thank you to the dedicated teachers and talented students for preparing so beautifully and reminding us that conservation begins with education. Together, we are growing the next generation of conservation champions.   A HUGE thank you to our incredible supporter Sue Heim, her generous donation made this meaningful celebration possible.   #education #conservation #futureconservationists #worldwildlifeday #ccfcheetah"
"DVBpQ6sjE5H";"Most Trafficked Mammal on Earth 🌍   Today is #worldpangolinday, a day dedicated to one of the most extraordinary and most threatened mammals on Earth.  Pangolins are the most trafficked mammals globally. Across Africa and Asia, they face relentless pressure from illegal trade, habitat loss, fencing, and expanding infrastructure. Their decline is largely silent because they are nocturnal, solitary, and rarely seen. Yet their ecological role is immense. A single pangolin can consume millions of ants and termites each year, helping regulate insect populations and maintain soil health. Their digging improves aeration and nutrient cycling, supporting broader ecosystem function.  AfriCat’s commitment to pangolin research began in 2017 with a focused pilot study, laying the groundwork for what would become a comprehensive long-term research programme. Over the years, this sustained effort has expanded in scope and depth, enabling the systematic study of population ecology, movement, genetics, and habitat use within a free-ranging population at Okonjima.  World Pangolin Day is a reminder that awareness must translate into action. Protecting pangolins requires research, policy enforcement, habitat protection, and collective responsibility.  Today, we stand with pangolins worldwide.  #africat #okonjima #conservation #pangolinconservation   ____  © @pascal__ok"
"DW8Lka0Dbrn";"A heartfelt thank you to Udo and Hildegard Kiehnel, long-time supporters of the Naankuse Foundation, for their continued generosity.  During their recent visit, they brought along much-needed supplies for the Lifeline Clinic, directly supporting healthcare in the Epukiro community. But they didn’t stop there. They also shared the joy of the season by bringing Easter treats for the children, putting smiles on many young faces.  It is through partnerships like these that real impact is made, both in conservation and community upliftment. Thank you for making a difference where it matters most. #Naankuse #CommunitySupport"
"DV_qawHEpSw";"Next week, during the upcoming CMS CoP15, Cheetah Conservation Fund (CCF) and partners invite CoP participants to a side event: Cross Border Protection for Cheetahs (on March 23, from 13:45-14:30). The session will offer  an overview of cross-border protection needs for cheetahs - ranging from illegal trafficking and Transfrontier Conservation Areas (TFCAs) to cross-border community work and harmonization of legislation.   The 15th Meeting of the Conference of the Parties (COP15) to the Convention on the Conservation of Migratory Species of Wild Animals (CMS) convenes from March 23 to 29 in Campo Grande, Brazil. ’ This year, cheetahs are squarely on the agenda. Zimbabwe submitted a proposal to include cheetah populations of Zimbabwe, Botswana, and Namibia on CMS Appendix I and II, the last remaining cheetah populations not covered by the Convention’s highest level of protection. If adopted, the proposal would bring the entire species under full CMS protection.   To learn more, visit cheetah.org/events/ccf-at-cms-cop15-cross-border-protection-for-cheetahs/   #cheetah #conservation #CMSCOP15 #ccfcheetah"
"DU3rabWkYrT";"Plot twist: the ladies of Epukiro and the Lifeline Clinic are not just serving looks — they’re serving goals too. 😌🏐  Led by the unstoppable Sherley Vries (clinic manager by day, netball motivator by… also day), the women have laced up their takkies and launched a netball league that’s bringing serious energy to the court.  Because the Lifeline Clinic isn’t just the heartbeat of the Epukiro community in Namibia’s Omaheke Region — it’s the rhythm, the pulse, and now… the cheer from the sidelines. 💚  Yes, they provide healthcare. Yes, they change lives. But they also prove that healing a community isn’t only about medicine — sometimes it’s about teamwork, laughter, high-fives, and that glorious moment when the ball swishes through the net.  Sport has a funny way of doing powerful things: building confidence, strengthening bonds, and reminding every woman on that court just how strong she really is.  From stethoscopes to scoreboards — these ladies are winning.  www.naankuse.com #naankuse #naankusefoundation #lifelineclinic #netball #teamspirit #sports"
"DQxCVcNj9Cw";"T.G.I.F. - Thank Giraffe It’s Friday! 🙏🦒  Any plans for the weekend? Just hanging out and looking fabulous. 🦒✨  📷 Koushik Chatterjee - Thank you!  #GiraffeConservationFoundation #giraffeconservation #TGIF #thankgiraffeitsfriday #giraffebeauty #naturelovers #giraffelovers #giraffe #GCF"
"DVU4KuJDJ9A";"Happy goats, healthy goats! At Cheetah Conservation Fund’s (CCF) Model Farm in Namibia, the team has been busy upgrading the goat play yard and installing a very special addition- Dr. Marker’s original Land Rover (converted into a goat-safe enrichment feature). It’s all a big surprise for Dr. Marker!   Stay tuned for the big reveal tomorrow!  Want to learn more about how CCF’s Model Farm is helping to keep cheetahs in the wild? Visit cheetah.org   #landrover #restoration #cheetahconservation #goats #ccfcheetah"
"DQvrtOYjDeU";"🚨 Emergency rescue in Kenya! 🦒  Our team, together with @kenyawildlifeservice and @thesafaricollection, is rescuing Masai giraffe from fenced farmland in Naivasha 🇰🇪.  As rising water levels and land changes shrink their habitat, we’re relocating them to Nairobi National Park and Naivasha Wildlife Sanctuary, where they’ll have space and safety to thrive.  Several giraffe are tagged with 🛰️ GPS trackers so we can follow their journey as they adapt to their new home.  Partnerships in action — protecting giraffe, one move at a time. 💛  #GiraffeConservation #MasaiGiraffe #Naivasha #WildlifeRescue #KWS #standtallforgiraffe"
"DRP79xHj7NN";"Sharing moments from the Giraffe Care Workshop 🦒💛 at @cheyennemountainzoo, Colorado, USA 🇺🇸.  It’s amazing to see giraffe experts come together 🌍 to exchange knowledge, ideas, and passion for giraffe care and conservation.  Every conversation action helps strengthen the bridge between zoos and the wild — because together, we can secure a future for giraffe everywhere. ✨  #GiraffeConservationFoundation #giraffeconservation #cheyennezoo #giraffecare #successstories #conservationefforts #zoobasededucation #GCF"
"DVMmZpTjq1t";"A fragment of dung. A broken stem. A direction of travel.  At Ongava, guides like Frans read the land fluently – tracking and identifying wildlife by the subtle signs they leave behind. This is where conservation lives in detail, patience, and deep knowledge passed down through years of walking this ground."
"DWTTNs3iO3h";"CONCLUSION: The Ministry concluded its public consultations on the 2008 National Tourism Policy review on Tuesday at the Windhoek Country Club Resort in Windhoek. This follows a nationwide consultation programme where stakeholders were engaged on the amendments of the policy.  The proposed amendments aim to update the policy to respond to contemporary tourism issues and strengthen regulation and compliance of hospitality and tourism players in the country while creating a conducive environment for diversification and development."
"DXOrcNijX05";"At the forefront of global climate finance discussions.   On the margins of the IMF/World Bank Spring Meetings in Washington, D.C., our Chief Executive Officer, Benedict Libanda, engaged in a strategic exchange with Tariye Gbadegesin, Chief Executive Officer of the Climate Investment Funds.  The conversation reaffirmed the power of bold leadership and catalytic partnerships in driving transformational change at scale. As momentum builds toward finalising Namibia’s investment plan, we stand on the cusp of unlocking up to US$1 billion in climate finance, accelerating the country’s transition to low-carbon industries while advancing sustainable economic growth.  This is more than progress, it is a decisive step toward shaping a resilient, green future for Namibia.  #ClimateFinance #GreenGrowth #Namibia #SustainableDevelopment #GlobalPartnerships   🌱"
"DVfdclaCI5r";"Deadline Extension | Call for Proposals  The Environmental Investment Fund of Namibia has extended the deadline for proposals for the Design and Production of Trophies for the Sustainable Development Awards 2026.  We invite designers, artists, studios and creative enterprises to submit concepts that reflect Namibia’s commitment to sustainability, innovation and environmental stewardship.  🌱  #EIFNamibia #SustainableDevelopmentAwards #CallForProposals #Sustainability #GreenInnovation"
"DWIac_JiEFz";"Happy Independence Day.   Driven by unity. Rising with pride.   🇳🇦🌱"
"DUaaK2PjUEr";"NOTICE //   Kindly note that our telephone system is currently not operational due to circumstances beyond our control.   The duration of the downtime is currently undefined however, we are actively engaging our service providers to restore the service as soon as possible.   We sincerely apologize for any inconvenience this may cause.  🌱"
"DXM5JzSjdGk";"At the CEPREC Namibia Summit, leaders moved beyond dialogue to confront the real challenge: how to scale circular energy solutions in a way that is practical, inclusive and investment-ready.  Hon. Indileni Daniel, @ministry_of_environment_nam set the tone with a stark reminder of the regional reality: “Nearly 100 million people in SADC still lack access to electricity, while the region faces an energy financing gap of US$83 billion annually.” Highlighting the structural shift required, she added: “Circular approaches challenge the traditional ‘produce, use, dispose’ model,  pushing us to design systems that are regenerative by nature.”  From a systems perspective, Professor Muyiwa Oyinlola, Director of CEPREC, emphasised the real barrier to progress: “This transition is not just a technology challenge,  it is a coordination challenge.”  Story in full, available here: www.eif.org.na   Cc: @bankwindhoek @unam_na"
"DWdxehuCDJo";"GRATITUDE: Executive Director Sikongo Haihambo extended gratitude to a group of volunteers manning the Solid Waste Management Facility at Etosha National Park on Saturday morning. He thanked them for what they are doing and introduced them to the Minister, Honourable Indileni Daniel, as well as National Planning Commission Director General Ambassador Dr Kaire Mbuende. This happened during the official handover of the facility to the Ministry from EIF Namibia that funded its construction and Rent-A-Drum that is operating it."
"DUgMnW8jL3b";"So the big ones can stay strong and healthy!  #naankuse #namibia #volunteer #lion #cheetah"
"DXd19oFjkuQ";"Science/Research side of OCN  Isabelle Charrier - A scientist and seal researcher spent a couple of weeks with OCN.  During her visit, she performed ""playback experiments"" with the seals here at Pelican Point, Namibia.  How it works: - We play a recording of a killer whale or orca sound underwater. - We watch the seals very closely to see how they react. - Do they look for the sound? Do they move toward it?  By watching their reactions, we learn how seals interact with different sounds in their environment to understand them better.  #oceanconservation #sealscience #namibia #walvisbay #marineresearch"
"DUbWtOygfZh";"🐘🌿 It’s Groen Namibië — and this time, the giants take centre stage!  Join powerhouse conservation duo Rudie & Marlice van Vuuren as they take on an unforgettable mission: relocating 15 majestic elephants to the TimBila Nature Reserve by Naankuse.  Big hearts. Big risks. Even bigger pachyderms.  📺 Don’t miss this thrilling episode Sunday, 8 February 2026 at 8:30 PM on kykNET (DStv channel 144).  www.naankuse.com #naankuse #naankusefoundation #groennamibië #conservation #kyknet #Namibia #elephants"
"DWdkN4BiJyf";"INSPECTION: Minister Indileni Ndeshipanda Daniel inspected some of the light infrastructure and wildlife protection service duty station at Etosha National Park on Friday ahead of the official inauguration and handover of the same facilities on Saturday. She will be joined by German Ambassador to Namibia, KfW representatives as well as National Planning Commission leadership, amongst others. The inauguration will take place at Ombika Sports Field, Okaukuejo within  Etosha on Saturday morning."
"DXoC0N4mgkj";"President shows support for the seal processing industry.  In a recent address shared by @namibtimes, President Netumbo Nandi-Ndaitwah acknowledged the growing pressure on Namibia's fishing sector, noting that seals and humans are currently ""sharing"" a dwindling resource.  To address the decline in fish stocks, the President is now calling on private investors to establish a seal processing industry, promising government support for land, financing, and regulation.  The Core Questions: While the move aims to “manage” seal populations and boost the economy, it raises vital questions for the future of our coastline: * How do we balance commercial interests with long-term environmental sustainability? * Can a new industrial value chain provide the solution the fishing sector needs?  At OCN, we believe the health of our ocean depends on making informed, science-based decisions.  Leave your thoughts in the comments below.  #oceanconservation #namibia #sealindustry #fishingsector"
"DXmA4Gtj_Zh";"Seal Saved From Bundle Of Fishing Line  #ocn #oceanconservation #sealrescues #plasticpollution #raisingawareness"
"DWef2hPCOlX";"STRENGTHENED OPERATIONS: The Ministry has strengthened its operational capacity to protect wildlife and enhance visitors’ experience to various national parks following the handover of new and upgraded infrastructure at Etosha National Park on Saturday.  The infrastructure includes upgrades to the Ombika, King Nehale and Namutoni gates and revamped comfort stops and signage across Etosha National Park, Hardap National Park and coastal areas. It also includes wildlife protection services duty stations in Etosha and Bwabwata, as well as the Sesfontein headquarters. These facilities will strengthen operational capacity for staff members protecting wildlife and natural resources in parks and offer convenience to park visitors.  Speaking at the ceremony, Minister Indileni Daniel expressed Namibia’s appreciation to the German government for its continued support through KfW Development Bank. “Your steadfast support has been nothing short of a lifeline to Namibia’s protected areas,” she said.  She was joined by German Ambassador to Namibia Dr Thorsten Hutter, National Planning Commission Director General Ambassador Dr Kaire Mbuende, KfW Namibia Country Director Beatrice Lucke and MEFT Executive Director Sikongo Haihambo."
"DXeSg6pAHo-";"Science/Research side of OCN  Isabelle Charrier - A scientist and seal researcher spent a couple of weeks with OCN.  During her visit, she performed ""playback experiments"" with the seals here at Pelican Point, Namibia.  How it works: - We play a recording of a killer whale or orca sound underwater. - We watch the seals very closely to see how they react. - Do they look for the sound? Do they move toward it?  By watching their reactions, we learn how seals interact with different sounds in their environment to understand them better. @charrier.isa   #oceanconservation #sealscience #namibia #walvisbay #marineresearch"
"DUYx5HdiD09";"Darling Cleo 🧡  Little Cleo arrived at the Naankuse Foundation Wildlife Sanctuary as a tiny orphan, after human-wildlife conflict claimed the life of her mother. From the very beginning, our team poured care and dedication into raising her — always with one goal in mind: keeping her wild.  Because Cleo was never meant to stay. Freedom was always on the cards.   When the time was right, Cleo was relocated to the Harnas Foundation Wildlife Sanctuary in eastern Namibia — the perfect place for her next chapter, with ideal habitat, plentiful prey and other wild caracals to call neighbours.  And on 29 January 2026, our beautiful girl stepped back into the wild.  Fitted with a GPS tracking collar, we’ll continue to follow her journey as she embraces life on her own terms.  Returning the wild to the wild — that’s the Naankuse mantra. Run free, Cleo.   www.naankuse.com #naankuse #naankusefoundation #caracals #animalrehabilitation #conservation"
"DXZJA_liqWn";"Blue Plastic Strap Entangles Seal  #ocn #oceanconservation #sealrescues #plasticpollution #raisingawareness"
"DXbt7IqCLKa";"Brave Baby Seal Rescued  #ocn #oceanconservation #sealrescues #plasticpollution #raisingawareness"
"DUggUj0iE_S";"Himeezembi – our lion hero.  From the brink of near lethal human–wildlife conflict to the power and pride of a prime predator, Himeezembi’s journey is nothing short of extraordinary. Once emaciated and fighting for survival, this magnificent male was rehabilitated at the Shiloh Wildlife Sanctuary, where he reclaimed his strength, his spirit, and his roar.  His next chapter led him to freedom — translocated by Naankuse to the vast conservation landscapes of the TimBila Nature Reserve. Spanning 35,000 hectares, TimBila is now home to several rehabilitated, desert-adapted lions, each with their own story of survival after extreme conflict.  But life in the wild is never without challenges. After a tough encounter with two dominant lions, Himeezembi came off second best. His injuries required intensive care and time in a rehabilitation boma — a pause in his journey, but not the end of it.  Today, we’re thrilled to share the news we’ve all been waiting for: Himeezembi has healed beautifully and has been released back onto the reserve, now in an area where rival males won’t stand in his way.  Strong. Resilient. Free once more. Go well, Himeezembi. 🧡🦁  www.naankuse.com #naankuse #naankusefoundation #lions #bigcats #conservation #humanwildlifeconflict #animalrehabilitation"
"DXg3UF6CdnC";"The New Nets Are Ready For Action!  #ocn #oceanconservation #sealrescues #plasticpollution #raisingawareness"
"DXolt9eDCcN";"A Terrified Seal vs. a Calming Voice  #ocn #oceanconservation #sealrescues #plasticpollution #raisingawareness"
"DTfYVUaDupz";"At Harnas, every volunteer becomes a force for change 🌿 From wildlife conservation to community upliftment, their hands, hearts, and dedication help shape a brighter future, for animals and people alike. 🐾💛 Join us and be part of something meaningful. #HarnasGuestFarm #VolunteerImpact #ConservationAndCare"
"DXjcLK4D8YD";"Seal Stuck In Clothing  #ocn #oceanconservation #sealrescues #plasticpollution #raisingawareness"
"DWd8TPlCGNF";"ENVIRONMENTAL EDUCATION: Minister Indileni Daniel emphasises the importance of environmental education among communities to improve handling of solid waste. She said this on Saturday during the inauguration and handover of a Solid Waste Management Facility at Etosha National Park. She says the facility should have a maintenance plan to keep it functional for long."
"DTSgWRoloBs";"Beyond the numbers on a whiteboard, this is a glimpse into Lifeline Clinic’s regular community outreaches and the dedication behind every visit. 🌿💛 #LifelineClinic #CommunityCare #Naankuse"
"DS9WiNDCKWA";"Happy New Year from EIF Namibia.   Here’s to a year of bold climate action, impactful investments and a greener, more resilient Namibia.   Thank you for walking this journey with us.  💚🌱"
"DWTPuYYiBmk";"INAUGURAL: The Ministry on Tuesday held its inaugural public consultations on the proposed amendments and regulations for the Lotteries Act of 2017 at NIPAM in Windhoek. The consultation convened key stakeholders to engage on regulatory frameworks and the future of lotteries in Namibia. The session preludes a series of consultations set to be rolled out across the country to solicit public inputs on the law and strengthen governance of the lotteries sector."
"DXtW3C-FV7E";"Yesterday, we had the pleasure of hosting a bright group of students and their lecturer from the @nustnamibia  Our engaging discussions focused on the critical topic of anthropogenic impacts on marine top predators and Namibia's commendable progress in the blue economy. It was a truly enriching exchange, highlighting the importance of collaborative efforts in marine conservation and sustainable development.  We look forward to future collaborations with @nustnamibia  #ocean #awareness #conservation #namibia #students #research"
"DTaOutKjo18";"A lone wildebeest greets the dawn, standing quietly as the first light spreads across the field. #Harnas #Wildebeest #WildlifePhotography"
"DXrKi2OD1Hm";"A Curiosity That Nearly Cost a Life  #ocn #oceanconservation #sealrescues #plasticpollution #raisingawareness"
"DWPV37mjdwz";"Collaboration // Save The Date   The Environmental Investment Fund of Namibia is pleased to announce a joint partnership with @unam_na and the Circular Economy Powered Renewable Energy Center to host the inaugural CEPREC Namibian Summit – High-Level Policy Dialogue, scheduled to take place on 16 April 2026 in Windhoek.  Held under the theme “Advancing Circular Economy Powered Renewable Energy for Sustainable Industrial Development in Namibia,” the summit will convene key stakeholders from government, industry, academia and development partners to engage in high-level discussions on policy alignment, financing mechanisms and implementation pathways that support Namibia’s transition toward a circular and renewable energy-driven economy.  The dialogue will highlight emerging opportunities in renewable energy, circular value chains, green hydrogen and sustainable industrial development, while fostering collaboration and knowledge exchange aimed at advancing practical solutions for Namibia and the broader African region.   For any enquiries please email: CEPREC@eif.org.na"
"DUANbOODsT-";"Under the vast Namibian sky, the San of Omaheke gather around the fire, passing down wisdom, memories, and laughter from one generation to the next. #Harnas #San"
"DTkh7UFjvTh";"What’s he making? Step into the world of the San at Harnas and uncover their stories and skills. Lean in, be curious. You will be amazed. #CulturalExperience #HarnasGuestFarm #San"
"DTitPQkAEdG";"It seems Christmas came a little early at Harnas ✨ Just days before the festive season, our donkeys Maria and Josef welcomed an energetic little foal into the world. Full of bounce and mischief, this tiny whirlwind hasn’t slowed down long enough for our veterinarian to determine whether we have a he or a she!  Born on 23 December and with parents named Maria and Josef, we can’t help but smile at the coincidence. If this little Christmas surprise turns out to be a boy, Jesus might just be the most obvious - and fitting - choice.  Welcome to the Harnas family. 🤍  www.harnas.org #HarnasWildlifeFoundation #DonkeyLove #ChristmasBaby #HarnasFamily #ForeverHarnas"
"DTsQUhIDj4F";"The rainy season casts its spell over Harnas 💛 Golden light, lush greenery, and the tranquil sounds of the veld make every sundowner moment unforgettable. 🥂  #Harnas #Naankuse #RainySeasonVibes #SundownerMagic"
"DUCyOBzjtGW";"Settle into comfort where the bush feels like home. Harnas Guest Farm and Wildlife Sanctuary offers cosy accommodation designed for rest, reflection and quiet moments under Namibia’s open skies.  #HarnasGuestFarm #CosyAccommodation #NamibiaGetaway"
"DT_B707iWMb";"Jan Weiss, professor from Pacific Lutheran University, has been involved with teacher training and professional development at Naankuse for over a decade. Her sister, Ann Cocks, has worked on teacher training projects in Namibia for the past 10 years. Together, they facilitated a teacher training workshop for teachers from all Naankuse schools that focused on communication, community building and instructional techniques.  After the workshop, they came to Harnas for the opening week of school to provide much valued support. They collaborated with the teachers by offering input about the daily schedule, providing feedback on teaching techniques and modelling developmentally appropriate classroom practices. Additionally, they offered support to the broader Harnas community, for the volunteer structure in helping with the school. Thank you, Prof. Jan and Ann, for sharing your time, wisdom and hearts with our schools – we absolutely love having you with us. 💛  www.harnas.org. #NaankuseFoundation #HarnasWildlifeFoundation #CheekyCheetahSchool #TeacherDevelopment #EducationMatters #StrongerTogether #GratefulHearts"
"DQtsfnrES6W";"We’re excited about our participation at the UN Climate Change Conference (COP30) in Belém, Brazil, where Namibia will continue driving meaningful climate solutions on the global stage.  To all our partners, collaborators and climate allies, let’s connect and amplify our impact… 🇳🇦"
"DTn2xOlD7JJ";"Our hearts are full. We are delighted to welcome two beautiful kudu calves into the Harnas family. Proud moms Misha and Melanie, who were once hand-raised on the farm lawn themselves, have now introduced us to their precious arrivals.  Welcome to the world, little ones. 🤍  www.harnas.org #HarnasWildlifeFoundation #Kudus #NewArrivals #HarnasFamily #ForeverHarnas"
"DWdtfb8Cewk";"This week, a project from visiting scientists led by Manuel Herzog from the University of Heidelberg took us deep into the dunes to study star dunes, also known as mega-dunes. These impressive formations develop under complex wind regimes, where strong winds from multiple directions shape and reshape the dunes over time. The team collected sand samples from the top and carried out detailed laser measurements to monitor crest movement and surface changes. An additional sampling site includes Sossusvlei, with plans for repeated visits over the coming years to build a long-term dataset. We look forward to continuing collaboration and to the new insights this research will bring into dune dynamics."
"DUqUliEDNSs";"A spectacular way to end a two-week journey 🌈  One of our volunteers recently captured this rainbow stretching over EHRA’s base camp on their final day. A fitting send-off after days of hard work, learning and time spent in the field.  Ready to join the adventure? Get in touch: info@ehranamibia.org 📩"
"DSXuQFEiGjJ";"Dear Valued Stakeholders,  Please be advised that our office will be closed for the festive season from 22 December 2025 to 02 January 2026.  Normal operations will resume on Monday, 05 January 2026.  For any urgent enquiries during this period, kindly contact +264 81 452 3221.   We thank you for your continued support and partnership and wish you a safe, joyful and restful festive season.   🌱"
"DQlvwlSjZA2";"Bursary Call Applications 2026 Now Open   Visit www.eif.org.na for information…   🌱"
"DSqL_CYjCQI";"Wishing you a joyful and peaceful festive season from WWF Namibia! 🎉  Thank you to everyone, including our communities, partners, supporters and friends, who walked with us this year to protect Namibia’s wildlife, beautiful landscapes and uplift communities.   May this season bring you hope, connection and moments of rest. We look forward to achieving even more together in 2026.   #HappyHolidays #ForPeopleAndNature"
"DRy5ghiDT_W";"Thank you to our COP30 sponsors for your invaluable support. Your contribution strengthened Namibia’s presence and amplified our climate ambition on the global stage. 🇳🇦"
"DWVnGAginZE";"Following high temperatures of the past weeks, we have been seeing an increase in the numbers of geckos around Gobabeb. In the photos below, a  Palmato Gecko (Pachydactylus rangei), a Common Barking Gecko (Ptenopus garrulus)  and a Bradfield’s Dwarf Gecko (Lygodactylus bradfield) were all seen recently"
"DU-3de8iG-a";"Reflections from Dr. Victoria Erasmus - Marine Scientist. Ocean in Focus Symposium (18-19 February 2026) #oceanoptimism #mafwlr #nnf #bbp #baf"
"DS7VL1aDlsL";"Adventure awaits in the New Year! Volunteers set out into the bush with trackers to learn, explore, and connect with nature. 🐾 Want to sign up and make 2026 a year of discovery? #HarnasGuestFarm #VolunteerExperience"
"DSrc9q6DsW-";"Christmas at Harnas feels a little more magical with every paw print in the sand and every sunrise over the sanctuary. Wishing you a peaceful festive season from our family to yours! #Harnas #WildlifeSanctuary #Namibia"
"DSW2mrgjs6h";"Licking the last of a scrumptious meal at Harnas Guest Farm and Wildlife Sanctuary, this regal leopard prepares for a leisurely stroll and a well-deserved nap. #HarnasGuestFarm #WildlifeWatching #LeopardLife"
"DSjukI4jv4D";"To the untrained eye, this patch of ground may seem like just a bush and a mound of dust, yet to the San peoples of the Omaheke Region, it is alive with wisdom and stories. 🌿 Do you want to come and learn from them? #SanCulture #OmahekeRegion #Harnas"
"DVax_qWDIWT";"WORLD WILDLIFE DAY: Namibia, through MEFT, joins the comity of nations to celebrate World Wildlife Day, today. Namibia is home to a significant population of wild animals and plants and boasts a strong approach to conservation and wildlife management and protection. The day was declared during the 68th UN General Assembly in 2013 to celebrate wild animals and plants, and appreciate their unique roles and contributions to humans and the planet every 3rd of March."
"DVYKqgYiKyD";"FAKE NEWS: The Ministry wishes to inform the public that this message and link are devoid of any veracity and do not represent the Ministry. The Ministry does not conduct its recruitment process via emails and unscrupulous links."
"DTNWuvpjhud";"Planned a self-catering escape for the weekend, but wondering if you need to bring your whole kitchen with you? 🍳✨ No stress. Our stylish and convenient self-catering rooms have everything you need. No extra packing required 😊 #SelfCatering #TravelLight #HarnasGuestFarm"
"DScBd6SjrLJ";""
"DS2LnHADquv";"One of our most beloved experiences at Harnas is San under the Stars. ✨ More than a performance, it is an authentic, intimate invitation into their way of life, where new life is breathed into the timeless and traditional. #HarnasGuestFarm #SanUnderTheStars #CulturalExperience"
"DS9QwOEjtZU";"Welcome to a New Year of discovery! Start 2026 at Harnas Guest Farm surrounded by wildlife, nature, and unforgettable moments. 🐾 #HarnasGuestFarm #NewYear2026"
"DXGonOCjTav";"Beach Cleanup!  This past Saturday, we partnered with @promiselandtrust for another beach cleanup!  🤼 40 Kids 🗑️ 51 bags of waste collected  #ocn #beachcleanup #kidsforchange #plastic #pollution #coastalcleanup #ocean #protectouroceans #cleanup"
"DSRtCS7jnGX";"A community may have few material possessions, yet its children are rich in creativity and life, drawing stories in the sand. Through the dedicated work of Lifeline Clinic and Cheeky Cheetah School, every child is seen, nurtured, and supported in their development and nutritional well-being. 💛 #Naankuse #CheekyCheetahSchool #LifelineClinic"
"DTINIX7jsOm";"Peace in its purest form at Harnas. An impala grazing, unhurried and free.  #HarnasGuestFarm #SafariVibes #NatureMagic"
"DVlqdpuofJi";"WOOD SCREENING: The Ministry’s Forestry Director Johnson Ndokosho says Namibia is set to improve its control measures to manage timber trafficking with Africa’s first Wood Identification and Screening Centre. He said this on the margins of the Centre’s official launch in Windhoek on Friday.   The centre was launched by Home Affairs, Immigration, Safety and Security Minister Lucia Iipumbu and will be utilised by law enforcements to help identify and reduce the illegal trafficking of timber.   This centre places Namibia in a better position to manage and preserve its forestry resources as it helps to detect different types of timber, including those that are protected and illegal to transported without a permit. The centre was donated by the USDA Forest Service Office of International Programmes and Trade."
"DVqA9lQCMB3";"COMMITMENT: Minister Indileni Daniel on Friday reaffirmed the Ministry’s commitment to community led conservation and collaboration with key stakeholders such as traditional authorities to address issues related to the ministry. She said this during a meeting with Mfumu Joseph Mayuni III of the Mashi Traditional Authority in Zambezi Region. The two leaders discussed governance and benefit sharing in community based conservancies, importance of conservation at community level and human-wildlife management and conflicts, amongst others. Mfumu Mayuni III is an ardent advocate for sustainable biodiversity conservation within his jurisdiction."
"DVgNyhriNtn";"ENGAGEMENT: Minister Indileni Daniel, together with Agriculture, Fisheries, Water and Land Reform Minister Inge Zaamwani, met Ohangwena Governor Kadiva Hamutumwa in Windhoek today to discuss issues of mutual interest affecting the region.  The meeting focused on matters related to community forests, communal land use and other related matters.  Agriculture, Fisheries, Water and Land Reform Executive Director Teofilus Nghitila, Ohangwena Chief Regional Officer Fillipus Shilongo and Regional Council Chairperson Lebbeus Shipindo, Forestry Director Johnson Ndokosho as well as Oukwanyama Traditional Authority representative and other officials attended the meeting."
"DVyJyHCoyal";"WORLD WETLANDS DAY: The Ministry’s Wildlife Monitoring and Research Deputy Director Kenneth /Uiseb says conservation and preservation of wetlands is directly linked to traditional knowledge and heritage. He said this during the World Wetlands Day, which was marked in Windhoek concomitant with World Water Day on Wednesday.   “The idea is to highlight the threats faced by wetlands and traditional knowledge systems and the access needed to protect, empower and integrate them into modern conservation efforts,” /Uiseb said.  The event was focused on raising awareness on responsible use of water and the importance of preserving wetlands for future generations, in alignment with the 2013 Water Resources Management Act."
"DSo4NOsDnRq";"Almost Christmas! ✨ Join us at Harnas Guest Farm’s restaurant for festive dining in serene surroundings. 🎄 #ChristmasAtHarnas #NamibiaTravel"
"DW_Y85EldJH";"Baby Seal Saved From Plastic Strap  #ocn #oceanconservation #sealrescues #plasticpollution #raisingawareness"
"DWCAWs1iCox";"BIOMASS UTILISATION: The Ministry’s NILALEG Project has created over 300 jobs for the youth on fodder and charcoal production at farms Reitfontein and Gemsbok. NILALEG has so far expended N$800 000 to diversify the projects into fodder production and equip the youth with sustainable agricultural skills, amongst others. These projects aim to promote biomass utilisation, youth empowerment, natural resources value addition and environmental sustainability."
"DXHHXHCCcgT";"Beach Cleanup!  This past Saturday, we partnered with the @promiselandtrust for another beach cleanup!  🤼 40 Participants 🗑️ 51 bags of waste collected  #ocn #beachcleanup #kidsforchange #plastic #pollution #coastalcleanup #ocean #protectouroceans #cleanup"
"DXJsM3zibUp";"The Entangled Seal Escaped!  #ocn #oceanconservation #sealrescues #plasticpollution #raisingawareness"
"DWEYm7riHPW";"MEANINGFUL CHANCE: Executive Director Sikongo Haihambo urged the Ministry’s management to make meaningful changes in their work during the 2026-2027 financial year. Haihambo made this call during a ministerial strategic retreat underway at the Hardap Resort in the Hardap Region.   “The challenges we have are not on the hard targets but often on the softer issues of work ethics, organisational culture, sense of urgency to get things done and good service delivery,” he said.   The Executive Director urged managers to draw from their experiences to make a meaningful contribution to the nation through their work. The Ministry seeks to align its annual work plan to the NDP6 and other key national strategic frameworks. The retreat started on 16 March and concludes on 19 March 2026."
"DXB9wXvkQo4";"Strong Baby Seal Saved From Entanglement  #ocn #oceanconservation #sealrescues #plasticpollution #raisingawareness"
"DWD4O7tiJcr";"FORESTS DAY: Namibia will be observing this year’s International Day of Forests at Rundu in Kavango East Region on Friday, 20 March 2026. The event will be addressed by Kavango East Regional Governor, Honourable Hamunyera Hambyuka. Activities on the day include a walk from the Rundu Forestry Office to the Kavango Museum, where a tree exhibition will take place, with a tree-planting exercise set for Romanus Kamunoko Secondary School.   International Day of Forests is a UN-recognised day observed on 21 March annually since 2012 to raise awareness about the importance of forests. It is celebrated by planting trees and other activities that spotlight forests and their socioeconomic and ecological contributions. The 2026 theme for the day is “Forests and Economies”."
"DXMRBetlLiz";"Rescuing a Dying Seal Giant  #ocn #oceanconservation #sealrescues #plasticpollution #raisingawareness"
"DXEhT7-jsJy";"BTS | Monday Rescue Patrol Vlog  #ocn #oceanconservation #sealrescues #plasticpollution #raisingawareness"
"DVgLWW3CIDY";"TREE PLANTING: The Ministry’s nursery at Katima Mulilo on Wednesday donated 200 seedlings to the Namibia Correctional Service to plant at their facilities within Zambezi Region. The gesture seeks to encourage tree planting and fruit production amongst the community living in and close to correctional facilities."
"DWBjc-BiA6-";"OPPORTUNITIES: The Ministry invites qualified bidders to apply for the following bids. Refer to the link below for the terms.: https://www.meft.gov.na/tenders/"
"DSKFeTFjnt2";"Escape, relax, explore! Harnas Guest Farm offers fully equipped camping sites with all the comforts you need under open skies. 🏕️ #NatureGetaway #HarnasGuestFarm #NamibiaAdventure"
"DXRbK38DM3W";"BTS | Friday Rescue Patrol Vlog  #ocn #oceanconservation #sealrescues #plasticpollution #raisingawareness"
"DXO1x-NCC5k";"Seal Had No Idea We Were There!  #ocn #oceanconservation #sealrescues #plasticpollution #raisingawareness"
"DXQrA_0jvq3";"On Thursday, @odec_namibia welcomed OCN for an engaging marine education session with Grades 4–7.   Through a creative drawing activity (with materials from the @kingsleyholgatefoundation), learners explored the impact of plastic pollution and the importance of protecting our oceans.  Each artwork carried a powerful message for conservation, reminding us all that small actions can make a big difference in preserving marine life.  #ocn #student #education #oceanconservation"
"DTkNTvlF3zS";"Royal Botanic Gardens Kew in the United Kingdom recently announced their top ten new plant taxa for 2025. See https://www.kew.org/read-and-watch/top-10-species-2025 This botanical shout-out included a newly described subspecies from Namibia: Lithops gracilidelineata subsp. mopane - a “living stone” restricted to the mopane woodland of the arid north-west.  The species revision was led by Gobabeb Associate and Kew Research Fellow, Dr Sebastian Hatt, and several Namibian co-workers. Congratulations, Dr Hatt, for this recognition of your tireless efforts in the field and a very sharp eye!!!  Photo Credit: Sebastian Hatt"
"DXT_TNoj4Df";"Seal's Neck Stuck in Plastic Wrapping  #ocn #oceanconservation #sealrescues #plasticpollution #raisingawareness"
"DW85lspilIK";"Back when roadside assistance meant four-legged friends"
"DXWkHQnAsRS";"Seal Rescued From Rope  #ocn #oceanconservation #sealrescues #plasticpollution #raisingawareness"
"DTK_tKrDXs3";"Our Fundraising Trek returns 13–20 September this year, taking you deep into Namibia’s northwest on a 5 day journey that directly supports EHRA’s work on human–elephant coexistence.  Over the course of the trek, you’ll walk remote routes, camp under open skies, and help raise vital funds for conflict mitigation, community support and desert-dwelling elephant conservation.  📅 13–20 September 2026 📍 Southern Kunene Region, Namibia 📩 Interested? Get in touch with us at info@ehranamibia.org to learn more"
"DURDVRDCI32";"Here’s a glimpse of World Wetlands Day at Mile 4, in Swakopmund.  From curious questions to shared stories and time spent by the water, the Swakopmund community showed up to celebrate our wetlands.  #WorldWetlandsDay"
"DRgx6pxiByy";"Experience the magic of the wild as the sun dips low on Harnas’ Sunset Wilderness Drives.  #HarnasSanctuary #SunsetDrive"
"DTe830ojmon";"SRT is turning conservation into a shared win! By combining eco-tourism with black rhino protection in northwestern Namibia, we ensure these iconic animals thrive while local communities benefit from jobs, skills, and a stronger connection to their land.  #SaveTheRhino #BlackRhino #RhinoConservation"
"DQ9DYVGjs2Z";"Nothing beats an unrushed sundowner at Harnas Guest Farm and Wildlife Sanctuary. Sit back, relax, and take in the beauty of nature all around you. #HarnasGuestFarm #WildlifeSanctuary #Namibia"
"DSKaIfiFhcS";"Caught in the act! Model beetles set up to attract predators are doing just that with several hungry visitors, including this hare, being recorded by motion-sensor field cameras."
"DTH5ocQDAMc";"For desert-dwelling elephants, staying close to experienced adults is vital. These older elephants carry generations of knowledge about water sources, routes and seasonal changes... lessons the younger ones will rely on for the rest of their lifetime.  📷: @laura_braune"
"DTigcpbjOyn";"WWF Namibia is inviting qualified consultants to facilitate a participatory impact review of our Strategic Plan and Organisational Development Plan (2022–2026).  This consultancy will assess organisational transformation, conservation outcomes, and programme impact, while capturing key lessons to inform our next integrated strategy, aligned with the WWF Network Roadmap 2030.  📅 Deadline: 1 February 2026 📩 Submit proposals to: consultancies@wwf.na  Scan the QR Code to find out more!"
"DTSgXWbDah5";"Did you know that brown hyenas eat !Nara melons?  During our monthly !Nara monitoring, we came across brown hyena tracks and scat containing !Nara seeds. While it is commonly known that black-backed jackals (Lupulella mesomelas) feed on the !Nara melons and play an important role in seed dispersal, it was fascinating to observe that the brown hyena (Hyaena brunnea), typically regarded as a carnivore, has adapted to the harsh conditions and limited food availability of the Namib Desert by supplementing its diet with !Nara melons. In doing so, it too contributes to the dispersal of this remarkable desert plant."
"DQiqMb_DhnI";"Slow Sunday mornings..."
"DRCM9WrjtFb";"Looking for the perfect peaceful spot to end 2025? Harnas Guest Farm, tucked away in the heart of the Omaheke, is ready to welcome you and your guests for an unforgettable getaway. ✨  #HarnasGuestFarm #Namibia"
"DU-u3Jljsfe";"Encounter presence, before spectacle.  Where the wild is not observed, but felt – in sound, in movement, in moments that unfold without announcement.  Ongava unveils Encounter, where the wild moves freely and each stay unfolds on its own terms.  Link in bio"
"DRT5_MkDmVi";"Keen to get hands-on with wildlife care? 🐾 At Harnas Guest Farm and Wildlife Sanctuary, volunteers play a vital role in caring for our rescued animals, from cutting up slabs of meat for our carnivores to helping with enrichment activities and daily feeding routines. Every task, big or small, makes a difference in the lives of lions, leopards, hyenas, and more!  Join our team of animal lovers, experience life behind the scenes, and be part of a sanctuary that gives wildlife a second chance. Are you ready to make a roar-some impact?   #VolunteerWithHarnas #WildlifeConservation"
"DROwWkzAbdm";"Life in Omaheke, where Harnas Guest Farm and Wildlife Sanctuary is found, brims with colour, culture and charm! 🌞  From the rich mix of traditions to the joy of everyday moments, there’s no better way to experience it all than by hopping onto a donkey cart and taking in the local rhythm of life. Come and discover the heart and soul of the Omaheke Region!  #Omaheke #Namibia #Harnas"
"DRJmW5KESJY";"Nutritious meals are lovingly prepared and served each day at the N/a’an ku sê Lifeline Clinic with the help of dedicated volunteers, providing nourishment to those who need it most. 🧡 Together, we’re supporting the most vulnerable and helping build strong, vibrant generations for the future.  #Naankuse #LifelineClinic #CommunitySupport"
"DRboXapDRPH";"Up close and personal with one of nature’s most graceful hunters. The cheetah’s sleek lines, golden eyes, and incredible speed are a reminder of the wild beauty that roams Namibia. Seeing them this close is an experience that stays with you forever.  #Harnas #Cheetah"
"DWlpEQZkSwj";"A Vegetable Bag Did This!  #ocn #oceanconservation #sealrescues #plasticpollution #raisingawareness"
"DQt0XptgQN5";"The Dartmouth College team, together with Gobabeb staff spent an unforgettable night out in the dunes. These adventurers traded their house lights for desert lanterns, and the Namib delivered its magic."
"DQ3lMB-CH-Q";"One of the original purposes for which Gobabeb was established was to increase knowledge about biodiversity in the Namib. That work still continues. Dr Torsten Dikow and his associates recently reviewed a robber fly genus, Acnephalomyia (Asilidae), which has four species in the southern Namib, including a new species from the Gobabeb area (https://doi.org/10.3897/AfrInvertebr.66.153047). Torsten and Allan Cabrero are regular visitors to Gobabeb as they still have a number of new species to describe. Photos showing A. eremia (above) and A. metallicoindica (below)."
"DQtEQWBjmNA";"Harnas offers one of the few truly authentic San experiences in Namibia, where ancient traditions and the spirit of the world’s oldest culture come to life. A San family group from the Doupos area in the northeast lives at Harnas, passing down traditional skills and knowledge to younger generations. Guests are invited to step into this living heritage and witness a culture that Harnas is dedicated to preserving.  #HarnasWildlifeSanctuary #NamibiaCulture #SanHeritage"
"DWRCqLyAs94";"Curious Seal Learns a Harsh Lesson  #ocn #oceanconservation #sealrescues #plasticpollution #raisingawareness"
"DWk1d0DDHm-";"MARCH SEAL RESCUE STATS  10 rescues this month, bringing our total to 24 this year  Well below our March average (23)  5 rescues at Cape Cross, 3 at Pelican Point and 2 at Walvis Bay  Entanglements: 5 fishing lines, 3 packing straps, 1 net and 1 rope  #ocn #ocnstats #sealrescues #plasticpollution #ghostgear #animal #animalrescue"
"DQ4Hgt0jmeW";"Experience the magic of Namibia’s night sky through the eyes of the San. Gather around the fire, listen to timeless tales, and watch the constellations come alive above Harnas Guest Farm and Wildlife Sanctuary.  #HarnasGuestFarm #WildlifeSanctuary #SanUnderTheStars"
"DQ6lpEcAAZE";"From fog to full sunshine in just 27 minutes! 🌫️➡️☀️ Fog can vanish surprisingly fast in the Namib Desert. The first photo was taken at 08:17, the dunes were completely hidden behind a thick layer of fog. But by 08:44, the transformation was incredible, the fog lifted, the sky turned clear and bright, and the vast golden dunes reappeared."
"DRj2I1ODuFl";"Did you know pollen are microscopic and can be carried by wind to then 'rain' in a new location? Here, Gobabeb staff replace pollen traps which collect the pollen rain. These traps are changed once a week and are part of the Pollen rain project conducted by Dr Morteza Djamali."
"DWTncqqigcL";"Why Can’t All Seal Rescues Be This Simple?  #ocn #oceanconservation #sealrescues #plasticpollution #raisingawareness"
"DQomPRvDhb2";"Did you know? Our tech team maintains everything, including airplanes."
"DQrRbjNDa8w";"Yesterday, Iris, Eugene, and Natalie went out to the White Sand Dunes to set up model beetles with camera traps. This is part of Iris’ research, which will look at differential predation on Tenebrionid beetles in several environments within the Namib.  Stay tuned for what the cameras will reveal! 👀🪲"
"DQyN1z-jWP2";"Sometimes the wild gets a little closer, like this kudu enjoying a lazy moment on the lawn. #WildlifeCloseUp #HarnasWildlifeSanctuary"
"DRMLifyj68e";"Did you know that fly identification relies on extremely small structures that most people overlook? Taxonomists depend on details such as bristle placement, vein intersections, tiny leg spurs, and even the orientation of individual setae. If these features are blocked by a folded wing or a badly placed pin, the specimen becomes far less useful for identification. Well-pinned specimens should not obscure diagnostic features. Wings should be fully spread, legs positioned so all segments are visible, and the antennae, mouthparts, and thoracic sutures unobstructed. No spur or scutellar feature should disappear under glue, foam, or poor handling. Dipterists are few worldwide, and likely none currently in Namibia, so if you want your fly identified, your chances are far better when the specimen is properly pinned."
"DWlb2t7FEje";"Our Rescue of the Month: #24 for the year 2026  On a foggy, flooded morning at Pelican Point, a standard patrol was impossible. To reach the colony, Naude and Damian took a kayak along the peninsula's inner coast.  Near a floating kayak storage facility, they discovered a seal pup snagged on a mooring line, its neck constricted by a trawling net. As the pup struggled to keep its head above water, the duo carefully hauled it aboard their kayak and cut it free.  The full rescue video will be out soon. Stay Tuned!  #ocn #ocnrescueofthemonth #plasticpollution #plastic #animalrescue #animal"
"DRmG7PPDcg3";""
"DSZYkGrjC9V";"Looking for a Christmas gift with meaning? 🎄  Adopt an elephant and support EHRA’s work protecting Namibia’s desert-dwelling elephants and the communities who share their land. It’s a gift that lasts far beyond the festive season.  🎁 Adopt an elephant this Christmas on our website or follow www.ehranamibia.org/adopt-an-elephant"
"DWiVP96AE8O";"Can You Guess?  How many entangled seals did we rescue this month?  Drop your answer in the comment section.  #ocn #stats #sealrescue #quiz"
"DSUkrmxDAR0";"Desert-dwelling elephants often travel vast distances in search of food and water, navigating landscapes they’ve known for generations. These movements are essential for survival in Namibia’s arid environment 🐘  Want to learn more about how we protect these journeys at EHRA? Get in contact: info@ehranamibia.org 📩  📷: @conservation.diaries"
"DWd6n6mD1JJ";"Fishing Line: The Invisible Threat  #ocn #oceanconservation #sealrescues #plasticpollution #raisingawareness"
"DWYxBt2jWH0";"Entangled Seal Mom Puts Up a Fight to Survive  #ocn #oceanconservation #sealrescues #plasticpollution #raisingawareness"
"DQ_hYO8jUi7";"In February Dr Alan Wilson from the Royal Veterinary College fitted gemsbok with GPS collars to study their movement in the Namib Sand Sea landscape. The collars yielded excellent geospatial data. In order to interpret the collar data, Dr Alan Wilson and his team from the Royal Veterinary College are carrying out photographic and LIDAR surveys at much greater resolution than what is available from satellite data. Namib gemsbok move over vast areas. of areas, requiring 10-11 hours flying per day for almost two weeks to cover the area frequented by the gemsbok.  @royalvetcollege #rvc"
"DWWMPeZggaK";"Entangled Seal Realizes He’s the Weakest Link  #ocn #oceanconservation #sealrescues #plasticpollution #raisingawareness"
"DWbV1NRgceI";"Seal Cut By Fishing Line  #ocn #oceanconservation #sealrescues #plasticpollution #raisingawareness"
"DWjEN2Vk60m";"Entangled Seal Hidden in the Group  #ocn #oceanconservation #sealrescues #plasticpollution #raisingawareness"
"DSsJpdCDG-G";"From all of us at EHRA, we wish our communities, supporters, partners and volunteers a very Merry Christmas 🎄  Thank you for being part of a year dedicated to coexistence, care and conservation. We’re grateful for every step taken together."
"DScZSW5jCsp";"Recently, EHRA was invited to train 40 Elephant Walk Rangers from the Ozondundu Conservancy, in collaboration with IRDNC.  One of our Elephant Guards, Taiwin, travelled to the conservancy to share his on-the-ground experience, alongside our Director, Hendrick, who led the training. For many of the rangers, hearing directly from Taiwin, who has spent three years working daily as an Elephant Guard added real, practical insight to the sessions.  The training focused on elephant behaviour, field safety, understanding human–elephant conflict, and practical ways to support communities and visitors while working around elephants in shared landscapes.  Building skills and trust at this level is essential for effective, community-led conservation. We’re grateful to the rangers, the conservancy, and IRDNC for the collaboration, and we value opportunities to work alongside other organisations, share knowledge, and keep learning from one another as we strengthen coexistence efforts across the region."
"DWgLGvxDPxZ";"Tragedy Unfolding In Real Time  #ocn #oceanconservation #sealrescues #plasticpollution #raisingawareness"
"DSPnMuDDPRG";"Looking for a Christmas gift with real meaning? ✨  An elephant adoption directly supports EHRA’s conservation work, from protecting desert-dwelling elephants and repairing damages, to monitoring herds and running education programmes that help communities and wildlife coexist.  If you’re searching for a gift that genuinely makes a difference, this is it. 🎁 Adopt an elephant this Christmas and help ensure a future where elephants like Eve can thrive.  Head over to our website or visit https://www.ehranamibia.org/adopt-an-elephant"
"DSkb8crjN7Y";"What happens when you stop chasing the shot and start paying attention?  EleFocus.   A new photographic journey with EHRA. More soon."
"DSnAE6BjL8j";"At some point in your life, someone will tell you to volunteer in Namibia... It is very important that you listen to them 🐘  Ready for the adventure of a lifetime? Contact us at info@ehranamibia.org for more information about our volunteering projects.  🎥: @laura_braune"
"DSpk1urDKtR";"“Every day you live, you make a difference.” Volunteering with EHRA is about choosing to make that difference count: for elephants, for communities, and for the landscapes they share.  If you’re ready to do your bit, join us in the field.  📩 info@ehranamibia.org  🎥: @laura_braune"
"DQoIZkHDhRS";"Founders Marieta and her husband, Nick, turned their farm in eastern Namibia into a wildlife rescue centre, driven by Marieta’s deep love for animals. Harnas soon became a refuge for countless creatures in need.  Nick played an important role in Namibia’s conservation landscape, helping shape laws for large carnivores and fostering harmony between wildlife and communities. Deeply respected in the Gobabis area, he also helped establish the Lifeline Clinic in Epukiro before his passing in 2001. His legacy of compassion and dedication continues to guide Harnas today.  Guesthouse rooms now feature small tributes to Nick, honouring the heart and vision that built Harnas.  #HarnasWildlifeSanctuary #NamibiaConservation"
"DS4mHSFjKnm";"After the rush of the festive season, sometimes all you need is space, quiet and a slower rhythm.  Our glamping offers a chance to reset in the heart of nature. Comfortable, simple and surrounded by wide open landscapes. A few days to breathe, rest and reconnect ⛺️  For more information, contact us at info@ehranamibia.org"
"DS7R0D8DCQb";"The Matriarch Adventure is shaped by the people who make it what it is. Women who arrive curious and leave changed. Local community members who share knowledge and stories. Guides who lead with care, experience and deep respect for this landscape.  It’s in these shared moments, around the fire, out in the field, and along the way, that real connection happens.  📅 Next Matriarch Adventure: 10–19 October 2026 📩 For more information, follow the link in our bio or visit https://cathadventure.com/the-matriarch-adventure  📷: Christin Winter"
"DVMf89JiGPo";"BRIEFING: Environmental Commissioner Timoteus Mufeti and Atomic Energy and Radiation Protection Authority Director Axel Tibinyane on Wednesday briefed the media on the in-situ leach (ISL) uranium mining independent technical review team’s recent visit to Namibia.   The review follows Headspring Invetments’ intention to advance the project from prospecting activities to drilling testing wells using the ISL method. The independent technical review mission comes from the International Atomic Energy Agency to assess the proposed project in the Leonardville area of the Omaheke Region.  Mufeti said no mining licence has been granted to Headspring yet. The company currently holds an exploration licence, and to date, approximately 65% to 70% of the exploration work has been completed,” he said.   Considering the potential environmental impact, the government has sought third-party expertise and technical knowledge, as provided for under the Environmental Management Act. The review team will submit a report to the government and the government shall inform the public of its decision in due course."
"DVX_zeIiLj_";"REVISED FEES: The Ministry has revised park entrance and conservation fees with effect from 1 April 2026. The attached are the new fees."
"DVYAZe_iKyK";"NOTICE: The Ministry will conduct public consultation meetings on the National Policy on Tourism for Namibia (2008).   Attached are the dates and venues.  The Ministry encourages tourism stakeholders to attend and actively participate in these consultations or to submit their inputs to the provided address."
"DUHugIJCJJQ";"COURTESY VISIT: Minister Indileni Daniel on Thursday received a courtesy visit from the Russian Ambassador to Namibia, His Excellency Dmitry Lobach. The two leaders discussed how Namibia and Russia can strengthen cooperation in tourism development and mining without destroying the environment.   Executive Director Sikongo Haihambo and Russian Embassy in Namibia’s Third Secretary, Alexander Kazarin, also formed part of the meeting that took place at the Ministry’s Head Office in Windhoek."
"DVO6X1fiLN9";"CONDEMNATION: Minister Indileni Daniel has condemned the misinformation on the development of a smart city at Cape/Angra Fria within the Skeleton Coast National Park in Kunene Region.   The condemnation follows news of a certain company registering people for employment at a purported city to be developed in Kunene Region. In a statement issued on Thursday, Minister Daniel says only the Minister of Environment, Forestry and Tourism can grant permission for any land use in a national park and no permission was given to any company to develop a city in the Skeleton Coast Park.   She said the Ministry does not support the purported Kaoko Fria smart city, or any other, within a national park that is a gazetted protected area."
"DVMfs3aCDL-";"COURTESY VISIT: Minister Indileni Daniel received a courtesy visit from UNDP Namibia Resident Representative Amanda Serumaga on Wednesday afternoon. The two leaders discussed key environmental and conservation projects funded by UNDP under the Ministry. The two leaders were joined by Executive Director Sikongo Haihambo and UNDP Namibia Deputy Resident Representative Christian Shingiro and discussed enhancing procurement mechanisms to accelerate the national implementation modality of the projects."
"DVRF9_RCMyN";"MEETING: The Minister of Environment, Forestry and Tourism, Hon. Indileni Daniel, met with Hon. Pijoo Nganate, Governor of the Omaheke Region on Friday, to discuss matters of mutual interest in Omaheke, including tourism development. The meeting was attended by Mr Sikongo Haihambo, Executive Director at the Ministry of Environment, Forestry and Tourism, Hon. Isando Kavari, Councillor for Aminuis Constituency in the Omaheke Region as well as community members."
"DVO6lljjpkF";"ALLOCATION: The Ministry of Environment, Forestry and Tourism is allocated a total of N$736.8 million for the 2026-2027 Financial Year. This is about N$60 million less of the previous financial year’s allocation of N$797 million to the same Ministry. This information is contained in the N$104-billion budget presented by Finance Minister Ericah Shafudah in Parliament on Thursday. The Ministry oversees key departments of environmental affairs and forestry, natural resources management and tourism."
"DWtXeL1ipwh";"Baby Seal Saved From Fishing Line  #ocn #oceanconservation #sealrescues #plasticpollution #raisingawareness"
"DUYGVM-iN_6";"FAKE NEWS: The Ministry wishes to inform the public that this message and link are devoid of any veracity and do not represent the Ministry. The Ministry does not conduct its recruitment process via emails and unscrupulous links."
"DW3qjZfjcDh";"Saving a Desperate, Wounded Seal  #ocn #oceanconservation #sealrescues #plasticpollution #raisingawareness"
"DWoNzCxChJd";"A Death Trap for Many Decades!  #ocn #oceanconservation #sealrescues #plasticpollution #raisingawareness"
"DW8ZEQcGmuw";"President Admits Declining Fish Stocks 🇳🇦🐟  In yesterday’s State of the Nation Address, President Netumbo Nandi-Ndaitwah confirmed a downward trend in Namibia’s main commercial fish stocks.  Why this matters: The fishing sector isn’t just an ecosystem, it’s the backbone of our economy—contributing 4.1% to our GDP and supporting over 21,000 direct jobs.  At OCN, we know that a healthy ocean is the only way to secure both marine life and Namibian livelihoods. It’s time to strengthen our conservation efforts to protect the future of our seas.  Read the full article: @thenamibian  #oceanconservation #namibia #marinelife #sustainability #fishingindustry"
"DW1FxNZDbnS";"“This Is What I Saved You From""  #ocn #oceanconservation #sealrescues #plasticpollution #raisingawareness"
"DW6Pc5tFHYE";"Baby Seal Saved From Plastic Strap  #ocn #oceanconservation #sealrescues #plasticpollution #raisingawareness"
"DWqyl7vlIzO";"Rescuers' Gut Feeling Leads to Successful Seal Rescue  #ocn #oceanconservation #sealrescues #plasticpollution #raisingawareness"
"DRCT53DAXcY";"Yesterday, Gobabeb recorded just over 2 mm of rainfall. In a hyper-arid environment where annual precipitation is extremely low and highly variable, such episodic rainfall provides an important moisture pulse. Even small events like this can trigger rapid vegetation responses and stimulate microbial activity across the desert. Here, every millimetre counts in shaping ecosystem dynamics."
"DS1zuecDLC0";"In the wise words of David Attenborough, ‘If they don’t understand it, they won’t protect it.’  This belief sits at the heart of our SEED Project 🌱 Through environmental education, we work with young people in rural communities to build understanding, respect and practical knowledge, supporting the next generation of custodians.   🎥: @laura_braune"
"DRl7hUtgW--";"Walk alongside San women and uncover the secrets of the land and ancient medicinal traditions. #SanHeritage #Harnas"
"DR9lkQmjMsq";"Lessons in camouflage 🩶  In nature, the art of disappearing is one of its greatest adaptations. A reminder to look twice...  📷: @conservation.diaries"
"DRmBxuCjPTR";"It’s the quiet moments that stay with you… the soft grass, the wrinkles of a trunk, the hush of wind at sunset, the tracks of elephants long gone.  If this is the kind of beauty you crave, you’ll find it here, in Namibia 🇳🇦   Ready to join the adventure? Contact us at info@ehranamibia.org 📩  🎥: @laura_braune"
"DRtp4TYlAGG";"December calls for adventure and relaxation! ✨ Reserve your room at Harnas and experience comfort in the heart of nature. #HarnasExperience #WildlifeEscape"
"DSErGl1jPiD";"It is with deep sadness that we at EHRA share the news of Dr. Iain Douglas-Hamilton’s passing. A true pioneer, Iain changed the world’s understanding of elephants and shaped so much of what we know—and what we are able to protect—today.  We are deeply thankful for his enormous contributions to elephant conservation. His courage, curiosity, and lifelong commitment have inspired generations of conservationists, including many of us here in Namibia.  Our warmest thoughts go out to his family, his loved ones, and everyone whose lives he touched.  Iain’s spirit, his vision and his love for elephants will continue guiding us forward. A towering legacy, carried on in every footstep of the elephants he dedicated his life to.  Photo courtesy of @savetheelephants"
"DV8HsvgjHW4";"Tied Up Baby Seal Rescued  #ocn #oceanconservation #sealrescues #plasticpollution #raisingawareness"
"DSKdhqgDD_b";"We love seeing the SEED Project continue to grow long after the weekend ends 🌱  At Fransfontein Combined School, the Eco-club were so inspired by their SEED experience that they got themselves SEED Project T-shirts, a small but powerful sign of pride, ownership and commitment to protecting their environment.  This is why environmental education matters. Here’s to the next generation of conservation leaders."
"DVsocbBDE-3";"Wounded Seal Rescued From Entanglement  #ocn #oceanconservation #sealrescues #plasticpollution #raisingawareness"
"DSE1KUcjrcu";"At Naankuse’s Lifeline Clinic, our dedicated local staff welcome volunteers and visitors with guided tours. Always insightful, informed, and ready to share more about our work. 🌿🐾 #Naankuse #LifelineClinic #Harnas"
"DV3SrNtD80c";"Another Seal, Another Plastic Trap  #ocn #oceanconservation #sealrescues #plasticpollution #raisingawareness"
"DR4b_cPjF6A";"This Christmas, give a gift that supports a cause 🎁  Explore EHRA’s merchandise collection, including T-shirts, hoodies, tote bags, mugs and more. Every purchase directly supports our work protecting Namibia’s desert-dwelling elephants and supports local communities.  📦 Order by: • 9 Dec (EU) • 10 Dec (US) • 22 Dec (UK) to receive your gifts in time for Christmas.  Shop at ehra.teemill.com or via the link in our bio and make your gifts meaningful this festive season 🩶"
"DV53hf2Eop2";"Baby Seal Saved From Cling Wrap  #ocn #oceanconservation #sealrescues #plasticpollution #raisingawareness"
"DRR08Jyiog6";"🍃Earlier this month, our Forestry team facilitated training at two newly established plant nurseries in Chetto and Mangaranganza, located within the multi-use area of Bwabwata National Park. The objective was to equip community members with practical skills in propagating indigenous plant species to support long-term restoration of local woodlands and forests.  🍃A total of six community members from each nursery participated, alongside five officials from the Directorate of Forestry. The training offered a comprehensive introduction to sustainable seed management and effective nursery practices. This initiative aims to empower local communities to actively contribute to restoration efforts and promote biodiversity conservation in the region. The project is supported under the Climate Adaptation and Protected Areas (CAPA) initiative, funded by the @iisd_org in partnership with @wwfnamibia"
"DSAKbvCjEN5";"We’re proud to share that EHRA has been awarded the Conservation Connect Grant 🐘 This support will directly strengthen coexistence between people and desert-dwelling elephants in Namibia.  This funding will help us expand three critical areas of our work: • Elephant Safety Education for rural communities • Elephant Collars for our Early Warning System and corridor protection • Small-scale kitchen garden protection using solar-powered electric fencing  These initiatives reduce conflict, safeguard livelihoods, and help ensure elephants can move safely across the landscape.  A heartfelt thank you to Conservation Connect for believing in our mission and supporting long-term solutions for coexistence 🩶"
"DR39HtJgmv4";"A golden farewell to the day at Harnas Guest Farm and Wildlife Sanctuary #Harnas #SunsetBliss"
"DWEKr45jLWk";"Rescue Made Possible By One Lucky Sighting  #ocn #oceanconservation #sealrescues #plasticpollution #raisingawareness"
"DRzSbhZDEfq";"We’re proud to share that our article, “Guarding People and Their Elephants: How Community Elephant Guards are working towards coexistence,” has been featured in the latest issue of Conservation Namibia, published annually by the Namibian Chamber of Environment.  This feature highlights the vital work of our Community Elephant Guards, local men and women who respond to conflict, support households, guide safe encounters and help build a future where people and elephants can live alongside one another.  We’re grateful for this platform and hope it helps more Namibians learn about the community-led conservation happening in the northwest.  📖 Read the full article through the link in our bio or by heading to https://conservationnamibia.com/articles/elephant-guards-2025.php"
"DWL5GC_FZ3M";"Chaotic Seal Rescue On The Rocks  #ocn #oceanconservation #sealrescues #plasticpollution #raisingawareness"
"DW80StjCdhc";"BTS | Friday Rescue Patrol Vlog  #ocn #oceanconservation #sealrescues #plasticpollution #raisingawareness"
"DV_BFLlAtic";"Gentle Rescuer Saves Seal from Packing Strap   #ocn #oceanconservation #sealrescues #plasticpollution #raisingawareness"
"DSE4c6ujAu3";"The Elephant Cup is happening in Sorris Sorris! ⚽️  Started by our Elephant Guard, Taiwin, this community tournament uses soccer to bring young people together and promote peaceful coexistence with elephants 🐘   Hosted at the Sorris Sorris Field, the event will welcome more than ten teams and a big crowd of supporters. Thanks to our sponsors, there will be cash prizes, a trophy and medals.   The weekend begins on 19 December with an outreach session for all visiting teams and spectators. The theme is “Together we can do it”, focusing on how communities can live safely alongside elephants.  Thank you to everyone supporting this event and to the Sorris Sorris Conservancy for hosting. We are very proud of our elephant guard Taiwin who initiated this event. His passion to create peaceful coexistence between people and their elephants is truly inspiring 🩶  For more information, contact Taiwin at 0815587089 or Mr Abes at 0812897031 📞"
"DWGc_DrGmla";"On Thursday, OCN had the pleasure of hosting an interactive educational session at the @mondesayouth   With materials generously sponsored by the @kingsleyholgatefoundation, 48 Grade 6 and 7 learners explored the importance of marine conservation in Namibia through a fun and creative drawing activity.   The learners impressed us with their incredible creativity and enthusiasm, producing some truly wonderful artwork. To highlight the importance of protecting our oceans, each learner also shared a meaningful message in support of marine conservation.   It’s always a joy to visit MYO and engage with the next generation of passionate ocean stewards!  #ocn #education #awareness #schoolvisit #kids #oceanconservation #pollution"
"DR1YTLCDIz2";"🌍 Two global days. One shared mission. On Cheetah Day and Wildlife Conservation Day, we honour the incredible wildlife under our care at Harnas – especially the cheetahs who call the sanctuary home.  From orphaned cubs to injured rescues, we are working to protect their future every single day. Find out more about our mission here: https://www.harnas.org/animal-welfare  #CheetahDay #WildlifeConservationDay #HarnasWildlifeSanctuary #NaankuseFoundation #ProtectWildlife"
"DWGve9tjlkE";"Stealth Dockside Seal Rescue  #ocn #oceanconservation #sealrescues #plasticpollution #raisingawareness"
"DSkSa6hET9N";"Santa hats on, smiles wide, and good vibes all around 🎅🏾 Nothing beats celebrating together and sharing moments filled with laughter, warmth, and joy. We are deeply grateful for the dedication, passion, and teamwork that keep Gobabeb moving forward every day. Taking time to celebrate one another reminds us that beyond the work, it is the people, the connections, and the shared purpose that truly make Gobabeb feel like home. A well-deserved festive moment for an incredible community 🎄"
"DRhQzupjAyP";"A peaceful wanderer in the tall grass 🐘 Desert-dwelling elephants navigate these vast spaces with an instinct shaped by centuries of survival.  If you’d like to support this work and experience it firsthand, join us as a volunteer. Comment “volunteer” if you’d like more information 📩  📷: @laura_braune"
"DWOcsnUDIpz";"BTS | Unboxing Our New Custom Rescue Nets  New gear day!  Custom nets all the way from Seattle. We're swapping out our old coil zips for a more rugged ""tooth"" system to stop the jams during rescues. It’s a prototype phase for us, but we’re excited to see how they perform on the beach.  Stay tuned to see them in action!  #oceanconservation #marinerescue #unboxing #namibia #conservationgear #sealrescue #behindthescenes #innovation #protectouroceans"
"DV8cRb7k5JC";"Too Sleepy to Notice a Seal Rescue  #ocn #oceanconservation #sealrescues #plasticpollution #raisingawareness"
"DSdJz7fCF4Q";"THANK YOU: As the 2025 Festive Season Environmental Awareness Campaign draws to a close, MEFT Minister Indileni Daniel extends her gratitude to all regional Governors, traditional and local authority leaders, sponsors, stakeholders, communities and the media for their participation and diverse contributions to the successful implementation of the campaign so far.  Minister Daniel emphasises that keeping Namibia clean is a shared responsibility that should continue beyond the campaign period. The campaign commenced on 3 December and is scheduled to conclude on 23 December 2025, covering several regions across the country."
"DSnBI6rCHzY";"INSPECTION: Minister Indileni Daniel this week inspected sections of the Etosha National Park boundary fence reconstruction. The park’s fence plays a key role in curbing human-wildlife conflict, wildlife crime and strengthening national conservation efforts. To date, the fencing project has covered 6.4km of the 180.4km stretch to be completed under the project, with plans to fence off the entire park by 2030. Etosha is one of Namibia’s largest national parks with the total fence length of 824 kilometres. The fencing is being done by MEFT with assistance from community members from neighbouring conservancies and other stakeholders.   In addition, she visited NWR establishments in Etosha National Park shortly before Christmas to familiarise herself with operations and gain insight into challenges facing the facilities. She visited Onkoshi Camp, which employs about 25 people, and Namutoni Resort.   Minister Daniel encouraged the resorts to maintain high standards of hygiene, fire safety and customer service. Onkoshi Camp Acting Manager Simaneka Negumbo highlighted bad roads as their biggest challenge and asked for the Ministry’s intervention to grade the gravel roads regularly."
"DWJUQOwkd-V";"Baby Seal Saved From Gill Net  #ocn #oceanconservation #sealrescues #plasticpollution #raisingawareness"
"DSn2EjJiBve";"ROAD CLOSURE: The Ministry wishes to alert tourists and visitors to the Etosha National Park of the temporary closure of certain roads at Okaukuejo and Ombika due to the above-normal rainfall received over the past days. See the specified roads in the attached notice."
"DSS-iu4jtyt";"WASTE DISPOSAL: Some officials from MEFT, MICT and EIF Namibia handed out plastic bags to motorists at the Oshivelo Road Traffic Checkpoint on Friday and Saturday to discourage passengers from throwing waste out of vehicle windows and promote responsible waste disposal on the road. They were joined by Oshikoto Regional Governor Sacky Kathindi to reinforce the call for cleaner and safer communities this festive season.   Other officials were at Omuthiya picking up waste within the town’s surroundings while spreading the Festive Season Environmental Awareness Campaign messages with the community."
"DTQjJL5iIl2";"TOURISM SAFETY: The Ministry of Environment, Forestry and Tourism and the Ministry of Home Affairs, Immigration, Safety and Security jointly underscored the government’s commitment to tourism safety in Namibia following recent international concerns.   The two ministries, in consultation with the Ministry of International Relations and Trade, reassured the international community that Namibia remains a peaceful country with good governance, functional institutions and respect for the rule of law.   “Namibia remoins open ond welcoming to tourists and visitors,” the statement reads, which follows recent travel advisories issued by Canada and Germany portraying Namibia as an unsafe destination."
"DTzjeUjCAPj";"PUBLIC NOTICE Schedule for the public consultation on the Proposed Sand and Gravel Mining Regulations Under the Environmental Management Act 2007, (Act 7, 2007) Amendment Bill"
"DTrvR10CNL6";"VISIT: Executive Director Sikongo Haihambo undertook a familiarisation visit to the Namib-Naukluft Park over the weekend. During the visit, he engaged with NWR and MEFT employees at Sesriem on Saturday, encouraging them to work diligently to improve service delivery at their respective duty stations.  “There is work that needs to be done by all of us, and if we each pull our weight, we will be able to move the needle in the right direction. This undertaking stems from last year and provides an opportunity for me to establish a relationship with you, to proffer words of compassion, and to hear from you,” he said.  The Namib-Naukluft Park is one of the largest conservation areas in the country under the management of the Ministry of Environment, Forestry and Tourism. It encompasses Sossusvlei, Deadvlei, Sesriem Canyon and other tourist attractions, including the UNESCO World Heritage Site, the Namib Sand Sea, which was recognised in 2013."
"DWjhZ4BOz6Q";"Brown Hyena Research 🔬   One of the most significant outcomes of this research has been the discovery that the reserve supports an unusually high density of brown hyena. These findings provide important insight into how carnivore populations respond to protection within fenced conservation areas and how such systems influence population dynamics and behaviour.  #africat #brownhyena #research #conservation #okonjima  ____ © @pascal__ok"
"DVqBtGKjNAj";"Baby Seal Saved From Fishing Line   #ocn #oceanconservation #sealrescues #plasticpollution #raisingawareness"
"DW9k7GUDah6";"T.G.I.F. - Thank Giraffe It’s Friday! 🙏🦒  Chasing the light into the weekend. ✨  Happy Friday from the herd!  📷 @mlorentz23 - Thank you!  #GiraffeConservationFoundation #giraffeconservation #TGIF #thankgiraffeitsfriday #malegiraffe #reticulatedgiraffe #giraffeinthewild #wildlifelovers #sillhouettes #sunsetmagic #naturelovers #giraffelovers #giraffe #GCF"
"DT5hZMKCC1d";""
"DT_tR4nCL1l";"WORKSHOP: The Ministry of Environment, Forestry and Tourism held a stakeholder’s engagement on Environmental Stewardship and Gender Mainstreaming for State Resilience to Shocks and Disasters Workshop in Windhoek from, 26 to 27 January 2025.  The two-day engagement is held in efforts to establish environmental stewardship as a foundation for resilience, healthy ecosystems and sustainable resource management for Namibia’s national security.  The workshop was officiated by the Right Honourable Dr Ellia Ngurare, Prime Minister of the Republic of Namibia, who emphasised the need for strong national leadership and coordinated governance to build resilience to climate-related shocks and disasters. He highlighted that environmental stewardship is closely linked to national security, economic stability and social cohesion, and called for integrated, inclusive and proactive approaches to disaster risk reduction across all sectors of society.  Hon. Indileni Daniel, Minister of Environment, Forestry ad Tourism stated that, “Climate change is no longer a distant threat. It is a lived reality for millions of Namibians today. Whether we merely endure these shocks or emerge stronger and more prosperous will depend on the choices we make now, the investments we prioritize, and the partnerships we forge.’’"
"DT5U_tKCLTG";"AUTHENTIC: The Ministry welcomes the recognition of Namibia as the most authentic and in-demand tourism destination in Africa for the 2025-2026 period by the Africa Tourism Board (ATB). The pristine Sossusvlei high dunes, the largest national parks and open spaces of the skeleton coast set Namibia as a premier travel destination. This marks a proud moment for the country and all players in the Namibian tourism sector.  ATB is a non-profit organisation that acts as a strategic partner among African countries to develop market and implement tourism programmes."
"DXE-OgWjDbf";"Protecting Habitat for Wildlife 🐾🍂  Recognising the urgent need to protect habitat for wildlife and the unique contribution of the Okonjima Nature Reserve, AfriCat is focussing on conservation research on the ecology of predators and endangered species within the Reserve, in order to inform the role that protected areas can play as a long-term conservation strategy.  #africat #okonjima #research #wildlifeconservation #namibia   ____ © @pascal__ok"
"DVisU9BDETE";"Invisible Killer In The Sea  #ocn #oceanconservation #sealrescues #plasticpollution #raisingawareness"
"DRmJOstCBKD";""
"DV0MHPLDsfO";"As part of the volunteer experience at Harnas, you’ll join skilled trackers as they navigate the veld, sharing their deep knowledge of the landscape while teaching about conservation and wildlife. It’s an immersive opportunity to learn, explore, and make a real impact in Namibia’s wilderness. #Harnas #Volunteer #Naankuse"
"DVlRHoTjUBR";"Baby Seal Saved From Plastic Entanglement  #ocn #oceanconservation #sealrescues #plasticpollution #raisingawareness"
"DUqU3urCOlq";"Big conversations. Bold commitments. Real accountability.  Today we wrapped up the Technical Stakeholder Workshop on Biodiversity Indicators and Reporting for NBSAP III and Namibia’s 7th National Report.  From government to academia, civil society to development partners, the room was filled with people committed to one thing that is making biodiversity action measurable and meaningful.  Because strategies aren’t just documents. They’re promises, and promises need indicators, data, coordination and honesty.  As lead consultant supporting NBSAP III, we’re proud to work alongside the Government of Namibia, @unam_na, @undpnamibia and GIZ Namibia to align our national priorities with the Kunming–Montreal Global Biodiversity Framework."
"DUUz0iRDln7";"Ready for a paws-on experience? 🐾 Join us at Harnas for a live demonstration of our anti-poaching unit canines and see just how fast, focused and dedicated these incredible dogs are when it comes to protecting wildlife. #Harnas #AntiPoaching #ConservationInAction"
"DVn1_0tkheU";"Seal Can’t Tear This Plastic Without Our Help  #ocn #oceanconservation #sealrescues #plasticpollution #raisingawareness"
"DWboxZriOr5";"NEWS// New Ombika Facility Marks Major Milestone for Waste Management in Etosha National Park  Today, the Environmental Investment Fund of Namibia (EIF), in partnership with the Ministry of Environment, Forestry and Tourism and Rent-A-Drum, officially handed over the Ombika Solid Waste Management Facility in Etosha National Park. This N$4.9 million investment marks a major step forward in strengthening sustainable waste management within one of Namibia’s most important ecosystems. The facility will not only protect wildlife and restore natural habitats but also support surrounding communities and tourism establishments through improved waste handling and recycling practices.  Speaking at the event, Minister Indileni Daniel emphasised the importance of partnerships between the public and private sectors in driving environmental sustainability. She commended the quality of the facility and highlighted that its long-term success depends on shared responsibility, calling on all stakeholders to work together to maintain and properly utilise the infrastructure.  On behalf of the Chief Executive Officer of the Fund, Elvis Mukwaya, Chief Human Capital and Corporate Services Executive, reaffirmed that the project reflects its commitment to investing environmental levies into impactful, sustainable solutions. Beyond infrastructure, the initiative also empowers the Ombika Recycling Group through skills development and operational support ensuring the facility delivers lasting value.  This handover stands as a powerful example of what can be achieved through collaboration and advancing Namibia’s journey towards a cleaner environment and a stronger circular economy."
"DQt-tMODDgV";"When in doubt, climb it out! Sometimes, tracking elephants means getting creative. Here, part of our team (with a helping hand from a volunteer!) climbs up for a better view in search of the herd of elephants 🐘   What was an unexpected moment from your time as a volunteer? Let us know in the comments!"
"DQ9Ck7CiNTM";"From a distance, elephants might look almost hairless. But up close, you’ll notice stiff, sparse bristles scattered across their wrinkled skin 🐘  These tiny hairs act like miniature radiators, helping excess heat escape from their massive bodies, to keep cool under the harsh desert sun.   In an environment where shade and water are scarce, even the smallest details can mean survival."
"DSB_StyiP9N";"ENVIRONMENTAL AFFAIRS: Environment, Forestry and Tourism Minister Indileni Daniel is leading the Namibian delegation at the seventh session of the UN Environment Assembly (UNEA-7), under way in Nairobi, Kenya.  On the sidelines of the UNEA-7, Minister Daniel met with officials from Oxytane International Limited, a firm offering countries a practical pathway to accelerate progress towards their climate commitments by supporting early compliance with future emissions standards, reducing fossil-fuel consumption and lowering greenhouse-gas emissions.  Namibia, despite its negligible contribution to global carbon emissions, continues to bear the brunt of climate-change impacts, including recurring droughts and floods. The country remains committed to reducing its carbon footprint through the expansion of renewable energy sources such as solar and wind.  The Assembly is the world’s highest-level decision-making body on environmental matters, bringing together delegates from more than 170 countries. This year’s session runs from 8-12 December 2025 under the theme “Advancing Sustainable Solutions for a Resilient Planet”."
"DQ_nfCKDKZ8";"Some guidelines for safe elephant watching 🐘  When observing elephants, keeping a respectful distance is essential for their survival. Crowding herds or surrounding them with vehicles can overwhelm these already vulnerable animals. For calves especially, added stress increases the risks they face in an environment where calf mortality is already high.  ➡️ Swipe for some best practices for ethical elephant watching   By respecting elephants’ space, we protect not only our safety but also theirs. Together, we can ensure that encounters in the wild remain safe, meaningful and truly unforgettable 🩶"
"DRHaAmiDJXM";"As the sun drops beyond the horizon, the elephants keep moving. For desert-adapted herds, dusk is often a time to travel, feed and stay cool 🐘  📷: @conservation.diaries"
"DQrZ7TJDHjS";"Recently, our team received reports of a herd moving through our project area. One that didn’t appear to have a collar. For several weeks, they roamed between villages, sparking our curiosity.  Since one of EHRA’s goals is to identify and monitor all free-roaming elephants in our region, the team set out on multiple patrols to find them. After days in the field and hours of observation, we returned with clear ID photos, confirming a new herd for our records! 🐘  They’ve now been added to our growing Elephant Database, which helps us better understand population movements, trends, and dynamics across Namibia’s desert landscape.  Every new identification brings us one step closer to ensuring the long-term protection of these incredible elephants 🩶"
"DSqGNSaDeGo";"Dear Esteemed Stakeholders,  On behalf of the Board, Management and Staff of the Environmental Investment Fund, we wish you a joyful festive season and a prosperous New Year.  We are grateful for your continued collaboration and support in advancing Namibia’s sustainable development and climate resilience goals.  🌱 🎄"
"DQoxtvHiEiB";"The Ministry, in collaboration with the South Africa National Biodiversity Institute (SANBI) and BirdLife South Africa, is hosting a regional workshop focused on advancing Key Biodiversity Area (KBA) identification and application in Southern Africa. The workshop brings together biodiversity scientists, conservation practitioners, policy experts, and data specialists from Namibia, South Africa, Malawi, and Mozambique under the Spatial Biodiversity Assessment, Prioritization and Planning (SBAPP) Regional Project to strengthen technical expertise in identifying, mapping, and managing the most important sites for biodiversity. Supported by AFD and FFEM, this initiative enhances regional collaboration, supports national conservation planning, and contributes to global biodiversity goals under the Kunming-Montreal Global Biodiversity Framework."
"DSHY-RICNI1";"IMPLEMENTATION: MEFT, with partners, is implementing the Festive Season Environmental Awareness Campaign in various regions from 3 to 23 December 2025.   The campaign aims to raise public awareness on responsible waste disposal and encourage communities to maintain clean and healthy surroundings throughout the festive season and beyond. Kavango East and Ohangwena have so far been covered, with Oshikoto, Kunene and Erongo next in line.   The initiative is funded by the Environmental Investment Fund of Namibia, with support from the Nationhood and National Pride Programme, NAMPOL, New Era newspaper, NBC, Coca Cola Namibia, NAMCASA and Rent-A-Drum."
"DRzUzfEiDhG";"INCREASE: Namibia recorded more than 1.2 million tourist arrivals in 2024, a 45% increase from 2023’s arrivals. This is according to the 2024 Annual Tourism Statistical Report, launched today by Environment, Forestry and Tourism Minister Indileni Daniel.  The report outlines key source markets, tourist demographics and the duration and purpose of visits. South Africa topped as Namibia’s leading African tourist source market in 2024, while Germany remained the biggest overseas source markets.  Most tourists travelled to Namibia for holidays (37%), with 15.8% visiting for business. The tourism sector contributes about 17% to Namibia’s GDP and is one of the country’s largest employers."
"DRZYCRciGff";"The Dryland Sustainable Landscapes Impact Programme (DSL-IP), in collaboration with the Directorate of Forestry and the Mashare Agricultural Institute, marked Arbor Day 2025 by establishing a 42 x 200m community orchard in Mashare under the theme “Forests and Food.” The event highlighted the importance of trees in strengthening food security, nutrition, and sustainable livelihoods.  Speaking on behalf of the Minister, Hon. Mavara Nkore stressed the urgency of tree planting amid climate threats such as wildfires, deforestation, and land degradation, urging communities to “plant hope for future generations.” DSL-IP representative Ms. Erikka Mokanya noted that the orchard demonstrates how trees can support better nutrition and reduce pressure on natural forests.  The project donated gardening tools and 200 seedlings to local schools, clinics, and constituency offices, while 125 seedlings including 100 fruit trees were allocated to the orchard. Mashare Farm Manager Mr. George Haufiku welcomed the initiative, emphasizing its potential to boost community food systems and promote environmental stewardship. The event drew over 100 attendees, including members of the Sambyu Traditional Authority.  This was made possible by the Dryland Sustainable Landscapes Impact Program (DSL-IP), Namibia Child Project with funding from the Global Environment Facility (GEF), with support from the Food and Agricultural Organization of the United Nations (FAO) and executed by the Ministry of Environment, Forestry and Tourism (MEFT) and the Ministry of Agriculture, Fisheries, Water and Land Reform (MAFWLR)"
"DRzjbHoCBJj";"CONCERN: Environment, Forestry and Tourism Minister Indileni Daniel expresses deep concern over the fire outbreak that happened at Sesriem on Tuesday afternoon. A toddler died as a result of the fire, ministerial and NWR staff houses were also destroyed.   “The Ministry regrets the loss of life and conveys condolences to the atfected family and the entire staff at sesriem,” the Minister said in a statement released today."
"DUneNtoiFmf";"Namibia has officially signed a Headquarters with the Global Water Partnership Organisation establishing the GWPO Secretariat in Windhoek, anchoring global water leadership in the Global South."
"DWjEaq3iB7e";"ONGOING CONSULTATIONS: The Ministry continues with the nationwide public consultations on the proposed amendments and regulations for the Lotteries Act of 2017 and Gambling and Entertainment Control Act of 2018. Following the inaugural session held at NIPAM in Windhoek, engagements are ongoing in various regions, bringing together key stakeholders to deliberate on the regulatory framework and the future of lotteries and gambling in Namibia. These consultations aim to gather valuable public input and strengthen governance within the lotteries and gambling sectors, ensuring an inclusive and transparent legislative process."
"DT16QUUjpHs";"After exploring Namibia’s wild beauty, there’s nothing better than cooling off in Harnas’ sparkling pool. Beat the heat while soaking in the peaceful surroundings. #HarnasGuestFarm #PoolsideRelaxation"
"DTw-cDsjg1M";"Two rhinos, one wild journey. At Harnas, every step they take is backed by over 45 years of rescue, rehabilitation and release work, giving orphaned and injured wildlife a second chance. #HarnasWildlife #RhinoConservation"
"DRCDcjeiPo8";"Namibia continues to show strong climate leadership at COP30, where Environment, Forestry, and Tourism Minister Hon. Indileni Daniel, together with EIF CEO Benedict Libanda, are representing the country in key discussions on climate finance, resilience, and mobility. COP30 is currently underway in Belém, Pará State, Brazil, running from 10 to 21 November 2025.  In her address at the opening of Namibia’s Pavilion, Hon. Daniel reminded the world that for one of Africa’s driest nations, climate change is not a distant issue, it’s a lived reality. She called for fair and reliable climate financing that enables developing countries to build greener, more resilient economies.  She highlighted Namibia’s growing investments in renewable energy, green hydrogen, biodiversity protection, and sustainable land use, as well as the country’s community conservancy model, which empowers local communities to benefit directly from managing natural resources.  The Minister also spoke on climate induced displacement, stressing the importance of protecting people’s rights and dignity while helping them adapt to changing conditions, particularly in drought-affected regions like Kunene and Omusati."
"DVbS9aUDhBA";"Intern Axel Ingemarsson made progress in his project today, tracking and capturing his first Sidewinder"
"DRM2T3YjOAm";"Why do elephants cover themselves in sand? Hint: it’s an important survival skill, especially in the desert. Tell us your guess in the comments 📩"
"DVJYXnKjRBg";"Out of Her Mother’s Shadow | Naleli   Meet Naleli, a young leopard in the emerging cohort of female leopards, navigating the pivotal transition from maternal dependence to establishing her own territory.  Born in late 2022 to Lila, the dominant female of the Reserve’s south, Naleli first appeared in our records in April 2023 alongside a sibling that was sadly lost later that year. Initially cautious and seldom seen, she gradually became more tolerant of human observation, likely influenced by her mother’s regular presence. As her dispersal began, she revealed an unexpected aptitude for exploiting small structural gaps, repeatedly entering and exiting fenced sections of the Reserve. even pulling her first small prey items through the same spaces.  Today, Naleli occupies the southern portion of Lila’s home range, while her sister Vamos has settled to the north. This spatial arrangement allows their mother to maintain proximity to both daughters.   As Naleli consolidates her territory and gains independence, she stands at the threshold of reproductive maturity, representing the next generation of leopards that will continue the legacy of Okonjima’s iconic big cats.  Early observations suggest Naleli has begun interacting with Jabulani, who has recently also settled in the southern reaches of the Reserve, hinting at the beginnings of a new pairing in Okonjima’s leopard population.  #africat #research #leopard #okonjima #wildlifeconservation   ____  © @pascal__ok"
"DRpNNWuiEbq";"BUILDING RESILIENCE, RESTORING LAND AND CREATING OPPORTUNITIES  In the Omaoipanga landscape, the NILALEG Project supported the construction of gabions, strong stone barriers that help stop soil erosion, slow down water flow and restore damaged land. These structures may look simple, but they play a big role in supporting vegetation regrowth, improving water flows and protecting the environment for the long term.  This work also brought real benefits to local families. Thirty people from three villages were employed for the activity, each earning N$2,250. Of these, 18 were youth, 11 female and 7 male, all working together to strengthen their land and their livelihoods.  Sustainable land management isn’t just about the environment, it's about people, opportunity and hope for a healthier landscape for generations to come.  #NILALEG #MEFT #UNDPNamibia GEF SustainableLandManagement EmpoweringCommunities"
"DQ_CaSgikVa";"Throughout October 2025, the National Adaptation Plan (NAP) Project, funded by the @greenclimatefund & led by NNF under @ministry_of_environment_nam , hit the road to engage regional voices on Namibia’s climate future.   From Mariental to Lüderitz and Walvis Bay, workshops brought together local authorities, conservancies, academia, and communities to unpack climate risks, share solutions, and shape regional adaptation priorities.  These engagements focused on: 📌Raising awareness of climate change risks and adaptation opportunities. 📌 Strengthening governance and coordination at regional levels. 📌Discussing sectoral vulnerabilities and adaptation priorities. 📌Encouraging private sector participation and identifying finance pathways.    Participants from local authorities, conservancies, academia, the private sector, and communities shared valuable insights into local challenges such as drought, water scarcity, coastal impacts, and food security, while highlighting ongoing adaptation work in their regions.  This project aims to lay the foundation for an inclusive, evidence-based National Adaptation Plan that reflects Namibia’s diverse realities and strengthens climate resilience across all regions."
"DWY0epAiNPH";"FUNKY FRIDAY: Ministry staff donned funky socks on Friday as part of a team-building initiative and to raise awareness and funds for the ministerial Sports Day to be held later this year. The occasion saw staff showcasing their colourful socks at the Head Office in Windhoek. Funky Friday was organised by the ministerial Wellness Section to strengthen teamwork and enhance camaraderie in the workplace."
"DQg1hw9iKpD";"Desert optics at work 📸"
"DXEHsmhjlft";"Protecting rhinos starts with collaboration.  Save the Rhino Trust (SRT) strengthens trusted relationships with farmers, Traditional Authorities, and conservancy managers to create a platform for information exchange. By working with rangers, game guards, and private custodians, SRT empowers communities to monitor rhinos, collect accurate data, and run educational programmes for visitors and young Namibians.  Photography: @marcuswestbergphotography   #SaveTheRhinoTrust #RhinoConservation #CommunityEngagement"
"DS7ycYNDEFD";"A final Thank You for 2025 🥂  As 2025 comes to a close, we would like to thank everyone who visited @okonjima_nature_reserve over the past year. Your decision to travel here directly supports the work of the AfriCat Foundation and enables the conservation research that takes place within the Reserve.  Through your visits, protected habitat is maintained, long-term wildlife monitoring continues, and research can inform how conservation is carried out both within Okonjima and beyond.  We are deeply grateful for this support.  Wishing you a peaceful and rewarding 2026, and thank you for being part of conservation through travel.  #africat #research #namibia #okonjima #leopard #pangolin #brownhyena #wildlifeconservation   ____  © @pascal__ok"
"DVqBEnpiMbf";"SUBMISSION: Minister Indileni Daniel received a submission from Fumu Erwin Mbambo of the Hambukushu Traditional Authority on Saturday in the Mukwe Constituency of Kavango East Region. The submission contains a dossier of documents detailing concerns of the traditional authority on a variety of issues, including the Bwabwata National Park management.  Minister Daniel said she will consult and respond to the submission in due course.   Executive Director Sikongo Haihambo, Natural Resources Management Deputy Executive Director Colgar Sikopo and other senior ministerial officials accompanied the Minister. Kavango East Regional Governor Hamunyera Hambyuka and Mukwe Constituency Councillor Augusta Katembo as well as Regional Police Commander Commissioner Andreas Haingura were also present."
"DQ1RoI8DCa2";"Meet Geraldine Gases from Irene Pos 🌾  Like many farmers in northwest Namibia, Geraldine shares her home and fields with elephants. Over the years, she’s learned that living alongside them takes patience, knowledge and the right tools.  Through EHRA’s PEACE Project, Geraldine learned how to protect her garden and stay safe during elephant visits, and with the support of a simple electric fence, she now grows her crops with more peace of mind.  🎥: @laura_braune"
"DT5BcGpDCOg";"A protection wall built in Okongue, with community members stepping in to help.  By safeguarding vital water infrastructure from elephant damage, this wall helps reduce conflict and ensures reliable access to water for people. Practical solutions work best when communities are directly involved 🐘  Want to help make more projects like this possible? You can support our work by donating via our website or getting in touch for more information 📩"
"DUI6f7uiG8n";"REFLECTION: Minister Indileni Daniel on Friday reflected on the Ministry’s 2025 work during a staff meeting in Windhoek. Highlighting the Ministry’s successes and shortcomings, the Minister commended the dedication of staff in the regions across various programmes for their continued service delivery under difficult conditions.  “Rangers and wardens safeguarded protected areas and wildlife, forestry officials worked with communities to promote sustainable resource use, tourism officers supported recovery initiatives…,” she said.  She added that resource constraints and increasing workloads were among the Ministry’s challenges during 2025.  During this financial year, the Ministry received a N$70 million development budget across nine programmes and 38 capital projects. So far, 45% of the budget has been utilised, with key projects completed, including the Fish River Canyon water pipeline, the Okahandja Forestry Office, road upgrades in Etosha and infrastructure at Ngoma, Namutoni and other sites.  The Minister also set the tone for 2026, calling for improved internal communication and proactiveness. The meeting was attended by head office staff, with regional staff joining virtually."
"DQwlJwfDWbc";"While most grasses have long dried out, succulents like Mesembryanthemum spp. and Tetraena simplex remain lush and green, storing precious water in their leaves to survive the harsh heat. Thanks to the life-giving fog that sweeps through the desert, these resilient plants continue to thrive and keep the Namib alive."
"DRe4M-aDIWa";"Windhoek International School continues to be an incredible partner in conservation 🐘  Earlier this year, their students joined us in the field to donate a solar pump and help build a protection wall around it, a contribution that directly strengthens water security for both people and elephants.  Their commitment doesn’t stop there. Through creative fundraising efforts, the school has supported EHRA for a few years  now and has even adopted five elephants, helping us continue our work across northwest Namibia.  To everyone at Windhoek International School: thank you for your ongoing dedication to conservation and coexistence. Your support truly makes a difference 🩶"
"DWyg-oLjGQN";"Your Fishing Line Did This???  #ocn #oceanconservation #sealrescues #plasticpollution #raisingawareness"
"DWv8LJvlSEd";"Seal Entangled In 3 Plastic Straps  #ocn #oceanconservation #sealrescues #plasticpollution #raisingawareness"
"DQoS5CdDHLo";"Meet Geraldine Gases, a resilient woman from Anigab who now lives in Irene Pos.  For years, she struggled to keep her garden alive as elephants repeatedly destroyed her crops. In 2023, EHRA installed an electric fence around her fruit and vegetable garden, and since then, Geraldine has been planting every summer. Now she looks forward to elephants visiting her homestead, especially when her grandchildren are around to see them 🩶  Through our PEACE Project, she’s also learned practical ways to coexist with elephants, gaining a deeper understanding of their behaviour and how to protect her livelihood safely.  We’ll soon be sharing more of Geraldine’s story and the valuable tips she’s learned about living alongside elephants. Stay tuned 🐘  📷: @laura_braune"
"DXuVGWBCGa5";"What an exciting week…  The NBSAP III National Validation Workshop was held in Windhoek earlier this week. Sessions covered the NBSAP III process, and the review of action plans under Goals 1 to 3 through group discussions and plenary feedback, with good progress and great engagement from all stakeholders.   The workshop served as a critical platform to present the draft NBSAP III for review and validation and brought together stakeholders from across sectors to assess the proposed national biodiversity priorities and targets, confirm the integration of regional and sectoral perspectives, and identify any outstanding issues related to implementation and coordination.   The workshop also underscored the importance of inclusive participation, particularly in ensuring that regional perspectives and stakeholder inputs are meaningfully reflected in the final strategy.  Our work is never done alone. A huge thank you to all our partners and stakeholders who came together, shared their expertise, and helped bring this to life. Your collaboration, commitment, and trust continue to drive meaningful impact where it matters most."
"DUhrzlZjphA";"🌱 From seed to sustenance The Lifeline community garden supports local meals while working towards full self-sustainability. By growing together, we are creating a lasting solution that nourishes the community today and for years to come. A true win-win!  #LifelineCommunityGarden #NaankuseFoundation #SustainableLiving"
"DQ6Ud-djNHm";"On Patrol Week, every track tells a story. Join us as we monitor desert-dwelling elephants in the wild, engage with local communities, sleep under the stars, cook over an open fire and witness coexistence in action.  Ready to volunteer with EHRA in 2026? 📩 info@ehranamibia.org"
"DSZ41IKiPsl";"CLEAN-UP: Opuwo - As the Festive Season Environmental Awareness Campaign continues to roll out across the country, Opuwo Town was the latest stop in promoting cleaner and healthier communities. Officials from the Ministry of Environment, Forestry and Tourism, the Ministry of Information and Communication Technology, and Environmental Investment Fund engaged motorists and residents on responsible waste disposal practices.  Plastic bags were distributed to motorists to discourage littering from vehicles and to encourage proper waste management along the roads leading into and around Opuwo. At the same time, outreach activities took place within the town, where officials interacted with community members, shared key environmental messages, and took part in clean-up activities in selected areas.  The campaign continues to call on all residents and travellers to play their part in keeping towns, roads, and public spaces clean this festive season, reinforcing the shared responsibility of protecting the environment for present and future generations."
"DRwohMGDDYj";"A look back at a recent Matriarch Adventure 🐘  For women who feel the pull of wild places. For those who love the unknown, the dust, the laughter, the shared work and the stillness that settles in when you disconnect from everything else. This is truly the adventure of a lifetime 🩶  📅 Next trip: 10-19 October 2026 📩 For more information, follow the link in our bio or head over to https://cathadventure.com/the-matriarch-adventure"
"DUDieQziKe2";""
"DRRgrmyjLcD";"Plan Your 2026 Adventure with EHRA! 🐘  Ready to make a real impact in elephant conservation while experiencing Namibia’s wild beauty? Our 2026 volunteer dates are now open!  Join us for hands-on projects building water point protection walls, tracking desert elephants and supporting rural communities 🩶  📅 Limited spaces available – secure your spot early! 📧 Contact us at info@ehranamibia.org to find out more"
"DS9vxx7jGRU";"As we step into a new year, we want to thank everyone who stood with EHRA in 2025. Our team, Elephant Guards, partners, volunteers, donors and supporters, your commitment makes this work possible.  Here’s to another year of learning, collaboration and finding practical ways for people and elephants to co-exist.  Happy New Year from all of us at EHRA 🐘"
"DRpNB6jiCEl";"What an inspiring day at the Annual General Meeting of the Namibian Chamber of Environment yesterday, whereby more than half of their members were present. All sharing one common goal, to conserve Namibia’s natural heritage and uplift its people in the many ways we can. We got an update of all the important work NCE has been doing, advocating for the environment, supporting its members and creating so many new opportunities. And we brainstormed about their priorities for next year. In the afternoon we listened to presentations of some of NCE’s members, it is incredible to see the amount of effort being done!   One key message of the day was about Namibia being in an employment crisis. And the enormous potential of tourism to help address this. We cannot agree more! Our Managing Director, Lara Potma, spoke about the opportunities tourism offers in terms of its value chain, infrastructure, guest experiences and marketing amongst others, which are incredible tools through which we can better integrate it with conservation. Let us all continue working together in building a tourism industry that actively betters our places and communities.  #wearetosco #conservation #sustainabletourism #namibia #powerpointfail"
