comment_id,Post_ID,commenter,text
18537930628071196,DWZose4CUA7,C0670,"Would like to have such stories also in German TV as the old stories from. Harnas ""Das Waisenhaus für Tiere"""
18059646206655017,DTGPqHUjOPo,C0876,😍❤️❤️
18110636290729278,DTGPqHUjOPo,C0194,Take off that collar !!
17937379077121400,DTGPqHUjOPo,C0103,❤️
17890145625404058,DTGPqHUjOPo,C0175,The necklace is comfortable???????
17917907358270390,DTGPqHUjOPo,C0167,❤️😍 Beautiful
17991008387925845,DVomlnGjA8A,C1031,♥️🦒🦒🦒🦒🦒🦒🦒♥️♥️♥️🍡🍦🍧🍨🍩🍪🎂🍰🧁🥧🍬🍩🍭🍯
17955966663083463,DVomlnGjA8A,C0633,😍😍😍😍😍
18070543508557360,DVomlnGjA8A,C0770,❤️🦒🦒🦒🦒
17997270464912876,DVomlnGjA8A,C0944,They are so much better than we are.
18086438998957458,DVeTWHdlzyU,C1031,❤️🦒🦒🦒🦒🦒🦒🦒🦒🦒❤️❤️❤️💝
17936575992159896,DVeTWHdlzyU,C0616,😍
17876367384511783,DVeTWHdlzyU,C0770,❤️🦒🦒
18579746602032383,DWjZfpulh0r,C0062,Love the work that you do. So important for Africa’s wildlife
17989383008952265,DWjZfpulh0r,C0735,👏👏👏
17916524046339829,DWjZfpulh0r,C1194,👏 well done!
18013041155681759,DWjZfpulh0r,C0284,💪
18456033091110749,DWjZfpulh0r,C0209,👏
17980540598990642,DV1ejcrjD4w,C0633,😍😍😍😍
18080439812061306,DV1ejcrjD4w,C0321,
17889037716327098,DV1ejcrjD4w,C0753,So beautiful😍
17914615803145665,DV1ejcrjD4w,C0616,😍
18038258534588460,DXLzm_7CPil,C0831,👏👏
18062844323377837,DWHgHlgj4h3,C0535,😍
17874900057437754,DWHgHlgj4h3,C0633,😍😍😍😍😍
18106166236874944,DWHgHlgj4h3,C0616,😍
18029751305772708,DSJ-pEaCZpG,C1175,Thank you for your work and commitment!
18086720920834827,DSJ-pEaCZpG,C1023,I was lucky enough to see rhinos in Namibia❤️ you're doing an amazing job
18100453846747749,DSJ-pEaCZpG,C1182,Keep up the good work 👏🏾
18162455794429518,DRPdL0MjNdg,C0030,Wo bekomme ich dieses Hintergrundbild her ? Ich habe gerade eine Doku gesehen wo die 3 Schwestern zu sehen sind und wollte das unbedingt als Bild/Poster haben .
17860673484478865,DRPdL0MjNdg,C0888,Thank you for the screening of this phenomenal journey at The Dome last night.  I hope and pray that we will be successful in conserving the remaining 12 desert adapted lions 🦁 ❤️
18118315411543602,DRPdL0MjNdg,C0130,Would love to see this at @M0027 in California!
18083502785017337,DRPdL0MjNdg,C0548,I'm waiting to see the film in a cinema in Germany.
17935843359102351,DRPdL0MjNdg,C0906,The granddaughters of the great queen of the desert
18085802852570903,DXr5rGXmV5m,C1026,"Love God Father, love God Holy Spirit and love God Jesus Christ. Love all people. Believe in the gospel of Jesus Christ and you will be spiritually born again into the family of God. The gospel is Jesus Christ died for sins of the world, was buried and rose again from the dead 3 days later. Good works take you to heaven. Be not proud. Fear God. For God is love. Walk in love. Walk in truth. Walk in the spirit. Praise God. Honor God. Give glory to God. I love you God. www.kingjamesbibleonline.org"
18388670074093942,DXr5rGXmV5m,C0848,😍
18051397100738472,DXr5rGXmV5m,C1177,I just Fahlo Cheetah plush in the mail today I’m super happy
18115723435667513,DXr5rGXmV5m,C0196,We can’t wait 🐾
18108000509308733,DXr5rGXmV5m,C0011,❤️❤️❤️
17962622949080530,DXr5rGXmV5m,C1024,"@M0043, you better get ready! :D"
18118527835653222,DW3oE3qFjbF,C0853,❤️
18372086722162029,DW3oE3qFjbF,C0488,Be safe blessings
18572441482047696,DW3oE3qFjbF,C0242,Erm… doesn’t the posting of an anti-poaching K9 dog handler on social media put them at risk?
18063350120361811,DW3oE3qFjbF,C0823,Amazing. I need Marlice’s shirt! ❤️
17888023962466605,DWYsdYrCvaE,C0839,Congrats @M0016-power
18124952434583961,DWYsdYrCvaE,C0596,@M0002 🥳❤️
18089703152467832,DWYsdYrCvaE,C0503,Congratulations @M0023 🎉✨😆
17899538469386740,DUtYO6nDaS4,C0616,😍
17935556559187976,DUtYO6nDaS4,C0321,😍😍😍😍
18127401466517282,DXe7m2rEo4m,C0648,Wish there'd been 85 at least since 1984 at latest in Iran
17902852350418907,DXe7m2rEo4m,C0256,@M0020 your next adventure?
17939383815029700,DXe7m2rEo4m,C0011,❤️❤️❤️
18134708971544513,DXe7m2rEo4m,C0310,❤️
18003821006735023,DXe7m2rEo4m,C1241,Send me this post 💝
18087247145023606,DXe7m2rEo4m,C1051,Cheetah the best! ❤️❤️❤️❤️❤️
18125524276596331,DWZhpaAj9mI,C0535,😍
17976771206842707,DWZhpaAj9mI,C0977,👏👏👏👏👏
17876659899511702,DU-bZq3inWr,C0533,Such a beautiful lily 😍
18082682945240928,DU-bZq3inWr,C0849,I'd love to photograph this one day 😍🙌
18218095861315557,DV6oG8iDJKi,C0321,❤️
18155981989445351,DS2oMpeDIjB,C1100,❤️🔥
18034383053558117,DS2oMpeDIjB,C1199,Splendid 🔥
18325287295223903,DS2oMpeDIjB,C0664,😮
18049467293476060,DS2oMpeDIjB,C0851,😍😍😍
18321553432217001,DS2oMpeDIjB,C0846,😮😍
18436426885111335,DS2oMpeDIjB,C0167,❤️❤️❤️
18497189092076910,DS2oMpeDIjB,C0552,very nice 🔥🔥
18112383592529612,DS2oMpeDIjB,C0237,🔥🔥🔥
18051895994404976,DS2oMpeDIjB,C0930,WOW! Such an encounter!
17871863838481121,DS2oMpeDIjB,C0297,❤️❤️
18063806948226773,DS2oMpeDIjB,C0652,This is insaine!!
18085351685039940,DS2oMpeDIjB,C0224,😮😮😮😮😮😮🐆🐆🐆🐆🐆👌👌👌👌
18089693597297104,DS2oMpeDIjB,C0881,Whoah! 🔥
17869639359421061,DSRtCbRj9Wv,C0092,Wonderful dedication 👏👏👏
18339899731228247,DSRtCbRj9Wv,C0350,You guys do amazing work
18131747485493460,DXxKLyiGcYl,C0611,"It is good to have these pups, and when they are ready, they will become LGDs. 🫶👏"
17980438625838351,DXxKLyiGcYl,C0860,Who doesn’t like waking to a photo of adorable puppies🥰
18113617291805373,DXxKLyiGcYl,C0303,Puppy central!!!
17870333421667023,DXxKLyiGcYl,C0110,😍
18155775337367094,DRNXF-BgS9b,C0914,Fantastic so well done you people are fantastic! ♥️💕💖💞
17997787025839560,DRNXF-BgS9b,C0855,So much beauty ❤️
18119761987679038,DXwfTUBjkcO,C1061,I see she’s coming to Houston but I can’t find where she will be and my son would love to meet her.
18083672279099169,DXwfTUBjkcO,C0632,@M0039 😍
17874136746470611,DXwfTUBjkcO,C0780,Oh I wish she could squeeze in a visit to EATM. Americas Teaching Zoo at Moorpark College.
18086752421591342,DXwfTUBjkcO,C0471,❤️❤️❤️
18017806364832177,DXwfTUBjkcO,C0787,Omg ❤️ my heart 😍
18073798028649882,DXwfTUBjkcO,C1042,Are you coming to St. Louis?
18124386022618098,DXwfTUBjkcO,C0310,❤️
18104095129994793,DXwfTUBjkcO,C0684,🍀🐆🍀🐆🍀🐆
18096542204163680,DXwfTUBjkcO,C0011,❤️❤️❤️
18152259550461790,DXwfTUBjkcO,C0318,I can’t wait to meet all of you
18101840665755754,DWn1ukqCqP6,C1110,How many words?
17927807751258528,DXMHXGjlv3g,C0890,Oh...this is something I'd love to do as well! Such a small but important change to brighten up the kids' days! Love it. ❤️
18113907214816513,DXWIgNFloaI,C0670,Exitied to see you now on german TV❤️
18106326088898746,DXWIgNFloaI,C0273,We enjoy watching Groen Namibia on KykNet in South Africa.
18077089667171308,DXWIgNFloaI,C0220,Wow 😮  Congrats from Germany ❣️❣️👏🏼👏🏼👏🏼👏🏼👏🏼👏🏼
18003198176713219,DVwU7pzDM_m,C0922,Thank you @C1271 for your great work! 😍
18169589716403616,DVwU7pzDM_m,C0321,
17986038908957742,DVwU7pzDM_m,C0264,🥹 great to read this!!
18109558714758515,DVwU7pzDM_m,C0633,👏👏👏👏😍 😍😍😍
18401511562147409,DWUhj7VjtYE,C1095,Well spoken Sir
18047378948531179,DXceVTokb5e,C0689,Hello
18415102738132947,DXceVTokb5e,C0633,😍😍😍😍
18004369628911724,DXceVTokb5e,C0535,😊
18027834101812823,DXbYa58lhWu,C0053,It was an honour to be part of this and I look forward to the updates on their full release into the wild 😍
18114539401748673,DXhn93Tjbxw,C0633,😍😍😍😍
18083171753079902,DXhn93Tjbxw,C0570,Look at those beautiful fuzzy horns and that adorable face!!❤️
17854836927647960,DXhn93Tjbxw,C0425,Iconiquee ❤️
17853199521659493,DXhn93Tjbxw,C0524,😍
18090601261981746,DXhn93Tjbxw,C1044,Prettiest animals to ever exist 😍😍😍
18096275143887489,DXhn93Tjbxw,C0255,😍😍😍
18125089735720447,DXhn93Tjbxw,C0260,A most incredible invaluable and beautiful animal!!!
18002445242865994,DXhn93Tjbxw,C0044,TGIF!! Not a second too soon! 😹💜💜🦒🦒🦒
17995925753766265,DXhn93Tjbxw,C0616,😍
18320913745261789,DXuf7d6EZeD,C0616,😍😍😍
17904892602410504,DXuf7d6EZeD,C0310,❤️
18082223756061307,DWjdIZtjHgI,C0541,Well done WWF for guiding such an important addition to Namibian conservation - benefitting local communities as well as ecosystems. And well done to MEFT for global leadership in nature conservation.
18088339084844130,DRC9C5yCNUK,C1049,Please check my inbox
17865193446509695,DRC9C5yCNUK,C1175,Teamwork like this makes real conservation possible. Well done to everyone involved!
17866730565534700,DXivehMRBFx,C0041,
18001416056853530,DVAe29YCKEl,C0921,Happy World Pangolin Day! 🙌
17964444797908251,DWws0QXjeph,C0321,👏❤️
17974764210001104,DXmxhmVDVZm,C0633,👏👏👏👏😍😍😍😍
17958392292061153,DVF8oQhjpcp,C0350,Stunning pictures!!
18401089072181426,DU_ZzNqDJmc,C1025,Beautiful
18089461169325090,DU_ZzNqDJmc,C1031,♥️🦒🦒🦒🦒🦒🦒🦒♥️♥️♥️♥️🤍
18057947144374116,DU_ZzNqDJmc,C0770,❤️🦒
17878119183474010,DU_ZzNqDJmc,C0321,
18017709893647598,DU_ZzNqDJmc,C0616,😍
17937350385158534,DU_ZzNqDJmc,C0580,😍
17950924905091607,DU_ZzNqDJmc,C1229,Giraffes don't look good short.
18097682113934398,DU_ZzNqDJmc,C0633,😍😍😍😍
17876992596514678,DVjc9hvjaPy,C0770,Beautiful post ❤️🦒
17893414947283435,DVjc9hvjaPy,C0438,😍😍😍😍😍
18002355512905347,DVjc9hvjaPy,C0264,😍 I can't 🥺💛🧡
18117197884624872,DVjc9hvjaPy,C0856,😍😍
17988819140933956,DVRbYULjY8q,C0346,So glad we are able to help through our project www.stormgiraffes.com more donations and contributions to follow 🙏🦒🦒🦒🦒🦒🦒🦒
17942132769133110,DVRbYULjY8q,C0580,😍
18445655272108291,DVMRx8yCMbB,C0770,❤️🦒🦒❤️🦓🦓🦓🦓🦓🦓
18079907069053565,DVMRx8yCMbB,C1031,❤️🦒🦒🦒🦒🦒🦒🦒🦒🦒❤️❤️❤️🏅
17942257449130983,DVMRx8yCMbB,C0437,👏👏good job
18132961945551845,DW5xIWgllJY,C0735,👏👏👏🙌🙌🙌
18067074632409800,DW5xIWgllJY,C0887,💔
18158006371448041,DWmZr1-Ewni,C0321,
18112111576745382,DWmZr1-Ewni,C0381,That’s amazing! 😂
17999172842915027,DWmZr1-Ewni,C1271,Please check the posting date! Happy #AprilFoolsDay
18073493039639582,DWs8j4KATCm,C0670,So wonderful ❣️
18152738044459534,DWs8j4KATCm,C1153,Pragtige Wereld👌
18089651072246532,DWrjZFUDvNu,C0691,Beautiful
18100401601794045,DWrjZFUDvNu,C0535,🥰
18085134275359162,DWrjZFUDvNu,C1132,Beautiful Giraffes 😍
18320896828252129,DWrjZFUDvNu,C0587,Beautiful 😍
18092877659122377,DWrjZFUDvNu,C0321,❤️
17880191823535924,DWrjZFUDvNu,C0616,😍
17898251631306929,DXpWrXrDEJt,C0985,❤️❤️❤️❤️ ditemi dove siete Ke arrivoooooooooooo
18045434882539003,DXpWrXrDEJt,C0803,😢 Que triste que los separan de su madre  y de medio ambiente..que están acostumbrados..son hermanos. 🙌😍 ellos son pura ternura 😍..no hay nada mejor que su habita..
18111505561847599,DXpWrXrDEJt,C0717,❤️❤️❤️
18046007606775043,DXpWrXrDEJt,C1026,"Love God Father, love God Holy Spirit, love God Jesus Christ. Love all people. Believe in the gospel of Jesus Christ and you will be spiritually reborn into the family of God. Jesus Christ died for the sins of the world, was buried and rose again from the dead 3 days later. Good works take you to heaven. Be not proud. Fear God. For God is love. Walk in love. Walk in truth. Walk in the spirit. Praise God. I love you God. www.kingjamesbibleonline.org"
18099223285863212,DXpWrXrDEJt,C0196,Cuteness overload 😍
18118779964646116,DXpWrXrDEJt,C0565,너무예뻐👏👏👏맹수가. 장난감놀이라니😂😂😂😂😂😂
18096253234923497,DXpWrXrDEJt,C0011,❤️❤️❤️
18080043602142155,DXpWrXrDEJt,C0727,😍😍
18013749578849882,DXpWrXrDEJt,C0783,Awwww there so stinking cute!!💗💗💗
18160498096451404,DXpWrXrDEJt,C0459,God bless these angels 😇
18354865093233910,DXpWrXrDEJt,C0854,The perfect job doesn’t exi—
18100488319968585,DXpWrXrDEJt,C0611,Love watching both of them; they're having fun. 🐆🐆🫶
17939293671199801,DXpWrXrDEJt,C0684,🍀🐆🐆🍀
18110383801876053,DXpWrXrDEJt,C0198,So beautiful
17982543344825741,DXpWrXrDEJt,C0094,They are so beautiful 🐆❤️🙏🏼
17910514602399874,DXZhne-jWEN,C0475,可愛い〜❤☺️
17873339436663552,DXZhne-jWEN,C0803,Que triste 😥 que los separen de su madre..ya no podrán estar en su entorno ..su naturaleza..🙌
17887596927489394,DXZhne-jWEN,C0193,Precious ! Thank you for the rescue!
18095494955140995,DXZhne-jWEN,C0820,❤️❤️❤️❤️
18175223212394705,DXZhne-jWEN,C0383,Aí que lindos 🙌❤️
17850323004676631,DXZhne-jWEN,C0648,Wish there'd been 85 at least since 1984 at latest in Iran
18089981806986694,DXZhne-jWEN,C0635,Roar 🐾🫦⚪️💋
18327392413265982,DXZhne-jWEN,C0518,
17974936052865770,DXZhne-jWEN,C0433,💕💕💕💞💞
18070659257650634,DXZhne-jWEN,C0011,❤️❤️❤️
18013452512693205,DXZhne-jWEN,C0066,Precious❤️
18126809242584619,DXZhne-jWEN,C0198,They are perfect 😍😍😍😍
18117208096664549,DXZhne-jWEN,C0783,Oh my goodness there so stinking cute!!💗💗💗💗
17942485749015522,DXZhne-jWEN,C0917,😍😍😍😍
18017115770675305,DXZhne-jWEN,C0999,❤️❤️❤️❤️❤️
18265883005288081,DXca0cil6Mk,C0125,Absolutely amazing ❤️
17885793648491552,DXca0cil6Mk,C0344,I try to educate people as much as possible.  They need to know they need help now more than ever
17894149380448420,DXca0cil6Mk,C0344,We have to save them
17961141062931821,DXca0cil6Mk,C0648,Wish there'd been 1985 at least since 1985 at least since '84 at  latest in Iran
18048288818758913,DXca0cil6Mk,C0684,🍀❤️
18088675682589766,DXca0cil6Mk,C1157,❤️❤️❤️❤️❤️❤️❤️❤️
18083030270526329,DXca0cil6Mk,C0011,❤️❤️❤️
18583529689019201,DXca0cil6Mk,C0571,❤️❤️❤️❤️❤️❤️
18079111760149963,DXca0cil6Mk,C0497,
17890061682492441,DXuRr8pGfJ_,C0032,What a little cutie! That cheetah cub looks so adorable and curious. I'll definitely check out CheetahTV!
18100217495098923,DXuRr8pGfJ_,C1026,"Love God Father, love God Holy Spirit and love God Jesus Christ. Love all people. Believe in the gospel of Jesus Christ and you will be spiritually born again into the family of God. This is the gospel that Jesus Christ died for the sins of the world, was buried and rose again from the dead 3 days later. Good works take you to heaven. Be not proud. Fear God. For God is love. Walk in love. Walk in truth. Walk in the spirit. Honor God. Praise God. Give glory to God. www.kingjamesbibleonline.org"
18081647195566172,DXuRr8pGfJ_,C0803,😍 Una carita muy preciosa 💖 si que hermoso son los bbs Geopardos..😍💋💋
18372808369200010,DXuRr8pGfJ_,C0854,Tuning in! 💛
17853632136660516,DXuRr8pGfJ_,C0011,❤️❤️❤️
18178539361388854,DXuRr8pGfJ_,C0310,❤️
17997420509889196,DUELhjJjd7D,C1031,♥️🦒🦒🦒🦒🦒🦒♥️♥️♥️🙌
18114949576626493,DUELhjJjd7D,C0393,Thank you for all you do as a team and individually for these beautiful animals and our planet 🙏🏻
17964703779010568,DUELhjJjd7D,C0381,You inspire me every day!! Keep standing tall!! 🫶🏽🦒
18101016106842372,DUELhjJjd7D,C0310,❤️
17898091179244408,DT8dIW2iCC3,C0768,❤️
18069633746533067,DT8dIW2iCC3,C0654,👏👏👏👏👏👏👏
18059510342334960,DT8dIW2iCC3,C0405,❤️
18055331813385546,DT8dIW2iCC3,C1132,I love Giraffes 😍
18015802061646065,DT8dIW2iCC3,C0691,❤️❤️❤️❤️❤️❤️
18137728927490497,DT8dIW2iCC3,C1112,Great work GCF! Here’s to another great year. Chuffed to see our pic too!
18331813612243530,DT8dIW2iCC3,C0580,😍
17961464976031455,DT8dIW2iCC3,C0616,🙂
18330357184246814,DT8dIW2iCC3,C0188,😍😍😍😍
18080879063461541,DVEjcvgj1xY,C0028,Giraffe mirabilis
18111619858732891,DVEjcvgj1xY,C1144,How does one access the files to print the giraffe skulls please? @C1271
18125680870493743,DVEjcvgj1xY,C1183,Pretty sure I need a 3D printed giraffe skull in my home as a conversation piece….
18060806060658988,DVEjcvgj1xY,C0239,👏👏👏
18099111305302191,DVEjcvgj1xY,C1067,🤓
17927459574212949,DVEjcvgj1xY,C0633,👏👏👏😍😍😍
18053112902470818,DVEjcvgj1xY,C0953,I wanna see❤️
18009855974828167,DVEjcvgj1xY,C0156,😍😍😍
18087938720515484,DU6QOvFk9xX,C0286,Hok.ruta.bonla.deshe
18102848533850615,DU6QOvFk9xX,C0624,🙌🙌🙌🙌
18153130576440176,DU6QOvFk9xX,C0035,🔥🔥🔥
18012059543822023,DU6QOvFk9xX,C0513,Thank you guys
18440579848128623,DU6QOvFk9xX,C0513,🙌🙌
18400692022182417,DU6QOvFk9xX,C0123,🙌🏼
17905786239358675,DU6QOvFk9xX,C0321,
18090499705877825,DU6QOvFk9xX,C0230,👏
18558845728017490,DU6QOvFk9xX,C1031,♥️🦒🦒🦒🦒🦒🦒🦒♥️♥️♥️♥️🧸
18064149827645149,DUbWq9sk2fR,C0824,They always look so graceful. Perfect weekend energy.
17872609485519633,DUbWq9sk2fR,C0633,😍😍😍
18070714076164289,DUbWq9sk2fR,C0958,Thank you for the feature!! 🙌
17982726857959667,DUbWq9sk2fR,C0616,🙂
17997406124892722,DUWNHNmDsUE,C0310,❤️
18206587201320888,DTqbkOCjdCj,C0747,❤️
18075486668580158,DTqbkOCjdCj,C1031,❤️🦒🦒🦒🦒🦒🦒🦒🦒❤️❤️❤️❤️🎆
17854210002566953,DTqbkOCjdCj,C0770,❤️🦒🦒
18127664785464080,DTqbkOCjdCj,C0044,I can't freaking wait!!! 💜💜🦒🦒🦒 @C1271 #standtallforgiraffe
18069102914571932,DTqbkOCjdCj,C0174,So cute ❤️
17994084617857134,DTqbkOCjdCj,C0570,That’s so very beautiful. They’re amazing. ❤️
17895274842389100,DTqbkOCjdCj,C0573,This is awesome I’m so glad giraffes are going to be the next book in the series ❤️ so many fabulous animals to protect we could keep going forever 🤗❤️🦒🦒🦒
18520971754070563,DTqbkOCjdCj,C0616,🙂
18100139234052268,DXVdVqvGBrZ,C1156,Yay!!! #bestsection@M0010 and Koda is such a beautiful girl ❤️❤️ God bless 🔥🙌❤️
18071668694557962,DXVdVqvGBrZ,C1234,THE BEST SECTION
17949220422130740,DXVdVqvGBrZ,C0066,Proud momma!!❤️
17876814027578839,DXVdVqvGBrZ,C0066,🥹🥹🥹💕
17991940007955969,DXVdVqvGBrZ,C0196,Too precious 😍
17889623649463682,DXVdVqvGBrZ,C0760,They are so beautiful 🐶💚
17971925565009654,DXVdVqvGBrZ,C0313,"This is such an encouraging reminder that coexistence is not just an abstract concept—it can be designed, supported, and scaled. Programs like this demonstrate that protecting livelihoods and safeguarding wildlife do not have to be competing objectives. 🐶⭐"
18116768869672767,DXVdVqvGBrZ,C0917,benim küçük gardiyanlarım🥹🫶🏼⭐️
18102628609756307,DXVdVqvGBrZ,C0310,❤️
17936216316209661,DXVdVqvGBrZ,C0011,❤️😍❤️
18319389133266293,DXVdVqvGBrZ,C0978,❤️❤️❤️❤️❤️
18068636957666224,DXVdVqvGBrZ,C0791,💗🐆🥰🐾❤️
17952668171962863,DXVdVqvGBrZ,C0973,Oh my 😍😍😍😍😍😍😍
18032503880785534,DUOesl5jXwq,C0616,🙂
17866964622556810,DUOesl5jXwq,C0919,nature’s magic 😍😍😍 fascinating !
17876183523493810,DUOesl5jXwq,C1229,"I love hearing people laugh, it's communicable."
18200887891329762,DVWk_9XDbv8,C0321,❤️
17869799796589928,DWE0qc5Evit,C0041,Happy Independence Day! 🇳🇦 ❤️
18117391657602199,DRFUHr8DPls,C0167,❤️❤️❤️❤️❤️
17867194854416654,DRFUHr8DPls,C1192,Awesome 😍
18124742965575637,DVtRIKfigl2,C0510,@M0038 & @M0036 👏👏😍❤️🫂
18061265921354167,DVtRIKfigl2,C0022,"@M0032 
@M0037 
@M0021 
✊🏻✊🏻🥰🙌🏻"
18087279955947689,DRkL8DrjBZz,C0316,Very cool 🙌🏼
17893081089329634,DXMiL7jjXgk,C0848,😍
18080394440268871,DXMiL7jjXgk,C0075,When is the cheetah coming back 😢
18110587414833689,DXMiL7jjXgk,C0956,Im wating for that drop hope i get it prob not though
18177285040382223,DXMiL7jjXgk,C1127,😍❤️🐆
18222474610314297,DXMiL7jjXgk,C1207,🧡🧡🧡
17858926287627018,DXMiL7jjXgk,C1058,How beautiful 😻😻😻
18133755028476676,DXMiL7jjXgk,C0716,😍❤️🐆🥰🐾🙏😻🧡
18112294456775798,DXMiL7jjXgk,C0532,You canceled the drop :(
17897592564281903,DXMiL7jjXgk,C0011,❤️❤️❤️
18312590686287977,DXMiL7jjXgk,C0684,❤️🐆🍀
18459938383098265,DXMiL7jjXgk,C0162,Good that the tracking collar is a solution that works to help farmers protect against cheetahs geting to their livestock.
18114182587687205,DXMiL7jjXgk,C1131,Always on alert!
18073026536260149,DXMiL7jjXgk,C0196,We love Tupuka 😍
18096951131116588,DXMiL7jjXgk,C0773,Nice pls a video of etango?
18069173225261979,DV1RBwxDDEe,C0708,Everyone’s enjoying a brilliant time! 😃
18060244856653873,DTyJ9OpgXzm,C1233,🎊🎊🎊Can't wait
18076718249368342,DTyJ9OpgXzm,C0633,😍😍😍😍
18010256981670159,DTyJ9OpgXzm,C0044,Can't wait! Going to get geared up! 💜💜🦒🦒🦒 @C1271 #standtallforgiraffe
18115065466608780,DTyJ9OpgXzm,C1031,❤️🦒🦒🦒🦒🦒🦒❤️❤️❤️❤️🍨
18069347225158587,DTyJ9OpgXzm,C0912,yayayayayayayayayayayayayayay
18087559979218500,DV_xrwzjCSH,C0254,Congratulations!👏
18074109800398119,DV_xrwzjCSH,C1179,👏👏👏well done ✔️ lads 🔥🔥super proud of you 3
18080656670118553,DW4VErZEjmD,C0860,So smart to train field staff. I’m sure no one wants to be stranded at dark on the Serengeti.
17919929991313430,DW4VErZEjmD,C0011,❤️❤️❤️
18049345343754260,DW4VErZEjmD,C0310,❤️
18092002025044879,DU5v6CKCn_O,C0711,A photographer's paradise 😍
18047900705735398,DW2bF8jjNJE,C0659,🙏🏼 thank you
17935168485218978,DW2bF8jjNJE,C0817,💔💔
18127052266510858,DW2bF8jjNJE,C0102,"This is a great job , Thank you for doing this amazing job to save All the Cheetah as nessery 🙏🙏💪❤️❤️❤️. By the way , WHERE CAN I DO THIS VOLUNTERY WORK , I want to do it too , Please let me know the mail address 🙏🙏❤️"
18098180039069983,DW2bF8jjNJE,C0741,Thank you for saving these precious cubs ♥️
17968053504043935,DW2bF8jjNJE,C1043,🙏🥰
17942511672177359,DW2bF8jjNJE,C0474,Congratulations 😍❤️
18009677489849916,DW2bF8jjNJE,C0684,🍀
18102573410511800,DW2bF8jjNJE,C0777,👏👏👏😍
18432353284191367,DW2bF8jjNJE,C0011,❤️❤️❤️
18072224045248030,DW2bF8jjNJE,C0842,Is there any way for them to be returned to their mother ?
17949661985990984,DUoOpqdjEUM,C0321,
18088550804059280,DTibOjAjHCe,C0038,So very beautiful ❤️
17969934689847306,DT3TiZ9DdmI,C0616,😍
17984819339985969,DXFDkC8EZUF,C0648,Wish there'd been 1985 at least since '84 at latest in Iran
17915411250167013,DXFDkC8EZUF,C0576,
18577596682047488,DXFDkC8EZUF,C0011,❤️❤️❤️
18039800411798899,DW69EwJESBc,C0517,❤️
18429022768122250,DW69EwJESBc,C0517,❤️
17971504626090042,DW69EwJESBc,C0517,❤️
18431794159127298,DW69EwJESBc,C0121,🙌🙌🙌❤️❤️❤️❤️👏👏👏👏👏
18296273032304777,DW69EwJESBc,C1029,"🙌 thank you for all that you do, to help these precious animals"
18107555597505392,DW69EwJESBc,C0314,❤️
18001679945864695,DW69EwJESBc,C0057,He said his team would
18066542609680099,DW69EwJESBc,C0573,He has such a sad face 😢Thank you for everything you do ❤️🐾🐾
18096928160118236,DW69EwJESBc,C0008,"Thank you that you found them, my God!!! 11 cubs... You save  their lives... Aidan has such a nice , very smart and sad eyes.. Thank you. Please, write me where I can send money for donation for this cubs. and for  Aidan"
18065236151669629,DW69EwJESBc,C0066,So beautiful ❤️
17994825464937620,DW69EwJESBc,C0095,"Gracias por el gran trabajo que hacéis👏, Aidan ❤️"
18073234316333788,DW69EwJESBc,C0193,Thank you 👏❤️
18091373296922100,DW69EwJESBc,C0869,SEND ME THIS POST
18084270101359110,DW69EwJESBc,C0700,Is it possible to come there and have a visit in this beautiful place? Thanks
18390825982158118,DW69EwJESBc,C1231,Thank you Staff of the CRCC!!!
18114190873719404,DUggSmvjmH0,C0437,Thankful 😍
18085704967907383,DUggSmvjmH0,C0321,
18543394666066330,DVyHG_Jijrz,C0724,@M0001 😍🏆👏👏
18105689017868807,DVyHG_Jijrz,C0169,Beyond proud from IUM❤️
17914886853326741,DVyHG_Jijrz,C0849,@M0046 🔥😍👏👏
18087994981962096,DV0so-eCkJk,C0838,@C1254 I know her too... we were classmates 🫢🥲 congratulations @C0533 🫠
18108728140753682,DV0so-eCkJk,C0492,It's in the blooooood😏😁
17901330288392854,DV0so-eCkJk,C0045,Congratulations 🍾 ❤️🙌
18041531804757839,DV0so-eCkJk,C1254,I know her👀
18179788735337615,DV0so-eCkJk,C0024,👏🏽
17947372800117840,DV0so-eCkJk,C0322,💯🙌🏾
17913940065341769,DV0so-eCkJk,C0968,👏Congrats @C0533 ❤️😍
18198368230340593,DV0so-eCkJk,C1083,👏🙌🔥
17856020514587624,DV0so-eCkJk,C0849,Chossssss @C0533 🔥🔥🔥
18065242574393976,DRhp-g_DJMg,C0226,I remember meeting Chinga at Okinjima in 1990. Returning from a trip to the Kaokoveld. Beautiful creature and the place where my birdwatching passion was ignited. Hope to visit again sometime and keep up the great work.
18030277346551582,DRhp-g_DJMg,C0778,♥
18093031126729756,DRhp-g_DJMg,C0538,An amazing organisation 👏
17907863211272712,DRhp-g_DJMg,C0038,Excited to hear about this new chapter 😍
18100052713755724,DRhp-g_DJMg,C0825,Very curious to learn more about your new framework
17842017765630757,DRhp-g_DJMg,C0656,@M0041 🧡
17960536689063004,DWURr-cDbzB,C1212,"Seht mal hier @M0013 @C0054 , vielleicht passt zeitlich für euch , um in Windhoek dabei zu sein, @M0012 , wer ist von #EHRA vor Ort?"
18083499920573314,DXB-DjOjmZ2,C0147,Helooo send me whatsapp [redacted] I need a puppy pliz
17958459510109944,DXB-DjOjmZ2,C0219,Aaaaaawwww! I love it ❤️
18409254931180712,DXB-DjOjmZ2,C0011,❤️❤️❤️
17854469337636777,DXB-DjOjmZ2,C0591,haha so cute! good job Onkondo
18118543393636062,DXB-DjOjmZ2,C1156,#bestsection@M0010 🙌❤️
18141630793492817,DVy5ucnCAYI,C0275,🔥🔥 wow
18356223700225416,DVy5ucnCAYI,C0735,😮😮😮😮😮
18096733400008138,DVy5ucnCAYI,C0890,Wow...just breathtaking!😍
18151884166454934,DVqcuKHmK2G,C0891,Wow that sounds amazing😍! From what time are you looking for volunteers?
18191549698362159,DWW44aTDSt2,C1232,Fabulous work Hanjo and Lorre!! @M0007 🌳 🌱 💚
18458028301102125,DWW44aTDSt2,C1014,💚💚💚💚💚
18384679870091760,DWW44aTDSt2,C0096,Fantastic!👏
18091678766080894,DUDf5d4DUm_,C1054,Keep on inspiring  farmers 🔥🔥
18093628825781580,DUDf5d4DUm_,C1212,Interesting for @M0014 @M0012 ?
18101241289858222,DUDf5d4DUm_,C0234,💪🏾💪🏾💪🏾👏 great work with some community gardens you been involved in 🙏🏾 #improvinglivelihoods
18087947417196322,DWsMJvfjOo5,C0760,"How beautiful 🐆 Happy Birthday, Dominic! 🌿"
17883525672490991,DWsMJvfjOo5,C0648,Wish there’d been 1988 at least since ‘84 at latest in Iran
18111687178698944,DWsMJvfjOo5,C0211,❤️
18044710832762945,DWsMJvfjOo5,C0625,Bro eating like he ain't been fed in 8 years 😹😹😹
18099459727794719,DWsMJvfjOo5,C0308,Happy birthday to the cheetah that bears my name❤️❤️❤️
18066812045416699,DWsMJvfjOo5,C0011,❤️❤️❤️ happy birthday ❤️❤️❤️
18089297248954089,DWsMJvfjOo5,C0238,❤️
18070538234277204,DWsMJvfjOo5,C0439,❤️
18065043041656887,DWsMJvfjOo5,C0611,"Happy birthday, a treat today. 🐆💛"
18057547445507668,DWsMJvfjOo5,C0775,Happy birthday Dominic! Have a wonderful day❤️❤️🎁
18070284437279496,DWsMJvfjOo5,C0352,Happy birthday Dominic!!❤️🥰😍😁😃😻🤗❤️🥩🥩🥩🥩🥩🥩
18125805217577404,DWsMJvfjOo5,C0636,Happy happy happy birthday 😻😻🙌🏻😻😻
18087328769260680,DWsMJvfjOo5,C0303,Happy Happy Birthday! Live long and prosper!!!!
18095706199859986,DWsMJvfjOo5,C0739,Happy Birthday to the cutest cheetah! 🎂🎉❤️
18192622996340511,DSvNTG6DxNi,C0952,Amazing photo! 🔥🔥
18139390165465921,DSvNTG6DxNi,C0393,A beautiful photo! 😍
18545541850015176,DSvNTG6DxNi,C0616,😍
18064145759214754,DSvNTG6DxNi,C0339,So beautiful 😍
17992364588887942,DSvNTG6DxNi,C0705,🔥
18050389580445571,DS8FQVIjdpH,C0610,
18095252662839643,DVrBQE7jEWE,C0281,👏👏👏
18089776154133116,DVrBQE7jEWE,C0275,❤️❤️❤️❤️❤️
17993650235925072,DVrBQE7jEWE,C0021,❤️❤️❤️
18577496206024660,DVthvBkjAAF,C0529,Oooooof I miss it
18542337463064739,DVthvBkjAAF,C0414,😍❤️
17917914444284126,DVthvBkjAAF,C0041,
18059465978766172,DWWv0b4kmFB,C1231,Excellent news. Everybody who can please support this proposal to give this beautiful animal the protection they deserve!
18090684451918439,DWWv0b4kmFB,C0690,We need more cheetahs. 🙏❤️
18083758955362197,DWWv0b4kmFB,C0716,😍❤️🐆🥰🐾🙏🙏🙏🙏🙏😻🧡
18567950434017052,DWWv0b4kmFB,C1136,This is awesome!! Great work y’all!
17992184966928814,DWWv0b4kmFB,C1210,I belive it when I see it
18058722533448628,DWWv0b4kmFB,C0211,Let’s see this proposal through! All cheetahs need the highest level of protection.🙌
17990350919783418,DWWv0b4kmFB,C0011,❤️❤️❤️
18178713748345437,DWWv0b4kmFB,C0303,how long does it take to review and approve this type of proposal
18077671136193487,DTBO21Djf01,C0974,Glad to see this 😍 good memories
18095339339028093,DWouAPSEVB9,C1231,Excellent and another example of the holistic approach CCF is known for. Exemplary.
18098255890978952,DWouAPSEVB9,C0011,❤️❤️❤️
17901767454223477,DU-ncR0jTOc,C0146,😍🔥🙌
18074714033111914,DU-ncR0jTOc,C1014,👏👏👏👏
18109057438664858,DU-ncR0jTOc,C0096,👏❤️
18091344857036851,DU-ncR0jTOc,C1054,🔥🔥
17898551463397160,DU-ncR0jTOc,C0819,👏👏👏
17966303900862220,DS-qEVPADma,C0843,Great capture!
17892610605258721,DS-qEVPADma,C0952,Amazing photo! 🔥🔥
18098588512892694,DS-qEVPADma,C1224,👏👏👏
17905756212324960,DS-qEVPADma,C0394,"Gosh, did you have to wait a long time for them all to align like that? 🤩"
17894787321245085,DS-qEVPADma,C0058,👏epic shot!
18117880405502364,DS-qEVPADma,C0086,One of the best pictures i’ve ever seen of giraffes.
18050173802442680,DS-qEVPADma,C0924,@M0019 Un día cuidaremos una juntos
18251229619288100,DS-qEVPADma,C1031,♥️🦒🦒🦒🦒🦒🦒♥️♥️♥️🎁
18063596951541821,DS-qEVPADma,C0437,"🙌Thank you, Tall wishes back to you 🙏"
17879097606492250,DVmCpq8jAER,C1230,💚💚
18061013663692702,DWl7H61DbCB,C0648,Wish there’d been 85 at least since 1984 at latest in Iran
18009657356699524,DWl7H61DbCB,C0969,"@M0011 Thank you for the opportunity to speak with Brian on this episode. We look forward to continuing to promote conservation through collaboration. Together, we can eliminate rabies for everyone."
18179644864382890,DWl7H61DbCB,C0162,I never knew cheetahs ever had rabies.
17913423639351378,DWl7H61DbCB,C0348,🧡🐾
17851445922658072,DWl7H61DbCB,C0011,❤️❤️❤️
17878793976429042,DReQDwTDOOM,C0596,❤️🔥
17994163811714635,DReQDwTDOOM,C0841,How does one become a surveyor I’m interested?
17939869403965402,DReQDwTDOOM,C0841,👏👏
18094632929056012,DVyJnZlDMPe,C0639,❤️❤️❤️
18058536155398100,DVwVD1GjiEL,C0203,awesome experience! 😍 pics by @M0033 📸
18105039470508346,DVwVD1GjiEL,C0021,Yes I have😍
18087396791236222,DVwVD1GjiEL,C0592,You would be hard pressed to find a better Place to spend a week in Namibia
18073170182556386,DVwVD1GjiEL,C0021,❤️❤️
18146439163414124,DVZJxG8gdBv,C0670,Is this one of the eagle we had in the enclosure at Naankuse sanctuary Windhoek?
18348425881232417,DVZJxG8gdBv,C0284,😍
18043602311768377,DXMoBOzDnXM,C1154,❤️
18092604518270532,DXMoBOzDnXM,C0245,Happy to talk while here!
18096518245913754,DTOG1rZj1Wf,C0141,❤️🥰
18074608202365676,DTOG1rZj1Wf,C0770,❤️🦒🦒❤️🦓🦓🦓
18096309634726345,DTOG1rZj1Wf,C1031,❤️🦒🦒🦒🦒🦒🦒🦒❤️❤️❤️🎈
17961079584011630,DTOG1rZj1Wf,C0393,Thank you for all the work you do for these amazing animals and the planet 🙏🏻🙏🏻
18010389968820241,DTOG1rZj1Wf,C1188,🙌
18091755838782535,DTYZ__3jMEy,C0466,Please follow ccf_france_guepards
17851709325582944,DTYZ__3jMEy,C1031,❤️🦒🦒🦒🦒🦒🦒🦒🦒❤️❤️❤️❤️💖
17912338569269773,DTYZ__3jMEy,C0922,Thank you for bringing the Angolan giraffe back to Iona! 😍
18045339881499252,DTYZ__3jMEy,C0633,👏👏👏👏😍😍😍😍😍
18104856689499423,DUlV2iNCOB0,C1190,🔥🔥 😇 😇 😇 😇
17973511052846918,DUlV2iNCOB0,C1089,We are so grateful to be part of this mission. Let's keep them safe!
17923957350247500,DUlV2iNCOB0,C0638,😍😍
18093901885964560,DUlV2iNCOB0,C1215,😍😍😍so cute
17914370685253237,DSQTzsPDRJ6,C1031,❤️🦒🦒🦒🦒🦒🦒❤️❤️❤️🍡
17844139344634564,DSQTzsPDRJ6,C0247,Nice initiative 🙌
18004034057832122,DSQTzsPDRJ6,C0515,a positive use of ai!!
18126419005607522,DXO2QOUln2I,C0387,I can see Amos shiyuka over there
17962188630050841,DV99gHxDCdy,C0011,❤️❤️❤️
18134500240515467,DV99gHxDCdy,C0648,Wish there'd been 85 at least since 1984 at latest in Iran
18122293840595250,DV99gHxDCdy,C0565,와~~~^^너희들을. 어떻게. 안좋아  할수있겠어. 너무 사랑스럽고. 지금도  잘지낼까?걱정된다😍😍😍😍
18089979299224876,DXG8IUMDeZj,C0715,Oh great!!
17976831054021694,DXG8IUMDeZj,C0107,Fantastic!👏🏾❣️☀️
18197315800348054,DXG8IUMDeZj,C1270,Lovely
18149855188482745,DXG8IUMDeZj,C0884,👏👏👏👏👏❤️
17921377431122040,DXG8IUMDeZj,C0157,Oh wow!! My favourite destination at Etosha 😍
18187922449374512,DXG8IUMDeZj,C0872,Discover a haven of refined luxury at Horizon ❤️👏 @M0035
18176525788367355,DSLMZorAZyc,C0748,Love seeing the babies 😍
18094820908721346,DRz_BrsjG0U,C0997,🦒🤓
18570101335059403,DVT5VGnDVSk,C0670,I remenber in Wulfy😍
17876413131514599,DVT5VGnDVSk,C1038,🙌
18086412431131795,DVT5VGnDVSk,C0493,Ag nee julle mors geld
18061058285676044,DVT5VGnDVSk,C0735,👏👏👏👏
17928390399218392,DVT5VGnDVSk,C0412,😢
18099448880171129,DTlR_2oEp9y,C1257,😊
18551192629007336,DTlR_2oEp9y,C0044,That is just stunning to me! 💜💜💜🦒🦒🦒🦒 @C1271
18087738014024715,DTlR_2oEp9y,C0770,TGIF ❤️🦒
18086708362893997,DTlR_2oEp9y,C0542,TGIF! 🦒 ❤️
18023954810789782,DTlR_2oEp9y,C0616,🙂
18579503152037801,DWhFSe_Epwk,C1231,😍
18355975981235198,DWhFSe_Epwk,C0648,Wish there’d been 85 at least since 1984 at latest in Iran
18164261065423020,DWhFSe_Epwk,C0770,❤️😍
18097560290075766,DWhFSe_Epwk,C0854,The cuddle puddle on the 4th slide?! Immaculate vibes ✨
18083734970345710,DWhFSe_Epwk,C0357,🐆💖
18158172760443618,DWhFSe_Epwk,C0417,🥰🥰🥰
17852256429644839,DWhFSe_Epwk,C0352,Is a good day for this coalition!!❤️🥰🤗😻😃😍😁❤️
18083843276344241,DWhFSe_Epwk,C0011,❤️❤️❤️
17978176487971595,DTTQcXSDwcQ,C0910,
18097182860494298,DTTQcXSDwcQ,C0044,TGIF!! 💜💜🦒🦒🦒 @C1271
18187627525355267,DTTQcXSDwcQ,C1031,❤️🦒🦒🦒🦒🦒🦒🦒❤️❤️❤️🍦
18034438697549589,DTTQcXSDwcQ,C0770,❤️🦒
17991189056748122,DTTQcXSDwcQ,C0616,😍
17921888874300987,DXQx2jFFrjg,C1187,One of the best game rangers (Zuma) we have ever had on a game drive even a #bushwalk with him and #rhinos 👏
17957631495111561,DWI5bFigUef,C1150,good looking can you plz also become the investors of skoonhied resettlement project farm @M0030
18073685993192801,DWFHDlUj2ZX,C0576,Beautiful ❤️❤️❤️
17898299280261118,DWFHDlUj2ZX,C0648,Wish there'd been 85 at least since 1984 at latest in Iran
17963409645053982,DWFHDlUj2ZX,C0376,Guepardos 😍😍🔥
17857153116581952,DWFHDlUj2ZX,C0770,❤️😍
17844955104696571,DWFHDlUj2ZX,C0847,Amazing and informative.
18096669884006329,DWFHDlUj2ZX,C0352,Best wishes in this important event!!❤️😍😁🥰🤗😻😃❤️
18072463961551206,DWFHDlUj2ZX,C0011,❤️❤️❤️
18052616675671935,DR-SMDzDZx2,C0570,❤️❤️❤️👏
18388445185093028,DXWQDv-iRp8,C0452,When I lived there I felt exactly this… the longing to return to this piece of land … a haven of life replenishing tranquility.
18097703978001799,DWCI-u-Ee46,C0648,Wish there'd been 85 at least since 1984 at latest in Iran
18521516728076330,DWCI-u-Ee46,C0775,Interesting info. Would like to hear more about what you learn about animals in the zoos and out of them
18386829505083104,DWCI-u-Ee46,C0593,I was so excited to be part of this! Thank you so much for having me. I love everything you all do for wildlife conservation!
17938814496174607,DWCI-u-Ee46,C0011,❤️❤️❤️
18097567651996081,DVv5Vyeje89,C0913,❤️❤️❤️❤️👏👏👏👏👏👏👏👏
18046230812724484,DVv5Vyeje89,C0854,This rocks! 🙌
18104851966849870,DVv5Vyeje89,C0318,"We are very happy with partnership, @M0005! Thank you 🐾"
17902968711222508,DVv5Vyeje89,C0321,
18411195085192202,DVv5Vyeje89,C0860,👏👏👏. Great news and thanks Italy!
17874770382541848,DVv5Vyeje89,C0059,We’re so proud to support such important work! Thank you for everything you do for cheetah conservation ❤️
18070325381231130,DVv5Vyeje89,C0011,❤️❤️❤️
18069146558578101,DRwcckvjYNV,C0770,❤️🦒🦒🦒🦒
17899916172242195,DVeTYKBDDi-,C0890,🙌 beautiful how second chances can be all they need❤️
17884046688514430,DXbe6nYCnwx,C1228,"“Earth Day every day 🌍💚 Because protecting the planet can’t be a once-a-year commitment 🌱 It’s in the choices we make daily—planting more, wasting less, conserving water, and living in greater harmony with nature. Small actions, when done consistently, create lasting change 🌿✨”"
18110616595873491,DXJnfgRDJCq,C0863,amazing💯❤️👏🏼
17943472290176404,DXJnfgRDJCq,C0165,👏👏👏👏👏
18110179045872020,DXJnfgRDJCq,C0447,🙌🙌
18133804678536750,DXJnfgRDJCq,C0867,congratulations 🫶🏼👏🏼👏🏼🤩
18007966106909875,DXJnfgRDJCq,C0845,"Great achievement, congratulations!"
18578634400056915,DXJnfgRDJCq,C1151,Congratulations 🫶💪🥂🐘💚
17997422360758455,DXJnfgRDJCq,C0674,👏👏👏 So proud!
17891483424328991,DXJnfgRDJCq,C0310,👏
18101439028794837,DWHfqggD7KW,C0344,Gosh they are just stunning.
18096099880845594,DWHfqggD7KW,C0760,🐆💚
18076330169548584,DWHfqggD7KW,C1099,I can c u 👏
17862122145666886,DWHfqggD7KW,C0648,Wish there'd been 85 at least since 1984 at latest in Iran
18109452901808828,DWHfqggD7KW,C0150,So beautiful! 🤠
18103040671928909,DWHfqggD7KW,C0684,🍀
18561744457020832,DWHfqggD7KW,C0497,❤️❤️❤️
18003797051718262,DWHfqggD7KW,C1055,African cheeta
18044725745726298,DWHfqggD7KW,C1032,😍😍😍👏👏🔥🔥
17882584221472589,DWHfqggD7KW,C0170,I love all feline! Thanks for the work and dedication to preserve them. ❤️👏👏👏
17879572164395103,DWHfqggD7KW,C0198,Beautiful
17859654189565186,DWHfqggD7KW,C0011,❤️❤️❤️
17974417445849253,DWHfqggD7KW,C0478,Thank you!!!!!
18185280787370115,DWHfqggD7KW,C0441,💚💚💚
18092419102893072,DWHfqggD7KW,C0348,🧡🐾
18316081078248413,DVO3p9GDGew,C0021,❤️❤️
18140184301457198,DR5IqOsiJb_,C0158,They can really hurt each other doing this. I've seen their necks get bloodied. :(
17842276854640226,DR5IqOsiJb_,C0304,😮‍💨
18074883041194784,DR5IqOsiJb_,C0771,Auch 👏
18205674622316774,DR5IqOsiJb_,C0757,Me wrestling with my self doubt
18106598293629311,DR5IqOsiJb_,C1180,"😮 Wow, that looks so violent!"
18097808251833431,DR5IqOsiJb_,C0017,Pin krde viral h
17975513657958813,DR5IqOsiJb_,C0017,😂🙌
17996660960949629,DXtaDoijIT_,C0310,❤️
18092513936466577,DXtaDoijIT_,C0056,What about little Mimi ? ❤️
18585120370050549,DXtaDoijIT_,C0845,🐘🩶
18099447229997105,DXPE5MbDHp0,C0249,See you end of August! 😍
18096856093878805,DW9CcE-D6SX,C0372,Little beauties aren't they
18102888362510213,DW9CcE-D6SX,C0037,the
18074721341530063,DVavhOlDFHe,C0892,So is Piet officially the strongest male? Or is Amazon the strongest male?
18088642193132631,DVavhOlDFHe,C0021,❤️❤️
18011241584827494,DVavhOlDFHe,C0889,How to sign up for volunteering?
18013448561855335,DV7XJOljNi_,C0985,Voglio venire da voi
18095397764011290,DV7XJOljNi_,C0648,Wish there'd been 1985 at least since '84 at latest in Iran
17955549066080549,DV7XJOljNi_,C0525,❤️❤️❤️❤️❤️❤️❤️❤️❤️
18160666756425903,DV7XJOljNi_,C0943,😍😍😍😍😍❤️❤️❤️❤️❤️
18101365331306354,DV7XJOljNi_,C0770,❤️😍
18132015628531367,DV7XJOljNi_,C0011,❤️❤️❤️
18119960818618818,DV7XJOljNi_,C0565,멋지고. 사랑스러운. 치타. 너희들이. 너무 좋아😍😍😍😍😍
18108579670872376,DWnsHF-DQxD,C0347,My favourite wilderness 🙌🔥
18087933050591008,DXoz26sjP1a,C0948,Congratulations Mark 🔥🙌
18001439669869613,DXoz26sjP1a,C0391,Amazing Mark! ❤️👏
17994135158776896,DXoz26sjP1a,C0436,Well done must be a great feeling
17926465809101040,DXoz26sjP1a,C0310,👏
18103539466756324,DXoz26sjP1a,C0918,👏👏👏👏
17854349538619912,DUi-O5xmKYK,C0252,❤️
18102644752848107,DUi-O5xmKYK,C0774,❤️❤️❤️❤️
18335659645245877,DUi-O5xmKYK,C0590,Please don’t forget to tag or mention me as these photos are mine 😉🫶🏼
18564288016065241,DVJlhV9DD_m,C0414,😍😍❤️👏
18566070709056082,DVJlhV9DD_m,C0434,miss you Mieli🥺🥺🥺
18194789554352186,DWAqKGpkuSD,C0681,So cool! Congrats Tresia on the award for genetic work!
17941572087152453,DWAqKGpkuSD,C1160,Incredible work
18426947461188014,DWAqKGpkuSD,C0011,❤️❤️❤️
18382111924092363,DWAqKGpkuSD,C1048,Scat detection dogs are the key to the future for geneticists & researchers trying to help stabilise these populations.
18277272670303370,DSYCJfoj4ik,C0395,👏👏👏👏👏👏
18106752448894736,DWtKKg3jMKm,C0153,Volunteering for EHRA was a great experience. Thanks EHRA!
17876078538447114,DXTqzuxjCXj,C0085,Congratulations @M0018 !! Well deserved 👏
18081180158102990,DXTqzuxjCXj,C0544,Amazing 🤩 Congratulations Taiwin 👏👏👏
17886226536474299,DXTqzuxjCXj,C0484,Congratulations Taiwin!
18333849844218813,DXTqzuxjCXj,C0647,🙌👏🔥I spy..... A winner 😍
18131741725553891,DXTqzuxjCXj,C0317,This is incredible 👏👏👏
18040692449782567,DXTqzuxjCXj,C0306,Mega
18101397049772634,DXTqzuxjCXj,C0674,Congratulations @M0018 👏🎉🐘
17864579397623351,DVghGJuDbWD,C0011,❤️❤️❤️love it
17973874979845420,DVghGJuDbWD,C0728,It is the 4th title on the Big Blue Earth series published by @M0006
17967770580016823,DVghGJuDbWD,C0728,"My favorite book is “A Speedy Little Cheetah on the Big Blue Earth” written by @M0047 , illustrated by me, @C0728 , for @M0006 out of Minnesota! It will be out March 10th! We would be so honored to send you a copy! ❤️🐆"
18040062512709163,DRaPEBQjOK7,C0633,👏👏👏👏😍😍😍😍
18081820301615993,DVSdPEfDGlm,C0467,😍🙌
17938622283159910,DVSdPEfDGlm,C0160,😍
18042465065742484,DVSdPEfDGlm,C0321,😍
18047837438687820,DU0pr3KjK2K,C1130,Quad biking in Swakop was FUN 🔥
17897246505263538,DVteIrHkpr9,C0770,❤️😍
18095134534815763,DVteIrHkpr9,C0648,Wish there’d been 85 at least since 1984 at latest in Iran
17883038736369346,DVteIrHkpr9,C0684,🍀♥️
18089192924232115,DVteIrHkpr9,C0676,Aw she looks cute
17850695646641511,DVteIrHkpr9,C0321,😂
18078142496098734,DVteIrHkpr9,C0937,😍😍
18350819248239519,DVteIrHkpr9,C0011,❤️❤️❤️
18081891359587592,DVteIrHkpr9,C0348,🧡🐾
18163459849372127,DVteIrHkpr9,C1099,Go on ma
18064718000290849,DUv9CdXiIPB,C0875,So cute 🥰
17894336457225936,DRDKx7WjEV0,C0009,"(Page# 2)  It's the County of Alameda, CA on November 27, 2025 at 5:31am(pacific)."
17915271246087748,DRDKx7WjEV0,C0009,"I love giraffes, also.  Happy Thanksgiving Day in 2025,  the giraffe_conversation homepage.  This intriguing animal plays a major part in Charles Darwin evolution theory.  The giraffe with a short neck desires to reach food higher than he or she can reach.  By concentrating or desiring to reach food higher than a short neck giraffe can reach, the development of the longer neck giraffe becomes a seed to plant in female giraffes to birth long neck giraffes.  AMAZING?  Yes, it's amazing.  A follower of the giraffe_conversation homepage, Mr Pea if you are under the age of twenty-one(21) or without a girlfriend or a potential wife or a wife or just Marcus to real familiar face African American family members and my very few familiar face African American friends."
17856526128506380,DRDKx7WjEV0,C0770,❤️🦒🦒🦒
17969467247970720,DRDKx7WjEV0,C1264,TGIF 🦒🦒🦒🦒
17997189425696434,DRDKx7WjEV0,C0570,So very beautiful!! Thank you so much for all that you do. Donated. ❤️
18411882781130541,DVeHLEsEZn4,C1099,Thank u
18097491254480621,DVeHLEsEZn4,C0011,❤️❤️❤️
18073956767576134,DUk1QjjDDWR,C0274,I did this and I will never forget the wonderful experience.
18095732995786086,DUk1QjjDDWR,C0988,I miss the baboons😍
17944099863104876,DUk1QjjDDWR,C0370,I absolutely loved the baboon walk. Best experience ever🙌❤️
17947459674093232,DUk1QjjDDWR,C1013,😍😍
18088036841109726,DUk1QjjDDWR,C0486,Was the best experience ever! Abraham and Thomas are just the best as well!!! 🙌🙌
18113003344644600,DUk1QjjDDWR,C0594,Baboon walk was one of the best experiences ever❤️
18098032459934538,DUk1QjjDDWR,C0364,I loved doing this when we were  there ❤️
18071542013170013,DUk1QjjDDWR,C0779,Oh how I miss this! Definitely need to come back!
18084821261236833,DUk1QjjDDWR,C0071,I miss this place so much and I only went two years ago xx ❤️
18312365290281980,DUk1QjjDDWR,C0375,I’m so excited to have the opportunity to experience it very soon! 😍
18125611771571084,DV_Pa2ujuyN,C0279,😍😍
17857117236650779,DXbqi4PDIfu,C0187,"HERE’S THE LINK TO DONATE. 

https://www.justgiving.com/page/mark-edsell?utm_medium=FR&utm_source=WA"
18463024180101646,DXbqi4PDIfu,C0187,👏👏👏👏
18092061167235506,DXWaGU2DI8-,C0774,❤️❤️❤️❤️❤️
17859617043687399,DXWaGU2DI8-,C0703,love to see she is doing well 😍 saw her a year ago and she is so cute!
18051368555719992,DXWaGU2DI8-,C0535,😊
18418194745122704,DXWaGU2DI8-,C1036,😍😍👏
18437867827139141,DXWaGU2DI8-,C1147,❤️❤️❤️❤️❤️❤️❤️
18448062706117907,DXWaGU2DI8-,C0845,😍😍😍 Amazing news!
17930650122075981,DXWaGU2DI8-,C0418,🥺🥺🥺🤍🤍🤍
17886714372506610,DXWaGU2DI8-,C0310,❤️
17854236267646996,DXWaGU2DI8-,C0056,Prayers this little one stays strong and is here for many more years to come ❤️ 🐘
17945719353077726,DXWaGU2DI8-,C0068,🐘♥️♥️♥️
17890486467464422,DWyTxceDHN1,C0535,😊
18044950859742914,DWyTxceDHN1,C1041,Incredible ❤️
17908238352202755,DWyTxceDHN1,C1259,Great work EHRA 🤗
18069440552287594,DWyTxceDHN1,C1151,Keeping fingers crossed he keeps himself and his buddies out of trouble 💚
18095917258960014,DVZ3LZRElaC,C0595,😍😍😍
18118250836619096,DVZ3LZRElaC,C0040,❤️
18108700942743543,DVZ3LZRElaC,C0648,Wish there’d been 87 at least since 1984 at latest in Iran
17996734706744934,DVZ3LZRElaC,C0200,❤️
18364446106164316,DVZ3LZRElaC,C0011,❤️❤️❤️
18109179052685406,DVZ3LZRElaC,C0336,I bet it's going to be a cheetah! This is gonna rule 😄
18093805421069402,DVZ3LZRElaC,C0073,Your work is amazing
18061451903669671,DVZ3LZRElaC,C0073,👏👏👏❤️❤️
18570810286029743,DVZ3LZRElaC,C0770,❤️😍
18093103220323108,DVe15yLj6YW,C0943,😍😍😍😍😍😍❤️❤️❤️❤️
18089584466141534,DVe15yLj6YW,C0525,❤️❤️❤️❤️❤️❤️❤️❤️❤️❤️❤️
17963658567023532,DVe15yLj6YW,C0376,🥰🥰🥰🥰
17863077666604063,DVe15yLj6YW,C0595,😍😍😍
18144311212479018,DVe15yLj6YW,C0015,😍😍😍❤️❤️❤️❤️❤️❤️❤️❤️❤️❤️❤️
17973917783845454,DVe15yLj6YW,C0859,❤️❤️❤️❤️❤️❤️❤️❤️😍😍😍
18137539906496507,DVe15yLj6YW,C0848,😍
18307167082276098,DVe15yLj6YW,C0472,🐆😍❤️❤️😍🐆
17991387944946731,DVe15yLj6YW,C0265,😍😍😍
18095857870797799,DVe15yLj6YW,C0040,❤️
18086155480951736,DVe15yLj6YW,C0648,Wish there’d been 87 at least since 1984 at latest
18086076068231895,DVe15yLj6YW,C0854,Time for a cat nap 🥹❤️
18129907588469973,DVe15yLj6YW,C0200,❤️🐾🙏
18090226783887699,DVe15yLj6YW,C0003,😍😍😍
18145232557478150,DVe15yLj6YW,C1058,😻😻😻
17937101334017597,DVXZSXLDLb0,C0078,Looks great 😍
18009122714688960,DVXZSXLDLb0,C1088,Love this 🙌🙌❤️
18444301369105224,DVXZSXLDLb0,C0258,❤️❤️❤️❤️
18444783481104210,DVXZSXLDLb0,C0011,❤️❤️❤️
17870870229456605,DVXZSXLDLb0,C0338,Amazing job Callum and team! Laurie’s expression when she saw the landrover inside was priceless
17872842087545367,DVXZSXLDLb0,C0898,❤️
18106928371839194,DVXZSXLDLb0,C0557,Love this for Dr. Laurie and the goats!  Fun and stimulating for all. Bravo @M0008!!
18188495773318526,DVqtQN1Deaf,C1057,❤️❤️
18095948029803800,DVqtQN1Deaf,C0011,Love the pictures😍
17861480775610618,DVqtQN1Deaf,C0011,❤️❤️❤️
18130760944535052,DVqtQN1Deaf,C1065,We so enjoyed our visit thank you! 😍
18102526609735381,DRIGtULDGKm,C0118,How terrible!  It is wonderful that they are being moved.
18181675024348161,DRIGtULDGKm,C0048,The destruction of wildlife habitat is so sad 😢
18064707182438809,DRIGtULDGKm,C1090,Thank you for what you’re doing to save the giraffes!
17857971858554727,DRIGtULDGKm,C0291,😓😓😓😓😓
17879250240327008,DRIGtULDGKm,C1271,Thank you @M0026 for the fantastic photos!
17945666286070177,DRIGtULDGKm,C0945,So sad for the beautiful giraffe. They need their space. Thankyou for helping them.
18145572817441083,DRIGtULDGKm,C0191,Muito triste 😞. Tomara q o resgate aconteça logo..
17897607741340131,DRIGtULDGKm,C0505,👏
18046550897429727,DRIGtULDGKm,C0070,😮😮😮😮😮😮
18141677017448996,DRIGtULDGKm,C0437,"Nice Observation, 👏👏"
18085891567977304,DRIGtULDGKm,C0264,🙏🏼🙏🏼🙏🏼
18030840005744648,DRIGtULDGKm,C0570,"Thank you always for the conservation, rescuing of these beautiful creatures. ❤️❤️❤️"
18084457999998625,DRIGtULDGKm,C0944,How wonderful that you are doing this. Amazing how the giraffe seem to know that you are taking care of them.
18078913886341740,DUoHy9SjDWf,C0590,And again please don’t forget: my photos 😉
18201480250328510,DUoHy9SjDWf,C0890,❤️❤️❤️❤️ my dream to see these majestic animals up close in the wild.
18094343272821576,DVBDGWRjKFU,C0931,I miss Namibia
18427520641187423,DVBDGWRjKFU,C0021,❤️❤️
17927943177141050,DQ96W0vD9A5,C0961,👏👏🙌
18090076462912117,DQ96W0vD9A5,C1158,are they away from predators like lions ? @C1271
18078523610180734,DQ96W0vD9A5,C1031,♥️🦒🦒🦒🦒🦒🦒♥️♥️♥️😍
18430216456104222,DQ96W0vD9A5,C0759,Hi! Which brand/ units do u use?
17864592456504649,DQ96W0vD9A5,C0616,😍
18184036486347460,DQ96W0vD9A5,C0151,❤️❤️❤️
17893021230223491,DQ96W0vD9A5,C0770,❤️🦒🦒
17924612898036651,DQ96W0vD9A5,C0449,❤️❤️
17947430838026902,DQ96W0vD9A5,C0633,👏👏👏👏👏😍😍😍😍😍
18114795448567885,DQ96W0vD9A5,C0570,Wonderful to see your hard working paying off with these beauties! ❤️❤️
17893751889352807,DQpT_FHjeeA,C0570,❤️❤️❤️
18085391345588570,DWQ_vNvDHIN,C0129,Happy happy birthday to an amazing woman!!
18137035561518842,DWQ_vNvDHIN,C0406,Happy birthday Anna! ❤️
18417183301122969,DWQ_vNvDHIN,C0674,Happy birthday @M0022 🎉
17921663877274850,DWQ_vNvDHIN,C1171,Happy birthday ❤️
17998712147864689,DWQ_vNvDHIN,C0310,👏
17930073693158219,DRsQo-BARQL,C0104,Oh my
18397318234123374,DRsQo-BARQL,C0116,Is this like scoliosis ?
18066828053416017,DRsQo-BARQL,C0298,Chiropractor?😄🙏💖
18304350175269338,DRsQo-BARQL,C0697,❤️❤️❤️❤️❤️❤️❤️
17927123556178613,DRsQo-BARQL,C0697,BEAUTIFUL 🦒
18065451854166415,DRsQo-BARQL,C0251,😍😍✊🏻✊🏻
17907729552276295,DRsQo-BARQL,C0780,Santa Barbara Zoo had one for years. Everyone thought she was injured and in pain but she was a perfectly fine healthy giraffe and lived out her life like that.
18102750781670752,DRsQo-BARQL,C0922,Nature keeps surprising us 😍
18073905137011693,DRsQo-BARQL,C1081,❤️❤️❤️❤️❤️😍
18373455631156080,DRsQo-BARQL,C0786,"Bless him, such a magnificent beauty 🦒"
18082215361882164,DRsQo-BARQL,C0570,What a beauty! ❤️
17961745467059564,DVoFl_YDezG,C0321,
17939808021171966,DVoFl_YDezG,C0729,❤️❤️❤️❤️🐾🐾💕💕💕💕🌅🍀✨✨
18056266781448279,DVoFl_YDezG,C0011,❤️❤️❤️
18082070321360992,DVoFl_YDezG,C0733,Your are an inspiration 😍
18557841040039478,DVoFl_YDezG,C0352,Happy International Women's Day!!!❤️❤️❤️❤️❤️❤️❤️❤️❤️❤️❤️❤️❤️❤️❤️❤️❤️❤️❤️❤️
18115272400652047,DVoFl_YDezG,C0069,👏👏👏
18069873116635199,DVoFl_YDezG,C0282,Thank you for inspiring me Dr.laurie!
17913305256339054,DVyb81qEv7Z,C0112,Miss my job adventure..beauty of Nature and elephants in counter most beautiful species...to live with
18042654425743774,DVyb81qEv7Z,C0221,I miss you😍
17903012544223534,DVyb81qEv7Z,C0871,😍😍😍
18111465916698913,DWYj25RjKBe,C0444,Wait is it  taking a dump💩(the first slide)
18079621652386260,DWYj25RjKBe,C0977,😮👏😮👏😮👏
17897597163421159,DWYj25RjKBe,C0310,❤️
18089428054943832,DWYj25RjKBe,C0752,Bring G&T. Looks like its sundowner time!
18016503968842582,DWW2_T3iBZt,C0430,Aquí no!
18078486473648255,DWW2_T3iBZt,C0479,"Diese Bank finanziert ökologisch zerstörerische Projekte in „geschützten"" Naturgebieten und arbeitet mit korrupten Regierungen zusammen.
This bank finances ecologically destructive projects in ""protected"" natural areas and collaborates with corrupt governments.
Este banco financia proyectos ecológicamente destructivos en áreas naturales ""protegidas"" y colabora con gobiernos corruptos.
#aquino #topolobampo"
17851045455643512,DU5pU_UjQsQ,C0525,❤️❤️❤️❤️❤️❤️❤️❤️
17876780520483468,DU5pU_UjQsQ,C0376,Cubbies 😍😍😍😍
17963748429039782,DU5pU_UjQsQ,C0755,😍😍😍😍😍
17983898363950280,DU5pU_UjQsQ,C0776,So adorable
18087977150332525,DU5pU_UjQsQ,C1043,😍
18323987233218332,DU5pU_UjQsQ,C0465,🥰🐆🐆🧡
17995211396919194,DU5pU_UjQsQ,C0611,Interesting caption 🐆
17856777390568029,DU5pU_UjQsQ,C0011,❤️❤️❤️
17855211483593763,DViwwfADNh2,C0310,❤️
18075213512431815,DWMOLvjI0E1,C0795,❤️❤️❤️
17851557939647283,DWMOLvjI0E1,C0310,❤️
18178171393376245,DWMOLvjI0E1,C0540,Wonderful work to grow human elephant coexistence 🤍🙏🏼🐘
18387403297156103,DWMOLvjI0E1,C1000,"No, elephants aren't our enemies. We have to Lear to live with and amongst them, just like everything in nature...we ARE part of nature, therefore, living in harmony with wildlife should be entirely NATURAL 🙏"
18107860246795772,DQ2L-kBgaVr,C1031,❤️🦒🦒🦒🦒🦒🦒🦒🦒🦒❤️❤️❤️🎁
18082568506877059,DQ2L-kBgaVr,C0962,🔥🔥🔥
17933394132103105,DQ2L-kBgaVr,C0437,👏👏
18145140127442505,DQ2L-kBgaVr,C0445,🔥 that's awesome!
18090622303903670,DQ2L-kBgaVr,C0598,"Are we able track the giraffes we’ve adopted, be cool to see what Mocha and Doby are up to."
18539900869062651,DQ2L-kBgaVr,C0487,Why none yet in Chad!?
17861668734532882,DQ2L-kBgaVr,C0691,❤️❤️❤️❤️❤️
18077665076141610,DQ2L-kBgaVr,C0420,Animals that are silently going extinct on Earth:
18409909150194884,DU--e3nDTLy,C1239,I love ❤️ 🐆
18133413811522989,DU--e3nDTLy,C0721,🙏🏻❤️PROTECTION!!!❤️LOVE❤️🙏🏻
17930297076057306,DU--e3nDTLy,C0690,Best wishes to Cloud and Mist. ❤️❤️🙏🙏
17927017977226938,DU--e3nDTLy,C0770,Howzit Cloud ❤️😍
18105574330824171,DU--e3nDTLy,C0195,Great cats- great job in Somaliland CCF!!! ❤️
17902043811370853,DU--e3nDTLy,C0321,
18001530335850682,DU--e3nDTLy,C0648,Wish there’d been 85 at least since 1984 at latest in Iran
17877426057499612,DU--e3nDTLy,C0442,cloud & mist ☁️
18024737870618594,DU--e3nDTLy,C0352,Very happy for Cloud & Mist!!❤️🥰🤗😁😻😍❤️
18101633296893717,DU--e3nDTLy,C0561,😍❤️
17925311754234006,DU--e3nDTLy,C0011,❤️❤️❤️
18363977188206501,DV8bdWGGfP1,C0310,👏❤️👏❤️👏❤️
18086663831216912,DV3ir46kge2,C0977,👏😍👏😍👏
18082343639365076,DV3ir46kge2,C0940,wonderful
17942101515168867,DWGywKJiuW1,C1124,"X😍😮,a"
17932065039215420,DWgSNwADO1W,C0181,👏👏👏👏👏👏
17921566920279881,DWgSNwADO1W,C0310,❤️
18098992583489701,DWHAQoDDCFJ,C0822,👏👏👏👏👏👏😍
18096952492961382,DWHAQoDDCFJ,C0067,So right😍
18187606624324657,DWHAQoDDCFJ,C0181,👏👏👏👏👏👏
18045542516418218,DQkKY5FCLco,C0757,"You are THE BEST!
Love 🦒"
18059044724549799,DQkKY5FCLco,C0381,Brilliant! Thanks for everything GCF does so well!! ❤️🦒
17913850758300302,DVRh1txjwyW,C0211,Great idea! 😍
18085906951961144,DVRh1txjwyW,C0334,Good luck guys can't wait to see the end results
18100905953307153,DVRh1txjwyW,C1156,Go Calum Go!! You guys can!!
18062204411669370,DVRh1txjwyW,C0409,Looking forward...
18096606344492535,DVRh1txjwyW,C0258,❤️❤️❤️
18001480469892851,DVRh1txjwyW,C0784,This is such a brilliant idea! She will be thrilled!
18350533972239321,DVRh1txjwyW,C0011,❤️❤️❤️
18111766144591271,DVRh1txjwyW,C1072,That’s so cool!!!
18064545572309390,DUwbUUNj_NO,C0770,❤️😍
18173074345375708,DUwbUUNj_NO,C0611,So affectionate. 🐆😍
18122372758562743,DUwbUUNj_NO,C0417,🥰🥰🥰
18094697632971112,DUwbUUNj_NO,C0648,Wish there'd been 85 at least since 1984 at latest in Iran
18165418492387151,DRjkb12glvq,C0577,
17880726021331671,DRjkb12glvq,C1172,🔥🔥🔥
17973687929957687,DRjkb12glvq,C0331,Wondrous creatures! Thank you for saving them.
18100174450689636,DRjkb12glvq,C0710,❤️❤️❤️❤️❤️❤️❤️❤️
18304414570249715,DRjkb12glvq,C0579,Thank you for sharing my image ❤️
18088254302313837,DRjkb12glvq,C0928,Beautiful creatures of nature.
18026954126762436,DRjkb12glvq,C0570,"The thanks goes to all of you for your tireless dedication, unwavering care and commitment to protect these magnificent beings. I am very grateful for you. ❤️❤️❤️"
17947162499964054,DUtUiVNjyqn,C1145,Aaaaaw Herc ❤️ ❤️ ❤️
17996884088860738,DUtUiVNjyqn,C0634,@M0028 happy valentines day baby 🥰💙
17909464704161596,DUtUiVNjyqn,C0277,❤️
17942621991125205,DUtUiVNjyqn,C0321,😍
18085796008927486,DUtUiVNjyqn,C0011,❤️❤️❤️
18348715702231269,DVdps8pDG1E,C0746,"Oh, My Seniors ❤️🔥"
18134671003515245,DVdps8pDG1E,C1076,Great work!
18103342309589945,DRnHDGCDVEp,C0570,So very beautiful! ❤️❤️❤️
17855524521582140,DVTDeXjjmMZ,C0880,"Good luck with your studies ! I live in Europe, so I don't ever see (or better , hear !) these animals, but I think it is very important to know the adaptation to the environmental conditions."
17989673606938170,DVgC6V2ioa5,C0650,😔😔😔
18063144629337099,DVgC6V2ioa5,C0280,Omg.... am so so sorry to hear this...
18113997148570067,DVgC6V2ioa5,C0080,So sad to hear this.  A Terrible loss for all concerned and especially their families.
18087053069162618,DVLjRgJDs5J,C0392,Very cool! Go Hannah!
17866137594578059,DUlJ-T9DMsS,C1222,"❤️❤️❤️ amazing work, how i wish your services could extend to my reach"
18108772036669193,DUlJ-T9DMsS,C0723,Amazing 🫶🏻
18424440571186308,DUlJ-T9DMsS,C0181,😍😍😍😍😍
17933321256175242,DUamruyjIvp,C0310,❤️
18060531830660913,DUamruyjIvp,C0306,Mega
18112430074575053,DUamruyjIvp,C1212,"good job, 👍🐘🐘🐘"
18022484768803644,DUamruyjIvp,C0181,👏👏👏👏👏
18115344925537953,DUamruyjIvp,C0682,🙏🙏🤠💚
17851576401671799,DUq4ZLtj73l,C0021,❤️❤️❤️
18204725596322436,DUq4ZLtj73l,C0321,👏👏👏❤️❤️❤️
17973322052847067,DVOQ3h4DCqP,C0085,❤️❤️
18573311089001616,DVOQ3h4DCqP,C0306,Verdammt schöne zeit gewesen ☺️💪
17918553741275337,DVIvSh2jPbB,C0559,♥️🙏♥️🙏♥️🙏♥️🙏🐘👍🐘🤗💖🥰😍🤩😘😘😘🙏♥️🙏♥️🙏♥️🙏🙏🙏♥️🙏🙏🙏🙏
17859797673545328,DVIvSh2jPbB,C0833,Beautiful baby ❤️❤️❤️
18102893515881235,DVIvSh2jPbB,C0940,any news of Fiory ??! would love to hear about her also 🙏🙏🌈
18009565184683666,DVIvSh2jPbB,C0310,❤️❤️❤️
18066046244649111,DU_BedZDHK_,C0970,This is why I admire EHRA so much. Supporting communities while protecting these amazing animals is such important work. Thank you for everything you do 🤍
18104656036830533,DU_BedZDHK_,C0489,So much respect for the work you do! 🙌
18078887486458012,DU_BedZDHK_,C0698,😢
18129709207540467,DUi1DKFEswt,C0376,Beautiful 😍😍🙏🙏🥰🥰🍀
17883176928467019,DUi1DKFEswt,C0648,Wish there'd been 1988 at least since '84 at latest in Iran
18056603021692896,DUi1DKFEswt,C0736,❤️
17873286864517712,DUi1DKFEswt,C0716,😍❤️🐆🥰🐾🙏😻🧡 Nothing better than cheetahs relaxing & purring 😻
18308661751265454,DUi1DKFEswt,C0011,❤️❤️❤️
18075986306090363,DUi1DKFEswt,C1058,Beautiful 🥰 🥰 🥰
17884490634461788,DVKnOCFkeoh,C0648,Wish there’d been 85 at least since 1984 at latest in Iran
18000293375885982,DVKnOCFkeoh,C0677,❤️👏👏
17947819914105750,DVKnOCFkeoh,C0321,👏👏❤️
18103618657883676,DVKnOCFkeoh,C0756,You are heroes to them and to us. Huge thank you from Brazil
18027156383619733,DVKnOCFkeoh,C0770,❤️😍
18079404896612917,DVKnOCFkeoh,C0011,❤️❤️❤️
17904389937362956,DVKnOCFkeoh,C0439,Very interesting
18062262875344641,DVPx65yjFAk,C0186,Oh Lord 😢❤️
18068551922307317,DVPx65yjFAk,C0525,❤️❤️❤️❤️❤️❤️❤️❤️❤️❤️❤️❤️❤️❤️❤️
17999952137858294,DVPx65yjFAk,C1115,These poor kitties need our love❤️❤️!!
18114601855724029,DVPx65yjFAk,C0648,Wish there’d been 85 at least since 1984 at latest in Iran
17851936164633801,DVPx65yjFAk,C0725,Thank you for what you do because the cheetah is fast disappear from the savanna and we should everything we csn to keep them here they need our help
17863002150529811,DVPx65yjFAk,C0073,👏❤️
18059481461345346,DVPx65yjFAk,C0793,God bless
18313374199253687,DVPx65yjFAk,C0693,Tango ❤️
17843446077693997,DVPx65yjFAk,C0094,She’s beautiful ❤️ God bless her and your team!
18567354013040129,DVPx65yjFAk,C1268,Tango é belíssima 😍
18110586007738666,DVPx65yjFAk,C1207,👏👏🙏🏼🙏🏼
17914497393312223,DVPx65yjFAk,C0761,🙏🙏🙏🙏
18062735300330085,DVPx65yjFAk,C0775,Sweet Tango! You go girl!
17988340685942090,DVPx65yjFAk,C0808,😍😍😍
17982266720967358,DVPx65yjFAk,C0011,❤️❤️❤️
18147543862454769,DUQkt2iDA7P,C0938,It’s been unique every time ❤️
18018212432639332,DUQkt2iDA7P,C0679,👏👏👏👏
18375441280094106,DUQkt2iDA7P,C0181,👏👏👏👏👏👏👏👏
18150833749443960,DUQkt2iDA7P,C0415,Une expérience incroyable et forte en émotions...
17940844059113769,DUQkt2iDA7P,C0310,❤️❤️
17935514088015298,DUQkt2iDA7P,C1036,Big congrats!!! 👏👏
18194079793336588,DSUdHpljhNG,C1019,"Can't wait to work for you guys..I love your work so much..I am a photographer, videographer and a blogger..🙌❤️"
17938908573076642,DUGHK9qjPW3,C1080,This is so awesome Laura! Well done! ❤️
18044234624706270,DUGHK9qjPW3,C0852,Incredible work ❤️... The AI generated music rip-off though?
18070852442159754,DUGHK9qjPW3,C0145,Such important research! Well done
17844953838681771,DUGHK9qjPW3,C1018,👏❤️🐘
18023056895796543,DUGHK9qjPW3,C1246,Wonderful👌I also want to participate it
17991660569751112,DUGHK9qjPW3,C0005,Love this 💙🐘🌍
18078605387342120,DUGHK9qjPW3,C0674,"An incredible experience. Witnessed so much skill, dedication and teamwork from all involved 🙌"
18078789704587749,DUGHK9qjPW3,C0181,👏👏👏👏👏
18094402070105358,DVqFzwkiKC1,C0359,I'm coming for internships
18076276934562440,DVqFzwkiKC1,C0785,🙌👏
18402062248134447,DUIs9smjU9U,C0280,"So...what's the answer? 6,000?"
18067379477570221,DTc2Yz7FK4g,C0222,The best ever 🫶👍😍
17852610864608151,DS8gr-cjs7N,C0271,You too Rob
17889606279402004,DSrIVS5jgIs,C0271,Sending wishes to you guys too
17997541388857026,DT-LDRWDLjo,C0310,👏
18101439647479664,DU-uqVPiIUw,C0289,❤️🔥
17890640481407407,DTz7HPojK0l,C0310,❤️
17989611602925949,DU0deWyDr98,C0713,Was there a renovation? It looks beautiful
18106950460684214,DUGAYhbjqCg,C0702,👏 well done!
17842053063689491,DUGAYhbjqCg,C1133,🙌
18552818119056415,DTP7j3RDHLk,C0844,"Tag her, to congratulate her personally 😢"
17900958603181254,DR_9tu4DEa9,C0080,Very well done! Thank you 🙏🏻
17871088479552172,DUvBEwdiOJq,C1085,Wow 🤩
18111869626644993,DUvBEwdiOJq,C0311,excited to experience this! 🙌🏽
17943540102114918,DUvBEwdiOJq,C0562,"Stunningly done, congratulations!"
17886691692326125,DUvBEwdiOJq,C1141,Stunning. ❤️
18114238699648073,DUvBEwdiOJq,C0766,Looks amazing.
18077734337580017,DUvBEwdiOJq,C0272,Wowww
18111873367714439,DTSSRVGDovn,C1075,How does one apply
18052085282472407,DUlFFvqlza-,C0350,Wow Awesome to have international support
18445862980116671,DW6B_l-iuQh,C1236,Let’s gooooo🤍
17861424324559297,DSrLZqAACD4,C0643,"To you, too!"
18057109133650354,DSrLZqAACD4,C1070,You guys are awesome. Thank you!
18089565346990412,DSrLZqAACD4,C1023,Merry christmas to u all
18079760255268954,DSrLZqAACD4,C0855,❤️❤️❤️❤️❤️❤️Merry. Christmas 🎄 ❤️❤️❤️❤️❤️❤️
18089874280962725,DSrLZqAACD4,C0947,Merry Christmas! 🎄 💗
18105231892811880,DUiOGOniVHI,C0031,🐛 ❤️
18043258022707144,DTxCXWpDE4V,C0229,Love it🔥❤️
18184299328362300,DTxCXWpDE4V,C1195,Our favourite people❤️🎉
18104805466745562,DTxCXWpDE4V,C1140,Love to see it!
17953548945063920,DTxCXWpDE4V,C0016,🐼
17939028606035572,DXodK1uCjQS,C1236,Legeeeeeeeends!!!!🤍🤍🤍🤍
17851442892590812,DQyN13UDdWR,C0979,Amazing 😻
18088534585952116,DSMjgNigije,C1142,WOW!!!
18063472031210647,DSMjgNigije,C0271,Sending wishes to all your guys and girls at Ongava
17903934882343231,DTSTWrNDnOT,C1075,How does one apply
18583337056033277,DXEgAVWCtkH,C0533,We were there! 🔥
17945368854170388,DXEgAVWCtkH,C1236,THANK YOU 🤍☀️
18023547383592103,DRKPnfYCp6K,C0207,👏👏👏
17904232569314386,DScAMoqDGfB,C0709,Think I saw this guy when I came in April.
18005928053837939,DUDNt00DuTz,C0162,🙏
18139459978483161,DUDNt00DuTz,C0903,How old is the calf please?
18107300128644851,DSMVuCOCTl_,C1019,Condolences..such a pure tribute..I love who ever wrote this..peace and love ❤️
18122629603532850,DSMVuCOCTl_,C0350,What a beautiful tribute to a unique extraordinary human. He is missed. Our time in Gobabeb was a memory I will always keep
17903882676314044,DSMVuCOCTl_,C0080,So sorry to hear this
18085474832048973,DSMVuCOCTl_,C0967,🤍
17927904462080398,DSXZ7bpjjzq,C0101,Wonderful
18184595290361922,DTxnqemDkJW,C0280,This is AMAZING WORK!!!
17865439230538447,DS1qVQYjqcs,C0328,Amazing ❤️
17907680061225871,DXwqAO0Fugv,C1167,plz look into youth development of skoonhied resettlement farm sponsor them soccer materials and investment project we know you can do it @M0030
18435036199184059,DXwqAO0Fugv,C1150,i  was there and thank you @M0030  for curing  me
17854967679632597,DXwqAO0Fugv,C0212,A real lifeline indeed ❤️
17968078215024571,DXwqAO0Fugv,C1165,"What a wonderful experience and learning opportunity this was, thank you Naankuse!❤️❤️❤️"
18103479838938697,DXPmUSmAsWS,C0437,T.G.I.F❤️
17944792301996762,DXPmUSmAsWS,C0321,❤️
17868691749665843,DXPmUSmAsWS,C1255,Super sweet!
18097458590025274,DXPmUSmAsWS,C0616,😍
17999732492719511,DUDbb2FjD8p,C1030,❤️❤️
17928225153199809,DUDbb2FjD8p,C0647,🙌🙌
18030658850587837,DUDbb2FjD8p,C0310,❤️
17935937670158210,DUDbb2FjD8p,C0674,👏👏👏 Incredible individuals
18091473811784038,DS62I6pDk7E,C0946,I did!
18116981770643614,DWEnQrpO-q8,C0482,Precious love 💞
18351723784231201,DWEnQrpO-q8,C0100,❤️❤️❤️❤️❤️
18118602199710583,DXbSywhDQWF,C0245,Wow much greener even than last week!
18112943590809085,DWb7j2uDMKS,C0886,Beautiful 😍
17947089456130143,DWb7j2uDMKS,C0100,❤️❤️❤️❤️❤️
18200511049345985,DXg39MKjeJB,C0907,"So cool to hear! Enjoy it, Wendy, and all the best! 😊"
18401792155180262,DVbcgVLDPGM,C0530,Just spectacular! 🤠🌍🔥
17933886297195820,DVbcgVLDPGM,C1139,Gorgeous
18075811184273673,DXhA84pFEFq,C0986,Where is the link to register
18137730322546763,DXhA84pFEFq,C0986,Good evening evening
18103804762921980,DWMgGWFjOeC,C0935,❤️👏👏👏
17941043328191505,DWtzXr8ODrc,C0261,Looks so cute❤️
17870111217603528,DWtzXr8ODrc,C0120,Je suis fan ❤️
18069593849294635,DWtzXr8ODrc,C0100,❤️❤️❤️❤️❤️
18571400236044976,DWtzXr8ODrc,C0734,Beautiful 😍
18403425148198530,DVRGvV1DNZT,C0530,🙌🔥
18002787275896448,DVRGvV1DNZT,C1248,Beautiful
18190536121315382,DVRGvV1DNZT,C0508,Amali is always special to me. First saw her when she was one day old together with her sister and mother in the den. Two years ago I saw her again:  a beautifull adult leopard. I'm really happy that she is doing well.😍
18106740397770078,DVRGvV1DNZT,C0626,I still don’t understand the warthog story. How?
18566320027033953,DVRGvV1DNZT,C0362,Look at that beautiful face ❤️
18127484809480931,DVRGvV1DNZT,C0520,❤️❤️❤️❤️❤️
17857918221664994,DVRGvV1DNZT,C0876,😍❤️
17860788195586145,DXt_IDBD93L,C0801,"So privileged to have met Kovu, Roadie and Athena, and all the other wonderful residents of N/a'an ku sé! 😍"
18584498005062059,DXt_IDBD93L,C0716,😍❤️🐆🥰🐾🙏😻🧡
17879678010427211,DXt_IDBD93L,C1137,Kovu!!🥹🥹
17907394386226168,DXt_IDBD93L,C0890,I'd love to meet Kovu! What a great ambassador for his species!❤️
17893549125439272,DVykjIEDLEb,C1100,❤️🔥
18157654840430186,DVykjIEDLEb,C0330,😍😍😍
18567277510038714,DVykjIEDLEb,C0054,💯💯💯
17983725347969017,DVykjIEDLEb,C0225,😍
18328893697221411,DVykjIEDLEb,C0881,Gorgeous!
18091575050519217,DXUcLv_jGa4,C0738,#MaShaALLAH_
18113839663761396,DXUcLv_jGa4,C0535,😊
18096087775853109,DXKc58qjZ0A,C0908,Great work team
18105309016725765,DXKc58qjZ0A,C0588,Great team!!
18084858617357647,DXKc58qjZ0A,C0633,👏👏👏👏😍😍😍😍
17938327974215295,DXexE6XjJDv,C0930,"We love Vamos, and more as Spanish we are! 😻"
18111294613657089,DXexE6XjJDv,C1251,🧡
18106453198926256,DXexE6XjJDv,C0938,Beautiful Vamos 😍
18099263942008058,DXexE6XjJDv,C0368,❤️😍❤️
18118069951579043,DXY1VUcAHbh,C1016,Amazing …. Really great continuous effort from JLR ❤️
17930517732076615,DXY1VUcAHbh,C0092,Brilliant 👏
18103541413849812,DVc6DMtjoUk,C0046,❤️❤️❤️❤️❤️❤️
17989512446986533,DXgcXcbFpJy,C1258,BLOODY FANTASTIC! Xxx
17896721871447946,DXpCdUhjNBm,C0225,Such a Beauty. Saw one last time at Skelettcoast.
18171188509410180,DXpCdUhjNBm,C1249,"Hi @M0004 , i sent you a DM, have a look please 🫶"
17959771980096314,DXpCdUhjNBm,C0971,"Hyenas are beautiful, amazing and highly needed animals. Disney should be made to make a new film to reverse the hatred they caused of several species!"
17909482530387736,DXpCdUhjNBm,C1011,🤍
18096792740026423,DXpCdUhjNBm,C1100,Fluffy balls 😍❤️
17859215967688564,DXpCdUhjNBm,C0354,Incredible species
18100128722076906,DXpCdUhjNBm,C0938,😍 adorable
18322454935253107,DXpCdUhjNBm,C0206,I love them so much
17876922378507139,DVJKgdwDE6k,C0826,❤️❤️❤️❤️❤️❤️❤️❤️❤️😍😍😍😍😍😍😍😍😍😍😂😂😂
18045034967444664,DQn6pZKjmE6,C1203,I will have a look at it next September 🙂
17921703267254342,DVXwcGxjjIi,C1068,My old clinic — so happy to see it thriving
17997038297913560,DVXwcGxjjIi,C0826,❤️❤️❤️❤️❤️❤️❤️❤️❤️❤️
17857634580629826,DWf9kn4Dsd8,C0033,"We are asking animal welfare organizations to please pay attention to the situation in Cuban zoos. Animals are suffering from neglect, malnutrition, and lack of medical care. Please help."
17852368425643468,DWf9kn4Dsd8,C0826,❤️❤️❤️❤️❤️❤️❤️❤️❤️❤️❤️😍😍😍😍😍😍😍😍😍😍😍👏👏
18075477164215689,DW6x4dRjNxf,C1240,😍😍
18059756147466724,DW6x4dRjNxf,C0184,How amazing ! ❤️
18111912211648426,DW6x4dRjNxf,C0063,@M0015 🫶🏻
17881081218550027,DW6x4dRjNxf,C0155,"As a science teacher, I believe that we must protect biodiversity, as a moral obligation and because the Earth’s systems are interconnected, whatever happens in the biosphere affects the lithosphere, hydrosphere and atmosphere.  I think we need to change education so that we can start teaching more compassionate science that does not involve animal dissections or using live wild animals as specimens away from their habitat.  Students are desensitised at school and normalise what happens to farming/racing/testing animals in cruel industries. We must learn how to regenerate our planet and any changes we can make to the school curriculum to make that happen is essential! Please sign my petition, I need to reach 1,000 signatures (Link in my Bio). Thank you."
18070661648290264,DW6x4dRjNxf,C0411,😍😍😍😍😍
18151995868479412,DW6x4dRjNxf,C1034,😍😍😍😍😍
18467834110097094,DW6x4dRjNxf,C0764,Oh c’est tellement mignon 😍
18099697952068064,DW6x4dRjNxf,C0455,Precious darlings ❤️❤️❤️❤️❤️
18076017752190215,DW6x4dRjNxf,C0124,❤️❤️❤️
18030077153803800,DW6x4dRjNxf,C0992,😍😍😍
17994812885929160,DW6x4dRjNxf,C0834,😍😍😍
17887785909471372,DW6x4dRjNxf,C1193,Such cute creatures ❤️❤️❤️
18222436447314039,DW6x4dRjNxf,C0312,😍😍😍😍
17938676598030945,DW6x4dRjNxf,C0320,センザンコウの赤ちゃん!!無事に大きく育ってね～🩷🩷🩷🌷🥰
18098997079819683,DW6x4dRjNxf,C0010,❤️
17886243162451994,DViKhngjjX9,C0159,It’s an amazing place and I can fully recommend this location and all the events which they offer ♥️🥰♥️
18087498449125837,DU-OQhPjn88,C0159,"I remember how great they perform, they are just amazing ♥️"
17955977943101279,DWTFsBgjvPD,C0826,❤️❤️❤️❤️❤️😍😍😍😍😍👏👏
18124985257599722,DWTFsBgjvPD,C0885,Waren wir auch schon....das war sehr schön
17932123287191836,DUz7FfoDqtk,C0159,The bracelets are really nice. I love my one which I bought in November last year during our exclusive volunteering project ♥️♥️♥️
18162228301439166,DXYu82YCEDr,C1223,We are behind you
18064750817281375,DUOX2sXjWu-,C1221,👏👏😍
17846394453661672,DUOX2sXjWu-,C0826,❤️❤️❤️❤️❤️😍😍😍😍😍
18127224202549877,DUyh38sDYy-,C0321,
18092059550031912,DVa3m5fDjN9,C0826,❤️❤️❤️❤️❤️❤️❤️❤️❤️❤️😍😍😍😍😍😍😍😍😍😍
18360478627205430,DU5EsvWjsxF,C0826,❤️❤️❤️❤️❤️😍😍😍😍😍👏👏👏👏👏
18100051382087174,DXCuXRniIRH,C0633,👏👏👏😍😍😍
17933011695235682,DXCuXRniIRH,C0535,❤️
18079419542386661,DXCuXRniIRH,C0321,❤️
18059532824455594,DXCuXRniIRH,C0616,😍
17868720354398038,DQ3dSnjDP3l,C0397,Beautiful❤️
18029532548536677,DQ3dSnjDP3l,C1114,This was a wholesome session and team thanks for having me
18096743155788729,DVvCknRjvf6,C0751,We have stayed there. A beautyful place with friendly people and amazing wildlife.
18099175031060458,DWerOqzAbIP,C0535,😍
18068209718311854,DWerOqzAbIP,C0437,👏👏
18023209892693573,DWerOqzAbIP,C0381,Awesome work people!! Thank you!🦒❤️
17934807444207040,DWerOqzAbIP,C0616,😍
17997449813957901,DXwUHbmk-oD,C0337,"Guys, you do really great job! You give hope not only for animals but for humans too. ❤️🙏"
17856525063642547,DXwUHbmk-oD,C0507,Love the work you guys are doing.  You need a whole army of guys to keep up with the work!
17866540734618755,DXwUHbmk-oD,C0686,Danke Danke Danke Danke Danke Danke Danke Danke Danke Danke Danke Danke Danke Danke Danke Danke Danke Danke Danke Danke Danke Danke Danke Danke ❤️❤️❤️❤️❤️❤️❤️❤️❤️❤️❤️❤️❤️❤️❤️❤️🦭
18098630222109723,DXwUHbmk-oD,C0615,Vos missions sont très sportives !
18100859807316755,DXwUHbmk-oD,C0765,Very nice! Love seeing the camaraderie!❤️ ❤️
18008292347888393,DXwUHbmk-oD,C0276,"🙌You simply the best, great Job.🙌❤️"
18120615661575828,DXwUHbmk-oD,C0268,Great shots! Love seeing you guys in action from a different perspective!
18203103847342417,DXwUHbmk-oD,C0807,Real life superheroes ❤️
18115274626707270,DXwUHbmk-oD,C0189,You guys are AMAZING. I would love to have a beer (or coffee) and just listen to how your day or month or whatever went. I’m
18323008195250899,DXwUHbmk-oD,C1185,🩵🩵🩵🩵🩵
18077918849533867,DXwUHbmk-oD,C0758,This was great. Thank you so much.
18124253392608449,DXwUHbmk-oD,C0586,👏👏👏👏👏👏🙏🙏🙏🙏🙏🙏❤️❤️❤️
18093820285913622,DXwUHbmk-oD,C0514,Thank You All 😍 🙌
18134924368536718,DXwUHbmk-oD,C0168,Huge one!!! ❤️👏👏
18317509234286907,DXwUHbmk-oD,C0543,Respect to you all for your part in helping the seals'🙏🏼❤️
17858956020650951,DXvye8QFSV3,C1197,I hope D ❤️
17988818057971354,DXvye8QFSV3,C0423,I WILL TAKE C - FOR “CEAL” and CONGRATS!!
17997763196760962,DXvye8QFSV3,C0293,D
18084368735528756,DXvye8QFSV3,C1209,D
18023186261824279,DXvye8QFSV3,C0543,55-65
18044295068788138,DXvye8QFSV3,C0644,"C, YOU GUYS ARE AWESOME!!"
18465877639098673,DXvye8QFSV3,C1185,D
18407578240179692,DXvye8QFSV3,C0899,C
18021990608829339,DXvye8QFSV3,C0072,more than 65 . . . . 👏🏾👏🏾👏🏾👏🏾👏🏾👏🏾👏🏾
18134476567553868,DXvye8QFSV3,C0446,B?
17945022471175127,DXvye8QFSV3,C0327,D
18056633741712698,DXvye8QFSV3,C0469,You are all amazing..thanku from each and every seal u save..👏👏❤️❤️
18080221826433303,DXvye8QFSV3,C0026,B
18134830840481006,DXvye8QFSV3,C0769,"Trying to work out how many times a week you patrol based on captures. I reckon the answer is C but also, how many recaptures a month have you had. You guys are amazing and I adore you all for your commitment to saving these wonderful animals 🦭🦭🦭🩷"
18117705169676699,DXvye8QFSV3,C0550,I hope no more than A. I admire your work
17878407084391724,DUuxi5_DvLg,C0159,I know exactly where this pic was taken and I miss these special moments so much. Cheetahs are so cute and adorable together ♥️♥️♥️
18209711101319028,DUuxi5_DvLg,C0826,❤️❤️❤️❤️❤️❤️❤️❤️❤️❤️😍😍😍😍😍😍😍😍😍😍
18257718322292034,DUvvTWQjyn4,C0166,I miss U ❤️
17935800717169681,DUvvTWQjyn4,C0159,Lovely old lady ♥️♥️♥️
17930466879191899,DUvvTWQjyn4,C1221,😍👏
18008951600835808,DUvvTWQjyn4,C0567,🫶🏽
18316926358218057,DRQ69T9ir4N,C0862,"Please share a link, thank you 🙏🏾"
18080101082363490,DUm1Xg9Dmf3,C0333,Sesa and Sesadi? 😍
18166363441363253,DUm1Xg9Dmf3,C0826,❤️❤️❤️❤️❤️😍😍😍😍😍
18134348398452371,DUm1Xg9Dmf3,C0751,We met those brothers a few months ago when they were still with three. We had an amazing walk with them. So gentle and so at ease. They are for ever in my hart.
17850766386631932,DUm1Xg9Dmf3,C1221,👏😍😍
18101150789078334,DXWCXRoCX7X,C0620,An amazing teacher! Had the pleasure of working with her these last two weeks and I learned so much.
18077994926429648,DXWCXRoCX7X,C0363,Giselah is a great teacher! ❤️
18140120605462407,DSsoe4NDfql,C0757,Thank you for all you have done for giraffes in 2025!
17979699734791655,DSsoe4NDfql,C0570,Happy holidays to all of you. ❤️
18094444736003391,DVcrAuRjsnE,C0648,Wish there’d been 1985 at least since ‘84 at latest in Iran
18086053594952208,DVcrAuRjsnE,C0874,so beautiful❤️❤️ so amazing to see this
17934607632191084,DVcrAuRjsnE,C0321,👏❤️
18095476654821540,DVcrAuRjsnE,C0011,❤️❤️❤️
17924869545126768,DXtvQ9SgL98,C0337,👏👏👏🔥🔥🔥❤️❤️❤️
18443036740136734,DXtvQ9SgL98,C1094,I LOVE WHAT YOU GUYS DO. I ENJOY YOUR VIDEOS THANK YOU. GOD SAID THE BLESS THE ANIMALS AND TAKE CARE OF THEM AND GOD WILL BLESS YOU BLESSING.
18079106225186830,DXtvQ9SgL98,C0294,🙏🙏🙏🙏❤️
18116913076776636,DXtvQ9SgL98,C0278,👏👏👏
18083196452629114,DXtvQ9SgL98,C0109,👏👏👏👏👏
18098597693025561,DXtvQ9SgL98,C0622,"What do you do if the wound is infected? Can you give them meds, or do the seals little bodies fight the infection itself?"
18113692492824334,DXtvQ9SgL98,C0864,😍😍😍😍❤️❤️❤️👏👏👏
17967003366063222,DXtvQ9SgL98,C0296,Each time I watch this rescues I want to a part of it! 😍
17942520414190368,DXtvQ9SgL98,C0765,One of the reasons I’m grateful I have an IG is to watch these videos ❤️
18112869478875764,DXtvQ9SgL98,C0669,🔥🔥🔥👏👏👏
17940127458034809,DXtvQ9SgL98,C1181,ありがとう❤
18114952552809514,DXtvQ9SgL98,C0942,In the last minit……. Saved ❤️
18097949992851909,DXtvQ9SgL98,C1004,Un filo quasi invisibile 🥺 grazie ❤️❤️❤️
18089489726254730,DXtvQ9SgL98,C1217,Какие вы молодцы🔥👏❤️
18101287189978363,DXtvQ9SgL98,C0485,😮👏👏👏❤️❤️
18087040046164436,DUgMnW8jL3b,C0233,I was there!
17889167340352134,DXd19oFjkuQ,C0799,love this 😍 hopefully they didn’t move towards the sound 😬
18101192303482888,DXd19oFjkuQ,C0180,❤️
17856510909636992,DXd19oFjkuQ,C0047,Interesting! Thank you. 🩶🖤🤍
17868749613559195,DUaaK2PjUEr,C0900,What about the bursary?? Have people been awarded
18561800590055454,DU3rabWkYrT,C0592,"If Shirley is there, people have fun.❤️"
18407007457130694,DUbWtOygfZh,C0890,🙌❤️👏
17950997625153851,DXoC0N4mgkj,C0460,save the seals 🦭
17860176771633406,DXoC0N4mgkj,C0481,"Dear Namibia, Decent citizens of the United States here. Be advised: Carry out this barbarism, and when we retake power in our own country, we will make war against your government to stop you."
17926839981312617,DXoC0N4mgkj,C0546,What a disgrace 😤
18113645728804644,DXoC0N4mgkj,C0356,"Don't eat fish, you're not a seal."
17964525630095995,DXoC0N4mgkj,C0149,Terrible!!
17954736723133547,DXoC0N4mgkj,C1213,Of course he does he has no support for the defenceless
17869375062522921,DXoC0N4mgkj,C0214,Humans need to be control not the animals
18357923347236612,DXoC0N4mgkj,C0894,The reality of a “seal processing industry” is as horrifying as a “human processing industry” would be.
18083851031617745,DXoC0N4mgkj,C0809,What is wrong with him???!!!
17923119324317254,DXoC0N4mgkj,C1206,"Seals dont eat the same fish, the seals catch what they need. Perhaps we are controlling the wrong group"
18101623603789854,DXoC0N4mgkj,C0737,😭😭😭😭💔💔💔💔
18096157514323608,DXoC0N4mgkj,C1073,"What do they mean by the seal ""processing"" industry??? Industry??? Is there already such an industry???"
18045275180535706,DXoC0N4mgkj,C1253,Process this selfish president first!
18135019531557291,DXoC0N4mgkj,C1123,😡😡😡
18101743741790454,DXoC0N4mgkj,C0231,"What does the ""seal processing industry"" do? Are they killed for their meat? Fur? Excuse my ignorance"
17937206013069102,DXmA4Gtj_Zh,C1116,❤️❤️❤️
17881828851576126,DXmA4Gtj_Zh,C0427,Those nets are amazingly efficient!! Thanks for sharing these vids.  I watch every one of them in awe. 👏
17882867322575142,DXmA4Gtj_Zh,C0949,Thank you
18132407734563902,DXmA4Gtj_Zh,C1226,So much garbage in the oceans
18098600509863521,DXmA4Gtj_Zh,C1260,❤️❤️❤️❤️
17861758785652525,DXmA4Gtj_Zh,C0603,Amazing humans. So sad these seals are tormented buy fishing water.
18102704923797421,DXmA4Gtj_Zh,C1063,Oh my goodness the noises!!! Such sweet babies being saved by angels ♥️
18105546196821869,DXmA4Gtj_Zh,C0574,Ç😍
17894481567451011,DXmA4Gtj_Zh,C0707,I love how you just run into a sea of stampeding sausages and somehow manage to capture the ones that need help 😂
18091778729194816,DXmA4Gtj_Zh,C1093,❤️❤️❤️
18068829959667389,DXmA4Gtj_Zh,C0669,👏🙌🔥
17878593972433938,DXmA4Gtj_Zh,C0428,❤️❤️❤️👏👏👏🙏🙏🙏
17967962481027292,DXmA4Gtj_Zh,C0294,🙏🙏🙏🙏🙏❤️
18464566384097484,DXmA4Gtj_Zh,C0792,👏👏👏👏👏
17864858433653572,DXmA4Gtj_Zh,C0143,👏🔥🙌
18095601638066513,DVU4KuJDJ9A,C0011,❤️❤️❤️
17975079386940545,DQxCVcNj9Cw,C0152,So amazing! 🙌🏻🌟🔥
18047294420666110,DQxCVcNj9Cw,C0154,❤️❤️
18005828819818094,DQxCVcNj9Cw,C1204,😍😍😍
18082490243043804,DQxCVcNj9Cw,C0691,Gorgeous
17910475434253567,DQxCVcNj9Cw,C0570,Stunning photo!! Wow!❤️❤️❤️
18105124519651844,DQvrtOYjDeU,C1271,Thank you for the amazing images @M0026
18074397155244909,DQvrtOYjDeU,C0437,"This is truly fascinating, guess the Giraffes love you-all 😍😍"
18075765208954303,DQvrtOYjDeU,C1031,♥️🦒🦒🦒🦒🦒♥️♥️♥️♥️🍯
18362325736088033,DQvrtOYjDeU,C0570,"All of you do an amazing job helping these gorgeous beings. Thank you for all the hard work, effort, love and care. You’re my heroes. ❤️❤️❤️"
18083240849097573,DQvrtOYjDeU,C0770,❤️🦒
18301266721264232,DQvrtOYjDeU,C0310,❤️
18099209650683751,DQvrtOYjDeU,C1077,How many giraffes/zebras taken to Nbi Nat Park ? Thanks...
18088157687270105,DXZJA_liqWn,C1116,❤️❤️❤️
18179957740395586,DXZJA_liqWn,C1267,❤️❤️❤️❤️❤️❤️❤️❤️❤️
17989200089988738,DXZJA_liqWn,C1238,Thank you
18003990443916180,DXZJA_liqWn,C1020,"Сколько добра вы делаете в своей жизни,спасибо вам большое👏👏👏🔥🔥🔥🔥🔥"
18116509795787328,DXZJA_liqWn,C0686,Danke Danke Danke Danke Danke Danke Danke Danke Danke Danke Danke Danke Danke Danke Danke Danke ❤️❤️❤️❤️❤️❤️❤️❤️❤️❤️❤️❤️❤️🦭
17854061430659123,DXZJA_liqWn,C1148,Μπράβο μπράβο σου 👏👏👏👏
18043705694741634,DXZJA_liqWn,C0737,Awwww 😭😭
17930545068256111,DXZJA_liqWn,C0998,👏👏❤️❤️🍀🙏🙏👏🏻🍀🍀🙏👏🏻❤️
18101957557983111,DXZJA_liqWn,C0864,❤️❤️❤️❤️vous êtes les meilleurs 👏👏👏👏merciiiii
18399084604148807,DXZJA_liqWn,C0428,❤️❤️❤️❤️
18161321311440873,DXZJA_liqWn,C0905,👏
18395048371159145,DXZJA_liqWn,C0604,👏
17878002426437607,DXZJA_liqWn,C0084,"This is so very sad. The only reason these poor animals suffer is due to human ignorance. Never, ever let your human detritus in to the ocean."
18107991443498156,DXZJA_liqWn,C1106,My dream thing to do!  Absolutely amazing people!
18193221415366805,DXZJA_liqWn,C1220,Respect you guys👏👏👍🏻👍🏻😎
17934276426175395,DUYx5HdiD09,C0414,👏👏👏😍❤️
18121488514608681,DUYx5HdiD09,C0614,What a success story! Good for you and Cleo. ❤️❤️❤️❤️
18076801292074201,DUYx5HdiD09,C0166,I miss you Sarafina and Paulina 🙏🌹
18036051710751527,DUYx5HdiD09,C0021,❤️❤️
17919143073101242,DUYx5HdiD09,C0890,❤️❤️❤️❤️ I would love to witness that and be a part of such a wonderful story one day!
17928667407120348,DRP79xHj7NN,C0437,"Well said, together we champion giraffe conservation"
18110790256689349,DV_qawHEpSw,C0770,❤️😍
17863347411607214,DV_qawHEpSw,C0011,❤️❤️❤️
17935427475277113,DXbt7IqCLKa,C0794,I am very thankful for u guys
18089303588061320,DXbt7IqCLKa,C0951,얼마나 아플까
18353006710242207,DXbt7IqCLKa,C0965,👏👏👏👏👏👏👏👏👏👏👏👏👏👏👏👏😢
18080972534551682,DXbt7IqCLKa,C0989,👏thank you for your work there! 😍 It’s so abhorrent to see what mankind does to these poor creatures!
18120709540733971,DXbt7IqCLKa,C1097,"Why this should happen, is it from fishing?  it is just soooo sad. Thank you to hard working team . 👏👏🙏🙏❤️❤️"
17962716711093323,DXbt7IqCLKa,C0427,That poor little pup.  Great sign how quick he skedaddled to catch up with his friends.  Saltwater do your thing. 🤞
18142906528509438,DXbt7IqCLKa,C0699,God bless you! You gentleman are true heroes!! 👏👍🙏
18155037400458364,DXbt7IqCLKa,C0296,Go Puppy Go 🙌
18011234243854756,DXbt7IqCLKa,C0294,💔🥺🙏🙏🙏❤️
17929375872090410,DXbt7IqCLKa,C0792,👏👏👏👏👏
18083470166630549,DXbt7IqCLKa,C0319,Poor guy 😢
18099362189017916,DXbt7IqCLKa,C0669,🔥🔥🙌
18294161029304845,DXbt7IqCLKa,C0584,Thank you guys.
18135705631542828,DXbt7IqCLKa,C0292,"That is such a deep cut,  isn't there way to help those wounds?"
18118502689679696,DXbt7IqCLKa,C0613,So sad😢
17929089192190995,DTitPQkAEdG,C0990,"OMG, I'm so excited to meet little Jesus in September! 😍 I hope the whole family visits us at the Volunteer Village (and maybe even joins us in the shower again 🤣)"
18078063626020074,DTitPQkAEdG,C1196,Very nice i know IT that he comes
18425781700114351,DTitPQkAEdG,C1113,Soooo cute 😍
17897091084373168,DTitPQkAEdG,C0135,❤️my happy Place 🇳🇦🐾
18083614622144003,DTitPQkAEdG,C0159,"Maybe they’ll come with Jesus to the Bungalows, as Maria and Josef did always before 😘♥️😘♥️ Jesus is absolutely gorgeous ♥️♥️♥️"
18088076738079986,DTitPQkAEdG,C0549,😍😍
18077166446591552,DTitPQkAEdG,C0114,❤️
17940935537983157,DTitPQkAEdG,C0220,"How nice 😊
Hopefully it‘s a little Jesus 😇🙏🏼"
17896935948379030,DTitPQkAEdG,C1121,❤️ How cute what a story ⭐️
17995981838731259,DTaOutKjo18,C0826,❤️❤️❤️❤️❤️😍😍😍😍😍
17862497238571697,DUANbOODsT-,C1221,👏😍
17931860139269852,DXjcLK4D8YD,C0285,❤️❤️🙏🙏🙏
17974460307036237,DXjcLK4D8YD,C0527,❤️❤️❤️❤️❤️🔥🔥🔥🔥🔥
17890771170498377,DXjcLK4D8YD,C0380,👏👏🔥❤️❤️❤️
17912475360400204,DXjcLK4D8YD,C0427,Little pup so happy to be free of that strap. 👏
18086838719617090,DXjcLK4D8YD,C0296,"🙌 so amazing to watch, thank you guys 👏"
18013229891845011,DXjcLK4D8YD,C0407,"Is this voluntary or an actual career? Either way, I absolutely love what y'all are doing here! 🥹👏🏽👏🏽👏🏽"
17896293279446737,DXjcLK4D8YD,C1004,❤️
18005188169730374,DXjcLK4D8YD,C0619,Ugh. Clothes?! God bless your efforts ❤️
18008777213886278,DXjcLK4D8YD,C0896,🙏🙏🙏🙏🙏🙏🙏❤️❤️❤️❤️
18191100397322493,DXjcLK4D8YD,C0509,Sounds like sheep in the back
18062721797695224,DXjcLK4D8YD,C0804,You guys are angels on Earth.
18098151413092644,DXjcLK4D8YD,C0136,😊🤗🥰
18094906213897716,DXjcLK4D8YD,C0419,👏❤️👏❤️👏
18174192778398743,DXjcLK4D8YD,C0765,He is free❤️❤️🔥🔥
18105372308307197,DXjcLK4D8YD,C0014,I want to see those men
18089729681031248,DU-3de8iG-a,C0873,❤️
18139047127492514,DXrKi2OD1Hm,C1116,❤️
18129673189590043,DXrKi2OD1Hm,C0285,❤️❤️🙏🙏🙏
18092838532970170,DXrKi2OD1Hm,C0949,Thank you
18111623788864721,DXrKi2OD1Hm,C0658,👏👏👏👏
18073300544409708,DXrKi2OD1Hm,C1211,Good job 🔥
18543830158068760,DXrKi2OD1Hm,C0296,Puppy 😍
18074114285273359,DXrKi2OD1Hm,C0246,My favorite part is when they free their little snoots.
18123248410626423,DXrKi2OD1Hm,C1250,@M0048
18092724506183345,DXrKi2OD1Hm,C0143,🔥👏👏
17886178269490738,DXrKi2OD1Hm,C0896,👏👏👏👏👏❤️❤️❤️❤️❤️❤️
18309499648302846,DXrKi2OD1Hm,C0923,👏👏👏👏👏👏❤️❤️❤️❤️❤️❤️
18390765637082212,DXrKi2OD1Hm,C1185,🩵🩵🩵🩵🩵
17874448785599557,DXrKi2OD1Hm,C0608,"No unity among them, leaving homie alone"
18072641336285762,DXrKi2OD1Hm,C0190,Thank you again and again and again and again…. Saving these Seals 🦭 makes for a better brighter future.. for them and us. Thank you. 🌈
17924520045298877,DXrKi2OD1Hm,C0957,Почему у них у всех одинаково намотана капроновая леска!  В один слой? Как-то неправдоподобно.Где они её наматывают?
18104952418663153,DSW2mrgjs6h,C1221,👏😍😍😍😍😍
18121706110546467,DSjukI4jv4D,C1221,👏😍👏
18080141105196430,DXg3UF6CdnC,C0349,
18117821461681823,DXg3UF6CdnC,C0143,🔥👏🙌
18007408751903882,DXg3UF6CdnC,C0701,Merci infiniment pour tous ces sauvetages 👏🙌❤️
17893530168459973,DXg3UF6CdnC,C0377,It went so well! 👏👏
17960701562934717,DXg3UF6CdnC,C0172,Those nets need a couple of hard plastic pads sewn on each side of the tip to prevent caught seals biting through the net.
17948912697138515,DXg3UF6CdnC,C0074,🍀
18094473353121975,DXg3UF6CdnC,C1033,❤️❤️❤️
17884321080539914,DXg3UF6CdnC,C1134,👏❤️thank you.
18226110799312286,DXg3UF6CdnC,C0744,There's the puppy! Tessa ❤️❤️
18079633910428683,DXg3UF6CdnC,C0560,"Good luck with the new nets, Naude."
18087112034594043,DXg3UF6CdnC,C0901,Australia here. I ended up here because of an episode of @M0024 on YouTube. Love your work and will donate tomorrow.
18100325915018078,DXg3UF6CdnC,C0578,Good job guys keep it up Thanks
18100528501953398,DXg3UF6CdnC,C0758,You are all so❤️🔥 wonderful
18095684584881826,DXg3UF6CdnC,C0119,Los jefes 🔥
17989630277793691,DXg3UF6CdnC,C0301,Thank you for all the rescues you do and hopefully the new nets will work great for you.
17892589353332841,DXtW3C-FV7E,C0453,Illegal Chinese fishing?+
18082148924196771,DXtW3C-FV7E,C0543,It all starts with education and knowledge!🙏🏼❤️
18089316926194834,DXtW3C-FV7E,C0142,💪💯💪💯💪💖
17892149574461292,DXtW3C-FV7E,C0180,❤️
18433769974143289,DXtW3C-FV7E,C0027,17 Heroes and a Shy Puppy 😂
18102091432830548,DTn2xOlD7JJ,C0826,❤️❤️❤️❤️❤️😍😍😍😍😍
17941078194122466,DTn2xOlD7JJ,C0796,Congratulations Misha and Melanie on becoming proud mummas! 😍😍❤️❤️
18091912055297743,DTn2xOlD7JJ,C1221,😍😍
18086023753892398,DTn2xOlD7JJ,C0220,How absolutely amazing❣️❣️❣️😍😍
18113032264626563,DTn2xOlD7JJ,C1152,"OMG, little Misha is a Momma😭🥺❤️"
17920960785094643,DUqUliEDNSs,C0192,😍👏🔥❤️
18058448000358281,DUqUliEDNSs,C0723,Stunning!
18000567614760691,DXO1x-NCC5k,C0082,👏👏👏👏👏👏👏👏
18601041715055349,DXO1x-NCC5k,C0295,This is what everyone wants @M0040 to do.
18103457053953386,DXO1x-NCC5k,C0278,Excellent work!
17925573057299817,DXO1x-NCC5k,C0581,Sea Lion
18116943022599689,DXO1x-NCC5k,C0959,👏👏 thank you for helping them
18113922934697398,DXO1x-NCC5k,C0294,🙏🙏🙏🙏❤️
18585241171028282,DXO1x-NCC5k,C0263,Nice job
17913539220180434,DXO1x-NCC5k,C0143,👏👏🔥🙌
17932376124072147,DXO1x-NCC5k,C1005,👏👏👏
17929067034264020,DXO1x-NCC5k,C1015,❤️🔥
17875582806454733,DXO1x-NCC5k,C0300,What was at the end of your stick? I thought it was just a stick but you actually hooked and cut the straps with it!
18071459846304122,DXO1x-NCC5k,C1119,The sneak attack!😍😍
18086433209198010,DXO1x-NCC5k,C0798,Thank you
18094014449270893,DXO1x-NCC5k,C0811,👏😍👏😍👏❤️ Thank you!
18202972513345011,DXO1x-NCC5k,C0290,"Imagine being a seal, completely oblivious, napping in the sun and being startled awake by some guy with a metal hook. 🤣🫣"
18142226758502230,DXQrA_0jvq3,C0072,👏🏾👏🏾👏🏾👏🏾👏🏾👏🏾👏🏾👏🏾👏🏾👏🏾👏🏾👏🏾👏🏾👏🏾👏🏾👏🏾👏🏾
18098565449121721,DXQrA_0jvq3,C0142,💪💯🌟💯💪
17875199328584890,DXQrA_0jvq3,C0180,❤️
17871428835486771,DXQrA_0jvq3,C0047,Wonderful!❤️❤️
18105592298491804,DWk1d0DDHm-,C0701,Bravooooooo thank you verymuch🔥🙌❤️
17853831165649065,DWk1d0DDHm-,C0807,👏👏👏
17883377592501355,DWk1d0DDHm-,C0469,Well done..everyone save makes it worthwile👏👏👏
18072451712633943,DWk1d0DDHm-,C0539,❤️❤️👏👏👏
17882366139508985,DWk1d0DDHm-,C0248,❤️❤️❤️💪💪💪HEROES❤️❤️the BEST KIND🙏🙏🙏❤️❤️❤️
18575658193057482,DWk1d0DDHm-,C0899,❤️❤️
18172524307395862,DWk1d0DDHm-,C0400,👏👏👏thank you ❤️
18073409930230589,DWk1d0DDHm-,C0419,❤️
17877695325552560,DWk1d0DDHm-,C0732,You guys are awesome! Your love and dedication to save those puppies makes our hearts happy! Thank you!!❤️❤️❤️❤️❤️❤️❤️❤️😍😍😍😍😍😍😍👏👏👏👏👏👏👏
18179572885377799,DWk1d0DDHm-,C0223,Every single one counts as a win! You are all amazing 💖
18220042177315098,DWk1d0DDHm-,C1027,You are amazing 😍❤️❤️🔥🔥
18111340045812276,DWk1d0DDHm-,C0569,You are awesome guys! Thank you 👏👏👏👏👏👏👏🙌
18110256691788106,DWk1d0DDHm-,C0642,👏👏👏
17873243850577380,DWk1d0DDHm-,C1185,🩵🩵🩵
18013305701838438,DWk1d0DDHm-,C0049,👏👏👏👏👏❤️❤️❤️❤️❤️ bless you  guys!!
18195416077361996,DXGonOCjTav,C1033,❤️❤️❤️😍
17859717576652619,DXGonOCjTav,C0223,Love everything your team does to help save the planet and the seal pups too ❤️
17883453621514681,DXGonOCjTav,C1166,Love your work 💚💪💚
18099217172294814,DXGonOCjTav,C0469,Well done👏👏👏..stop buying plastic..clothing and tyres biggest polluters people..😢😢
18053282465711702,DXGonOCjTav,C0248,❤️❤️❤️❤️🤍🤍🤍🙏🙏🙏🙏🙏🤍🤍🤍
18087949766585982,DXGonOCjTav,C0477,👏👏👏❤️
18179016241391132,DXGonOCjTav,C0180,❤️
17899770489424388,DXGonOCjTav,C0047,Thank you ❤️❤️
17874140784472075,DTINIX7jsOm,C1221,😍😍😍😍😍😍😍😍
18077481353180276,DQ4Hgt0jmeW,C0055,O céu mais lindo que vi na vida.....😍
17933198289102890,DQ4Hgt0jmeW,C1221,👏👏😍
18109985878780187,DXWkHQnAsRS,C0001,ご苦労様です。海はゴミだらけです。
18133091557583694,DXWkHQnAsRS,C0076,Grazie 🙏
17950475826160634,DXWkHQnAsRS,C0949,Thank you
18099689467934742,DXWkHQnAsRS,C0511,❤️
18011996801704369,DXWkHQnAsRS,C0287,Fantastic job 😍
18064153307391198,DXWkHQnAsRS,C0294,🙏🙏🙏🙏🙏❤️
17886393465525705,DXWkHQnAsRS,C0143,🙌🔥👏
18111757207891620,DXWkHQnAsRS,C0980,👏👏👏👏
18038757521627093,DXWkHQnAsRS,C0653,👏👏👏😍
18105446338931358,DXWkHQnAsRS,C1146,Thank you for caring 💚
17923101585306596,DXWkHQnAsRS,C1022,👏👏👏👏😍😍😍😍
17885421879525808,DXWkHQnAsRS,C0865,🙏
18007878224899778,DXWkHQnAsRS,C0136,😊🤗🥰
18090921302224672,DXWkHQnAsRS,C0547,Thank you for doing the work you do to help these beautiful animals
17945861208000355,DXWkHQnAsRS,C1185,🩵🩵🩵
18077694907995701,DSo4NOsDnRq,C0751,"A merry Christmas to you and thank you for having us a couple of weeks ago. We enjoyed our stay, your hospitality and the wildlife."
17927793744090222,DWTncqqigcL,C0413,🔥🔥🔥🔥
18124117825610801,DWTncqqigcL,C0896,👏👏👏👏👏👏👏❤️❤️❤️❤️❤️
18081388994171128,DWTncqqigcL,C0061,Thank you 🙏🏽 I feel so happy when I see your good deeds for the poor seals 🦭 🙌🙌🙌
18095761592020123,DWTncqqigcL,C0899,❤️❤️❤️
17955817023102726,DWTncqqigcL,C0051,Lotta seals but those aren't the only dawgs i see in this video
17848476249674973,DWTncqqigcL,C0404,❤️
18001268633871053,DWTncqqigcL,C1006,"How are the new nets going, are they easier than the older ones?"
18097122743513227,DWTncqqigcL,C1170,How do you know male from female from far away?
18019500758817936,DWTncqqigcL,C0197,Thank you! Was that one of the new nets?
18085085366520972,DWTncqqigcL,C1185,🙏🙏🩵🩵
18100354622480967,DWTncqqigcL,C0309,❤️ merci ❤️
17932869960226962,DWTncqqigcL,C0706,"Looked like she was on the attack but then she was like, oh thanks! 😂"
18073946753633486,DWTncqqigcL,C0113,Io penso che gli animali che salvate vi saranno per sempre riconoscenti grazie 🙏🙏🙏
18093907975869183,DWTncqqigcL,C0065,❤️❤️❤️ Deus abençoe você
18089746517332637,DWTncqqigcL,C1181,ありがとう❤
17891971602366196,DQyN1z-jWP2,C0220,Olivia??🥰
18083086448089392,DQyN1z-jWP2,C0810,I loved the kudu when I was there!
17850254688553796,DQyN1z-jWP2,C0826,❤️❤️❤️❤️❤️❤️❤️❤️❤️😍😍😍😍😍😍😍😍😍😍😍
18512882422066018,DQ9DYVGjs2Z,C0826,❤️❤️❤️❤️❤️❤️
18090539800810055,DQ9DYVGjs2Z,C1003,Not even close to 2016 @M0009 @M0017 😂
18058010372270363,DQ9DYVGjs2Z,C0751,I had the same wonderful experience on that exact spot just 3 weeks ago. It was truely magic to see the Rino against the setting sun.
18087440203979367,DRMLifyj68e,C0754,"Nice, happy to see diptera collecting happening at Gobabeb! I hink this should be an Anasillomos spec. @M0045 ?"
18079746728235615,DSnAE6BjL8j,C0718,"Merry Christmas to all the team, let's hope for a successful 2026❤️"
18051902204412916,DSnAE6BjL8j,C0081,❤️❤️❤️
18093185177496547,DSnAE6BjL8j,C1084,Yes it is very important
17849002959593054,DSnAE6BjL8j,C0782,❤️❤️❤️
17983665479927456,DSnAE6BjL8j,C0067,Done it twice and will do it again 😍😍
17965250111989827,DSnAE6BjL8j,C1001,"Yes, very important!! 🐘 ❤️"
18076191971223914,DSnAE6BjL8j,C0310,❤️
18064253153208356,DSnAE6BjL8j,C0122,It is veryyyy important you listen to thatt! 🔥
17936609106056679,DWlb2t7FEje,C0386,"Mankind is the cancer of this planet. If that seal weren't saved, it would drown in our garbage! Thank you @M0034 ❤️"
18104118632499389,DWlb2t7FEje,C1009,👏👏👏❤️❤️❤️
18111843472695824,DWlb2t7FEje,C0077,Amazing work. You are their only hope against stupid irresponsible humans. 👏
18094882447890747,DWlb2t7FEje,C0115,❤️❤️❤️
17935966797200986,DWlb2t7FEje,C1033,🦭♥️🙏
18369199252161360,DWlb2t7FEje,C0396,👏👏👏👏
18008981039849719,DWlb2t7FEje,C1143,🙌👏
17897813883424905,DWlb2t7FEje,C0899,❤️❤️
18132321148539773,DWlb2t7FEje,C1101,😢😢🙏🙏🙏❤️❤️❤️❤️
18076311740408758,DWlb2t7FEje,C0180,❤️
18094689388876240,DWlb2t7FEje,C1185,😢🙏🩵
18086491583004836,DWlb2t7FEje,C0815,😍😍❤️❤️❤️👏👏👏👏👏
18097592126515260,DWlb2t7FEje,C0142,💪💪💪💥💪💪💪
18002873456872945,DWlb2t7FEje,C0642,Thank you for saving them 🙏🏻
17916733359339001,DWlb2t7FEje,C1017,Thank you so much guys!
18106345312997278,DW_Y85EldJH,C0451,👏👏👏👏👏👏👏👏👏👏👏👏👏👏👏👏👏👏
18087874454096995,DW_Y85EldJH,C0398,👏👏❤️👍👍
18078080417292732,DW_Y85EldJH,C1116,❤️❤️❤️
18114495865859539,DW_Y85EldJH,C0099,👏👏👏
18079777400251736,DW_Y85EldJH,C0299,They so cute and chunky 😍 God job guys ❤️
18091390109039971,DW_Y85EldJH,C0374,👍
18029520059813049,DW_Y85EldJH,C0369,🙏🙏🙏🥹🥹🥹🌹🌹🌹🦭🦭🦭🫶🫶🫶
18175809844408425,DW_Y85EldJH,C1056,Thank you ❤️‍🩹
18088898225037155,DW_Y85EldJH,C0042,
18101021891104676,DW_Y85EldJH,C0651,🔥🔥🔥🙌❤️❤️❤️
17906708889235610,DW_Y85EldJH,C0448,Thank you.
18112963648877149,DW_Y85EldJH,C1247,Burası neresi?
18041943713787502,DW_Y85EldJH,C0608,Not a single bit of unity out there
18397452877145210,DW_Y85EldJH,C0210,I think they're starting to see humans as a non-threat
17976832941034287,DW_Y85EldJH,C0925,👏🙏🏻
18030220190803717,DXT_TNoj4Df,C0399,Sooo appreciate what you are doing! ❤️
17991020132791114,DXT_TNoj4Df,C0105,One more day saaaaaving the pups! ❤️🙌
18101580232950223,DXT_TNoj4Df,C1087,👏👏👏
17917307232361054,DXT_TNoj4Df,C0431,👏👏👏👏
17992743005956048,DXT_TNoj4Df,C0267,🔥🔥🔥🔥🔥
17918347329143370,DXT_TNoj4Df,C1185,🩵🩵🩵
17944475205180265,DXT_TNoj4Df,C1028,That net with the zipper is brilllllliant. Bless you for the wotk you do
18207785062330077,DXT_TNoj4Df,C1135,How do you even spot that stuff tangled on them??!! Amazing work...👏👏👏
18396855022152674,DXT_TNoj4Df,C0896,👏👏👏👏👏🙏🙏🙏🙏🙏🙏
18098116817089823,DXT_TNoj4Df,C0686,Danke Danke Danke Danke Danke Danke Danke Danke Danke Danke Danke Danke Danke Danke Danke Danke ❤️❤️❤️❤️❤️❤️❤️❤️🦭
17965143645069588,DXT_TNoj4Df,C1103,👏👏👏👏
18049397180562147,DXT_TNoj4Df,C0413,🔥🔥🔥
18074966558537099,DXT_TNoj4Df,C0253,👏🏼👏🏼👍🏽♥️♥️
18014579228686372,DXT_TNoj4Df,C0360,Thank you for being some good in the world! 💖
18096471464025930,DXT_TNoj4Df,C0758,👏👏👏❤️
18084960155089709,DSkb8crjN7Y,C0165,Gorgeous 😍
17865575862558293,DTH5ocQDAMc,C0910,Funny how lions scatter when these guys come through
18425284003112738,DTH5ocQDAMc,C0067,I would say Fiori😍😍
18553503592019112,DTH5ocQDAMc,C0617,Is it Fiori and Carissa ?
17943827321964788,DTH5ocQDAMc,C0674,🥹🩶
17991295895967557,DXB9wXvkQo4,C0143,👏🔥🙌
18351219007234475,DXB9wXvkQo4,C0399,Thank you! ❤️
18390927898154430,DXB9wXvkQo4,C0137,Thank you ❤️
18075424379643162,DXB9wXvkQo4,C0052,Get it girl!👏
18313919005286802,DXB9wXvkQo4,C0868,"Should get some small one sided scalpels with a thin dull curve on the top to get underneath for the super tight ones. But you all are doing just fine with all of what you do and I’m sure have plenty of tools we don’t see, just makes me think of ideas of different tools to help. What a great job this was cutting into the strong little pup. Nice save as per usual 👍🏼."
18160964605437810,DXB9wXvkQo4,C0537,I'm so happy to see you saved here. Gid bless you guys ❤️😍❤️😍❤️👏👏🙏
17891550879460449,DXB9wXvkQo4,C0612,Thank you
18092413231929648,DXB9wXvkQo4,C0522,"🥺🦭🍼Tadinho desse bebê, todo cortado. Obrigada por ajudarem. 💚🦭🍼💧"
18107140754491599,DXB9wXvkQo4,C0899,😍👏
17882162598517133,DXB9wXvkQo4,C0816,Strong babby😍
18096060695152343,DXB9wXvkQo4,C0197,Thank you. She was a little difficult. Poor baby girl.
18074502290322061,DXB9wXvkQo4,C0966,Thank you 👏
18010550627853426,DXB9wXvkQo4,C0358,
18545182042070878,DXB9wXvkQo4,C0619,Great work! God bless you all! ❤️
18064191989361495,DXB9wXvkQo4,C0253,👌🏽👏🏼👏🏼👏🏼👏🏼♥️♥️♥️♥️
17916310374358687,DWiVP96AE8O,C0883,I think the answer is C. Great job however much👏🔥🦭
18079522754631027,DWiVP96AE8O,C0618,30
18129538207562071,DWiVP96AE8O,C0897,I'll ho with C hoping for D
18088809794220269,DWiVP96AE8O,C0469,Hopfuly D..you are all amazing so thanku👏👏👏
17965858839028842,DWiVP96AE8O,C0539,Not enough unfortunately considering the waste in our oceans….so sad to see these beautiful animals trapped in our trash…massive respect for your work and dedication 👏👏👏❤️❤️❤️ you are real heroes ❤️❤️❤️
18121492690537684,DWiVP96AE8O,C0528,C 🦭
18095169119118484,DWiVP96AE8O,C0763,D
18006635495890518,DWiVP96AE8O,C0915,C
17984003981800055,DWiVP96AE8O,C0704,55+
18417199606130903,DWiVP96AE8O,C0228,Way too many!
18097950106826440,DWiVP96AE8O,C0964,B
18097207867836615,DWiVP96AE8O,C1200,B
17871032001479108,DWiVP96AE8O,C0767,A
18099149335962517,DWiVP96AE8O,C0424,Never enough - that's how many 😟
17857623135626924,DWiVP96AE8O,C1008,A
18079399826641932,DXEhT7-jsJy,C1102,"""Go bite Jason if you want to bite someone"" 😂 love these clips ❤️"
18070222712682692,DXEhT7-jsJy,C0523,Desde Chile!!!! 🇨🇱🇨🇱🇨🇱 🙏🙏🙏
18078883076563523,DXEhT7-jsJy,C0454,❤️❤️🙌🙌
18079993328386454,DXEhT7-jsJy,C1002,Admiro esta gente ❤️
17925198963272583,DXEhT7-jsJy,C1184,👏👏👏👏 You guys are Awesome!!! Thank you 🙏
17936441208210471,DXEhT7-jsJy,C0458,AMAZING! how many do you guys rescue weekly?
18216558703319243,DXEhT7-jsJy,C0613,Mega. Danke 🙏
18099067199068330,DXEhT7-jsJy,C0899,😍😍😍
17894093235443399,DXEhT7-jsJy,C0490,❤️❤️❤️❤️❤️
17919231606341629,DXEhT7-jsJy,C0966,🙌
17935134645238586,DXEhT7-jsJy,C0543,Thank you.
18108744340681258,DXEhT7-jsJy,C0139,Thank you ❤️❤️❤️
18260809045295765,DXEhT7-jsJy,C0983,"Great video.  Shows how much goes into rescuing. I think I was the one to tell you guys to add behind the scenes.  You’re welcome😆That poor baby, at the end, so much.  Who was behind the face shield? Hit the heart as soon as you pop up.  Amazing group of people!"
18076606217439958,DXEhT7-jsJy,C0688,Thank you 🙏🏼
18418893718121735,DXEhT7-jsJy,C0661,Antoine in witness protection?
17877974013488919,DU-u3Jljsfe,C1252,This looks stunning! Well done guys 👏🏻
17907588966279208,DSZYkGrjC9V,C0288,I just sent you a direct message with a question about the process. Thank you for answering. 🙂
18191314243370674,DWlpEQZkSwj,C1120,😢poor thing
17861560422628713,DWlpEQZkSwj,C0143,👏👏🔥🙌
18438682687136024,DWlpEQZkSwj,C0113,Grazie 🙏🙏🙏
18112704127694961,DWlpEQZkSwj,C0413,🔥🔥🔥🔥
18167107867418350,DWlpEQZkSwj,C0672,Какое благородное и нужное дело вы делаете! Успехов вам! Спасибо!!!❤️❤️❤️
18179489461384912,DWlpEQZkSwj,C1161,👏👏👏👏🔥
18015918389824848,DWlpEQZkSwj,C0942,🙈🩸🙉
18081535946096042,DWlpEQZkSwj,C0827,Gracias gracias gracias 🙏 👏👏🫶
18087389450258704,DWlpEQZkSwj,C0429,Oh God….poor little thing….thank you for saving it. ❤️
17883659334488122,DWlpEQZkSwj,C0802,🥺❤️
18070741283280187,DWlpEQZkSwj,C0621,"Tadinho se não tira essa linha, vai degolando o animal aos poucos 😮😢😢😢"
18030872273796151,DWlpEQZkSwj,C0609,❤️
17992389692776816,DWlpEQZkSwj,C0248,😢😢😢It is so so hard to watch these poor sea pups… Thank GOD there are HEROES like you💪💪🙏🙏❤️❤️❤️🤬
18080488694455325,DWlpEQZkSwj,C0899,❤️❤️❤️
18132355780529961,DWlpEQZkSwj,C0814,
18095879402327105,DXMRBetlLiz,C0036,you guys are awesome !!!
18108896764916549,DXMRBetlLiz,C0294,🙏🙏🙏🙏🙏❤️
17934864576249392,DXMRBetlLiz,C0143,👏🔥🙌
18552493114070319,DXMRBetlLiz,C0936,Awesomeness 🔥
17991855800955138,DXMRBetlLiz,C0982,👏👏👏👏👏👏
18076141310547332,DXMRBetlLiz,C1146,Thankyou for caring 💚
18108585443506187,DXMRBetlLiz,C0686,Danke Danke Danke Danke Danke Danke Danke Danke Danke Danke Danke Danke Danke Danke Danke Danke Danke Danke ❤️❤️❤️❤️❤️❤️❤️❤️❤️❤️❤️❤️🦭
17927076873269619,DXMRBetlLiz,C1173,👏👏👏❤️❤️❤️😍Thank you
18585299254041971,DXMRBetlLiz,C0865,🙏
18417499114135786,DXMRBetlLiz,C0916,👏👏👏👏👏👏👏👏👏👏👏👏
17857946604688768,DXMRBetlLiz,C0840,❤️❤️❤️❤️❤️❤️
18101850065478080,DXMRBetlLiz,C0835,Big boy
18097629730848278,DXMRBetlLiz,C1235,❤️❤️❤️❤️
17935050375216357,DXMRBetlLiz,C0413,🔥🔥🔥🔥🔥
18080407844413618,DXMRBetlLiz,C0105,"The patience, attention and care! You guys rock!"
17946666078151237,DWYxBt2jWH0,C0923,❤️❤️❤️❤️👏👏👏👏
18046070459767617,DWYxBt2jWH0,C0266,🙏❤️🙏❤️
18159027496446815,DWYxBt2jWH0,C0413,🔥🔥🔥🔥
18079934993132243,DWYxBt2jWH0,C1219,👏👏👏😍
18100477378800829,DWYxBt2jWH0,C0641,Quel dévouement 👏👏👏❤️❤️🤍🤍💐💐🌹
17928504954266408,DWYxBt2jWH0,C0942,You never give up 👏 and you never can give up!  That is a really sad story….
17984956499972173,DWYxBt2jWH0,C0456,Boy! You guys have great courage and very big hearts!! ❤️❤️❤️ Thank you for each and every one!! 🥰❤️🙏
18110937142795559,DWYxBt2jWH0,C0589,Do any of the others try to bite when you’re catching their friends ?
18085255163200893,DWYxBt2jWH0,C0976,👏👏👏👏
18049332896721449,DWYxBt2jWH0,C0609,❤️
18067028339667929,DWYxBt2jWH0,C0899,❤️❤️🙌🙌
18191523514367451,DWYxBt2jWH0,C0179,👏👏👏👏👏👏👏
17944563666151781,DWYxBt2jWH0,C0197,Thank you! What are the tags?
17919688257302723,DWYxBt2jWH0,C0765,I love yall so much! Thank you for this- another day ❤️
17972527796858301,DWYxBt2jWH0,C0836,God bless you 🔥❤️
17946548973156186,DXHHXHCCcgT,C0269,
18145882225488664,DXHHXHCCcgT,C0807,Huge thank you to each and every one of you ❤️
18096801392039090,DXHHXHCCcgT,C0899,❤️👏
18102329486476447,DXHHXHCCcgT,C0963,"Thank you @M0034  for this impactful campaign. We are grateful for the opportunity to be part of it, and with your support, to help shape not only cleaner coastlines, but stronger, more conscious young leaders."
18098246360045629,DXHHXHCCcgT,C0341,Very good. Hope the rest of South Africa will start cleaning up. Especially our coastlines ❤️
17920226298323238,DXHHXHCCcgT,C1012,Thanks Team Great work 🙏
17884029306526915,DXHHXHCCcgT,C0485,Thank you for caring❤️👏👏👏
18124184950590974,DXHHXHCCcgT,C0485,Ugghhh...humans are awful☹️
18090459061964756,DXHHXHCCcgT,C0586,👏👏👏👏👏👏❤️❤️❤️❤️❤️❤️
17880396195553474,DXHHXHCCcgT,C0995,Well done Promiseland youngsters and OCN! I bet it was satisfying to see all those full bags of rubbish at the end of the day! 🌊🦭✂️🌍💙
18077449631439446,DXHHXHCCcgT,C0173,I liked the  new idea of reusing the feed bags for collecting the waste! Well done Promiseland kids and OCN
18126514357589691,DXHHXHCCcgT,C0453,Namibia should make the  illegal fishing vessels.. collect the collected rubbish... but they will probably chuck it back into the sea!..China up your game!
18431586829189740,DXHHXHCCcgT,C0827,Dios les bendice 🙏👏👏👏👏🔝❤️❤️❤️❤️❤️
17964834909064314,DXHHXHCCcgT,C0522,🥹Vocês são maravilhosos!  Obrigada! 💋💋💋🥰💚🦭💧
17970574755031445,DXHHXHCCcgT,C0983,Wow!  Please tell me that it was miles. What was the stretch?
18313518400218078,DQoIZkHDhRS,C0135,Nice ❤️it‘s the Best Place in Namibia 🇳🇦 🐆🐾
18045904454765895,DWd6n6mD1JJ,C0933,👏👏👏👏👏👏😍❤️❤️
17885670288533207,DWd6n6mD1JJ,C1105,Good catch ❤️ God bless you guys. Thank you for your kindness. 🙏🏼👻🙏🏼
18006781364911221,DWd6n6mD1JJ,C0798,God bless you.
18117695230726573,DWd6n6mD1JJ,C0039,👏👏👏
18102154972947552,DWd6n6mD1JJ,C0413,🔥🔥🔥🔥
18095243891160830,DWd6n6mD1JJ,C0413,🔥🔥🔥🔥
18090169910267216,DWd6n6mD1JJ,C1087,👏👏👏
17956145091113716,DWd6n6mD1JJ,C0469,Dreadful these fishing lines..must b stopt or changed or ?? wot can manufactures do plz???
18117895408722389,DWd6n6mD1JJ,C0896,👏👏👏👏👏👏👏👏👏👏👏❤️
18080935742102333,DWd6n6mD1JJ,C0236,🙏🙏🙏🙏❤️❤️❤️❤️
18111747331841051,DWd6n6mD1JJ,C0609,❤️
17913523671356914,DWd6n6mD1JJ,C0899,❤️❤️❤️
17902544136405360,DWd6n6mD1JJ,C1191,❤️❤️
18173388949399526,DWd6n6mD1JJ,C0788,❤️👏
18117241513634231,DWd6n6mD1JJ,C1265,Los vídeos que uno debe ver como hay personas que rescatan a los animalitos de la muerte Héroes angeles Ellos necesitan de nuestra colaboración para poder ejerciendo esta hermosa labor vean y compartan De repente hay personas que puedan ayudar de otras maneras
18115920823841558,DWWMPeZggaK,C1116,❤️
18041664998788264,DWWMPeZggaK,C1056,Thank you ❤️‍🩹
17986432874808175,DWWMPeZggaK,C0307,Одновременно злой и милый котик 😍
18127888459581778,DWWMPeZggaK,C1087,👏👏👏
17869752552657861,DWWMPeZggaK,C0896,👏👏👏👏👏👏👏👏👏👏👏❤️
18110993788699275,DWWMPeZggaK,C0089,I like when you hold them by the little shrimp tail
18079849229111366,DWWMPeZggaK,C0899,❤️❤️❤️
17935411590082122,DWWMPeZggaK,C0332,Den ganzen Abend werden mir diese Videos gezeigt. Eigentlich will ich das gar nicht sehen. Danke für eure Hilfe😍. Wir Menschen sind schon komische kleine Viecher 🤦🏼‍♀️
17916084426145350,DWWMPeZggaK,C1006,This pup stood his ground! Thank you for all the hard work you do saving these babies!
18120535936653828,DWWMPeZggaK,C0183,Thank you so much ❤️❤️
18578362720046216,DWWMPeZggaK,C1033,🦭♥️🥰
17957993625089690,DWWMPeZggaK,C0148,That little pup really made you work 😂
17972251718861665,DWWMPeZggaK,C0128,👏👏👏👏👏👏
17865123120527941,DWWMPeZggaK,C0586,❤️❤️❤️❤️❤️
17992262360940920,DWWMPeZggaK,C0558,Alien abduction from the Alien POV
18049239080666810,DRboXapDRPH,C0673,Magnificent capture!! 💯🌟🔝
18064427054408676,DRboXapDRPH,C0220,So beautiful 😻😻
18411400903185207,DRboXapDRPH,C0435,Lovely Pic ❤️
18070789634077523,DRboXapDRPH,C0751,"Yes, it stays with you forever. We saw the three brothers up close…. walking by….. A magical experience."
18071569037056591,DRboXapDRPH,C1221,👏👏😍
17972640354032986,DWqyl7vlIzO,C0143,👏🔥🙌
18050055089566445,DWqyl7vlIzO,C0923,👏👏👏👏
18113883988788839,DWqyl7vlIzO,C0413,🔥🔥
18081038504618070,DWqyl7vlIzO,C0202,👏👏👏👏👏👏👏👏👏
18112418809795011,DWqyl7vlIzO,C0019,U guys are so cool
17866549350527595,DWqyl7vlIzO,C0133,You guys are awesome
17860733601625541,DWqyl7vlIzO,C0060,❤️❤️❤️👏👏👏👏👏
18078403580454115,DWqyl7vlIzO,C0050,Do they not get sick from infected wounds?
18118848322642691,DWqyl7vlIzO,C0827,Gracias gracias gracias 👏👏👏🙏🫶
18104021474306352,DWqyl7vlIzO,C0904,Poor baby 🥺
18074590115197256,DWqyl7vlIzO,C1108,Aww the little ones trying their best to run and keep up 💕
18116281612731791,DWqyl7vlIzO,C1269,얼마나 답답하고 아팠을까…ㅠㅠ 행복하렴🙏
17965082760026914,DWqyl7vlIzO,C0609,❤️
17940012645186901,DWqyl7vlIzO,C0199,🥺🥺🥺🥺🥺🥺❤️
18311147677277223,DWqyl7vlIzO,C0543,🙏🏼❤️
17927507823278440,DWjEN2Vk60m,C0896,👏👏👏👏👏👏👏❤️❤️❤️
18073932500352479,DWjEN2Vk60m,C0923,❤️❤️❤️❤️
18007918046888353,DWjEN2Vk60m,C0923,👏👏👏👏
18110262178890370,DWjEN2Vk60m,C0266,❤️🙏❤️🙏
18338299111173540,DWjEN2Vk60m,C1164,Amazing how you can see and tell which one is in distress.
18120815329728619,DWjEN2Vk60m,C0301,❤️Thank you for helping this little guy.
18082073297096598,DWjEN2Vk60m,C0171,Que trabalho lindo!! Parabéns!
18103397861312960,DWjEN2Vk60m,C0061,🙌 thank you for doing this
18098702629990853,DWjEN2Vk60m,C0984,The one seal that ran over the bystander 😂😂😂
18086322059600166,DWjEN2Vk60m,C0494,❤️❤️❤️❤️❤️❤️
18009698840854072,DWjEN2Vk60m,C0097,I love seals! 🦭
18098649191000011,DWjEN2Vk60m,C0426,❤️❤️great job heroes
18118654219637060,DWjEN2Vk60m,C1161,🔥👏👏
18232426594308180,DWjEN2Vk60m,C0805,You wonder how long that has been around their necks..poor things
17907342717389954,DWjEN2Vk60m,C0185,👏🙌👏🙌❤️❤️🔥🔥
18340648522229265,DSErGl1jPiD,C0694,"Ein grosser verlust , wichrig ist das wir sein Vermächtnis Leben"
18107163034560860,DSErGl1jPiD,C0161,Deepest heartfelt sympathies to Saba and all the family and friends xx such a sad loss to put conservation of elephants. RIP
18075119741349538,DSErGl1jPiD,C0067,This is a huge loss but his legacy will live on forever
18046097459550665,DXRbK38DM3W,C0098,Puppy patrol!
18114639130836933,DXRbK38DM3W,C0686,Danke Danke Danke Danke Danke Danke Danke Danke Danke Danke Danke Danke Danke Danke Danke Danke Danke Danke Danke Danke Danke Danke ❤️❤️❤️❤️❤️❤️❤️❤️❤️❤️❤️❤️❤️❤️🦭
18101312551806498,DXRbK38DM3W,C0470,Spicy puppy
17981719949830552,DXRbK38DM3W,C1185,❤️❤️❤️
18113309473751324,DXRbK38DM3W,C0765,Big bosses saving the chunky puppies ❤️
18121479244558059,DXRbK38DM3W,C1235,Thank you ❤️❤️❤️
17934413484213180,DXRbK38DM3W,C0744,👏👏👏👏👏👏👏👏👏👏❤️❤️❤️❤️❤️❤️❤️❤️❤️
18079244204618195,DXRbK38DM3W,C1009,❤️❤️👏👏
18134550097571275,DV8HsvgjHW4,C0536,❤️
18044375381792551,DV8HsvgjHW4,C0374,👍
17967829986098431,DV8HsvgjHW4,C0034,It’s so amazing how many seals y’all have saved!! 🤍🤍
18341931793172320,DV8HsvgjHW4,C1056,Thank you ❤️‍🩹
18009211055722260,DV8HsvgjHW4,C1163,"Mama mama, this one time, at camp, these aliens… 
Love the work you guys do ♥️"
18089283452365525,DV8HsvgjHW4,C0949,Thank you
18120030256634760,DV8HsvgjHW4,C1189,❤️❤️❤️❤️
18114250678767415,DV8HsvgjHW4,C0609,❤️
18570418684062386,DW8ZEQcGmuw,C0660,They say admitting a problem is the first step. Will meaningful government action follow?
18048840815741364,DW8ZEQcGmuw,C1039,Invest in aquaculture immediately. Its now or never!
17852062497662826,DW8ZEQcGmuw,C0599,Oh my god…
18103442464941442,DW8ZEQcGmuw,C0934,Yes now that we know this  what can we do about it?
18192660391317856,DW8ZEQcGmuw,C0270,Bs
18079302653403361,DW8ZEQcGmuw,C0217,Bs
18580866280057537,DW8ZEQcGmuw,C0144,It is about time for the international community to deal with the Chinese pirate fleet that is destroying other countries' fishing grounds.
18083182169068719,DW8ZEQcGmuw,C0204,#Bantrawlers
17993383427950703,DW-3Ni3gdfG,C0762,Thank you!!
18099070690996359,DW-3Ni3gdfG,C0890,The designs and colours are brilliant!
18200844601346941,DXE-OgWjDbf,C0719,❤️❤️❤️
17971272944881699,DXE-OgWjDbf,C0261,They are so lovely🙌
18045225887762223,DXE-OgWjDbf,C0482,
18168874885384169,DTgIY48D2Bx,C0393,Thank you for all you are doing for these awesome animals! 👏👏👏
18027651110798577,DWMpxKqjnAZ,C0021,❤️❤️👏🙌
17869981695586426,DWD4O7tiJcr,C1228,"World Forest Day reminder 🌳
Without trees, we can’t breathe…
So technically, forests are the real influencers 😄
We’re growing a Freedom Forest 🌱
More followers = more trees planted.
Follow, support, and let’s make nature trend again 💚🌍"
18077975657523433,DUJVGkOjxSn,C0152,So tall! 🔥
18092435344818838,DUJVGkOjxSn,C0321,
18104890663700468,DUJVGkOjxSn,C0616,😍
18196713142337662,DUdtwy-jdBl,C0159,"I am very happy that this lovely soul is now free. He was so cute and well prepared for his freedom ♥️♥️♥️ all the best for you, little Cleo ☘️🍀🥰"
18095199781777934,DUdtwy-jdBl,C0163,Tolle Arbeit die ihr leistet 🙏🏻
18361414798202393,DUdtwy-jdBl,C0796,"Amazing work Dr Lyndsey, Paulina and Sarifina! I’m guessing there were a few tears upon Cleo’s release! 👏🏽👏🏽👏🏽👏🏽👏🏽👏🏽👏🏽👏🏽"
18117687961607486,DUdtwy-jdBl,C0826,❤️❤️❤️❤️❤️😍😍😍😍😍👏👏
18132504103511252,DUdtwy-jdBl,C1262,Well done Dr Lyndsay <3
17979472448797912,DUdtwy-jdBl,C1221,👏😍😍
18067639367320273,DSB_StyiP9N,C0315,"Oxytane International is selling cheap low cost solvent making claims it cannot support under any circumstances. It is farud, FAKE and 419"
18068189216438934,DS1zuecDLC0,C0241,Loving this!😍
17907053454285358,DS1zuecDLC0,C0324,❤
18106204051670001,DS1zuecDLC0,C1159,@M0018 🙌❤️
17852269944608088,DS1zuecDLC0,C0351,I love this! 🐘🩶
18088542115885178,DSFsknpDGEy,C0663,"Using mobile apps like EpiCollect for data collection is a practical approach, especially in field research. However, when training AI models, maintaining the quality and consistency of the collected data is critical. Lifewood Data Technology helps organizations implement structured workflows and quality checks to ensure that datasets are reliable and ready for AI applications."
18170105578342039,DSFsknpDGEy,C0850,My job
17866748736510304,DSFsknpDGEy,C0563,That is so brilliant
17967884238054775,DXJsM3zibUp,C0143,🔥👏
18073250690644054,DXJsM3zibUp,C0923,❤️❤️❤️❤️❤️
18110946655886494,DXJsM3zibUp,C0572,👏👏🏼👍👍👍🎉👍🎉👏👏👏👏 gracias
18068582825443675,DXJsM3zibUp,C0205,👏haha. Well done!
18084762770601402,DXJsM3zibUp,C0065,❤️❤️❤️❤️❤️ Deus abençoe você
18350111647208014,DXJsM3zibUp,C0402,But why they don’t know you halp 🙃
18088066475256867,DXJsM3zibUp,C0765,Such hard work. Thank you for each and every day!❤️❤️
18345496456208053,DXJsM3zibUp,C0966,🙌
17906096901223926,DXJsM3zibUp,C0419,👏❤️👏❤️👏
18179836354381249,DXJsM3zibUp,C0248,🤍🤍❤️❤️🙏🙏🙏🙏🙏THANK YOU HEROES🙏🙏🙏🙏🙏❤️❤️🤍🤍
17967339810043298,DXJsM3zibUp,C0805,There is always tomorrow 🙏🏻🤍
17909379864385492,DXJsM3zibUp,C0714,Have you guys ever been bitten?
17885533692498530,DXJsM3zibUp,C0522,🥺🦭Que pena que escapou. Obrigada por ajudarem. 💚🦭💧
18011975414692616,DXJsM3zibUp,C0932,"Next time, Tony. Next time. ♥️💖♥️🌸🙏🏻✨"
18136526764460767,DXJsM3zibUp,C0134,Heroes ❤️❤️❤️
18110297362877740,DW9k7GUDah6,C0633,😍😍😍
17859794289682597,DW9k7GUDah6,C0321,❤️
18579962740042187,DW9k7GUDah6,C1202,Beautifully captured
17931149223238520,DW9k7GUDah6,C0345,Stunning 🔥👏
18088333124193770,DW9k7GUDah6,C0977,😮👏😮👏😮👏
18070496090539861,DUneNtoiFmf,C0772,How do I we get intouch with them GWPO?  @M0029
17860602699543690,DVl64BGCPgg,C0640,All true. An amazing experience and fantastic people.
18123514318536173,DSqDr_mAgXH,C1031,♥️🦒🦒🦒🦒🦒🦒🦒♥️♥️♥️♥️🍩
18248185915295046,DSqDr_mAgXH,C0770,❤️🦒🦒
18055331372338641,DSqDr_mAgXH,C0616,😍
18333237385241608,DSqDr_mAgXH,C0570,Look at those little tufts on their horns! They’re just so beautiful! ❤️❤️❤️
18123615223622649,DW80StjCdhc,C0627,"This was cool to watch! I’ve watched a few so far and you’ve gain a sub. After you locate one who is entangled from afar, how do you keep track of it during the seal stampede? I figure it is easier when it is a rope, but when it is a fishing line, I imagine it would be difficult. Is it simply an exercise in not taking your eyes off it?"
18114162205781667,DW80StjCdhc,C1235,❤️❤️❤️
18084772706051451,DW80StjCdhc,C1170,What sort of data do you gather?
17955009690117327,DW80StjCdhc,C1033,🦭❤️🙏
17880541488545125,DW80StjCdhc,C0543,Love you guys! Thank you!🙏🏼❤️
18079742864183420,DW80StjCdhc,C1017,Thanks guys!
18089011985241369,DW80StjCdhc,C1185,😍😍😍
18097110350089823,DW80StjCdhc,C1213,I admire what you do I’m old and frail now but I don’t think  I would ever have had the courage to  run in amongst the seals as you do. Have you ever been bitten ?
18007066055901795,DW80StjCdhc,C1125,There are DOGS TOO ??? This was fantastic footage !!! Thank You !!!
18107265667803972,DW80StjCdhc,C0586,👏👏👏👏👏👏❤️❤️❤️❤️❤️❤️
17894846829435088,DW80StjCdhc,C0765,Loving these too! All the prep work you have to do! Very good!
18019537718820341,DW80StjCdhc,C0180,❤️
18152240188461039,DW80StjCdhc,C0522,Obrigada pelo trabalho de vocês. 💚🦭💧
18082028114093236,DW80StjCdhc,C0012,❤️🙏😍
18076472333393735,DW80StjCdhc,C0829,Thank you so much for what you do!!!
18034395200546769,DTQJTa4DCHb,C0310,❤️❤️❤️
18013691048815117,DT16QUUjpHs,C0720,Some day.
18069927836167360,DT16QUUjpHs,C0826,❤️❤️❤️❤️❤️😍😍😍😍😍
18104496670766716,DT16QUUjpHs,C0166,I miss you all 🙏❤️
18165513700397003,DT16QUUjpHs,C1221,👏😍😍
18084556991019308,DRmBxuCjPTR,C1069,😍😍😍
18106139428567305,DRmBxuCjPTR,C0403,Wow 🥹
18111402136591200,DRmBxuCjPTR,C0749,🐘🌍❤️
17997137066765313,DXqvhiqlt1o,C1249,"I just wrote you a message, check your DMs 🫶"
18101612677782988,DWjhZ4BOz6Q,C0261,Make a difference❤️
17883331848492151,DWjhZ4BOz6Q,C1100,❤️❤️❤️
18100677403965717,DWjhZ4BOz6Q,C0354,Incredible species
17897424234413334,DWCWecbj-kV,C1035,I’m loving this 🙌 from my home country 🇩🇰
18093192178869875,DWCWecbj-kV,C0021,❤️❤️
18544706887011817,DRR08Jyiog6,C0020,"Well done👏🏾 Jojoba for Namibia Trust at Mutjiku Village next to Kyramacan Association office, still in the multi-use are in Bwabwata National Park. We’ve started an indigenous plant nursery which is managed by 8 volunteers from Mutjiku."
18139100500508662,DVlRHoTjUBR,C0658,The most dangerous creatures are us humans ( thank you for saving the seal🙏👏)
18404929210176701,DVlRHoTjUBR,C0942,Saved in the last minute 👍🏻❤️
18103518823715441,DVlRHoTjUBR,C0899,❤️🙏
18123299845578631,DVlRHoTjUBR,C0060,😍😍😍❤️❤️❤️❤️👏👏👏
17933773185192152,DVlRHoTjUBR,C0896,❤️❤️❤️❤️❤️❤️🙏🙏🙏🙏🙏
17990540219948361,DVlRHoTjUBR,C0512,👏👏👏👏👏👏👏👏👏👏
17923894497086679,DVlRHoTjUBR,C0283,😍
18108728719691420,DVlRHoTjUBR,C0293,"It’s interesting in the beginning I did not spit them however now I can see the most of the cords straight away.  Bravo to you and your team in catching them.  That’s the exciting part, of course as well as cutting the cords off and seeing them scamper away.  I’ve said it before and I’ll say it again, to whoever designed the nets and made the zippers - huge bravo to you!!"
18083304338586205,DVlRHoTjUBR,C0807,Just in the nick of time! ❤️
18065988773309761,DVlRHoTjUBR,C0177,❤️❤️❤️❤️❤️❤️❤️❤️
18341968336211845,DVlRHoTjUBR,C0531,👍👍👍👍
18120056521587498,DVlRHoTjUBR,C0522,💚🦭Fofinho.  Obrigada por ajudarem. 💚🦭🩵
18010292153832135,DVlRHoTjUBR,C1174,👏👏👏😍🦭
18174829336377390,DVlRHoTjUBR,C0879,❤️❤️❤️
18339870382211080,DVlRHoTjUBR,C0419,👏❤️👏❤️
17889064338330259,DVHpOKMj7dH,C0525,❤️❤️❤️❤️❤️❤️❤️❤️❤️❤️❤️❤️❤️❤️❤️❤️
18084086270211572,DVHpOKMj7dH,C0648,Wish there’d been 1985 at least since ‘84 at latest in Iran
18107240878691222,DVHpOKMj7dH,C0812,What's their names?
17865401541589123,DVHpOKMj7dH,C0376,Beautiful 😍😍😍
17934482475189862,DVHpOKMj7dH,C0011,❤️❤️❤️
18172687999387498,DVHpOKMj7dH,C1157,❤️❤️❤️❤️❤️❤️❤️❤️❤️
17943140943072535,DVHpOKMj7dH,C0775,Sweet cheetahs. Ready to greet the world
17844966642665020,DS4mHSFjKnm,C0750,A beautiful place!
18137644777472278,DTK_tKrDXs3,C0007,I would love to join again! 😍🙌 unfortunately I am not able to come this year 😢
18069364163312543,DWGc_DrGmla,C0899,🙏🙏
18126709273576402,DWGc_DrGmla,C0619,Super cool ❤️
18187877440323357,DWGc_DrGmla,C0543,Wonderful youth program! 👍🏼
18112782493671610,DWGc_DrGmla,C0142,💪💯❤️‍🔥💯💪
17958855957064522,DWGc_DrGmla,C1074,💚
18094934372091585,DWGc_DrGmla,C0769,"Education is the name of marine conservation, and hopefully your talk today will plant the seed for eight out of ten of them and reduction of waste ending up in our oceans will be reduced significantly. 🩷🦭"
17910441888350714,DWGc_DrGmla,C0180,👏❤️
17922533379269273,DWGc_DrGmla,C1033,🦭♥️🥰
18052054850376507,DR4b_cPjF6A,C0249,Do you ship to Australia?
17868496587500315,DR4b_cPjF6A,C0489,Live*
18088784779784829,DR4b_cPjF6A,C0489,Wish I had a hoody! We love in our EHRA tshirts ❤️❤️🙌🙌
18094277687135335,DXUv-0KjLn4,C0535,😊
18127645939586458,DXUv-0KjLn4,C0633,👏👏👏👏👏😍😍😍😍
18057914504478096,DXUv-0KjLn4,C0616,😍
17879610546328176,DQuKrLZDCfh,C0833,Beautiful please give him food ❤️😍
17945833665063122,DQuKrLZDCfh,C0893,Looks a lot better!!
18047747126494882,DTu6OvXDGvb,C1263,❤️👏
18066429794228378,DT5BcGpDCOg,C0310,👏
18578655472056380,DWaZbb-D-L5,C0870,❤️❤️❤️
18081197300374487,DWaZbb-D-L5,C0459,Little heroes 😍😍😍😍
18104013509501114,DWaZbb-D-L5,C0011,❤️❤️❤️
18200753575336984,DWaZbb-D-L5,C0917,KANGAL💫🤍
18097270081975730,DWaZbb-D-L5,C0791,
18315188839249813,DVZeWt7AodX,C0284,We love Marlice and Maaike 💪😍
18046435907518795,DWcGfdLjB95,C0890,🤓 beautiful! 👏
17909865108366356,DWzDJHOkk7W,C1231,Well done Elifas Nashini!!!
18086471756590498,DWzDJHOkk7W,C0238,👏👏👏🔥😍
18067540658658973,DWzDJHOkk7W,C0211,👏👏
18419060575133343,DWzDJHOkk7W,C1096,❤️❤️❤️
17869069515605145,DWzDJHOkk7W,C0687,Proud to have been a part of the start of this process 🫶🏽 well done cheetah team ❤️
18173825983398288,DWzDJHOkk7W,C0860,You all are heros! Thank you for what you do .
17873527065584407,DWzDJHOkk7W,C0736,👏🏽👏🏽
18575440945014775,DWzDJHOkk7W,C1079,👏👏
17972349009008938,DWzDJHOkk7W,C0011,❤️❤️❤️
18106816300872593,DSWvw0ojpo2,C1169,That curiosity.. love it 🤙
18321546394251110,DV84SaljvmX,C1111,🙌❤️
18099612562824746,DV84SaljvmX,C1190,😇 😇 😇 😇
18088338376952444,DV84SaljvmX,C0103,Love Afri-CAT FOUNDATION
18256475128294620,DV84SaljvmX,C1178,Such gentle looking creatures- so sad they are cruelly trafficked 😢
18110283442717428,DSAKbvCjEN5,C0208,👏👏👏 Super deserved!! Well done guys!!
18204185116316888,DSAKbvCjEN5,C0367,Congrats
18104318320673768,DSAKbvCjEN5,C1066,👏👏
17944863393082429,DSAKbvCjEN5,C0647,👏😍
18082266368157415,DSAKbvCjEN5,C1064,👏
17858826120484798,DRCT53DAXcY,C0259,Yay. This is wonderful news!
18065646131428039,DRwohMGDDYj,C1216,Can’t wait !! ❤️🔥
17864886114529768,DRwohMGDDYj,C0373,Send me this Post
17845747041617892,DRwohMGDDYj,C1118,Most amazing time of my live. Thank you @C0187 and @M0014 for this experience
18204499108337969,DXwKK3PCoiw,C0939,Congratulations @M0044
17954836823960308,DXwKK3PCoiw,C0849,Congratulations @M0003 👏
17882602857523895,DW3daffjCif,C0483,Take me back…💗 I was lying awake last night wishing I was in my little mosi tent under the stars ✨
18369407146203547,DW3daffjCif,C0379,@M0025
18097168529279414,DW3daffjCif,C0165,I want to be back there!! I miss the desert
18037432631584765,DW3daffjCif,C1118,Best time of my life #geckoontherocks
18098510567087456,DW3daffjCif,C0187,❤️❤️❤️
18434362321139651,DW3daffjCif,C0871,😍😍😍
18141483910395628,DQoS5CdDHLo,C0140,My ouma❤️😍
18046106441433756,DQoS5CdDHLo,C0181,😍😍😍😍
18075109403258116,DR39HtJgmv4,C0601,Great! 😍👏
18070655513579127,DR39HtJgmv4,C1221,👏👏🤩👍
17977760216790661,DRzSbhZDEfq,C0192,👏👏😍😍🔥🔥❤️❤️
18304452052264794,DRzSbhZDEfq,C1212,great 👏🐘🐘🐘
18134846671481259,DQ6Ud-djNHm,C0871,😍😍😍
17908270263123683,DQ6Ud-djNHm,C0617,❤️❤️❤️
17948477031175638,DVsocbBDE-3,C1189,❤️❤️❤️❤️❤️ You guys are constant and consistent in your aid to the seals xx thank you !
18582482299034233,DVsocbBDE-3,C0923,❤️❤️❤️❤️👏👏👏👏
17922260133290638,DVsocbBDE-3,C0004,You guys are awesome 👌🏽 👏🏽 👍🏽
18225173767311050,DVsocbBDE-3,C0138,Who spots these animals out ? Show us how you locate them .
18124961068598180,DVsocbBDE-3,C1186,🩵💪🏻
18073010861542167,DVsocbBDE-3,C0645,"У меня стойкое чувство, что этих ребят животные скоро перестанут бояться)"
18146845246467197,DVsocbBDE-3,C0683,Thank you
18215867353319150,DVsocbBDE-3,C0955,👏👏😍❤️
18089930056926618,DVsocbBDE-3,C0686,Danke Danke Danke Danke Danke Danke Danke Danke Danke Danke Danke Danke Danke Danke Danke ❤️❤️❤️❤️❤️❤️❤️❤️❤️❤️❤️🦭
18306835195285007,DVsocbBDE-3,C0726,Grazie😍
18070531487257347,DVsocbBDE-3,C0685,❤
17913007764161510,DVsocbBDE-3,C1078,Gracias gracias gracias 🙌
17993894261930274,DVsocbBDE-3,C0213,"What champions, wow, how can you see and find the thread that is so thin? It's a textile thread that tore all his skin and it hurt so much."
17975107832844416,DVsocbBDE-3,C0527,🔥🔥🔥🔥👏👏👏👏
18260625226289610,DVsocbBDE-3,C0916,👏👏👏👏👏👏👏👏👏👏👏👏👏👏
18102233680795490,DS9vxx7jGRU,C0310,❤️❤️
18082146250919862,DS9vxx7jGRU,C0067,"Dear EHRA team ALL the very best for all of you. May you stay healthy and may your wishes for 2026 come true.
Please never stop to take care of our precious elephants and may we look forward to more healthy babies 😍😍"
18030376676607974,DVGseIDDyuy,C0321,❤️
18093961558762796,DTw-cDsjg1M,C0826,❤️❤️❤️❤️❤️😍😍😍😍😍
18158888056415410,DTw-cDsjg1M,C1221,😍😍😍👏
17846132652678247,DVWk_muDRUJ,C0890,❤️
18138379207495835,DVWk_muDRUJ,C0496,Geniet die program Baie dki
17865934797500154,DRM2T3YjOAm,C0232,"It’s a natural SPF and insect repellent, and it helps them to thermoregulate! ☀️🐘"
18088049860791359,DR2Pq0aDO16,C0225,Such a wonderful place to be. Miss it much.
17990808702004923,DVqBtGKjNAj,C0781,🔥🔥🔥🔥👏👏👏👏👏💪🏻💪🏻💪🏻💪🏻💪🏻👍🏻👍🏻👍🏻👍🏻👌🏻👌🏻👌🏻👌🏻👌🏻👌🏻👏👏👏👏
18229025173311593,DVqBtGKjNAj,C0386,You're the Superhero's The Avengers needed against Thanos! ❤️
18075530942651609,DVqBtGKjNAj,C0386,❤️👏
18172795156410178,DVqBtGKjNAj,C0408,👏👏👏🙏🏼🙏🏼🙏🏼❤️❤️❤️
17888081892509677,DVqBtGKjNAj,C1098,Thank you from which country you upload these videos and this is watching your videos from India like and comment
18326817715270401,DVqBtGKjNAj,C1045,😍😍😍😍😍😍😍👏👏👏👏👏👏
18161766679431829,DVqBtGKjNAj,C0572,👏👏👏👏 gracias
17945942735999599,DVqBtGKjNAj,C1109,👏🔥❤️
18013587836845315,DVqBtGKjNAj,C0923,👏👏👏👏❤️❤️❤️❤️
18044144234765071,DVqBtGKjNAj,C0401,Thank goodness. That looked pretty bad.  You saved another life. 🙏👍🏻🩷🩷🩷🩷🩷
18090254618239545,DVqBtGKjNAj,C0609,❤️
18070929437661056,DVqBtGKjNAj,C1186,🩵💪🏻
17955771735113205,DVqBtGKjNAj,C0292,They know you help them
18089394449238312,DVqBtGKjNAj,C1128,❤️❤️❤️❤️❤️❤️
18112751266779467,DVqBtGKjNAj,C1205,Where have you thrown the fishing line or all the other staff you cut off from this angels?
17888072820305128,DUUz0iRDln7,C0826,❤️❤️❤️❤️❤️❤️😍😍😍😍😍
18105684415790512,DUUz0iRDln7,C1221,👏😍
18106492252808585,DVLlSpkFEpk,C0372,@M0042 do you recognise your old hideaway 😍??
17988970076931676,DVLlSpkFEpk,C0938,What an upgrade….wow 😍
18066104045183512,DR1YTLCDIz2,C0648,Wish there’d been 1985 at least since ‘84 at latest in Iran
17979515081786656,DR1YTLCDIz2,C0826,❤️❤️❤️❤️❤️😍😍😍😍😍
18063706712399265,DR1YTLCDIz2,C0220,I love them ❣️❣️❣️😍
18096097669676321,DR1YTLCDIz2,C1221,👏👏😍
18357042514213088,DV8cRb7k5JC,C1116,❤️❤️❤️
18037243229603493,DV8cRb7k5JC,C0294,❤️❤️❤️❤️❤️
17891045247355826,DV8cRb7k5JC,C1098,good work
18007714556885343,DV8cRb7k5JC,C0143,👏🔥🙌
17987171459975474,DV8cRb7k5JC,C0378,😂😂😂😂
18090304574186639,DV8cRb7k5JC,C0117,😂😂😂
18047588735529087,DV8cRb7k5JC,C0572,"Pequeño, gracias 😊😊👏👏"
17959093218092787,DV8cRb7k5JC,C1146,I love what you do!!! 💚
17909010159384030,DV8cRb7k5JC,C0401,Thank you for what you do!!!💕🩷
17883806229507914,DV8cRb7k5JC,C1256,"Как крепко спят 😂 Прям как я)
Спасибо за спасение малыша🙏🏼♥️"
18107981269700165,DV8cRb7k5JC,C1237,While your removing the human garbage 🗑️ from this wonderful 🦭 seal he senses your helping. Thanks
17948348468979630,DV8cRb7k5JC,C0385,I love the way you talk to them it’s so funny and cute
18213638893321287,DV8cRb7k5JC,C1208,👏👏👏👏👏👏👏👏👏👏👏👏👏👏👏👏
18351247372234612,DV8cRb7k5JC,C0106,😢😢👏👏
17903707317394993,DV8cRb7k5JC,C0832,Omg the sleeping one 😅😅
17875014597448894,DRhQzupjAyP,C0833,Beautiful please give him food ❤️
18086962039976948,DRhQzupjAyP,C0310,❤️❤️❤️
18068890949426044,DTSgXWbDah5,C0628,So cool! Do they also maybe eat the melons for hydration?
18101532529877005,DTSgXWbDah5,C0350,Wow
17934034578131207,DRRgrmyjLcD,C0087,Great power for nature conservation! ❤️🐘 🌍
18082882028279487,DRRgrmyjLcD,C0845,🐘🩶
18108990442982331,DW1FxNZDbnS,C0655,Спасибо Вам Добрые Люди
17940168798084274,DW1FxNZDbnS,C0083,👏👏👏
18597201424051706,DW1FxNZDbnS,C0630,“You bite this and we’re still friends.” I love love love tgat
17955905258981478,DW1FxNZDbnS,C0178,You bite ‘‘tis then we stay friends 😂😂❤️❤️
18410247193145300,DW1FxNZDbnS,C0692,✨🤲💛✨
18077951486306715,DW1FxNZDbnS,C0662,❤️❤️❤️❤️
18082428176645596,DW1FxNZDbnS,C0416,👏👏👏👏
17861183364648904,DW1FxNZDbnS,C1010,👏👏👏👏👏👏
18124897717655339,DW1FxNZDbnS,C1053,❤️
17937897993075329,DW1FxNZDbnS,C0566,👏👏👏👏👏👏
18009866084916838,DW1FxNZDbnS,C0583,Plastic scourge of God's Earth...
17969396976076106,DW1FxNZDbnS,C0857,Awww thank u for helping that sweet soul…
17945166675213241,DW1FxNZDbnS,C0605,😢❤️
18130593874566242,DW1FxNZDbnS,C0365,🙏🏼♥️
18124380970676877,DW1FxNZDbnS,C0675,🙏🏼gracias por tantos 🦭🦭🦭🦭🦭🌎 bendiciones para todos los que salvan vidas ❤️
18138001456459041,DQ_nfCKDKZ8,C0929,💯
18086977429791672,DQ_nfCKDKZ8,C0310,👏
17897075031430542,DW4bUExGWiB,C0321,❤️
18071294279363378,DRh9fYtF7oD,C0437,"Thank you so much for what you are doing, Keep up the good work👏"
18105327034628904,DRh9fYtF7oD,C0945,❤️🦒🦒🦒need freedom and protection from people.
17843938209620530,DRh9fYtF7oD,C0304,How can we help? Or make changes?!
17855482491522908,DRh9fYtF7oD,C1031,❤️🦒🦒🦒🦒🦒❤️❤️❤️❤️🍩
17967805232993045,DRh9fYtF7oD,C0310,❤️
17934758553217135,DWGve9tjlkE,C1219,👏👏👏😍
18086290097368298,DWGve9tjlkE,C0061,You need the Indonesian rubbish clearing crew to help with your dock side ! I’ve seen them on Insta - they are cool too
18080801366374361,DWGve9tjlkE,C0993,❤️❤️👏👏❤️
18132841834543007,DWGve9tjlkE,C0899,😍😍😍
18003656492726305,DWGve9tjlkE,C0671,❤️❤️
18567568108045162,DWGve9tjlkE,C1005,🙌❤️🙌
18097594043049408,DWGve9tjlkE,C0335,😂😍😍
18110388310750596,DWGve9tjlkE,C0064,👏👏👏
18097319161978187,DWGve9tjlkE,C0866,👏👏👏🔥🔥😍😍
17902854048397014,DWGve9tjlkE,C0987,Well done!
18104300320914651,DWGve9tjlkE,C0119,Que grande mis amigos! 👏🔥
18095103590032209,DWGve9tjlkE,C0119,
18176045263385200,DWGve9tjlkE,C0568,Anyone else hear him say thank you?
18003023981904934,DWGve9tjlkE,C1235,❤️
17968397831881724,DWGve9tjlkE,C0740,Sneaky
18116853277825091,DWEKr45jLWk,C0176,Me encanta que le hables a los cachorros. Es fascinante escucharte con la ternura que tratas a las crías. Eres fabuloso Antoine!
18161131267444056,DWEKr45jLWk,C0386,Can't believe you can run with the obvious size of balls you are all packin! ❤️
18078896108419752,DWEKr45jLWk,C1087,👏👏👏
18402588280198720,DWEKr45jLWk,C0899,❤️❤️❤️
17877606696545771,DWEKr45jLWk,C1107,❤️
17996265275755657,DWEKr45jLWk,C0463,I love Tony baby talking to them❤️
17991942566941352,DWEKr45jLWk,C0976,👏👏👏👏❤
18171761299395249,DWEKr45jLWk,C0658,"If I had the opportunity, I would love to help the seals too🙏"
17988359078958143,DWEKr45jLWk,C0323,the puppys never get old👏❤️. great save team!!!
18110059897688396,DWEKr45jLWk,C1185,Menuda vista tenéis!
18405562504180230,DWEKr45jLWk,C0470,Heroes ❤️
18063714008678656,DWEKr45jLWk,C0235,Great work! ❤️
18141435397496623,DWEKr45jLWk,C0975,
18320090377269671,DWEKr45jLWk,C0680,I don’t see him. Where? That would definitely be me. I am in awe of your ability to spot them in the crowd.
18095232767318889,DWEKr45jLWk,C1138,👏👏👏❤️
17935024077239298,DWOcsnUDIpz,C0996,Son unos héroes sin capa devuelven la vida  Para ellos gracias por existir !!❤️🙌
18099502564811498,DWOcsnUDIpz,C0730,May you always be blessed for helping the most innocent amongst us 💕🙏 🦭🥹🥹
17956915407130164,DWOcsnUDIpz,C0899,👏👏
18080412815086440,DWOcsnUDIpz,C0172,"They only need a small tweak... Sewing a couple of small plastic inserts near the tip. This would prevent bites through the net. Also, more than only two zips on each side for easier access"
17847907830675283,DWOcsnUDIpz,C1185,🩵🩵🩵
18459727282103701,DWOcsnUDIpz,C0074,They look big enough to net a person. 😉😄
18072382430231152,DWOcsnUDIpz,C1082,Novos materiais modernos  de trabalho para ajudar ainda mais aqueles fofinhos machucados 🥹🦭🦭🦭🦭🦭🦭🙌🙌❤️👏👏
17980914429001092,DWOcsnUDIpz,C1126,2 months being held up in customs? Why so Long? 🫪
18054048035491721,DWOcsnUDIpz,C0485,👏👏👏👏👍👍
17879577966405940,DWOcsnUDIpz,C0453,Cool
18097473682958522,DWOcsnUDIpz,C0453,I'm sure if you have an old net we could have them made here in Capetown...with some modifications.
18044133188746144,DWOcsnUDIpz,C1005,Can't wait to see how they go. Whatever it takes to make your job easier.🙌❤️🙌
18098113706004014,DWOcsnUDIpz,C0093,"If you're interested in knowing how to replace each individual tooth on a zipper, let me know. I'll send ya couple of DIY videos, guys. 😊"
18085170716350660,DWOcsnUDIpz,C1006,Looking forward to seeing how these new nets will work!
17881231872487251,DWOcsnUDIpz,C0341,😮 Wonderful ❤️. Thanks for sharing. So happy to see people save animals.
18139691818526495,DWgLGvxDPxZ,C0326,👏🔥
18093467030582234,DWgLGvxDPxZ,C0882,God Bless You ❤️🩷🧡💛
18133307626605997,DWgLGvxDPxZ,C0941,"Loving the work you guys are doing, makes me proud that people are so much kinder than the likes of Trump and his band of narcissists ❤️"
18097695766897796,DWgLGvxDPxZ,C1105,"Thank you, and God bless you. You’re all heroes. ❤️🙏🏼🙏🏼"
17892479448535958,DWgLGvxDPxZ,C0830,This is just awful to see so many animals suffering like that because of us! Wondering how much time Mother Earth will allow us to desecrate her! 😢😢😢 Thank you for your help and kindness!! ❤️❤️👏👏👏👏
17886248949399098,DWgLGvxDPxZ,C0006,Doesn’t the wounds have to be cleaned and healed before going back into the wild or is this not an issue? I was wondering about infection
18129137959610254,DWgLGvxDPxZ,C0651,😢👏🔥🙌❤️❤️❤️
18139178011540956,DWgLGvxDPxZ,C0637,That catch was perfect
17874998511669961,DWgLGvxDPxZ,C1129,👏❤️
18153850108468679,DWgLGvxDPxZ,C1062,🙌🙌
18079557656424607,DWgLGvxDPxZ,C0696,😢😢😢
18330205000252733,DWgLGvxDPxZ,C1046,GOD BLESS YOU
18074513018276251,DWgLGvxDPxZ,C0043,🔥👏👏🔥
18046189988546318,DWgLGvxDPxZ,C1007,😭😭😭. Thank you so much for what you do!! Will he/she be OK?  Are the chances good that he will heal?🥺
18111110303496513,DWgLGvxDPxZ,C0668,😢😢😢😢poor baby ❤️
17874555318617011,DWL5GC_FZ3M,C0794,I am so thankful for u guys
17937067446258798,DWL5GC_FZ3M,C1116,❤️
18123868768660018,DWL5GC_FZ3M,C0781,😮‍💨😮‍💨😮‍💨😮‍💨🙏🏻🙏🏻🙏🏻🙏🏻💪🏻💪🏻💪🏻💪🏻💪🏻💪🏻💪🏻💪🏻👌🏻👌🏻👌🏻👌🏻👌🏻👍🏻👍🏻👍🏻👍🏻👍🏻👍🏻👍🏻👏👏👏👏
18535041805078770,DWL5GC_FZ3M,C0243,OMG they us horrific !!! Makes me so mad that these beautiful creatures have to suffer because of MAN 😡  Thank God for you guys ❤️
18095670767517633,DWL5GC_FZ3M,C1071,❤️❤️❤️❤️❤️❤️👏👏👏👏👏👏🙏🙏🙏🙏🙏🙏
17940816564242289,DWL5GC_FZ3M,C0585,Thank you so so much!
18099299063043107,DWL5GC_FZ3M,C0699,You guys are heroes. Period
17951081850152846,DWL5GC_FZ3M,C0954,Where is the chunky one
17919766947142185,DWL5GC_FZ3M,C0993,❤️❤️🙏🙏👏👏
18590278630013686,DWL5GC_FZ3M,C1060,That's what she said....
18076780340640622,DWL5GC_FZ3M,C0927,👏👏👏👏👏👏👏👏👏👏👏👏👏👏👏
18041952899563792,DWL5GC_FZ3M,C0923,❤️❤️❤️❤️👏👏👏👏
18116288521737974,DWL5GC_FZ3M,C0957,👏👏👏👏👏
17918360787351361,DWL5GC_FZ3M,C0240,🙏🏽🙏🏽🙏🏽🙏🏽🙏🏽🙏🏽🙏🏽❤️❤️❤️❤️❤️❤️❤️❤️❤️❤️
18336282103218482,DWL5GC_FZ3M,C0572,Ooooh thank you eternal 👏👏👏👏👏
18143819377518040,DWoNzCxChJd,C1056,Thank you ❤️‍🩹
17997727289761055,DWoNzCxChJd,C0667,I could watch these all day
18421821148123726,DWoNzCxChJd,C0606,痛かっただろうに。
18578222785002093,DWoNzCxChJd,C0516,😍😍
18093042632138131,DWoNzCxChJd,C0686,Danke Danke Danke Danke Danke Danke Danke Danke Danke Danke Danke Danke Danke Danke Danke Danke Danke ❤️❤️❤️❤️❤️❤️❤️❤️❤️❤️🦭
17933820480055431,DWoNzCxChJd,C0993,❤️❤️🙏🙏👍👍👏👏❤️❤️
18580452574017644,DWoNzCxChJd,C0896,❤️❤️❤️❤️❤️👏👏👏👏👏👏
18189448618369057,DWoNzCxChJd,C0218,Running in sand to save seals is some kind of heroism that we are lucky to witness.
18073774721642087,DWoNzCxChJd,C0205,Do you ever get bit?
17901826554405956,DWoNzCxChJd,C0582,I wish I could volunteer to help🙌
18067013093410860,DWoNzCxChJd,C0450,I love you ALL ❤️
18105219145898641,DWoNzCxChJd,C0609,❤️
18101262331939536,DWoNzCxChJd,C0858,A feisty one! Always good to see they have plenty of fight in them.
18086785289221637,DWoNzCxChJd,C0899,❤️❤️❤️
17955872976094327,DWoNzCxChJd,C0807,"Ouch, that was tight one. Perfect timing. Thank you ❤️"
18039432530787983,DV53hf2Eop2,C0797,Ihr seid die größten. Respekt
18126499957585161,DV53hf2Eop2,C0631,Looked like a strap to me 😮 ❤️
17937077523195385,DV53hf2Eop2,C0490,👏👏👏👏👏❤️
17869177086485959,DV53hf2Eop2,C0994,👏👏👏👏
18461554012101728,DV53hf2Eop2,C1185,🩵🩵🩵
18077301191411969,DV53hf2Eop2,C0105,"White strap again 😢 Good it was cut apart with the hands!!! Great job, guys!"
17921410785269527,DV53hf2Eop2,C0527,🔥🔥🔥🔥👏👏👏👏
18067355843307755,DV53hf2Eop2,C0537,"Hero, ❤️😍❤️😍❤️🙏"
17889377223447999,DV53hf2Eop2,C0966,Thank you~
18112511707601514,DV53hf2Eop2,C0531,👍👍👍👍
18082150784052376,DV53hf2Eop2,C0491,👏👏👏
17879441424530518,DV53hf2Eop2,C0419,👏❤️👏❤️👏
18109232422793638,DV53hf2Eop2,C0983,That was close.
18099783571743697,DV53hf2Eop2,C0485,"Jeeze..☹️...all these straps,  fishing lines...ugghhh...Thank You❤️❤️"
18074838350407625,DV53hf2Eop2,C0688,Thank you 🙏🏼
17994519347899288,DSqGNSaDeGo,C0712,Wishing you a merry Christmas too EIF FAM ! 💚🤍
17971268235026210,DWyg-oLjGQN,C1266,Parabéns! E obrigada por ajudar esses bichinhos inocentes!!!
17897514342441184,DWyg-oLjGQN,C0143,👏🔥🙌
17974365876039910,DWyg-oLjGQN,C0896,❤️❤️❤️👏👏👏👏👏👏👏👏👏
18053705906502108,DWyg-oLjGQN,C0413,🔥🔥🔥
18074799986207168,DWyg-oLjGQN,C0619,He knew you were coming after him 😂 Great work! God bless ❤️
17961613365069173,DWyg-oLjGQN,C0686,Danke Danke Danke Danke Danke Danke Danke Danke Danke Danke Danke Danke Danke Danke Danke ❤️❤️❤️❤️❤️❤️❤️❤️❤️🦭
17959777815082878,DWyg-oLjGQN,C0981,I'm continually impressed how you pick out them out!
18101177813475099,DWyg-oLjGQN,C0480,👏👏👏👏👏👏👏
18097398755020852,DWyg-oLjGQN,C0899,😍🙌
18089063249240925,DWyg-oLjGQN,C0179,👏👏👏👏👏👏
17925235227267795,DWyg-oLjGQN,C0485,😮😮❤️🙌🙌🙌
18259885651294297,DWyg-oLjGQN,C1108,Well done 👏👏
17966794494046870,DWyg-oLjGQN,C0649,
17862682215617622,DWyg-oLjGQN,C0543,🙏🏼❤️ You all are wonderful to stop the suffering of those beautiful seals.
17946091446141466,DWyg-oLjGQN,C0091,Great job guys 👏👏👏
18134981953536484,DXgjOMjoc5M,C0564,So glad that you guys got the award! You really deserve it😃😃😃
18089381939193864,DXgjOMjoc5M,C0132,"Congratulations!! The BEST 6 weeks of my life in 2013 volunteering with the amazing EHRA. So many amazing experiences during that time but hands down my favourite moment was during the night when one of the elephants came to eat off the branches over my head whilst I was asleep in the treehouse at base camp 💖 a moment that will stay with me forever, among many during those magical 6 weeks. I hope to bring my children one day when they are old enough. Congratulations once again, so well deserved 🩶 🐘 🩶"
18099804224077149,DXgjOMjoc5M,C0597,I volunteered in 2021 right before covid happened and it started my volunteer journeys.  My memories of the desert and treehouse living still stays fresh in my mind.  Thank you for providing the adventures. ❤️
18087645752017982,DXgjOMjoc5M,C0361,"Congratulations, EHRA. You all do amazing work! Our family participated on a family volunteer trip in 2018.  This trip is a family highlight... we loved working together with other families and feeling a part of your community. The community you have created with everyone who works with you and the local community is so beautiful. Our kids loved playing with the kids at the school we painted.  We loved learning about conservation and desert elephants.  We loved camping and being outside watching the sun rise, sun set and everything in between!! We loved the beauty and Peter Pan never-never land to the basecamp and you other camp.  We loved looking for elephants and watching them in all the magicalness (is this a word?). It was truly life changing."
18045902966533704,DXgjOMjoc5M,C0079,Congratulations Rachel we loved to be part of the team
18008522174901543,DXgjOMjoc5M,C0972,"One of the best experiences of my life. I was there in November 2015, just 10 months after my husband died. It was a wonderful place to bring my grief. Being so connected to the natural world. Working hard for a cause I cared about. Being in a friendly group of people.  I think the senses that have stayed with me most are the trip way up into the mountains, sleeping between the trucks and knowing we were truly wild. The baby elephant who charged at our truck.  Just the joy of sitting in the truck watching this amazing world go by. Thank you so much for creating the opportunity and huge congratulations on your award. Well deserved."
18068361101662379,DXgjOMjoc5M,C0950,❤️
17885286741501179,DXgjOMjoc5M,C0227,"Congratulations to everyone at EHRA! Volunteering there had a huge impact on me and still does. After what was supposed to be a 6 week trip to Namibia turned into a 6 month stay! I never wanted to say goodbye to Namibia or EHRA. Spending most of my time with EHRA I had some amazing experiences. To this day I remember my time in Namibia as one of the happiest moments of my life ❤️ I fondly remember all the friends made and good moments shared especially spending my 21st birthday at base camp! Being invited to join Christmas and New Years with people I met working at EHRA, seeing new landscapes and animals, sleeping out in the bush under the start by the campfire, building protection walls and dams to name a few. Also being part of something bigger than me and helping make what was hopefully a lasting difference to people and elephants! I hope to return someday with my husband to show him the great work EHRA does. Who knows how long I’ll stay this time 😂"
18081820757419952,DXgjOMjoc5M,C0911,"Thanks for these amazing adventure with grateful and loving person. For now, never fund other strong vibes since this program. Be proud of your projects, changing people and world. EHRA sept 2023 😍🔥❤️"
18320382088250881,DXgjOMjoc5M,C1037,"I loved every single school trip I took, seeing the work you guys do with local communities is simply amazing!! By far my best experience in terms of school trips I have led and still the most amazing landscape I have ever had the chance to witness! Super proud of everyone at EHRA! A totally deserved recognition of everything you guys do!"
17969095401019732,DXgjOMjoc5M,C1092,"Seeing Voortrekker up close when he came to camp for supper, later joined by Cheeky June 2017; witnessing an elephant charge from the treehouse, thanks to bad (but cute) dog Buddy June 2017; beginning a protection wall Aug 2016 and finishing it next session Sept 2016 (with help from some village kids); witnessing a bull in musth Aug 2016; being surrounded by H2 herd (including two very young ones) in Ugab Sept 2016; uprighting a water tank that elephants had knocked over Sept 2016; all the gorgeous vistas, sunsets & sunrises on patrol all 3 sessions; coffee delivered to the treehouse ☕️; I could go on…."
18089720674986054,DXgjOMjoc5M,C0384,Hi Rachel🙌🔥🔥🔥🔥
18089257505244744,DXgjOMjoc5M,C0506,2011- Congrats! It was an amazing experience!
18001524035916360,DXgjOMjoc5M,C0355,"I just finished volunteering with EHRA and it was the BEST!!! It was so many ‘firsts’ for me… sleeping under the stars, volunteering, mixing cement, spotting totally wild elephants (and a chameleon!), cooking exclusively over an open fire, spending 2 weeks with beautiful strangers… the list goes on. Thank you EHRA❤️❤️"
18101526884513509,DXgjOMjoc5M,C0828,"Congratulations  to Rachel  and all the crew. My experience was amazing , most important to me was the knowledge I gained . I learned do much about the land , communities of the region, flora and fauna, the staff  and most important the elephants 🐘 themselves ❤️👏 Good on you"
17956736609940575,DV_BFLlAtic,C0309,❤️ merci ❤️
18106140094846019,DV_BFLlAtic,C0827,👏👏👏❤️
18096227143995562,DV_BFLlAtic,C0658,"If I had the opportunity, I would love to volunteer on your team."
18098038903953117,DV_BFLlAtic,C1185,Aaay... Tan chiquito...🩵
17929016370233734,DV_BFLlAtic,C0612,Good boy! Thank you ❤️
18148782598461294,DV_BFLlAtic,C0201,You make me smile every day
18367698457204341,DV_BFLlAtic,C0463,I love this guy and his commentary! A hero with a beautiful voice ❤️❤️
18092743292514851,DV_BFLlAtic,C0236,🙏🙏🙏🙏❤️❤️❤️❤️❤️
18139513771498791,DV_BFLlAtic,C0105,Wena ?????
18085667207258408,DV_BFLlAtic,C0250,These videos are so satisfying to watch. You guys are all heroes.
18115909093630999,DV_BFLlAtic,C0575,Brawo ❤️
17872187172457428,DV_BFLlAtic,C1119,Good catch!😍😍😍
17938685196173705,DV_BFLlAtic,C0521,"When a packing strap is the line between life or death. It makes me so sad, but so grateful for @M0034  we all thank you for your care 🙏🏻🙌🏻👍🏻👋🏻🤗💯"
17971331591862328,DV_BFLlAtic,C0879,🙌❤️
18130761916539182,DV_BFLlAtic,C0569,🙌🙌😍😍😍😍👏👏👏👏
18074395271408417,DVisU9BDETE,C0343,👏👏👏👏👏❤️❤️❤️
18097838941783135,DVisU9BDETE,C1214,👏👏👏
17934331434179398,DVisU9BDETE,C1176,"Как. вы, это. увидели, 🤷‍♀️"
18057773465442619,DVisU9BDETE,C0088,Thanks for your work 👏🏻👏🏻👏🏻❤️
18060898082355396,DVisU9BDETE,C0896,😨😨😨👏👏👏🙏🙏🙏
17846442822676671,DVisU9BDETE,C1244,It's horrifying that such a tiny filament causes such  horrible injuries and death.
18381721978088429,DVisU9BDETE,C0926,"Fantastic  x 1,000 ❤️ 👌 ♥️"
18013081898818585,DVisU9BDETE,C0168,Something so little does so much damage.
18074974085148121,DVisU9BDETE,C0840,❤️❤️❤️❤️😍😍😍😍
18088374044137557,DVisU9BDETE,C0531,👍👍👍👍
17883449517465732,DVisU9BDETE,C0909,🔥🔥🔥
18425355211138521,DVisU9BDETE,C0512,👏👏👏
17971097025007402,DVisU9BDETE,C0519,🔥🔥👏
18090735557113542,DVisU9BDETE,C0522,😞🦭Tadinho.  Obrigada por ajudarem. 💚🦭🩵
18519075979078154,DVisU9BDETE,C1170,Poor boy!
17880605682438310,DXolt9eDCcN,C0623,..............Heroes!! ❤️💯😮😍👏🏼🎉😊😘🥰💯❤️
18098314879887980,DXolt9eDCcN,C0527,❤️❤️❤️❤️❤️🔥🔥🔥🔥🔥
18137297677476701,DXolt9eDCcN,C0511,❤️
17929359771281032,DXolt9eDCcN,C0877,👏👏👏👏👏❤️❤️❤️❤️
17863461786628274,DXolt9eDCcN,C0109,👏👏👏👏👏
18088922222255947,DXolt9eDCcN,C1004,❤️❤️❤️
18320779720281293,DXolt9eDCcN,C0197,Thank you.
18098422577282309,DXolt9eDCcN,C0464,Maviyi kaçırdın
18170291755412792,DXolt9eDCcN,C0143,👏🔥🙌
17974027089030901,DXolt9eDCcN,C0896,🙏🙏🙏🙏🙏🙏🙏🙏❤️❤️❤️
17883213588396728,DXolt9eDCcN,C1185,🩵🩵🩵🩵
17993224820950757,DXolt9eDCcN,C0309,❤️ merci ❤️
18003073793869875,DXolt9eDCcN,C1189,You guys rock ❤️❤️❤️❤️❤️
18008888849896087,DXolt9eDCcN,C0060,❤️❤️❤️😍😍thanks
18445495219115676,DXolt9eDCcN,C0619,God bless your presence on that beach ❤️
18038535470802711,DWRCqLyAs94,C1116,❤️
18082095434157552,DWRCqLyAs94,C1162,Your scissors need sharpening
18098912309056878,DWRCqLyAs94,C1087,👏👏👏
18076451366622613,DWRCqLyAs94,C0607,❤️
18074833001634791,DWRCqLyAs94,C0742,WHAT HAPPENS TO THE OPEN SKIN. Does it GET INFECTED AFTER REMOVING THE LINES?
18015065741836000,DWRCqLyAs94,C0899,😍🙌
18418376083122010,DWRCqLyAs94,C0179,👏👏👏👏👏👏👏👏👏👏👏👏👏👏👏👏👏👏👏
18102325103474192,DWRCqLyAs94,C0558,I love these alien abductions from the aliens perspective videos
17942381358168806,DWRCqLyAs94,C0371,The relief ☺️
18046486451729575,DWRCqLyAs94,C0410,❤️👏
18040324151556021,DWRCqLyAs94,C1185,NO A LA PESCA!!! #GoVegan
17881989498484279,DWRCqLyAs94,C0686,Danke Danke Danke Danke Danke Danke Danke Danke Danke Danke Danke Danke Danke Danke Danke Danke Danke Danke ❤️❤️❤️❤️❤️❤️❤️❤️🦭
18093417733895051,DWRCqLyAs94,C0706,Such a good puppy 😍
17915797467337724,DWRCqLyAs94,C0512,😍😍😍
18440873767114446,DWRCqLyAs94,C0248,🤍🤍❤️❤️🙏🙏🙏🙏🙏YOU ALL ARE AWESOME🙏🙏❤️❤️🤍🤍🤍
18012496031714567,DW3qjZfjcDh,C0216,"The work you do is incredibly kind and empathetic, God bless you all🙏❤️"
18045788156534918,DW3qjZfjcDh,C1122,
18116436274779861,DW3qjZfjcDh,C0143,👏🔥🙌
18091079729184729,DW3qjZfjcDh,C0695,"I love how y’all apologize when you release them, so sweet"
18098118086027608,DW3qjZfjcDh,C1040,Who pays your wages? I want to help animals but I need to work to survive as well
18158001664446570,DW3qjZfjcDh,C1219,👏👏👏😍
18141224800507329,DW3qjZfjcDh,C0108,❤️❤️❤️
18089999078247750,DW3qjZfjcDh,C0305,How do ya'll spot that?!?
17939261448195945,DW3qjZfjcDh,C0818,❤️❤️❤️❤️
18118291789634446,DW3qjZfjcDh,C0432,👏👏👏😍😍😍
17934701706082924,DW3qjZfjcDh,C0097,How many do you save everyday?
18064457972345522,DW3qjZfjcDh,C0060,😍😍😍😍👏👏 thanks
18050985290735617,DW3qjZfjcDh,C0902,“Sorry for that! You’re welcome!!!”
17861634330653980,DW3qjZfjcDh,C0902,I love these guys!
18551045188067112,DW3qjZfjcDh,C0325,Thank you for doing this!
18360785014235192,DVn1_0tkheU,C0131,😢😍😍😍😍😍😍😍😍🙏🙏🙏🙏
17952869940175729,DVn1_0tkheU,C0545,"Fantastic team work, poor baby living with that plastic stuck on her❤️❤️"
18095367539349912,DVn1_0tkheU,C0340,Wow good job!!!👏
18451848979118070,DVn1_0tkheU,C0781,🙏🏻🙏🏻🙏🏻🙏🏻🙏🏻😮‍💨😮‍💨😮‍💨😮‍💨👍🏻👍🏻👍🏻👍🏻👌🏻👌🏻👌🏻👌🏻👌🏻💪🏻💪🏻💪🏻💪🏻💪🏻💪🏻💪🏻🔥🔥🔥🔥🔥🔥👏👏👏👏👏💪🏻💪🏻💪🏻💪🏻💪🏻💪🏻💪🏻💪🏻💪🏻
18323908039282940,DVn1_0tkheU,C0440,👏👏👏👏👏👏👏👏👏👏👏👏👏👏👏👏❤️❤️❤️❤️
17940040629250814,DVn1_0tkheU,C0526,Good work🙏
17894027103476693,DVn1_0tkheU,C0499,🙏👏😍
18215884291334001,DVn1_0tkheU,C1201,👏👏👏👏👏👏👏👏👏
17891888118537050,DVn1_0tkheU,C0299,Waw good job 🙏❤️
18106369987997238,DVn1_0tkheU,C0501,👏
18153559120487419,DVn1_0tkheU,C0861,👏👏👏👏👏
17888801793556740,DVn1_0tkheU,C0504,❤️
17861409624602131,DVn1_0tkheU,C1059,🙏🙏🙏❤️
18560549455065556,DVn1_0tkheU,C0551,🙏🙏🙏
17943065226036806,DVn1_0tkheU,C0657,❤️
18098626382081234,DWtXeL1ipwh,C0462,Thank you for your hard work!
18004113791875088,DWtXeL1ipwh,C0294,🙏🙏🙏🙏🙏❤️
18119168617578212,DWtXeL1ipwh,C0143,🙌🔥👏👏
18317380327259142,DWtXeL1ipwh,C0923,👏👏👏👏❤️❤️❤️❤️
17975231685008438,DWtXeL1ipwh,C0413,🔥🔥
18394802173153475,DWtXeL1ipwh,C0680,"Why are some puppies paler than others? I can’t decide if it’s a different breed, an age thing or whether some are wet and some are dry."
17879611380556997,DWtXeL1ipwh,C0431,👏👏👏👏
18432213001138913,DWtXeL1ipwh,C0202,🙌🙌🙌🙌🙌🙌🙌🙌🙌🙌
18126392428593128,DWtXeL1ipwh,C0619,Great work! God bless ❤️
18063963803363300,DWtXeL1ipwh,C1186,🩵
18582309889059729,DWtXeL1ipwh,C0686,Danke Danke Danke Danke Danke Danke Danke Danke Danke Danke Danke Danke Danke Danke Danke Danke ❤️❤️❤️❤️❤️❤️❤️❤️❤️❤️🦭
17965521417065793,DWtXeL1ipwh,C0476,❤️❤️❤️👏👏👏👏
17957977215102917,DWtXeL1ipwh,C0678,You wish you could explain to them that you were helping and not to be scared
17905562559398665,DWtXeL1ipwh,C0731,❤️
17936314647203210,DWtXeL1ipwh,C1091,👏👏👏👏👏❤️
18103640861515645,DW6Pc5tFHYE,C0127,I’m stuck in your reels.  Love it and thank you so much for doing this
18041598710568062,DW6Pc5tFHYE,C0143,🙌🔥👏👏
17853857742662988,DW6Pc5tFHYE,C0923,❤️❤️❤️❤️👏👏👏👏
18567122782003618,DW6Pc5tFHYE,C0111,❤️❤️❤️❤️
17895900261298305,DW6Pc5tFHYE,C0413,🔥🔥🔥🔥
18072083831638161,DW6Pc5tFHYE,C1219,Me faz tão bem assisti-los salvando esses bebês 😍👏👏
18084541010057060,DW6Pc5tFHYE,C1245,💕💕💕💕
17894050086306916,DW6Pc5tFHYE,C1047,What a clever net
18100892843489082,DW6Pc5tFHYE,C0473,Sucks how common it is for the to get snared in this
18098033549060800,DW6Pc5tFHYE,C0619,Why is it always a double white strap? You guys do great work ❤️ God bless ❤️
18095974048863881,DW6Pc5tFHYE,C0743,Truly amazing people 👏 you are all golden 🙏
18099206398820244,DW6Pc5tFHYE,C0329,Do they smell like the seals in California?
18074473841541339,DW6Pc5tFHYE,C0244,What kind of fishing line do you see the most?
17946014160151382,DW6Pc5tFHYE,C0899,❤️❤️❤️
18095586569120060,DW6Pc5tFHYE,C1185,🩵🩵🩵🩵
17932501410208997,DWbV1NRgceI,C0646,The poor thing. Do you guys ever see the same animals again and see that the wounds are healed? I mean I know there are thousands of them out there I just wondered if you see healed wounds.
18334735288219712,DWbV1NRgceI,C0257,🔥Thank you
18079707752086916,DWbV1NRgceI,C0521,God Bless @M0034 🩵
18093310247131172,DWbV1NRgceI,C0688,Thank you 🙏🏼
18085143191358572,DWbV1NRgceI,C0619,"Beautiful baby ❤️ These defenseless animals, ugh ❤️‍🩹 You guys are God sent 👏"
17933129505212271,DWbV1NRgceI,C0745,Now the healing starts! ♥️
17995009775926642,DWbV1NRgceI,C0909,Какое важное дело вы делаете 👏 спасибо большое ❤️
17943902991157991,DWbV1NRgceI,C0858,That was a gnarly one 🥺Thank you for helping!
18059198936695637,DWbV1NRgceI,C0686,Danke Danke Danke Danke Danke Danke Danke Danke Danke Danke Danke Danke Danke Danke Danke Danke Danke Danke ❤️❤️❤️❤️❤️❤️❤️❤️❤️❤️❤️❤️❤️❤️❤️❤️❤️🦭
18091365551326011,DWbV1NRgceI,C0569,😍😍😍😍😍🙌🙌
18144852796488804,DWbV1NRgceI,C0342,❤️
18115818562630657,DWbV1NRgceI,C0090,🙌🙌❤️
18082483277524985,DWbV1NRgceI,C0502,😢😢😢❤️❤️❤️❤️
18065133479660852,DWbV1NRgceI,C0966,👏
18575006872043931,DWbV1NRgceI,C0382,"Omg poor kiddo, thank you for your help"
18173730970420729,DWv8LJvlSEd,C0131,🙏🙏🙏🫶🫶🫶🫶❤️❤️❤️❤️❤️
18096470996264740,DWv8LJvlSEd,C1116,❤️
18120956119667796,DWv8LJvlSEd,C0366,❤️🙌👏
18105728467798839,DWv8LJvlSEd,C1056,Thank you ❤️‍🩹
18106049713994190,DWv8LJvlSEd,C1168,seems like that colony is getting more used to you folks.
18124902298572057,DWv8LJvlSEd,C0527,❤️❤️❤️❤️🔥🔥🔥🔥🔥
17920078263142646,DWv8LJvlSEd,C0164,
18095696807155141,DWv8LJvlSEd,C0669,👏👏👏
18090229067598322,DWv8LJvlSEd,C0294,🙏🙏🙏🙏🙏❤️
18176530933392495,DWv8LJvlSEd,C0143,👏🔥🙌
18044301215551116,DWv8LJvlSEd,C0699,Excellent work! 👏 You guys are the best!! 👍
18209887195333769,DWv8LJvlSEd,C0813,Я бегу с вами 😍
18100117804997330,DWv8LJvlSEd,C0798,Thank you!
18090987476335902,DWv8LJvlSEd,C0134,❤️🙌❤️thank you!
18101183218988073,DWv8LJvlSEd,C0468,You do God's work.
18107642620854068,DV3SrNtD80c,C0686,Danke Danke Danke Danke Danke Danke Danke Danke Danke Danke Danke Danke Danke ❤️❤️❤️❤️❤️❤️❤️❤️❤️🦭
17979120654005478,DV3SrNtD80c,C0490,❤️❤️❤️❤️
18149007547411986,DV3SrNtD80c,C0537,"God bless you guys, ❤️😍🙏"
18068528270302642,DV3SrNtD80c,C0827,👏👏👏🙌❤️
18155901067446211,DV3SrNtD80c,C0215,Poor things. It's just endless. Thank god you guys help save them 👏👏
18125849371572709,DV3SrNtD80c,C1033,🦭❤️🥰
17879752512509045,DV3SrNtD80c,C0976,👏👏👏👏👏
18315470419259523,DV3SrNtD80c,C0105,Good work seeing beyond the strap !!! Congratulations guys!!!! ❤️🙌
18097034098812217,DV3SrNtD80c,C0514,Thank You 😍
18091167419126933,DV3SrNtD80c,C0422,👏👏👏 👏👏👏👏👏
18098833195940587,DV3SrNtD80c,C0461,😍🙌👏
18093506588013638,DV3SrNtD80c,C1243,i really appreciate you guys could see the seal that need help from a distance
17965619949029615,DV3SrNtD80c,C0485,☹️🙌🙌🙌❤️
18088790008907177,DV3SrNtD80c,C1052,❤️👏😍
18103976455718846,DV3SrNtD80c,C0262,👏👏👏
18078517676159763,DWJUQOwkd-V,C0302,How on earth can you spot the lines and keep your eyes on the right one?? 🙌🔥
18127936174507467,DWJUQOwkd-V,C0061,🙌 👏😍
18112108729698084,DWJUQOwkd-V,C1087,Thank you👏👏👏
18108374776884928,DWJUQOwkd-V,C0686,Danke Danke Danke Danke Danke Danke Danke Danke Danke Danke Danke Danke Danke Danke Danke ❤️❤️❤️❤️❤️❤️❤️🦭
18113221036683598,DWJUQOwkd-V,C0353,😮👏
18063692258342362,DWJUQOwkd-V,C0797,Ihr seid tolle Menschen.  Meinen größten Respekt habt ihr.  Danke schön
17911875912358428,DWJUQOwkd-V,C0899,😍😍😍
18079096772429366,DWJUQOwkd-V,C0197,Thank you for saving the pup.
18012467117682137,DWJUQOwkd-V,C1185,😍😍🙏🙏
17911751082428824,DWJUQOwkd-V,C0896,🙏🙏🙏🙏🙏🙏🙏🙏🙏❤️
18046689056536320,DWJUQOwkd-V,C1198,❤️
18116736595569293,DWJUQOwkd-V,C0341,That looks bad 😢
17879714913397877,DWJUQOwkd-V,C0182,I want to see a bunch of gym boys get out there and do this with you every day for a week!!!!
17918756286125589,DWJUQOwkd-V,C1033,🦭♥️🙏
18577155640006655,DWJUQOwkd-V,C0514,❤️ Thank You 🙏
17988660530955159,DW8ZEQcGmuw,C0421,That’s what happens when people use their rivers as a trash highway and use nets to scrape every living thing off the sea floor
18087923528261603,DXRbK38DM3W,C0615,Bravo à vous!  C'est admirable !
18170217208417306,DXRbK38DM3W,C0119,Los jefes 🔥 🫡
17985901745972329,DXRbK38DM3W,C0688,Thank you 🙏🏼
18093092666146960,DXRbK38DM3W,C0276,🙏Thanks for doing this. Heroes of my heart.❤️❤️
18099081449021616,DXRbK38DM3W,C0618,You are awesome 😍
17937652293195767,DXRbK38DM3W,C0586,👏👏👏👏👏❤️❤️❤️❤️❤️
18075925367199778,DXRbK38DM3W,C1218,Incroyable ce qu'un petit bout de fil de pêche peut faire de dégâts !! Bravo à vous!!! 👏
17900253405260711,DV8HsvgjHW4,C0061,🙌I love that you do this
18456587998129286,DV8HsvgjHW4,C0023,This seems to be a good workout for you! Must be hard work chasing and holding down these lovely creatures. ❤️💪
17985124055961497,DV8HsvgjHW4,C0899,❤️🙏
17948006016131428,DV8HsvgjHW4,C0106,Isten áldjon meg!! 🙏🏼🙏🏼
18580847761043701,DV8HsvgjHW4,C0556,Angels 😇 ❤️🙏
18114487561673102,DV8HsvgjHW4,C0671,❤️❤️
18077691143142072,DV8HsvgjHW4,C1107,❤️
