functional_genre,genre_confidence,speech_act,actual_cta,narrative_structure,image_role,image_caption_relation,target_audience,appeal_type,species_mentioned,register_tone,notes,post_id,vq_aesthetic,vq_production_effort,vq_human_presence,vq_people_role,vq_visual_species,vq_colour_mood,vq_on_image_text_amount,missed_visual_flag,missed_visual_why
responsible-viewing guide,high,inform,Swipe for some best practices for ethical elephant watching,explainer/list,text-carrier,adds-info,tourists|general-public,informational|social-normative,elephant,warm-personal,"Branded carousel cover slide for EHRA (Elephant-Human Relations Aid). Photo shows two loaded expedition Land Cruisers (Namibian plate N-17096-S) on a desert track in mountainous terrain; no elephants are visible despite the elephant-watching topic. Function is educational behavior-guidance for wildlife tourists: caption follows a problem-solution arc (crowding/vehicles overwhelm vulnerable elephants and high-mortality calves -> keep respectful distance) and serves as the lead-in to a swipe-through best-practices list. Ethical/normative undertone ('ethical elephant watching', 'we protect... theirs') but the primary act is to inform. Image carries the title and logo over a contextually relevant background rather than merely repeating the caption.",DQ_nfCKDKZ8,professional,high,none,"no clear human subject; possibly an occupant's arm resting out the front vehicle window, incidental",,"warm desert earth tones (ochre dirt, dusty red rock) under a pale washed-out blue sky; calm, arid, sun-bleached",moderate,False,"This is a carousel cover/title card; the caption makes no specific showable claim (no number, place, or before/after) that the cover image ignores. The absence of an elephant is a defensible design choice, and the 'swipe' content presumably carries the substantive slides. The vehicles shown are in fact relevant, since the caption names surrounding herds with vehicles as the core risk."
clean-up campaign recap,high,inform,Let's continue working hand in hand to protect our coastlines and conserve our natural heritage,showcase,symbolic,adds-info,local-community|general-public|supporters,social-normative|informational|emotional,,institutional-formal,"A recap/awareness post about a past multi-agency (Ministry of Environment, Namibian Police, WWF Namibia) coastal clean-up. Primary function is informing/reporting the event and reinforcing an anti-litter social norm, with a soft aspirational close rather than a concrete ask; the closing 'let's continue working hand in hand' is a collective rallying line, not a directed CTA. The image is a symbolic stand-in (a real-world NO LITTERING sign at the coast) rather than documentation of the actual clean-up. No specific species named (only generic 'marine life'/'wildlife') and none visible in frame.",DR_9tu4DEa9,competent,low,group,"distant, incidental figures on the beach (beachgoers/possibly participants), tiny in background",,"muted, overcast grey sky over beige/tan sand; cool, desaturated coastal palette",minimal,True,"The caption reports a concrete, showable event: volunteers collecting litter along named beaches (Independence Beach through Langstrand to the DRC settlement). The image ignores this and shows only a static NO LITTERING sign, no volunteers, no collected litter, no before/after of the cleaned coast."
safari destination showcase,high,inform,none,explainer/list,illustrative,adds-info,tourists|general-public,aesthetic|informational,elephant,promotional,"POV still from a game-drive vehicle: the framing foregrounds the safari experience (vehicle chassis and seated guests) with one dusty elephant at a distant waterhole. Functions as a tourism/experience showcase wrapped around a short ecological explainer about Etosha's waterhole-dependent wildlife. The rhetorical opener ('How's this for a waterhole encounter?') is engagement bait, not a true CTA. Likely a lodge/safari-operator account rather than a pure conservation NGO.",DSMjgNigije,competent,medium,group,"tourists/guests seated on a game-drive safari vehicle, watching the animal",African elephant,"dry, sunlit bushveld in muted warm earth tones and dusty beige with faded green scrub",none,True,"Caption claims Etosha lets you observe elephants 'in large numbers,' but the frame shows only a single elephant at the waterhole, so the specific numerical claim is not shown."
community outreach update,high,inform,none,showcase,data-viz,adds-info,"supporters, general-public, local-community","informational, emotional",,warm-personal,"Photo of a handwritten 'STATISTICS' whiteboard tracking a 'Feeding Programe' and 'outreach' by date with A/C/T (adult/child/total) counts, March–May 2025. Lifeline Clinic reads as a conservancy-linked community health service (fits the CBNRM community-benefit context), not wildlife content. The post documents operational impact and staff dedication rather than persuading; no call to action. The image literally is 'the numbers on a whiteboard' the caption points beyond, so it adds concrete data while withholding the human/field imagery the caption evokes.",DTSgWRoloBs,competent,low,none,none,,"neutral clinical white with red, blue and black marker on a beige wall",text-dominant,True,"The caption promises 'a glimpse into regular community outreaches and the dedication behind every visit,' a showable human scene (fieldwork, patients, staff), yet the image only shows an administrative whiteboard of tallies. It delivers the numbers rather than the visits/people the text foregrounds."
event documentation,high,inform,none,showcase,illustrative,adds-info,peers/researchers|supporters|general-public,informational,,institutional-formal,"Candid, unstaged phone snapshot documenting a conservation event: the NIMPA+ Project ('Strengthening Marine & Coastal Conservation in Namibia') symposium, with a Namibian flag and a presentation slide of penguins visible. Function is event coverage / institutional presence-signalling to peers and supporters rather than persuasion; no call to action. Species appear only on the projected slide (penguins), not as photographed subjects; the ocean/marine theme of the caption is conveyed contextually via banners and screen rather than by the framed subject.",DU-z_9ziHyK,amateur,low,crowd,a standing speaker at a podium addressing a seated audience of symposium attendees working on laptops,African penguin (on presentation screen),"muted, cool office-interior tones (grey ceiling, blue chairs), flat indoor lighting",minimal,False,"The caption ('Ocean in Focus Symposium') makes no specific, showable numeric/place/before-after claim, and the photo already documents the actual event in progress."
awareness-day observance,high,commemorate,Follow @soa_namibia for more on marine conservation and awareness.,none,text-carrier,adds-info,"general-public, youth, supporters","social-normative, informational, emotional",marine mammals,institutional-formal,"Canva-style awareness card for World Marine Mammal Protection Day: a blue-panel headline plus a short action message ('reduce pollution, act sustainably, spread awareness') alongside three stock photos of marine mammals. Branded to NCE (Namibian Chamber of Environment) and NYCE (Namibian Youth Chamber of Environment) via bottom logos, yet the caption is written in @soa_namibia's voice and directs followers there, so this is cross-org / reshared awareness content rather than a single account's own post. One seal photo carries a 'dreamstime' stock watermark, slightly lowering polish. Function is calendar-day commemoration + light behavioural nudge, not persuasion toward a specific action; the only concrete ask is the follow prompt.",DU7v1hOilMn,competent,medium,none,none,orca / killer whale; Cape fur seal; bottlenose dolphin,cool oceanic blue background with orange accent headline; bright natural stock photography,moderate,False,"The caption makes no specific numeric, place, or before/after claim; it speaks generically of 'marine mammals'. The image actually over-delivers by showing three concrete species (orcas, Cape fur seals, dolphins) the caption never names."
educational fact post,high,inform,none,explainer/list,illustrative,adds-info,general-public,informational,elephant,warm-personal,"Classic 'Did you know?' edutainment card: a shareable cognition fact (memory, tool use, self-medication, 6.5 kg brain, empathy/grief) paired with a striking front-on close-up of an African elephant in golden light. Photo is credited to another account (@conservation.diaries), so it is curated rather than original field content. Function is knowledge-sharing/engagement, not persuasion or fundraising; no ask of any kind.",DUVa739DPUG,professional,high,none,none,African elephant,warm golden-hour amber tones with soft bokeh background,none,False,"The caption's claims are about cognition and brain weight, which are not directly showable; a strong close-up portrait of the animal is an appropriate and sufficient pairing."
feel-good wildlife post,high,promote,none,problem-solution,illustrative,adds-info,general-public; supporters; tourists,emotional; aesthetic,elephant,warm-personal,"Heartwarming 'Monday cuteness' engagement post that doubles as soft promotion of the TimBila Nature Reserve / Naankuse (brand name + www.naankuse.com, no imperative ask). Emotional hook (cute baby elephants) frames an embedded conservation success arc: parents removed from human-wildlife conflict, translocated, now breeding safely. Image shows two juvenile African elephants nuzzling/playing in grassland; no people, no on-image text. Primary appeal is emotional/aesthetic rather than persuasion toward a specific behaviour.",DUi-O5xmKYK,professional,high,none,none,elephant,lush green and earthy natural tones with soft purple wildflower accents,none,False,"The image directly depicts the cute baby elephants and their natural grassland habitat, which is the caption's central, showable subject. The one abstract figure (35,000 hectares) is not the emotional focus and its omission is not a meaningful miss for a heartwarming close-up."
brand mood vignette,high,narrate,none,showcase,illustrative,adds-info,tourists|general-public|supporters,aesthetic|emotional,elephant,reverent,"Vertical (Reel/Story-format) wildlife still of a single African elephant seen from behind, walking away down a dirt track framed by bush and grass. Functionally this is atmospheric brand storytelling for Ongava (a Namibian lodge/reserve): it evokes a low-impact, 'leave only footprints' ethos rather than making an argument or asking for anything. No CTA, no on-image text, no people. The rear-view walking-away composition literally embodies the caption's 'tread softly / each step measured' metaphor, giving light identity/eco-tourism promotion under a reverent, poetic register.",DV8V_PjFMlT,competent,medium,none,none,African elephant,"soft muted naturals; dusty track and green scrub under a pale blue sky, calm and contemplative",none,False,"The caption is atmospheric and makes no specific showable claim (no number, no before/after). Its one place reference, Ongava, is plausibly the setting shown. The image directly illustrates the 'each step measured' metaphor with an elephant walking a track, so nothing concrete is left unshown."
news repost/awareness,high,inform,Read the full article: @thenamibian,explainer/list,text-carrier,repeats,general-public|supporters|policymakers,informational|economic,"fish (commercial fish stocks, unspecified)",institutional-formal,"News-style graphic card from Ocean Conservation Namibia (OCN) repackaging a State of the Nation Address admission about declining commercial fish stocks. Functions as awareness/agenda-setting rather than persuasion: a red 'NEWS' tag, bold headline, and subhead sit over a stock-style underwater fish photo with the OCN logo top-right. The image is a branded text-carrier that largely restates the headline; the underwater fish are illustrative of 'fish stocks' but generic and not tied to Namibia's specific commercial species. Caption adds economic framing (4.1% GDP, 21,000 jobs) and a light conservation call ('time to strengthen our conservation efforts') plus attribution/credit to @thenamibian. The only concrete ask is to read the source article.",DW8ZEQcGmuw,professional,medium,none,none,"schooling fish (likely jacks/trevally, silvery pelagic species)","cool blue-teal underwater tones fading to dark, sober",text-dominant,False,"The caption's central factual claim (declining fish stocks) is a trend, not a showable before/after or single number the image could depict; the underwater school of fish plus the 'NEWS'/'President admits fish stocks are declining' text card adequately signals the subject. The GDP/jobs figures are secondary and not naturally visualisable in a single photo."
Community engagement update,high,inform,What are your views on establishing community fisheries reserves?,anecdote,illustrative,adds-info,local-community|general-public|supporters,informational|social-normative,,institutional-formal,"A stakeholder-consultation report from a fisheries/conservation authority: it narrates a specific field meeting with the Kasika Community about a proposed community fisheries reserve, carefully hedging that no formal request is confirmed and consent is uncertain, then closes with a participatory discussion prompt. Not persuasion; the dominant function is transparent process reporting with a light community-voice invitation. The image is a genuine documentary photo of the described engagement, adding setting and human context rather than repeating the text.",DWOp8pRgrY-,competent,medium,group,"fisheries officials and community members in a field consultation, one speaking with an open-hand gesture while others take notes",,"warm midday daylight, earthy bush greens offset by the pink floral patchwork tablecloth",none,False,"The caption's core is the community consultation meeting itself, and the image documents exactly that: officials and community members seated at the field table with papers. The named channels (Malindi, Ntonga) are context, not the showable claim the post is built around."
volunteer thank-you post,high,thank,none,anecdote,illustrative,adds-info,"supporters, donors, general-public","emotional, informational",,warm-personal,"This is a community-health/clinic organisation (Lifeline Clinic, Epukiro), not a wildlife conservation actor. Content is a candid documentary snapshot of a Neonatal Life Support training, framed as gratitude toward visiting UK volunteers plus a community-impact message ('strengthens an entire community's ability to care...'). No conservation or species content at all. The 'baby' in frame is a CPR/resuscitation doll, not a live subject. Foreground red-nailed hand and off-kilter framing mark it as an unstaged phone photo.",DWnyV1Wls37,amateur,low,group,healthcare workers/doctors demonstrating neonatal bag-valve-mask resuscitation on an infant training manikin; a second staffer on the phone in the background,,"clinical blues, flat everyday lighting, muted",none,False,The caption's specific claim (UK doctors leading NLS training for local staff) is exactly what the photo documents: a demonstration of bag-valve-mask resuscitation on an infant manikin. Image and text align.
awareness-day event coverage,high,commemorate,none,none,illustrative,adds-info,general-public|supporters,informational|social-normative,,institutional-formal,"Frame from event footage (likely a Reel) documenting a corporate/NGO Earth Day tree-planting commemoration in Windhoek with Standard Bank Namibia. Function is institutional event/PR coverage and awareness-marking rather than persuasion; no call to action. Image is candid documentary reportage that genuinely adds information (setting, participants, the planting act) beyond the text. No fauna present; 'species' here is vegetation only. Register is formal-institutional with an official quoted on climate/biodiversity benefits of trees.",DXcTP6pCFgr,competent,medium,group,Executive Director and Standard Bank executives/officials planting a tree seedling at the event,tree seedling,"bright natural daylight, warm earth tones with green foliage",none,False,"The caption's central claim is the act of tree planting at an Earth Day event, and the image directly depicts officials planting a seedling. The only specific number ('five' seedlings donated) is a minor detail; the image faithfully shows the reported action, so no showable claim is ignored."
Independence Day greeting,high,commemorate,none,milestone,symbolic,adds-info,general-public|local-community|supporters,identity|emotional,,reverent,"Branded national-holiday greeting from the Environmental Investment Fund of Namibia (logo top). Central device is a collage cut into the silhouette of Namibia's map, its panels filled with national/development imagery (solar array shaped as the flag sun, wind turbines, a dry cracked lakebed with dead trees, agriculture, red craft textiles, cultural celebrants) and overlaid with the Namibian flag's colours. On-image text carries the full celebratory message plus large '36 YEARS OF INDEPENDENCE' lock-up; caption is a short echo. This is commemoration/patriotic branding rather than persuasion or conservation messaging, though renewable-energy and drought imagery softly nods to the org's environmental remit. Minor spelling error in the graphic ('Happy Indepedence Day'). No wildlife visible despite the conservation-org sender.",DWIac_JiEFz,professional,high,group,Namibian community members shown across collage panels — a young farmer/worker standing with arms crossed in a field and a group of traditionally dressed cultural celebrants,,"muted national-flag palette (blue, red, green, gold sun) overlaid on desaturated photos against a warm cream paper background",moderate,False,"The caption makes no specific showable claim (no number, place, or before/after); the image already visualises unity, pride, and Namibian identity richly, so nothing concrete is ignored."
awareness-day tribute,high,commemorate,Let us celebrate the global team of people that make weather information happen,explainer/list,illustrative,adds-info,general-public|supporters,informational|emotional|social-normative,,warm-personal,"Commemorative post for World Meteorological Day. Function is to mark the UN awareness day and thank/honour the broad community of observers, forecasters and scientists behind weather data, closing with a soft collective invitation to celebrate them. Not persuasion or conservation appeal in the framing sense; species-irrelevant. Image is a silhouetted weather-station mast with guy-wires against a sunburst, symbolically and illustratively reinforcing the meteorology theme without repeating the text verbatim.",DWOMpv0ipjl,competent,medium,none,no people visible; the post honours meteorological workers verbally but shows only equipment,,bright high-contrast: golden dry grassland under clear blue sky with a strong central sunburst flare,none,False,"The caption honours many types of weather professionals but makes no specific showable number, place, or before/after claim; the image of an actual weather-monitoring mast is an apt, on-topic illustration."
awareness-day observance,high,commemorate,Do better!,explainer/list,illustrative,adds-info,general-public|youth|local-community,informational|emotional,,institutional-formal,"Composite designed graphic marking World Climate Day for NYCE (Namibian Youth Chamber of Environment) under the NCE umbrella. Left third is a headline plus a paragraph that essentially reproduces the caption; right side stacks three impact photos (parched cropland with dead maize, a plastic-strewn dump with goats and a foraging chicken, a flooded corrugated-iron settlement). Function is awareness/commemoration with an informational payload, not conservation persuasion; the closing 'Do better!' is a vague exhortation rather than a concrete, actionable ask. No wildlife/conservation species involved; visible animals are livestock/domestic fowl at the dumpsite.",DWV5l8TCp7a,professional,high,none,none,goats; chicken,"earthy documentary photos against a dark forest-green panel with orange accent type; sober, sombre",text-dominant,False,"The caption makes only general claims about climate impacts (water, heat, food, waste); the three photos concretely illustrate those impacts (drought-killed maize, a waste dump, a flooded settlement), so no specific showable claim is ignored."
awareness day mobilisation,high,invite,Give one hour back to the planet. Plant. Restore. Learn. Protect.,none,symbolic,adds-info,general-public,"emotional,identity,social-normative",,warm-personal,"This is a video still (note the subtitle bar at bottom reading 'just a symbolic movement.' and the black letterbox crop), reposted or adapted from @WWF global content. The aerial drone shot shows a large crowd arranged into a shape on bare ground — likely the WWF '60' or infinity symbol for Earth Hour. The image does not illustrate Namibian wildlife or landscape; its communicative work is to signal mass global participation and collective identity ('Africa joins millions'). The post functions as an awareness-day call-to-action for Earth Hour, asking followers to participate in one of four generic actions (plant, restore, learn, protect) rather than a specific programme. No species, no conservation data, no local specificity — purely campaign mobilisation.",DWbxil5DMTW,professional,high,crowd,"participants forming a symbolic shape (infinity/number 60) visible only from aerial drone perspective — individuals indistinguishable, crowd functions as graphic element",,earthy brown ground with vivid crowd colours; high-contrast white bold typography; yellow subtitle bar — energetic and campaign-ready,moderate,False,"Caption makes no specific showable claim (no numbers, locations, or before/after); the symbolic aerial image of a crowd forming a shape appropriately reinforces collective-action framing."
awareness day commemoration,high,commemorate,none,showcase,text-carrier,adds-info,"general-public, supporters","emotional, aesthetic, identity",,institutional-formal,"Classic awareness-day collage by Namibia Nature Foundation. Nine panel grid of high-quality wildlife and landscape photos (rhino, turtle, springbok, fur seals, humpback whales, Welwitschia, aerial coastal island, river delta, crop/conservation field) centred on a stylised Earth Day 2026 globe badge. The post marks the occasion and signals organisational identity rather than requesting any action. No caption was provided, so the image carries the full communicative load. The NNF logo watermark bottom-right anchors attribution.",DXbe6nYCnwx,competent,medium,none,absent,black rhinoceros; sea turtle; springbok; Cape fur seal; humpback whale; Welwitschia mirabilis,warm ochre and teal — arid desert tones contrasted with coastal blue-green,moderate,False,No caption makes a specific showable claim; the image itself is the message — a visual showcase of Namibian biodiversity framed by the Earth Day 2026 badge.
awareness day greeting,high,commemorate,none,none,text-carrier,repeats,general-public,identity|emotional,,warm-personal,"This is a standard awareness-day greeting graphic produced by Gobabeb Namib Research Institute. The composition is a branded template: large display type, the 2024 Earth Day slogan 'Our Power, Our Earth', a clip-art globe-in-hand illustration, decorative leaf motifs, and a small inset photograph of a group visiting solar panels. The caption ('Happy Earth Day') is fully absorbed by the on-image text, so caption and image repeat each other. No wildlife species appear. No call to action is present. The primary function is institutional self-identification with a global awareness calendar date rather than persuasion, information transfer, or fundraising.",DXbynlCjsnU,competent,medium,group,"Students or community members visiting Gobabeb's solar panel installation, used as supporting evidence of the organisation's sustainability work.",,"bright, clean whites with teal and green accents; cheerful and optimistic",text-dominant,False,"Caption makes no specific showable claim beyond the greeting; the embedded photo of students at solar panels is a reasonable illustrative choice for the 2024 Earth Day theme 'Our Power, Our Earth'."
awareness day commemoration,high,commemorate,How are you using your power for the planet today?,showcase,illustrative,repeats,"general-public, supporters","emotional, aesthetic",giraffe,warm-personal,"Image credited to @felixrome_ via @governorscampcollection, a luxury safari brand associated with East African (Kenya/Tanzania) camps, not Namibia; the coat pattern and open-savanna landscape are consistent with Masai giraffe, not the Angolan giraffe subspecies found in Namibia. The post performs a dual-commemoration function: anchoring to Earth Day's official 2024 theme ('Our Power, Our Planet') while seeding a countdown to World Giraffe Day on 21 June. The closing question is an organic engagement prompt rather than a hard CTA (no link, no donation ask, no sign-up). No on-image text; the photograph carries purely aesthetic and emotional weight.",DXceVTokb5e,professional,high,none,no humans in frame,Masai giraffe,warm golden-ochre on the giraffe against a soft blue-grey sky and blurred green savanna; light and airy,none,False,"Caption makes no specific showable claim (no population figure, no location, no before/after) that the image omits; a giraffe in motion adequately illustrates the theme."
conservation milestone showcase,high,inform,none,milestone,illustrative,repeats,tourists|general-public|supporters,emotional|aesthetic|identity,"mammals (generic, 100+ species)",institutional-formal,Post functions as a heritage/milestone narrative celebrating Ongava's 30-year conservation record. The herd of elephants (adults plus calves) is atmospherically shot and emotionally resonant but illustrates only one of the reserve's claimed 100+ mammal species. No CTA is present; the post reads as brand-building or destination prestige content rather than a campaign or appeal.,DQn6pZKjmE6,professional,medium,none,n/a,African elephant,"muted earth tones — dry golden grass, grey-brown dust, overcast sky; subdued and naturalistic",none,True,"Caption claims '100 known species of mammals' — a striking, verifiable number — yet the image shows only one species (elephant). A species-diversity collage, a count graphic, or even a second frame with different mammals would substantiate the claim visually. The 'once-barren realm' transformation claim is also unillustrated."
destination experience promotion,high,invite,Ready to join the adventure? Contact us at info@ehranamibia.org,showcase,illustrative,adds-info,tourists,emotional|aesthetic,elephant,warm-personal,"Account email (ehranamibia.org) identifies this as EHRA Namibia (Elephant-Human Relations Aid). The post is a soft tourism solicitation: evocative sensory copy builds experiential desire then converts it with a direct contact CTA. The image is a vertical video still (credited @C0674) showing a person — likely a tracker or guide — crouching to indicate what appear to be elephant footprints in red sand, which directly illustrates the caption line 'tracks of elephants long gone' and adds experiential context (human-guided tracking moment) not explicit in the text. No live animal is visible. The caption's headline sensory promise ('wrinkles of a trunk') remains unillustrated, and neither sunset nor lush grass — also evoked — appear in the frame.",DRmBxuCjPTR,competent,medium,one-person,"guide or tracker crouching to point at elephant tracks in sand; only partial body visible (arm, hand, lower torso) — experiential demonstrator, not portrait subject",,warm earthy reds and deep ochres; harsh directional sunlight on Kalahari-type red sand,none,True,"The caption's most specific sensory claim is 'wrinkles of a trunk' — a showable elephant close-up — but no elephant appears in the frame; only sand tracks are present, leaving the headline promise unillustrated."
wildlife lodge showcase,high,promote,none,anecdote,illustrative,adds-info,tourists,aesthetic|emotional,leopard,warm-personal,"The post functions primarily as destination/lodge promotion for Harnas Guest Farm and Wildlife Sanctuary, using an anthropomorphised, light-hearted anecdote ('scrumptious meal', 'leisurely stroll', 'well-deserved nap') to frame a high-quality close-encounter photograph. There is no conservation argument, no data, and no explicit ask — the brand impression is the entire communicative payload. The leopard's tongue-out pose is a rare behavioural capture that elevates the image beyond standard wildlife documentation and directly supports the aspirational tourism appeal.",DSW2mrgjs6h,professional,high,none,none,leopard,warm golden-brown bush tones with patches of green foliage; dappled natural light,none,False,The caption's central claim — a leopard licking its lips post-meal — is exactly what the image shows; the tongue-out moment is captured and the bush setting matches the narrative.
conservation operations showcase,high,inform,none,showcase,illustrative,adds-info,general-public|supporters|donors,emotional|informational,rhino; African wild dog,warm-personal,"The image depicts an APU K9 handler and his dog mid-exercise on a purpose-built agility/obstacle course in arid Namibian bush — this is operational capacity documentation, not a wildlife encounter. The caption leans on emotive framing ('every day without poaching is a victory', 'keeping hope alive') but issues no concrete ask. The gap between the claimed subjects (rhinos, wild dogs) and the visible subjects (ranger, K9) is a genuine missed visual opportunity rather than a mismatch — the image shows the means (the unit) but not the end (the species being protected).",DU-OQhPjn88,professional,high,one-person,"anti-poaching ranger in camouflage uniform running during K9 agility training exercise, photographed from behind","domestic/working dog (K9 training dog, likely Belgian Malinois or German Shepherd)","warm golden savanna light, dusty earth tones, high-contrast midday sun with expansive sky",none,True,"Caption specifically names rhinos and wild dogs as the protected species, but neither appears in the image; showing either would have made the protection stakes concrete and visible."
fundraiser milestone thank-you,high,thank,none,milestone,illustrative,adds-info,"supporters,donors","emotional,social-normative,identity",baboon,warm-personal,"The post's core function is a grateful milestone announcement: the fundraiser succeeded, funds are secured, camp revamp is confirmed. The 'thank you' speech act is dominant; there is no new ask. The sign 'Springboard into FREEDOM' in the image adds a campaign label absent from the caption, so the image carries slight additional informational value beyond pure repetition. No baboons are visible, which is a genuine missed opportunity given the caption's focus on their specific welfare circumstances.",DUYx4VLDCYU,competent,medium,group,Volunteers in matching green Harnas t-shirts posing with handmade animal-enrichment items and a painted wooden sign reading 'Springboard into FREEDOM'; they are the subject and evidence of the fundraiser activity.,,"warm earthy tones — khaki, green shirts, terracotta sign, dappled natural light under a corrugated-iron roof",minimal,True,"Caption announces a 13.5-hectare camp revamp and the physical context of baboons in smaller camps due to disability, but no baboons appear in the image — the specific claim about the animals who benefit is entirely absent from the visual, making it harder to connect the fundraising outcome to the animals themselves."
volunteer donor thank-you,high,thank,none,anecdote,illustrative,adds-info,"supporters,donors,general-public","emotional,social-normative",,warm-personal,"Post functions purely as a public thank-you to a named individual volunteer/donor; no wildlife or conservation science content. The branded gate arch ('Conservation Through Innovation / I ♥ N/a'an ku sê Wildlife Conservation') situates the school within the broader foundation identity. Image adds evidentiary value — it shows the actual handover moment — but was taken casually (group snapshot), hence 'competent' rather than 'professional'. No species present in image or caption; this is the foundation's community/education programme, not its wildlife work.",DV6hPrUj1sO,competent,medium,crowd,"Children in school uniform hold donated stationery; two adult women (one likely Marloes, one a staff member in N/a'an ku sê green shirt) stand behind them — recipients and donor together, celebratory pose",,"warm, sunny, vibrant — red school uniforms against sandy orange ground and bright blue sky; colourful donated items add festivity",minimal,False,"The caption makes no specific showable claim (no counts, statistics, or before/after) that the image ignores; the photo of children holding donated supplies directly evidences the described donation event."
brand origin narrative,high,narrate,none,anecdote,illustrative,adds-info,"general-public, supporters, tourists","emotional, identity",,warm-personal,"Post functions as an origin story and holistic mission statement for Naankuse/Harnas, weaving together three pillars (wildlife protection, San cultural preservation, community health via the Lifeline Clinic) through the biographical hook of co-founder Marlice van Vuuren. The image is competent as cultural documentation but creates a visual mismatch: the caption's emotional lead (a child raised among wildlife) is never shown, and the San campfire scene — while evocative — covers only one-third of the caption's claims. No species are named specifically; 'animals' and 'wildlife' remain generic throughout.",DVF8tnJDu1d,professional,high,group,San community members portrayed as cultural subjects gathered around a fire; they illustrate the 'ancient San culture' mention in the caption but are not individually identified,,warm amber-orange firelight against near-total darkness; intimate and atmospheric,none,True,"Caption opens with the specific, showable claim that Marlice van Vuuren grew up among animals at Harnas, yet no animals and no named founder appear in the image. The campfire scene illustrates only the San-culture strand of the caption, leaving the wildlife and personal-biography strands visually unsupported."
lodge atmosphere showcase,high,promote,none,showcase,illustrative,adds-info,tourists,aesthetic|emotional,kudu,warm-personal,"Classic high-end safari lodge content: no conservation argument, no data, no explicit ask. The function is desirability signalling — Ongava positions itself as a place where authentic, unhurried wildlife encounters happen. The caption's reflective, literary register ('privilege arrives softly') targets aspirational leisure travellers rather than donors or researchers. The kudu is female (no horns), browsing on a flowering shrub; the composition — partial concealment by branches, direct gaze — visually enacts the 'stillness and glance' the caption describes, making image and text tightly coherent.",DW0itq8DiiZ,professional,high,none,none,greater kudu (female),"muted green-brown bush tones with punctuating red blossoms; soft natural light, intimate close-up",none,False,"Caption claims a quiet, partial sighting through foliage; the image delivers exactly that — a female kudu mid-browse, partially screened by branches, making direct eye contact. No specific statistic or place claim is left unshown."
nostalgic throwback post,high,narrate,none,anecdote,illustrative,adds-info,"general-public, supporters","emotional, aesthetic",,playful,"A pure nostalgia/humour post built around a vintage black-and-white archival photograph from the Namibian desert. Three donkeys on a cart are towing a 1950s–60s pickup truck via a rope – a literal depiction of animal-powered roadside recovery. The caption supplies the wit; the image supplies the proof. No conservation message, no advocacy frame, no CTA. The donkeys are domestic livestock, not wildlife. The post's function is relationship-building through shared humour and historical identity with the Namibian landscape, not persuasion or information transfer.",DW85lspilIK,competent,low,one-person,"Incidental historical actor seated on the donkey cart; present as part of the archival scene, not foregrounded as a subject.",donkey,"monochrome – high-contrast grey tones, arid desert light, no warmth",none,False,"The image directly and perfectly illustrates the caption's claim: donkeys are visibly towing a broken-down vintage car, making the 'four-legged roadside assistance' punchline self-evident. No specific showable claim is left unillustrated."
wildlife moment share,high,narrate,none,anecdote,illustrative,adds-info,"general-public, supporters","emotional, aesthetic",elephant,warm-personal,"Classic field-moment post: a single elephant picked out against a hazy Namibian mountain ridge, clearly photographed at distance with a telephoto lens. The image is compositionally striking (elephant silhouetted on the skyline) but technically soft due to distance and heat haze, hence 'competent' rather than 'professional'. The caption uses light humour and anthropomorphism to humanise the animal, building affective connection with no conservation ask. The phrase 'experts of the desert' implicitly cues desert-adapted elephant identity without stating it explicitly — a subtle identity/pride appeal for the organisation's geographic niche.",DWYj25RjKBe,competent,medium,none,none,African elephant,warm ochre and dusty blue — arid desert palette with hazy mountain backdrop,none,False,"The caption claims an elephant losing its footing; the image shows an elephant navigating rocky terrain on a ridge, which directly illustrates the moment described. No specific showable claim is left unshown."
seasonal holiday greeting,high,celebrate,none,none,text-carrier,repeats,"general-public, supporters","emotional, aesthetic",lion,playful,"Classic occasion-greeting post using a wildlife photo as a humorous visual hook — the lion's wide-open yawn is reframed as eager anticipation of Easter eggs. On-image text carries the full message ('Me waiting for the Easter eggs / Happy Easter from N/a'an ku sê') with decorative Easter egg illustrations. The collar visible on the lion indicates this is a sanctuary/rescue animal, not a fully wild individual, which is consistent with N/a'an ku sê's rehabilitation mandate. No conservation information is communicated; the sole function is community goodwill and brand visibility around a public holiday.",DWqKBa7j5v4,competent,medium,none,not applicable,lion,warm earthy browns and cream tones with pastel Easter-egg accent colours,moderate,False,The caption makes no specific showable claim; the humorous tone is fully served by the lion yawning with Easter egg graphics overlaid.
community action recap,high,inform,none,showcase,illustrative,repeats,"supporters,local-community,youth","emotional,identity",,warm-personal,Cover frame of what appears to be a Reel or carousel. The Namibian Youth Chamber of Environment logo appears bottom-right. On-image text 'HERE'S HOW OUR CLEAN UP WENT' mirrors the caption. No wildlife or nature visible; post is entirely community/civic in orientation. No CTA beyond implicit social sharing.,DXEgAVWCtkH,competent,medium,crowd,volunteers/participants posing as a group after the cleanup event; one person holds a filled rubbish bag,,"warm, sunny, vibrant — yellows and reds from background mural, natural daylight",moderate,False,Caption makes no specific quantitative or locational claim that the image fails to show; a group photo of participants fits the 'highlights' framing.
lodge rebrand announcement,high,announce,Discover the full story behind Horizon in our latest blog. Link in bio,milestone,illustrative,repeats,tourists,aesthetic|identity,,promotional,"This is a lodge rebrand/relaunch post, not a conservation education or advocacy post. The conservation framing (Minister's attendance, 'shared commitment to conservation') is invoked as legitimising context for a hospitality product launch rather than as the primary communicative purpose. The interior shot is competently composed but a poor match for the caption's landscape and vista promises; a hero exterior image would have served the announcement far better.",DXG8IUMDeZj,competent,medium,none,absent,,"warm earthy greens and browns; safari-lodge palette, soft ambient light",none,True,"Caption emphasises 'uninterrupted views' and being 'set high above the plains' — a defining spatial claim — but the image shows only an interior lounge. No exterior panorama, no plains vista, no landscape connection is visible, leaving the headline selling point entirely unshown."
programme update inform,high,inform,Follow their journey and see how bees are becoming champions of change.,explainer/list,illustrative,repeats,"general-public, supporters, peers/researchers","emotional, informational, identity",honeybee,warm-personal,"The post functions as a programme update reporting on a WWF CAPA livelihood project rather than as advocacy or persuasion. The weak CTA ('follow their journey') implies this is one instalment in a series rather than a standalone call to donate or act. The close-up honeycomb shot is competently executed and thematically appropriate, but it is essentially a generic bee image that could illustrate any beekeeping post worldwide; it does not document or humanise the specific community activity the caption describes. A photo of the youth trainees at work would have substantially strengthened the narrative.",DRjpDiHjHFV,professional,medium,none,absent — the community youth who are the subject of the caption are entirely missing from the frame,honeybee,"warm amber and dark brown; rich, honey-toned macro palette",none,True,"Caption names specific villages (Omega 3, T'onxei), youth participants, partner organisations, and a national park, but the image shows only an anonymous close-up of bees on honeycomb — no people, no apiary construction, no Bwabwata landscape, and no visual link to the community livelihood story being told."
year-end visitor thank-you,high,thank,Can you spot your pin on our map? Let us know in the comments!,milestone,data-viz,adds-info,tourists,emotional|identity,,warm-personal,"The image is a handheld snapshot of a physical pin-board map mounted on a wall, labelled 'WHERE OUR VISITORS COME FROM:'. Dense pin clusters over Western Europe, North America, southern Africa, and eastern Australia are visible, making the geographic reach legible despite low production quality. No wildlife, no branding, no graphic design — purely a documentary photo of an in-facility artefact. The post functions as an end-of-year community gratitude gesture, inviting past visitors to self-identify in comments (engagement hook), not as conservation persuasion or fundraising.",DS62I6pDk7E,amateur,low,none,none visible,,"bright, primary-coloured pins against a blue noticeboard and standard political world map; warm indoor light with slight glare",minimal,False,The caption's core claim — visitors from all over the world pinned on a map — is exactly what the image shows; the visual directly substantiates the text.
community programme showcase,high,celebrate,none,showcase,illustrative,adds-info,donors|supporters|general-public,emotional|identity,,warm-personal,"Post functions as a soft partner spotlight: it celebrates the work of two named programmes (Lifeline Clinic, Cheeky Cheetah School) through an emotionally resonant image rather than stating outcomes or making an ask. The close-up framing — child's hand tracing a shape in sand — directly mirrors the caption's 'drawing stories in the sand' metaphor, making image and text tightly coupled. No wildlife or conservation content; this is community/social development communication. The sand drawing appears to depict a cheetah or feline outline, which may be a subtle nod to the Cheetah Conservation Fund or 'Cheeky Cheetah School' branding.",DSRtCS7jnGX,professional,medium,one-person,"child shown from behind/above, identity anonymised; hand and head only, drawing in sand — subject rather than spokesperson",,"warm earth tones — sandy ochre dominates, soft and intimate",none,False,The caption's core visual claim — a child drawing stories in the sand — is exactly what the image shows; no specific numerical or locational claim is made that the image fails to depict.
contemplative nature storytelling,high,narrate,none,anecdote,illustrative,adds-info,"general-public, supporters","emotional, informational, aesthetic",mopane worm; Gonimbrasia belina,warm-personal,"The opening sentence ('In a world of AI fakes, quick takes and surface impressions') acts as a rhetorical hook framing the post as a deliberate antidote to digital noise, giving the nature observation a meta-commentary layer beyond ecology alone. The 'reminder to slow down' is a philosophical gesture rather than a concrete CTA. The macro photography adds significant sensory detail (orange-spotted texture, dark lateral edging, active feeding posture) that the caption text does not convey, making the image genuinely informative rather than merely decorative.",DUiOGOniVHI,professional,high,none,none,"mopane worm (Emperor Moth caterpillar, Gonimbrasia belina)","fresh greens, pale blue sky, airy bokeh – lush green-season palette",none,False,"The image directly and precisely depicts the mopane worm feeding on a mopane branch with fresh green leaves, matching both the subject and the seasonal framing of the caption; no specific showable claim (number, place, before/after) is left unillustrated."
volunteer recruitment invite,high,invite,Come visit our Naankuse Costal Project for a wild week full of fun and impact!,showcase,text-carrier,repeats,tourists|supporters,emotional|identity,,playful,"This is a reel/video cover frame (portrait crop, POV overlay text in trendy lower-thirds style) inviting visitors to the N/a'ankusê Coastal Conservation Project. The overlay text 'pov: you spend the week at our costal project' mirrors a social-media POV trend. No wildlife or human activity is visible; the image functions as branded signage only, which underdelivers on the caption's energy. No species are mentioned in caption or visible in frame.",DV1RBwxDDEe,competent,low,none,absent,,"muted grey-beige, overcast — low energy for a fun-promise post",moderate,True,"Caption promises 'wild week full of fun and impact' but the image shows only the exterior signage wall of the project facility with no wildlife, no activities, no people, and no coastal scenery — none of the 'fun and impact' is shown."
staff achievement celebration,high,celebrate,none,milestone,illustrative,adds-info,"supporters, general-public, local-community","emotional, identity",,warm-personal,"Post functions as an internal community celebration and staff recognition announcement, not a conservation or wildlife post. The Naankuse 'CONSERVATION' signpost is visible in the background, anchoring the brand context. No wildlife or conservation content appears in image or caption; the post is community-development framed. No CTA is present beyond the website URL. The certificates are legible and confirm the names match the caption.",DV_xrwzjCSH,competent,medium,group,"Three Naankuse staff members (John, Roberto, Pedro) posing proudly with their Level 1 Cricket Coaching certificates in front of the Naankuse Primary School building",,"warm, sun-drenched ochre and sandy tones with bright blue sky; celebratory and informal",none,False,The caption's core claim — three named staff completing a coaching course — is directly shown: three men holding named certificates of achievement in front of the Naankuse Primary School. Nothing specific is left unshown.
competition recruitment call,high,invite,"Enter the NYCE writing competition — stand a chance to win N$ 1,500, earn points and have your essay published on the NYCE website.",none,decorative,unrelated,youth,emotional|social-normative|economic,,playful,"Image is a candid or semi-staged outdoor shot of a young man; the NYCE logo watermark is the only branding. No species, no conservation content, no visual reference to the writing competition. The post functions purely as a youth-targeted recruitment/call-to-action for an essay competition, with economic incentive (N$1,500) and social incentive (publication). The playful, slightly self-aware caption voice ('We REALLY tried to find a reason') signals an informal, peer-to-peer register targeting young Namibians rather than conservation donors or tourists.",DW8ck9sijNW,competent,medium,one-person,"apparent organisation member or youth ambassador walking toward camera, waving — likely used as a relatable, energetic face for the youth audience",,"warm desert tones, bright blue sky — outdoor Namibian setting, energetic and sunny",minimal,True,"The caption makes a specific, actionable pitch (cash prize, 9-day deadline, publication reward) but the image shows only a young man walking outdoors with no visual reference to writing, competition, prizes, or a countdown — a deadline graphic, a submission screenshot, or a past winner portrait would have reinforced the urgency directly."
event invitation,high,invite,"RSVP by DM, WhatsApp or email: info@tosco.org",none,text-carrier,repeats,"peers/researchers,tourists","informational,social-normative",desert-adapted elephant; African elephant,institutional-formal,"This is a branded event-announcement graphic for a TOSCO Talks session featuring EHRA presenting on Namibia's desert-adapted elephants (31 March, 15:30–17:00, CCI Hub, Windhoek). The wildlife photograph (elephant raising trunk) functions purely as a thematic backdrop; all substantive content is delivered through on-image text. The caption 'See you there!' is a social-convention sign-off that adds nothing beyond the flyer itself. Audience is primarily industry peers — tourism and conservation partners — not the general public or donors.",DWURr-cDbzB,professional,medium,none,none,African elephant,warm sandy beige with dark-red typography; earthy and calm,text-dominant,False,"The post's purpose is an event flyer, not a claim about elephant status; the image adequately serves the promotional graphic format."
programme impact showcase,high,inform,none,showcase,illustrative,adds-info,"supporters, donors, general-public","emotional, identity",reticulated giraffe,warm-personal,"Image functions as social proof for the Twiga Wetu Initiative's school outreach arm: it shows the programme beneficiaries (students) actively using educational materials. No wildlife is visible despite the caption's focus on reticulated giraffe. The booklets the children are reading appear to feature illustrated giraffe figures, which partially bridges the gap but is too small to read clearly. The post reads as an internal programme update / impact report rather than a call to action or persuasion piece.",DR-SMDzDZx2,competent,medium,crowd,"Kenyan schoolchildren in uniform sitting on outdoor benches, engaged in reading what appear to be giraffe-themed workbooks or comic-style educational booklets — they are the subject and evidence of the programme's reach",,bright midday daylight; dominant blues of school uniforms against sandy ground and green shrubs — warm and energetic,none,True,"Caption foregrounds giraffe conservation and community-wildlife coexistence, but no giraffe appears in the frame; a split image or background habitat shot would have grounded the species claim visually."
awareness day teaser,high,announce,none,milestone,text-carrier,repeats,general-public|supporters,identity|emotional,giraffe,promotional,"Branded countdown graphic for World Giraffe Day 2026 produced by GCF. The image is a designed promotional asset — large bold typography ('STAND TALL FOR GIRAFFE / 21 JUNE 2026'), GCF logo, World Giraffe Day logo, and a photographic strip of a giraffe herd at the bottom used decoratively rather than informationally. The caption mirrors the graphic exactly and adds no additional information. No call to action is present; the post functions purely as an early-stage event teaser to build anticipation five months out. The 'more coming soon' line signals a content series is planned.",DTyJ9OpgXzm,professional,high,none,none,giraffe,warm earthy oranges and deep maroon; high-energy brand palette,text-dominant,False,"Caption makes no specific showable claim (no number, place, or before/after) beyond the countdown date, which the graphic already displays prominently."
research findings dissemination,high,inform,Click the link in our BIO to read the full paper!,explainer/list,illustrative,adds-info,general-public|peers/researchers|supporters,informational|emotional,Angolan giraffe,warm-personal,"Post announces and summarises a published field study on Angolan giraffe ecology in the pro-Namib. Five giraffes are visible in the frame against a dramatic inselberg; the caption cites a study population of 13 but does not claim all are pictured. Science-communication framing ('critical insights', 'conservation puzzle') bridges specialist findings to a lay readership. Image is unembellished field photography — no graphic overlay, no camel thorn trees visible — but the habitat context (hyper-arid landscape, sparse scrub) directly supports the paper's setting claim and adds genuine visual information the caption does not fully convey in words.",DUoOpqdjEUM,competent,medium,none,none,giraffe,"warm arid tones — burnt-orange sand, deep red volcanic rock, clear cobalt sky",none,False,Caption names camel thorn trees as the central dietary finding — a showable detail absent from the image — but the arid inselberg landscape with live animals is an appropriate and informative illustration of the paper's ecological setting; the omission does not hollow out the visual claim.
conference presence report,high,announce,none,milestone,illustrative,repeats,peers/researchers|supporters|general-public,informational|identity,giraffe; Southern giraffe,warm-personal,"This is a standard 'we attended and presented at a conference' update — its function is to signal organisational legitimacy and peer-network engagement, not to persuade the audience toward any behaviour. The giraffe visible in the frame is part of the conference slide background, not a field photograph. Human presence is two people (counted as 'one-person' field maps poorly; closer to 'group' but small). Production is competent-phone-level snapshot typical of in-the-moment conference documentation.",DV6oG8iDJKi,competent,medium,one-person,"Two GCF team members posed in front of the conference projection screen, presented as participants/presenters",giraffe (on projection screen backdrop only),"warm amber-tan savannah tones from projection, contrasted with institutional green SANParks banner; indoor conference lighting",moderate,False,The caption's key claim is that the team presented at a 220-person conference; the image shows exactly that setting — two team members in front of the Savanna Science Network 2026 screen at Kruger. No specific showable figure or before/after is ignored.
programme milestone showcase,high,announce,none,milestone,illustrative,adds-info,donors|supporters|peers/researchers,emotional|social-normative|identity,Nubian giraffe,warm-personal,"Image shows five school-age children from behind, painting a multi-giraffe mural on a light-blue exterior wall. No live animals are visible; all giraffe depictions are artwork. The post functions as an organisational milestone announcement — celebrating national-media recognition of a student mural and citing a reach figure (10,400+ learners) to signal programme scale. There is no call to action; the communicative goal is pride-sharing and donor/peer reassurance that the programme is growing. The Kenya geography is notable: this is not a Namibian organisation post, but the schema question of geographic scope is outside the rubric.",DVWk_9XDbv8,competent,medium,group,"Students shown from behind, actively painting the mural; identities not shown, focus is on the artwork rather than the individuals","giraffe (painted mural, not live animals)","warm earthy tones from the mural (rust, ochre, green) against a pale blue wall; natural light, slightly flat exposure",none,False,The caption's central showable claim — students painting a giraffe mural — is exactly what the image depicts; no specific statistic or before/after is left unillustrated.
staff training report,high,inform,none,anecdote,illustrative,repeats,"peers/researchers,supporters","informational,identity",,warm-personal,"Post functions as an internal capacity-building report shared publicly. Its purpose is to document and celebrate a staff training event at CCF, not to persuade an external audience or raise funds. Multiple staff quotes serve as social proof of value but there is no call to action. The on-image text contains a typo ('VECHICLE'). No wildlife appears in the image or caption — this is entirely an operational/human-capacity story.",DW4VErZEjmD,competent,medium,group,Conservation staff and interns participating in vehicle maintenance training; shot from inside the car cabin,,"warm natural greens and browns, high ambient daylight; bold black-and-yellow text overlay on lower third",moderate,False,"The caption's claims (hands-on vehicle training, multiple teams, named instructors) are all adequately illustrated by a photo of staff inside a vehicle during the session; no specific showable claim is left unrepresented."
program outreach inform,high,inform,Want to learn more? Visit cheetah.org,anecdote,illustrative,repeats,general-public|supporters,emotional|informational,cheetah; livestock guarding dog,warm-personal,"This appears to be a still frame from a Reel rather than a standalone photo; the subtitle 'Let's see what he does.' is a video caption overlay. The branded CCF polo shirt grounds the organisational identity. No dogs of any kind are visible in the frame despite the caption being entirely about LGD puppies. The post functions primarily as a lighthearted seasonal hook (Easter) to draw attention to the LGD conservation programme, with a soft website CTA — classic awareness/education outreach rather than fundraising or recruitment.",DXB-DjOjmZ2,competent,medium,one-person,"CCF staff member (uniform visible) presenting or narrating to camera, likely a video still/Reel thumbnail",,"warm sandy-beige with teal mesh background, bright daylight",minimal,True,"The caption centres on LGD puppies and an Easter egg hunt — a highly showable, warm human-interest moment — but the image shows only a staff member speaking to camera in a wire enclosure with no dogs, no puppies, and no Easter props visible. The specific claim ('puppies stole the spotlight') is completely absent from the frame."
wildlife programme update,high,inform,none,anecdote,illustrative,adds-info,"general-public, supporters, peers/researchers","emotional, informational",cheetah,warm-personal,"This is a field-footage update narrating an individual animal's conservation journey (capture → collar → release → wild monitoring). The caption explicitly names the EWS geofencing programme, making it simultaneously a programme explainer. The self-referential opening ('30 seconds… without trending audio') signals audience awareness typical of social-media-savvy conservation accounts. The thumbnail/still is a silhouette at sunset — emotionally resonant but the cheetah's spots and collar are not discernible, so the image is illustrative/symbolic rather than documentary. The on-image text 'TUPUKA 0H2' (collar ID or subtitle) is minimal and appears to be a video overlay, confirming this is a Reel thumbnail rather than a static post.",DXMiL7jjXgk,competent,medium,none,none,cheetah,"warm golden-orange sunset silhouette, cinematic but field-camera quality",minimal,False,"The caption describes a wild cheetah post-release and the image delivers exactly that: Tupuka silhouetted on a termite mound at golden hour, reinforcing the 'back in the wild' narrative. No specific showable claim is left unvisualised."
awareness day action list,high,invite,Visit cheetah.org,explainer/list,decorative,unrelated,general-public|supporters|donors,informational|social-normative,cheetah,warm-personal,"Classic Earth Day action-list post anchored by the 'five ways to help' format. The image appears to be a generic field-work shot repurposed as filler; it neither depicts cheetahs nor any of the five named interventions, making the visual contribution near-zero to the caption's persuasive load. The post functions primarily as a recruitment and awareness nudge directed at a broad online audience, with the website CTA as the sole concrete next step.",DXca0cil6Mk,competent,medium,one-person,"field staff or educator presenting to a small group, holding a clipboard in a sandy outdoor setting",,"warm earth tones—sandy ochre ground, muted greens, soft overcast daylight",none,True,"The caption makes five specific, showable cheetah-conservation claims—rescued cheetahs, Livestock Guarding Dogs, the Cheetah Fit Challenge—none of which appear in the image. The image shows a woman with a clipboard speaking outdoors, with no cheetah, no LGD, no fitness event branding, and no Earth Day visual hook. A cheetah or LGD image would have reinforced the conservation message directly."
partner gratitude post,high,thank,none,anecdote,illustrative,adds-info,"supporters, general-public","emotional, identity",,warm-personal,"The post's primary communicative act is publicly thanking two named external volunteers (Prof. Jan Weiss and Ann Cocks) for their educator-support visit. The caption narrates their contribution in detail (teacher training workshop, classroom modelling, volunteer structure support) and closes with a personal expression of gratitude. This is a donor/volunteer-relations post and a community-building gesture rather than a persuasion or conservation-awareness post. No wildlife is mentioned or shown. The image shows a lively outdoor classroom scene that confirms the described activity but does not introduce additional factual content beyond what the caption states.",DT_B707iWMb,competent,medium,crowd,"Children are the primary subjects, engaged in a painting activity; one adult woman in a green staff shirt assists at a table, and one adult man in olive uniform stands supervising on the left — consistent with the caption's description of a teacher trainer and school staff.",,"warm and bright — orange mud-brick wall, vivid primary-coloured chairs and children's clothing, lush green foliage backdrop; overall sunny and energetic",none,False,The caption describes classroom teaching and community support; the image shows exactly that — children painting at tables with an adult facilitator — so the visual claim is fully honoured.
job vacancy announcement,high,recruit,"For further details, please visit the NCE website at https://n-c-e.org/vacancies-and-opportunities/",none,text-carrier,repeats,local-community,informational,,institutional-formal,"The image is a direct screenshot of the full vacancy document (NCE letterhead, position details, key responsibilities, bulleted duty lists). It carries no photographic or illustrative content — it is purely a document render. The caption summarises the same information and redirects to the website. No conservation or wildlife content; this is purely an internal HR/recruitment post by the Namibian Chamber of Environment.",DTamIGPCnjn,screenshot-graphic,low,none,none,,"monochrome white-and-olive, functional",text-dominant,False,This is a job posting; no specific visual claim is made in the caption that the image fails to show. The document-as-image approach is standard for vacancy announcements.
job vacancy announcement,high,announce,"Apply via email: applications@nacso.org.na (Subject: NTI MD APPLICATION) or hand-deliver to NACSO offices, 7 Rossini Street, Windhoek; please share widely within your networks",none,text-carrier,repeats,peers/researchers,informational,,institutional-formal,"This is a straightforward recruitment post for a Managing Director at the NACSO Training Institute. The image is a designed graphic layering the full job advertisement text over an AI-generated or stock Namibian savannah landscape. The landscape is purely decorative/brand-dressing; all substantive content is text. No wildlife, conservation data, or human subjects appear in the frame. The caption mirrors the image text almost verbatim, adding only emoji formatting and a network-sharing request. No conservation persuasion frame is present.",DTfkmjZiIqB,competent,medium,none,not applicable,,"warm golden-brown savannah with muted blue-grey sky; low-saturation, earthy",text-dominant,False,No specific showable conservation claim is made; the post is a recruitment notice and the landscape backdrop is a conventional graphic design choice rather than an evidential opportunity.
women-in-science showcase,high,celebrate,visit cheetah.org,showcase,illustrative,adds-info,"general-public,supporters,donors","identity,emotional,informational",cheetah,warm-personal,"Four-panel collage format with a centred text overlay reading 'Meet some of the WOMEN in SCIENCE at CCF' — the image carries its own headline, making the collage essentially a self-contained visual unit. The post functions as a celebratory staff/identity showcase tied to a women-in-science framing (likely timed to an awareness day such as International Day of Women and Girls in Science, though not named explicitly). The quote from Dr. Laurie Marker adds institutional authority. The CTA to cheetah.org is soft/informational rather than a fundraising or ticket-purchase ask. One cheetah cub is visible in the lower-left panel being fed by a researcher.",DUq4ZLtj73l,competent,medium,group,"staff/researchers shown active in fieldwork roles, used as protagonists of the narrative",cheetah,warm ochre/terracotta field tones with a high-contrast black title card using white and yellow text,moderate,False,"The caption's core claim — women doing fieldwork at CCF — is directly shown through four panels depicting women using binoculars, operating a radio/phone in the field, feeding a cheetah, and standing in the Namibian savanna. No specific statistic or before/after goes unillustrated."
beneficiary spotlight,high,narrate,none,anecdote,illustrative,adds-info,"supporters,donors,tourists,general-public","emotional,identity",,warm-personal,"Image appears to be a video still (widescreen crop, on-shirt mic, TOSCO logo on shirt). The post functions as a human-interest profile / beneficiary spotlight, not conservation advocacy in the traditional sense. The narrative arc — urban work → return to homeland → agroforestry success → community inspiration — is a classic livelihood-outcomes story used to demonstrate programme impact to donors and supporters. No wildlife species mentioned or visible; this is squarely in the regenerative agriculture / community livelihood domain.",DV1dpcLjf4m,competent,medium,one-person,"subject/protagonist — Lesley Rhyn, the featured farmer, seated and smiling in the garden; appears to be filmed for video content (lavalier mic visible on shirt)",,warm greens and earth tones; bright midday sun; lush garden background contrasts arid Namibian setting,minimal,True,"Caption names a concrete outcome — vegetables sold to three lodges — but the image shows only the farmer smiling; no produce, no garden close-up, and no lodge context that would make the commercial success claim visible."
partner series launch,high,announce,Tap the link in our bio to watch and subscribe for more partner stories and conservation insights,milestone,illustrative,repeats,general-public|supporters,informational|identity,panda,promotional,"The image is a slightly blurred, candid-style portrait of a woman in a teal jacket standing next to a WWF roller-banner in a garden setting. The panda is the WWF logo, not a real animal — species_mentioned reflects the caption rhetorical hook ('🐼'), not an animal shown in context. The post functions primarily as a series launch announcement driving traffic to a YouTube/video link via bio. No Namibia-specific visual content appears despite the caption's geographic framing.",DVIyH5WjD2M,competent,medium,one-person,"likely a representative or spokesperson posing beside the WWF logo banner, serving as a face for the partnership announcement","giant panda (logo only, not a live animal)","fresh green and natural tones, informal outdoor setting",none,True,"The caption announces a new 'Did You Know: WWF Edition' video series about Namibian conservation impact, but the image shows only a person posing beside a WWF banner — no Namibian wildlife, landscapes, or community work is shown. A frame from the actual video episode or a wildlife shot from Namibia would have substantiated the conservation claim visually."
volunteer recruitment ad,high,recruit,Apply now via the link for full details: https://www.naankuse.org/careers,none,text-carrier,repeats,youth,emotional|identity,horse,warm-personal,Classic recruitment graphic: emotion-first photography (golden-hour silhouette) combined with a bold 'We're Hiring' text overlay and branded footer bar specifying the role. The image is decorative-plus-text-carrier rather than informational; it sets an aspirational mood rather than showing actual N/a'an ku sê equine facilities. The caption uses identity appeal ('if horses light up your soul') and a light pun ('take the reins') consistent with warm-personal tone. No persuasion about conservation impact; the sole function is attracting volunteer applicants.,DVqcuKHmK2G,professional,high,one-person,"aspirational figure — silhouetted woman touching horse nose, representing the target intern",horse,"warm amber/golden-hour silhouette, aspirational and romantic",moderate,False,"The caption makes no specific showable claim (no numbers, locations, or before/after); the silhouette image adequately evokes the horse-human bond the caption appeals to."
staff story fundraise,high,narrate,"If you would like to help us continue investing in education and changing lives, you can support the Naankuse Foundation Schools here: https://naankusefoundation.salsalabs.org/naankuseprimaryschool0/index.html",anecdote,illustrative,repeats,"donors,supporters,general-public","emotional,identity",,warm-personal,"Branded 'Weekly Teacher Spotlight' series card. Image carries the subject's name, title, and a tagline ('From cleaner to classroom leader') that distils the caption's arc. The portrait adds a face to the story but no new information beyond the caption. The donation link appears only in the caption, making this a soft donor-appeal wrapped in a human-interest staff profile. No wildlife or conservation content; the N/a'an ku sê Foundation's education/community dimension is the sole subject. No species present in image or caption.",DXEY-ltlqzA,competent,medium,one-person,"subject of the spotlight — Helena Frans, named pre-primary teacher, facing camera in uniform/fleece, presented as the protagonist of the story",,muted earth greens and cream; institutional but warm,moderate,False,"The caption is a personal journey narrative without specific showable claims (no before/after location, no data, no classroom scene demanded); a portrait headshot is a conventional and adequate choice for a staff spotlight format."
program showcase,high,inform,none,showcase,illustrative,adds-info,"general-public, supporters, donors","emotional, identity",,warm-personal,"The Attenborough quote functions as a philosophical anchor that legitimises the SEED Project's community-education rationale, not as a persuasion device aimed at the viewer. No conservation species appear anywhere; the post foregrounds the human and community dimension of conservation. The hand-raise is the strongest visual signifier of active learning and was likely selected deliberately. The outdoor rocky setting (likely Spitzkoppe or similar inselberg) distinguishes this from a conventional classroom scene and subtly reinforces the environmental context without showing wildlife.",DS1zuecDLC0,competent,medium,group,"Rural youth participants in an outdoor environmental education session; one child is raising a hand, signalling active engagement and participation",,"Warm earth tones — orange granite boulders, golden natural wood benches, soft afternoon sidelight",none,False,"Caption makes no specific showable claims (no numbers, locations, or before/after comparisons); the image appropriately illustrates the education session in action."
audience engagement quiz,high,invite,Drop your guess in the comments 👇,none,illustrative,adds-info,"general-public, supporters","emotional, identity",raptor,warm-personal,"Classic engagement-bait format: a high-quality wildlife photograph withholds species identification to invite comment interaction. The bird appears to be a Red-necked Falcon (rufous crown, yellow cere, barred underparts, yellow feet) perched on a bare branch against an open sky — a strong, uncluttered composition. The caption mirrors the image rather than adding factual content, so image_caption_relation is coded as 'adds-info' in the sense that the image supplies the visual evidence the caption's quiz question depends on. No persuasive conservation argument is made; the function is purely audience engagement through species identification.",DTCaWV3DqXt,professional,high,none,n/a,Red-necked Falcon (Falco chicquera),"cool blue-grey sky, warm golden light on bird, muted brown tones — calm and clean",none,False,"The caption makes no specific showable claim beyond the visual itself; the image fully delivers what the caption describes — a raptor perched high, alert."
research visit acknowledgement,high,thank,none,anecdote,illustrative,repeats,peers/researchers,informational,,institutional-formal,"Post functions as a public thank-you note documenting a guest seminar on desert pavement mapping. No wildlife, no conservation advocacy, no call to action. The image is a snapshot taken on a phone in an informal indoor setting; the projected slide title is legible and corroborates the caption. Production effort is low but fit for purpose. Audience is primarily professional/research peers who would recognise the names or institutions.",DTczhoqCMi3,competent,low,group,subjects being thanked — professor and PhD student posing in front of their presentation slide,,"neutral warm — terracotta floor tiles, muted indoor lighting",minimal,False,"The caption makes no specific showable claim (no numbers, maps, or before/after) beyond describing a seminar visit; a photo of the two presenters in front of their projected title slide adequately documents the event."
awareness day celebration,high,commemorate,none,milestone,illustrative,adds-info,general-public|supporters,emotional|identity,flamingo,warm-personal,"Caption appears truncated ('Happy ') but the image prop clearly reads 'World Wetlands Day', making the occasion identifiable. The post marks a community/participatory birdwatching event for World Wetlands Day. No live flamingos visible; species presence is representational via prop only. Mixed demographic crowd suggests outreach across tourist, local-community, and youth audiences.",DUQylVEiPWw,competent,medium,crowd,"Mixed group of participants — adults, children, at least one uniformed ranger — posing together at an outdoor birdwatching event, holding a pink flamingo cardboard cutout labelled 'World Wetlands Day'","flamingo (cardboard prop only, no live animals)","bright, sunny, upbeat — vivid blue sky, lush green bush, pink prop",minimal,False,Caption is a truncated greeting with no specific showable claim; the group photo with the flamingo prop adequately communicates the celebratory event context.
awareness day commemoration,high,commemorate,Let's celebrate these incredible water giants and commit to safeguarding the wetlands and rivers they depend on.,none,text-carrier,repeats,"general-public,peers/researchers,supporters","emotional,identity",hippopotamus,warm-personal,"A co-branded awareness-day graphic produced jointly by six Namibian conservation organisations (NACSO, Community Conservation Namibia, WWF, IRDNC, Community Leaders Network, TOSCO), all of whose logos appear as a header strip. The image is a high-quality close-up of a hippo half-submerged in water — atmospheric and well-composed — overlaid with 'World Hippo Day / 15 February' in a handwritten-style font. The caption adds ecological context (ecosystem role, CBNRM framing, specific river systems) that the image does not show, but none of those claims are specific or quantifiable enough to count as a missed visual opportunity. The post's function is primarily to mark the calendar day and signal coalition membership, not to persuade or inform beyond general awareness.",DUxWaDAiHXN,professional,medium,none,none,hippopotamus,muted blue-grey water tones with warm russet skin; calm and immersive,minimal,False,"The caption names specific river systems (Kunene, Kavango, Kwando, Zambezi) but makes no quantitative or before/after claim that the image is obliged to show; the close-up hippo face adequately illustrates the subject."
peer network report,high,inform,none,milestone,illustrative,adds-info,"peers/researchers, supporters","social-normative, identity",,institutional-formal,"Post functions as an organisational visibility report directed at peers and supporters rather than the general public. The drone-angle group shot confirms the scale of the symposium (caption says '70+ delegates') and signals the organisation's embeddedness in continental conservation networks. The applause of Tusk Trust at the end is a public acknowledgement gesture, not a persuasive appeal. No wildlife is present in image or caption; the conservation frame is carried entirely by context.",DV8qrmUDGoW,professional,high,crowd,Symposium delegates (conservation professionals from across Africa) posed as a group for a formal conference photo; some wear lanyards/ID badges.,,"warm savanna tones — sandy ground, golden-green grassland, overcast blue-grey sky; clothing creates a colourful mid-register focal band",none,False,Caption describes a multi-organisation gathering; the aerial group photo of ~70 delegates in a bush setting directly evidences that claim. No specific numeric or before/after claim is left unshown.
event news report,high,inform,none,anecdote,illustrative,repeats,general-public,informational,,institutional-formal,"This is a straightforward institutional news post reporting a government event — a ministerial speech at a facility handover. The post functions as a news bulletin rather than advocacy or persuasion; the environmental education angle is relayed as reported speech, not a direct appeal to the audience. No wildlife or conservation fieldwork is visible. The Ministry of Environment, Forestry & Tourism branding dominates the backdrop, confirming official government context.",DWd8TPlCGNF,competent,medium,group,Minister Indileni Daniel stands addressing attendees; three male officials seated at the table beside her in a formal government event setting,,"dark green institutional backdrop, muted earth tones, low contrast lighting — formal and governmental",minimal,True,"The caption announces the inauguration of a physical Solid Waste Management Facility at Etosha National Park — a concrete, showable infrastructure asset — but the image shows only the ministerial speech at a branded backdrop, not the facility itself."
policy milestone announcement,high,announce,none,milestone,illustrative,adds-info,"peers/researchers, policymakers, supporters","informational, identity",,institutional-formal,"The three framed certificates are legible enough to read 'NamibRand Nature Reserve', 'Canyon Nature Park', and 'ProNamib Nature Reserve', which directly corroborates the caption's checklist — this is a genuine informational add. No wildlife or landscapes are visible; the post is entirely about the policy/institutional milestone. No call to action is present. The 30×30 biodiversity target reference situates the post within the global Kunming-Montreal framework, signalling an audience that includes conservation peers and policymakers more than general public or tourists.",DWjdIZtjHgI,competent,medium,group,Representatives of the three certified reserves holding framed Certificates of Recognition issued by the Namibian Ministry of Environment; they are the identifiable subjects of the certification event.,,"warm natural tones — terracotta wall, sandy khaki clothing, soft afternoon light, green foliage background",minimal,True,"The caption names three specific reserves covering 318,480 ha and frames them as working landscapes where biodiversity thrives, but no landscape, habitat, or wildlife imagery from any of the three sites is shown. A single representative shot of NamibRand, ProNamib, or Canyon Nature Park would have grounded the abstract OECM claim visually. The certificate-handshake photo conveys the institutional event but not the conservation outcome being celebrated."
competition announcement,high,invite,"Focus on two to three Sustainable Development Goals of your choice, and don't forget to use examples from your community.",none,text-carrier,repeats,youth,identity|social-normative,,promotional,"The image is a fully self-contained promotional flyer that restates all key information from the caption (topic, deadline 19 Apr 2026, prize N$1,500, contact number). No nature imagery or species. The NYCE logo contains a stylised silhouette of large mammals (likely elephant) but too small to identify as a species claim. The competition is SDG-focused civic engagement, not conservation per se, though hosted by an environmental youth organisation.",DWn1ukqCqP6,competent,medium,none,n/a — no real people depicted; a hand-drawn illustration of a hand writing is present,,warm amber/ochre — inviting and youthful,text-dominant,False,The post is a designed flyer announcement; no specific visual claim in the caption goes unshown.
ambassador adoption pitch,high,invite,👉 https://www.naankuse.com/product-page/kovu,anecdote,illustrative,repeats,tourists|supporters|general-public,emotional|identity,cheetah,warm-personal,"Post is narrated entirely in first-person from the cheetah's perspective — a common 'character voice' format. The core structure is a rescue anecdote (pet trade → sanctuary rehabilitation → ambassador role) that culminates in a symbolic adoption CTA with a direct product URL. The image appears to be a video still of a young cub in grass — visually atmospheric but low-information: the animal is tiny in frame, partially hidden, and unidentifiable as Kovu specifically. It does not support the grown-ambassador narrative the caption builds. No humans appear despite the emotionally central mention of 'my favorite human, Marlice'. Production quality of the image is competent but the framing choice undersells the subject.",DXt_IDBD93L,competent,medium,none,none visible,"cheetah (cub, partially obscured in grass)","muted green-grey savanna, soft natural light, subdued and atmospheric",none,True,"The caption claims Kovu became 'the largest male cheetah Naankuse has ever seen' and describes a fully grown, imposing ambassador animal — but the image shows what appears to be a very small cheetah cub barely visible and largely obscured in tall grass at long distance. The caption explicitly references 'younger days' footage in a video, suggesting this still is a thumbnail from that footage rather than a portrait of Kovu today. A close-up of adult Kovu, ideally showing his size or a moment with his camp companions Athena and Roadie, would substantiate the 'largest male' and 'ambassador' claims the caption builds toward."
content series announcement,high,announce,visit youtube.com/ccfcheetah,none,text-carrier,repeats,general-public|supporters,emotional|aesthetic,cheetah,promotional,"The cheetah cub is a high-quality close-up portrait used as an attention hook rather than as a content-relevant image; the cub has no thematic link to Somaliland or communal conservancies. The branded overlay ('CHEETAH TV IS BACK TODAY!' + YouTube logo) turns the photo into a promotional graphic. The episode topic (community conservation, Somaliland's first conservancies) is substantive policy content, yet the visual defaults to baby-animal appeal — a common pattern of using charismatic megafauna to drive clicks regardless of episode subject matter.",DXuRr8pGfJ_,professional,medium,none,not present,cheetah,"warm golden-brown, natural bush tones with high-contrast black banner overlay",moderate,True,"The caption announces a discussion about community conservation in Somaliland and its first communal conservancies — a policy/people story — but the image shows a cheetah cub with no connection to Somaliland, community conservancies, or the episode's guests. A still from the episode, a map, or portraits of the three guests would have illustrated the actual content being promoted."
consultant recruitment notice,high,recruit,Scan the QR code to access the TOR and the application email address.,none,text-carrier,repeats,peers/researchers,informational,elephant,institutional-formal,"The graphic uses an AI-generated image of an elephant seated in an office chair as a visual hook, but the post's function is purely a call-for-proposals notice directed at professional consultants. The elephant is decorative/symbolic (wildlife-meets-professional-world) rather than informational. There is a typo on the image ('OPPURTUNITY'). The caption and image text are fully redundant. No conservation narrative or emotional appeal is present; the register is that of a procurement announcement.",DQ33W_MDIWT,competent,medium,none,none,African elephant,neutral grey and white with bold black typography; AI-generated elephant adds a slightly surreal accent,text-dominant,False,"The post is a job-notice graphic; no specific showable claim (statistic, location, before/after) is made in the caption that the image ignores. The elephant-in-office imagery is a deliberate stylistic choice, not a missed factual illustration."
survey participation call,high,invite,Scan the QR code to participate and stand a chance to win 1 of 28 N$ 500 cash vouchers.,explainer/list,text-carrier,repeats,"general-public, youth","informational, economic",,institutional-formal,"The post is a designed promotional flyer recruiting Namibians to complete an online survey run jointly by NYCE and NCE. Its primary function is participation solicitation, not conservation advocacy or persuasion about a specific environmental stance. The incentive (N$14,000 prize pool) is prominently featured as an economic hook. The image fully duplicates the caption content; no wildlife imagery or environmental visuals appear — consistent with the civic/policy character of the post. The faint giraffe/elephant watermark behind the QR code is decorative branding rather than informative content.",DRQ69T9ir4N,competent,medium,none,none visible,,"gold/ochre and white with red accent — civic, energetic",text-dominant,False,The post is a recruitment/participation flyer; no specific showable environmental claim is made in the caption that the graphic omits.
initiative launch announcement,high,announce,Read the full story via the 🔗 in Bio!,milestone,illustrative,repeats,peers/researchers|policymakers|donors,informational|identity,,institutional-formal,"The image shows a single speaker at what appears to be an indoor workshop or launch event, with a NIMPA+ Project roll-up banner visible in the background. The banner itself features seabirds (Cape gannets and African penguins) and marine imagery, but these are incidental to the NIMPA+ branding rather than content shown in the post. No wildlife appears in the post image itself in a substantive way. The post functions as a stakeholder-facing milestone announcement documenting a governance structure (CoP, Technical Working Groups) rather than a public awareness or persuasion piece.",DRUeLV4kVdA,competent,medium,one-person,"Speaker or facilitator presenting at the CoP launch event, reading from papers",Cape gannet; African penguin,neutral-warm indoor tones; teal/blue accent from NIMPA+ banner,moderate,False,"The caption announces a platform launch and working groups — an indoor event, which the image accurately documents. No specific showable claim (number, map, before/after) is made that the image ignores."
institutional meeting report,high,announce,none,milestone,illustrative,repeats,peers/researchers,social-normative|identity,,institutional-formal,"Pure institutional relationship-signalling post: NACSO publicly documents a high-level inter-organisational meet-and-greet to affirm its network ties. No wildlife, no conservation action shown. The image adds mild illustrative value by showing the named participants in situ, but adds no information the caption does not already supply. Audience is effectively sector peers and institutional stakeholders, not the general public.",DUaqWnPCDxU,competent,medium,group,"two named senior officials (CEO and Board Chairperson) seated at a meeting table, candid mid-conversation shot; a third person partially visible in background",,"neutral/cool — white walls, dark suits, muted patterned tablecloth; no strong colour accent",none,False,"The caption makes no specific showable claim (no data, no location graphic, no before/after) that the image could have visualised; a candid of the named participants is the natural and sufficient illustration for this genre."
project delivery announcement,high,announce,none,milestone,illustrative,adds-info,peers/researchers|donors|policymakers,informational|social-normative,,institutional-formal,"Classic donor-reporting post: announces a material input (camping equipment) delivered under a named EU-funded project, explains the operational rationale (remote-area participation), and closes with a governance benefit chain. No wildlife imagery despite the conservation context; the EIA project banner visible in the background adds institutional credibility. No CTA present — the post reports rather than asks.",DVdH45gAVk4,competent,medium,group,Community association members and project staff pose with newly received camping equipment at a formal handover event; their smiles signal positive reception.,,"warm-neutral; wooden hall interior, colourful clothing against green branded banners",moderate,False,"Caption makes no specific showable claim (no named species, no before/after, no mapped location) that the image ignores; the handover scene adequately documents the equipment delivery event."
institutional personnel announcement,high,announce,none,milestone,illustrative,repeats,general-public|peers/researchers|policymakers,informational,,institutional-formal,"This is a standard government communications post announcing a new deputy-minister appointment and leadership welcome meeting. No wildlife, conservation argument, or audience engagement device is present. The Namib desert mural behind the two officials is a landscape backdrop prop, not a nature-communication element. No species are mentioned or visible. The post functions purely as institutional record-keeping communicated publicly — comparable to a press-office news release translated into Instagram format.",DW3WLwbiIzy,competent,medium,group,Minister Indileni Daniel and Deputy Minister Anselm Marungu posed formally for an official meet-and-greet photo in what appears to be a government office with a Namibian landscape mural backdrop,,warm ochre and muted tones from the desert-landscape mural background; formal dark and beige attire,none,False,The caption makes no specific showable claim beyond the meeting itself; a two-person official photo adequately documents the event described.
institutional meeting report,high,announce,none,anecdote,illustrative,repeats,general-public|peers/researchers|policymakers,informational,,institutional-formal,"Classic government press-release post: a posed handshake photo with an informational caption summarising who met, why, and what was said. No wildlife imagery despite the anti-poaching and wildlife-crime agenda; the Namib desert mural in the background provides the only nature reference. No call to action. The image adds no information beyond confirming the two named figures were physically present together.",DW4hFLgDm7x,competent,medium,group,"Minister Indileni Daniel (left, in red-floral dress) and Police Inspector General Joseph Shikongo (right, in full-dress uniform with medals and sash) shaking hands — both are named officials central to the caption's content",,"warm amber-red tones from the Namib desert mural backdrop, contrasting with the Inspector General's blue-and-gold dress uniform; overall vivid but indoor",none,False,"The caption describes a bilateral meeting; the handshake photo is the conventional and appropriate document of that event. No specific showable claim (a statistic, a map, a before/after) is omitted."
event coverage report,high,inform,none,anecdote,illustrative,adds-info,peers/researchers|policymakers|supporters,informational,,institutional-formal,"Post functions as a live conference dispatch — documenting an official's day-one summary rather than advocating for any position. No wildlife, no conservation imagery; entirely a governance/institutional communication artifact. The image adds authenticity (real person, real microphone) but loses context by cropping out the conference setting entirely.",DWUhj7VjtYE,competent,medium,one-person,named official (Deputy Executive Director Colgar Sikopo) being interviewed/filmed as the post's primary subject,,"warm-neutral, outdoor ambient light, muted blues and greys",none,True,"Caption references a two-day National CBNRM Conference with multiple speakers, traditional leaders, and regional stakeholders — a showable group scene or conference hall context — but the image shows only a single person holding a microphone outdoors, stripping all visual evidence of the conference scale and multi-stakeholder character the caption asserts."
event coverage report,high,inform,"Story in full, available here: www.eif.org.na",explainer/list,illustrative,adds-info,peers/researchers|policymakers|donors,informational,,institutional-formal,"Post is a summit recap, not a conservation or wildlife communication. Its function is institutional event reporting aimed at policy and finance audiences. The image credibly places a named official at the event but does nothing to visualise the energy-access data that anchors the caption's argument. No species, no nature content; this falls in the policy/energy-transition domain rather than Namibian wildlife conservation.",DXM5JzSjdGk,professional,high,one-person,"Hon. Indileni Daniel, Namibian minister, shown speaking at a podium flanked by the Namibian and African Union flags — establishes institutional authority",,"dark, formal — navy curtain background, muted tones with flag colour accents; conveys gravitas",none,True,"The caption cites a stark statistic (100 million people without electricity, US$83 billion financing gap) that is concrete and showable as a graphic or data card; the image shows only a speaker at a podium and conveys none of this numerical weight."
staff congratulation announcement,high,celebrate,none,milestone,illustrative,repeats,general-public,social-normative,,institutional-formal,"This is an internal institutional congratulations post from a Namibian conservation or environment ministry office, celebrating a senior official's personal academic achievement. It has no conservation content, no species, no call to action, and no persuasion frame. The photograph appears to be a candid event snap contributed by a third party, consistent with the caption note 'Photographs contributed'. The post functions as an inward-facing staff recognition announcement shared publicly.",DXMfT__iL4g,competent,low,group,"The subject (likely the Deputy Minister) is shown centre-right in graduation gown and cap, smiling; two other graduands are visible in the background. No organisation staff or minister is identifiable.",,"warm gold and red curtain backdrop, black academic robes with red trim, bright overhead lighting — celebratory but unpolished",minimal,False,Caption describes a graduation event and the image shows exactly that — a UNAM graduation ceremony with people in academic regalia. No specific showable claim is left unillustrated.
capacity showcase,high,inform,none,showcase,illustrative,adds-info,"general-public, supporters","informational, identity",,warm-personal,"Classic 'Did you know?' organisational-capability format. The rhetorical function is to reframe conservation as operationally complex and self-sufficient — the surprising hook being that a conservation tech team services aircraft, not just field equipment. No wildlife present; this is entirely infrastructure-oriented. The mural fragment ('for sustainable deserts') and tree paintings visible in the background passively reinforce the organisation's identity without caption support. The aircraft registration (G-SMLI) and a partial URL ('www.rvc.ac.u…') suggest a Royal Veterinary College (UK) partnership or loan — a detail the caption omits entirely, which is a minor informational gap but not a visual opportunity missed under the schema's strict criterion.",DQomPRvDhb2,competent,medium,one-person,Staff technician shown as the active subject performing maintenance on the aircraft; their labour is the entire point of the post,,"Bright Namibian daylight — deep blue sky, warm sand, blue overalls, red-and-white aircraft; clean and open",none,False,The caption's specific claim — that the tech team maintains airplanes — is directly and fully illustrated by the image; no showable claim is left unaddressed.
service disruption notice,high,announce,kindly contact us via email at info@eif.org.na,none,text-carrier,repeats,"peers/researchers, donors, general-public",informational,,institutional-formal,"Posted by the Environmental Investment Fund of Namibia (EIF). The image is a branded graphic card that restates the caption's content almost verbatim, adding one piece of information the caption omits: the alternative contact email (info@eif.org.na). The caption itself provides no email redirect. The torn-paper design aesthetic and EIF logo maintain brand identity. No conservation content; purely an internal service communication pushed through Instagram as a stakeholder notice channel.",DUaaK2PjUEr,competent,medium,none,none,,"olive-green on off-white; calm, on-brand, slightly bureaucratic",text-dominant,False,"The post is an operational notice with no showable claim about nature, wildlife, or place; a photographic image would be inappropriate here."
release milestone narrative,high,narrate,none,anecdote,illustrative,adds-info,general-public|supporters|donors,emotional|identity,caracal,warm-personal,"Classic orphan-rescue-to-release arc told as a named-individual story ('Cleo'), a well-established genre in wildlife NGO communication. The IV drip bag visible in one staff member's hand confirms this is a sedation/veterinary scene, likely the collaring step rather than the release itself. The caption's emotional resolution ('Run free, Cleo') is stronger than what the image delivers. No explicit CTA; the www.harnas.org link is informational/credit, not a fundraising ask. The Naankuse mantra ('Returning the wild to the wild') doubles as an identity statement for the organisation.",DUdtwy-jdBl,competent,medium,group,wildlife care staff posing with sedated caracal during GPS collar procedure,caracal,"warm, sun-drenched savanna greens and sandy tones; cheerful and optimistic",none,True,"Caption climaxes with Cleo stepping back into the wild on 29 January 2026, but the image shows her sedated/anaesthetised during collar-fitting — a veterinary procedure shot, not a release moment. A release or post-release photo would have matched the emotional peak of the story; instead the image inadvertently shows Cleo immobilised, which undercuts the 'run free' message."
seasonal greeting,high,commemorate,none,none,text-carrier,repeats,general-public,emotional|aesthetic,cheetah,warm-personal,"A Valentine's Day greeting post in which a cheetah eating from a bowl surrounded by a ring of yellow flowers serves as the visual hook. The scripted 'Happy Valentines Day' overlay duplicates the caption. The staging (flowers arranged around the feeding bowl) is a deliberate, playful setup to tie the animal to the holiday theme. No conservation message or CTA is present; the function is purely celebratory/relational audience maintenance.",DUwbUUNj_NO,competent,medium,none,absent,cheetah,earthy warm tones with bright yellow flowers against arid ground,minimal,False,The post's sole purpose is a calendar greeting; no specific claim is made that the image fails to illustrate.
wildlife rescue narrative,high,narrate,none,anecdote,illustrative,unrelated,"general-public, supporters, tourists","emotional, identity",rock hyrax,warm-personal,"The post is a feel-good rescue-to-release anecdote typical of sanctuary accounts. Its emotional appeal rests entirely on the caption; the image adds no narrative value. The two women in Naankuse uniforms beside a branded pickup truck could accompany virtually any post from this account. The Naankuse vehicle in the background creates an accidental visual rhyme with 'car engine' in the opening line, but this is coincidental and uninformative. Production of the image itself is competent (sharp focus, good exposure) but the editorial choice to use it here is a substantial missed opportunity given how photogenic hyraxes are and how central the animals are to the story being told.",DVWk_muDRUJ,professional,medium,group,"Naankuse staff members in branded uniforms, shown in mid-conversation — represent the care team referenced in the caption but are not identified or doing anything rescue-related",,"warm earthy — sandy beige, khaki, strong midday sun",none,True,"The caption narrates a specific, visually rich rescue arc — baby hyraxes discovered in a car engine, cared for at the sanctuary, released onto rocky canyon terrain — yet the image shows none of this. No hyraxes appear anywhere in the frame. The caption makes concrete showable claims (engine discovery, fluffy juveniles, rocky release site) that the image completely ignores, substituting two staff members talking beside a truck."
wildlife character showcase,high,inform,none,showcase,illustrative,repeats,tourists|general-public,emotional|aesthetic,rock hyrax; dassie,warm-personal,"Extreme close-up macro shot of a single rock hyrax (dassie) face dominates the frame; rocky surface faintly visible in background bokeh. Image is engaging but tightly cropped and slightly soft-focus — likely a frame pull from video. The caption does the informational heavy-lifting (adaptation facts, behavioural cues), while the image functions mainly as an affective hook. Post reads as lodge content marketing aimed at nature-curious tourists, using the dassie as a charming 'small five' type feature rather than making any conservation argument.",DW9CcE-D6SX,competent,medium,none,n/a,rock hyrax,"warm brown-grey, shallow depth of field, soft-focus background suggesting proximity and intimacy",none,True,"Caption describes group behaviours — darting into crevices, basking, nibbling, stretching, keeping lookout — none of which are visible. A single extreme close-up of one dassie's face at an indeterminate location illustrates the animal's existence but not the cliff-habitat specialisation or social behaviours the text foregrounds."
periodic stats report,high,inform,none,explainer/list,text-carrier,repeats,general-public|supporters,informational,Cape fur seal,institutional-formal,Split-panel infographic layout: left half shows a close-up photo of a Cape fur seal pup on sand; right half carries the stats panel ('STATS / AS OF 31 MAR 2026 / TOTAL SEALS RESCUED 24') with Ocean Conservation Namibia branding and ocnamibia.org URL. The image replicates the caption's headline number but omits the location breakdown and entanglement-type detail that appear only in the caption. No call to action is present; the post functions purely as a monthly operational transparency update.,DWk1d0DDHm-,competent,medium,none,none visible,Cape fur seal,"sky-blue and grey; clean, report-style palette",text-dominant,False,The caption lists counts and entanglement types rather than making a showable visual claim; the graphic already surfaces the key number (24). A breakdown chart per location or entanglement type would add value but is not a missed opportunity given the caption's scope.
operational readiness update,high,announce,none,milestone,illustrative,adds-info,"supporters, general-public","informational, identity",,warm-personal,Organisation logo watermark visible top-left (blue circular bird/wildlife emblem). A second person is partially cropped in at lower-left but not identifiable. No wildlife or conservation subjects appear in frame. The post functions as a low-effort internal momentum signal ('we're equipped and about to go') aimed at engaged followers rather than a substantive information post. Nets most likely mist-nets or mistnets for bird-ringing/banding fieldwork given the apparent wildlife-research mandate of the account.,DXg3UF6CdnC,amateur,low,one-person,staff or researcher presenting equipment to camera in an informal behind-the-scenes moment,,"muted neutral — grey concrete, dark jacket, pale sky; no vivid wildlife colour",minimal,True,"Caption makes a specific, showable claim — the new nets themselves — but the frame is a candid, slightly blurry portrait of a staff member holding a small bundle of netting at his side. A clear shot of the nets laid out or being rigged would have substantiated the 'ready for action' claim far more directly."
behind-the-scenes rescue update,high,inform,Visit cheetah.org,anecdote,illustrative,adds-info,general-public|supporters|donors,emotional|informational,cheetah,warm-personal,"Image appears to be a still from a vertical phone video (low-angle, slightly blurry), shot indoors in what looks like a domestic or clinic-style care room. Two cheetah cubs are visible but partially obscured by a large white stuffed toy/plush, making individual identification difficult. The scene conveys care and enrichment (toys, blanket) rather than the enforcement/rescue context the caption foregrounds. No on-image text, branding, or facility signage present.",DXpWrXrDEJt,competent,medium,none,none visible,cheetah,"warm neutral — grey floor, muted browns and beige fur, pops of primary-colour toys (red, yellow)",none,True,"The caption specifies two recently confiscated cheetah cubs as 'most recent arrivals' and names the collaborative enforcement effort; the image shows the cubs from a distance on the floor amid toys and blankets but does not clearly show two distinct individuals, their condition, or any contextual CRCC signage/setting that would ground the specific rescue claim visually."
audience engagement quiz,high,invite,Drop your answer in the comment section.,none,text-carrier,repeats,general-public|supporters,social-normative|informational,Cape fur seal,playful,"Classic engagement-bait format (multiple-choice quiz graphic) designed to drive comments. The Ocean Conservation Namibia logo is visible top-right. The four answer options (30–45, 45–55, 55–65, 65–75) imply a high monthly rescue volume, which functions as an implicit impact signal even before the answer is revealed. No seals appear in the frame; the inset photo is decorative/contextual rather than evidential.",DXvye8QFSV3,competent,medium,group,"Conservation fieldworkers/observers on a beach, used as contextual backdrop rather than focal subject",,"bright blue gradient, upbeat and energetic",text-dominant,True,"Caption and graphic ask about entangled seal rescues — a concrete, showable subject — but the inset photo shows three people with binoculars on a beach with no seals visible and no rescue activity depicted; a photo of an actual entangled seal or a rescue in progress would substantiate the claim and raise stakes."
educational species spotlight,high,inform,none,explainer/list,text-carrier,adds-info,"general-public, youth, local-community",informational,Zambezi Teak; Baikiaea plurijuga,institutional-formal,"Part of a recurring 'Plant of the Month' series by namyouthchamber. The caption is a minimal hook; the infographic carries all substantive content across six labelled panels (Scientific Facts, Did You Know, A.K.A., Threats, Range) plus an embedded tree photo. IUCN Near Threatened status is noted under Threats but not foregrounded. The post functions as nature education, not advocacy or persuasion.",DQ87jsuDEw5,competent,medium,none,none,Zambezi Teak (Baikiaea plurijuga),"warm earth tones — ochre, terracotta, cream, olive green",text-dominant,False,"The infographic embeds a photograph of the actual tree and organises scientific facts, range, threats, and common names into labelled panels — the image actively delivers the informational content the caption promises."
method explainer,high,inform,none,explainer/list,decorative,unrelated,peers/researchers,informational,,institutional-formal,"This is a reel frame (subtitle word 'will' visible bottom-left), almost certainly extracted from a video about field methods. The thumbnail/cover image of a close-up aardwolf pup is visually arresting but functionally unrelated to the EpiCollect explainer caption. The caption itself is a straightforward technical explainer aimed at research peers, describing a mobile data-collection platform with no persuasive frame, no conservation appeal, and no call to action. The species in the image appears to be an aardwolf juvenile based on striped grey coat and large ears; it is not mentioned anywhere in the caption.",DSFsknpDGEy,professional,medium,none,not present,aardwolf,"muted earth tones, dim natural light, warm bokeh background",minimal,True,"The caption makes specific, showable claims about EpiCollect's interface—GPS mapping, smartphone data entry, web dashboard, field ecology workflow—none of which appear in the image. A screenshot of the app, a map output, or a researcher using a phone in the field would directly illustrate the method described. Instead the image shows a close-up of a wild canid, which has no visible connection to data collection tools or methodology."
memorial tribute post,high,commemorate,none,anecdote,illustrative,adds-info,"peers/researchers,supporters","emotional,identity",gemsbok; baboon,warm-personal,"This is an obituary/memorial post for a long-standing Gobabeb associate. The cockpit selfie is clearly a personal photograph rather than an organisational production asset, which is appropriate for the genre and reinforces authenticity. No wildlife are visible in the image despite gemsbok and baboons being mentioned in the caption. The caption's closing metaphor ('taken his final flight… presence circles above us still') deliberately echoes the image's aviation context, creating coherence between text and photo. No persuasive or advocacy frame is present.",DSMVuCOCTl_,amateur,low,one-person,"the deceased — Conrad Nad Brain — photographed informally in the cockpit of a light aircraft, wearing a flight headset and sunglasses; functions as a personal portrait memorialising his pilot identity",,"muted warm tones, grey interior, natural daylight — intimate and unpolished",none,False,The caption does not make a specific showable claim that demands a different image; the personal cockpit selfie authentically reinforces the pilot identity central to the tribute.
event documentation,high,announce,none,showcase,text-carrier,adds-info,peers/researchers,identity,,institutional-formal,"Caption is a single truncated org-name line ('The National Botanical Research Institute') with no descriptive text — all substantive content is carried by the overlaid green script reading 'Specify Database Training Workshop'. Specify is open-source biodiversity collections-management software, placing this firmly in a capacity-building / professional-development context aimed at natural history collections staff and researchers. Approximately 20–25 people pictured. No wildlife or species content anywhere in the post.",DSRfVglE9R7,competent,medium,crowd,Workshop participants and facilitators posing for a group photo after or during the Specify Database Training Workshop,,"warm bright daylight, varied colourful casual clothing against sandstone-toned building",moderate,False,The caption is a bare org-name tag with no specific showable claim; the image itself supplies the missing context via on-image text. No informational gap the image should have filled.
wildlife behaviour explainer,high,inform,none,explainer/list,illustrative,repeats,"general-public, tourists","informational, emotional",lion,warm-personal,"The post functions as a nature-education micro-explainer on lion courtship ethology, with a light anthropomorphic framing around female agency ('she's not interested'). The one notable detail visible in the image is that the lion's left eye appears clouded or damaged, which is not acknowledged in the caption. Only one lion is shown despite the caption centering a dyadic male-female interaction; the image therefore illustrates the species but not the behaviour.",DScAMoqDGfB,competent,medium,none,none,lion (male),"muted cool grey-beige; dry bush background, desaturated and natural",none,True,"The caption describes specific, showable courtship behaviours — a male following a female, physical contact, a female snapping or swatting — but the image is a solo frontal portrait of a male lion. None of the claimed interactions are visible, making the image a missed opportunity to substantiate the behaviour described."
team member introduction,high,announce,none,none,illustrative,adds-info,general-public|peers/researchers,informational|identity,,warm-personal,"The image adds meaningful context beyond the caption: it shows Hannah engaged with scientific field equipment (a SOLYS 2 sun tracker), which signals the technical/research character of the internship more effectively than a posed headshot would. No wildlife species appear in either caption or image. The post functions purely as an internal team announcement / welcome post with no persuasive or fundraising intent.",DUYS-aeDTbR,competent,medium,one-person,"Hannah is shown in a working context, operating a SOLYS 2 sun tracker instrument in a desert field setting, positioning her as an active researcher rather than a posed portrait subject",,"muted desert tones — sandy beige, overcast grey sky, white instrument; casual and documentary in feel",none,False,"The caption makes no specific showable claim (no numbers, species, before/after) that the image ignores; it introduces a person and the image shows that person actively working on field equipment."
research instrument explainer,high,inform,none,explainer/list,illustrative,adds-info,"general-public, peers/researchers",informational,,institutional-formal,"A Campbell-Stokes sunshine recorder occupies the foreground in deliberate close focus, with the Gobabeb Research Station compound (water tower, weather mast, low buildings, dunes) visible in the softened background. The composition is intentional and effective at placing the instrument in its operational desert context. No wildlife, no people, no call to action. The post functions purely as science communication — naming an instrument, its location, and its research purpose. The caption could have added one concrete detail (e.g. how many years of records exist at Gobabeb) to make the claim more tangible, but that is an enrichment opportunity rather than a missed visual opportunity per the schema definition.",DUz7IcljPlu,competent,medium,none,n/a,,warm sandy desert tones with clear blue sky; muted earth palette,none,False,"The caption makes no specific showable claim (no number, no before/after) that the image ignores. The image directly depicts the described instrument in its field context."
awareness day commemoration,high,commemorate,Let's stand together to protect Namibia's pangolins,explainer/list,illustrative,repeats,"general-public,supporters","emotional,identity",pangolin,institutional-formal,"Classic multi-org awareness-day graphic: a high-quality wildlife photo overlaid with the event name and date, topped by a row of six partner logos (NACSO, Community Conservation Namibia, WWF, IRDNC, Community Leaders Network, TOSCO). The image adds genuine illustrative value — a close, sharp side-profile of a pangolin in natural habitat — but carries no information beyond what the caption states. The collective branding signals coordinated sector-wide participation rather than a single organisation's campaign. The caption's persuasive close ('protect our future') is aspirational boilerplate typical of awareness-day posts and does not constitute a concrete fundraising or action CTA.",DVAe29YCKEl,professional,medium,none,n/a,pangolin,"warm earth tones — ochre sand, muted brown scales against a blurred arid background",moderate,False,"The caption makes no specific showable claim (no numbers, maps, or before/after) that the image could have illustrated; the pangolin photo directly fulfils the post's commemorative purpose."
research milestone narrative,high,narrate,none,anecdote,illustrative,adds-info,general-public|supporters|peers/researchers,emotional|informational,pangolin,warm-personal,"The post functions as a longitudinal research story update — it narrates a named individual's disappearance and rediscovery, framing equipment failure and data gaps as normal fieldwork challenges before celebrating the outcome. The IMPORTANT NOTICE paragraph shifts register abruptly to institutional-formal, adding a trafficking-threat context and welfare assurance that reads as a precautionary statement for donors or oversight audiences rather than the general follower. The image is a close-up field photograph, shot at ground level, clearly taken at the moment of re-sighting (no studio or overlay treatment). The pup is visibly smaller and lighter in colour on top of the curled adult, which directly illustrates the '425g pup on her back' detail. No on-image text, no call to action; the post is self-contained narrative content.",DW6x4dRjNxf,competent,medium,none,absent,pangolin; pangolin pup,"warm earthy browns and dry savanna golds; muted, naturalistic",none,False,"The caption's central visual claim — a pup riding on its mother's back — is precisely what the image delivers. The mother is curled defensively into a ball with the tiny pup draped across her scales, confirming both the re-sighting and the offspring detail. No showable claim is left unillustrated."
recurring educational feature,high,inform,none,explainer/list,text-carrier,adds-info,youth|general-public,informational,Acanthosicyos horridus,institutional-formal,"'Plant of the Month' is a recurring series installment by namyouthchamber. The post's communicative work is entirely in the infographic; the caption functions as a mere title card. The graphic covers scientific name, common names in three languages (!Nara melon / Botterpitte / Omungaraha), ecological facts, threats (climate change, groundwater loss, habitat disturbance), and range (Namib Desert / Kuiseb River Delta). No persuasion frame, no ask. The embedded photograph of the spiny melons is small but functionally illustrative within the designed layout.",DWD7q9hijMg,screenshot-graphic,medium,none,,!Nara plant (Acanthosicyos horridus),"warm earth tones — terracotta orange, olive green, cream",text-dominant,False,"The infographic itself shows the plant via an embedded photograph and covers the key claims (range, threats, biology) — no showable claim is left unillustrated."
fieldwork science communication,high,inform,none,explainer/list,illustrative,adds-info,general-public|peers/researchers,informational|emotional,arthropods; insects; scorpion,institutional-formal,"Overhead shot of a petri dish containing pitfall-trap specimens laid on white paper towel — a standard lab sorting setup. The image is a candid, unposed documentation photo rather than a curated nature shot, which suits the scientific transparency framing of the caption. The caption carries the full explanatory weight (ecosystem services, JRS Biodiversity project credit, methodology), while the image provides concrete visual proof-of-fieldwork. No CTA; the post functions as institutional science communication showing behind-the-scenes museum/research work to a general and peer audience.",DWGywKJiuW1,competent,medium,none,no people visible,"scorpion (amber/yellow, likely Parabuthus sp.); scorpion fragment (partial); camel cricket or orthopteran (pale); darkling beetle (Tenebrionidae, large black)","neutral/clinical — white paper towel background, transparent petri dish, amber and black specimen colours",none,False,"The caption describes pitfall-trap specimen collection and sorting; the image shows actual collected specimens (scorpions, a beetle) in a petri dish, directly illustrating the sorting process described. No specific showable claim is left unillustrated."
case-update narrative,high,inform,none,anecdote,illustrative,repeats,"supporters, general-public","emotional, informational",white rhino,warm-personal,"The post functions as a serialised welfare update on a named individual animal — a format that builds ongoing audience investment ('Bull's Eye' as a recurring character). The caption is rich with clinical detail (proud flesh, Dr Redecker, three examinations, fragment migration) which lends credibility and positions AfriCat as a hands-on, science-informed operator rather than a passive wildlife manager. The image is technically excellent — sharp focus on texture and horn — but is almost certainly a stock or archive portrait of the animal rather than a current recovery shot, since none of the eye pathology described is visible. This is the key missed opportunity: the narrative promises evidence of healing but the image delivers a generic species portrait.",DQuKrLZDCfh,professional,high,none,none,white rhino,"warm earth tones — dry grass ochre, grey-brown hide, soft bokeh bush background; natural and grounded",none,True,"The caption's central claim is visible recovery — reduced swelling and a largely closed wound around the eye — but the image shows the rhino's healthy-looking face from a clean angle with no apparent injury visible. A close-up of the healing eye area, or a before/after pair, would have directly evidenced the medical progress described."
wildlife beauty share,high,inform,none,showcase,illustrative,adds-info,"general-public, tourists","aesthetic, emotional",,warm-personal,"No species is named in the caption or identifiable with confidence in the image — the animal appears as a semi-silhouetted quadruped in the mid-ground, consistent with a cheetah or large felid but unverifiable. Image credited to @conservation.diaries, indicating a repost or collaboration. The post makes no conservation ask and advances no argument; it functions as ambient brand-building through aspirational wilderness photography with a light nature-fact wrapper.",DR9lkQmjMsq,professional,high,none,none,"unidentified large quadruped (probable big cat, indistinct due to backlighting)","deep amber-orange golden hour, silhouetted acacia scrub, warm dust haze",none,False,"The image enacts the camouflage claim directly: the animal is nearly invisible against the backlit sunset, visually proving the caption's 'look twice' point. No specific showable fact is ignored."
data dissemination infographic,high,inform,"For interested readers, the 'Annual Namibia Wildlife Protection and Law Enforcement Report' can be found on our website. 🔗link in bio.",explainer/list,data-viz,adds-info,"peers/researchers, policymakers, supporters, general-public",informational,rhino; elephant; pangolin,institutional-formal,"This is a recurring monthly statistics release, not a persuasion or awareness post in the emotional sense. The image is itself the primary content: a designed infographic combining a pie chart (arrests by species), an isotype figure (11 total arrests), a choropleth-style map (5 regions with registered cases), a bar chart (annual rhino arrests 2018–2025), and headline KPIs (2 vehicles seized, 2 firearms seized, 1 case finalised, 100% conviction rate). No wildlife photography is used or needed. The caption contextualises the data source (BRTT/National Wildlife Crime Database) and credits institutional partners. Species named in the caption (pangolin implied via @C0921) do not appear in the infographic visuals; rhino and elephant are the only species quantified in the pie chart. The post functions as a transparency/accountability report from NNF's combatting wildlife crime programme.",DSAAY7CCL0h,professional,high,none,none,,"dark navy and teal with gold/amber accent — authoritative, data-dashboard aesthetic",text-dominant,False,"The image is a purpose-built infographic that directly visualises the quantitative claims in the caption (arrests, seizures, species breakdown, regional map, annual trend chart). No showable claim is left unillustrated."
staff conservation showcase,high,narrate,none,anecdote,illustrative,adds-info,tourists|supporters,emotional|identity,black rhino; white rhino,warm-personal,"Post functions as a human-interest vignette that personalises Ongava's conservation identity through a named staff member. The zero-poaching claim is the implicit differentiator being promoted to a tourist/supporter audience, but it is never made into an explicit ask. No rhino is visible despite the caption's rhino focus — the image delivers character/place rather than species evidence.",DSo4McVCYZ-,competent,medium,one-person,Guide Nico is the named subject; his Ongava-branded jacket signals institutional affiliation and gives the conservation story a human face,,"warm earth tones (dry golden grass, khaki uniform) against a clear blue sky — an open, authentic bush feel",none,True,"The caption centres on rhino — both black and white — as symbols of Ongava's zero-poaching record, yet no rhino appears in the image. A rhino shot (alone or with Nico) would have made the claim concrete and visually compelling."
programme showcase,high,inform,none,showcase,illustrative,repeats,"donors,supporters,general-public","emotional,identity",rhino,warm-personal,"The post functions as an organisational self-presentation piece — SRT asserting its community-development mandate. The image humanises the organisation by showing local community members, but it is a casual snapshot with no production value and no wildlife or fieldwork context. No rhinos or conservation artefacts are visible, so the image only loosely corroborates the caption. No explicit ask is made of the audience.",DTHxtDGDjph,amateur,low,crowd,community members and apparent programme participants posed informally for a group photo; one person wears what appears to be a field-staff uniform,,"warm, casual, colourful clothing against a sandy-pink brick wall; bright daylight",none,True,"Caption names specific roles (rhino rangers, game guards, custodians) and activities (data monitoring, awareness programmes) but the image is a generic group photo outside a brick building with no visual cues linking it to rhino conservation or fieldwork — a ranger in uniform or a data-collection scene would have grounded the claims."
mission showcase,high,inform,none,showcase,illustrative,repeats,tourists|supporters|general-public,emotional|identity,rhino,warm-personal,"Post functions as an organisational identity statement rather than a call to action: it foregrounds Harnas's rehabilitation legacy (45 years) through an emotionally resonant image of two rhinos moving together. The adult-and-juvenile pairing visually reinforces the 'second chance' narrative without requiring explicit persuasion. No ask is made. The image independently confirms the caption's subject count and conveys wildness and freedom, aligning with a release-programme narrative.",DTw-cDsjg1M,professional,high,none,none,white rhino,"warm golden-hour, earthy browns and muted greens",none,False,"The caption claims two rhinos on a rehabilitation journey and the image delivers exactly that — two white rhinos walking together in open savanna. The '45 years' longevity claim is abstract and not visualisable, so no missed opportunity arises."
rescue animal showcase,high,narrate,none,anecdote,text-carrier,adds-info,"general-public, supporters","emotional, identity",cheetah,warm-personal,"The image is a video-still reel frame of a three-legged cheetah named Lucky eating from a steel bowl on red Kalahari sand; the on-image caption text identifies the individual by name and disability. The posted caption ('So the big ones can stay strong and healthy!') functions as a punch-line or explanatory tail to an implied preceding context (likely supplemental feeding or a rescue programme), evoking an affectionate, pride-in-care tone rather than any persuasive or fundraising ask. The post introduces a named, disabled animal — a classic individual-story hook — which builds parasocial attachment without an explicit CTA.",DUgMnW8jL3b,competent,medium,none,n/a,cheetah,"warm earth tones — red sand, green grass, golden coat",minimal,False,Caption makes no specific quantitative or locational claim that the image ignores; the on-image text names the individual and the image shows the feeding behaviour directly
partner thank-you announcement,high,thank,none,milestone,symbolic,repeats,donors|supporters|general-public,social-normative|identity,rhino,warm-personal,"Post functions as a public gratitude signal directed at corporate partners (Tusk, Jaguar Land Rover) and visible to followers as social-normative proof of institutional support. No rhinos or fieldwork appear in the image; the visual adds no information beyond confirming the brand. The tilted low-angle framing of a dealership sign reads as a snapshot taken on arrival rather than a composed handover photo, substantially undercutting the celebratory intent of the caption.",DXY1VUcAHbh,amateur,low,none,absent,,"cool blue, flat — backlit corporate signage against pale sky",minimal,True,"Caption announces a Defender vehicle handover — a concrete, showable object — but the image shows only the Land Rover dealership signage shot from an awkward low angle. Neither the donated vehicle nor any Save the Rhino Trust staff/rangers appear, missing a natural opportunity to show the actual handover moment, the Defender, or fieldwork context that would make the partnership tangible."
fun-fact edutainment,high,inform,none,explainer/list,illustrative,adds-info,general-public,informational|emotional,giraffe,playful,"Classic TGIF-hook edutainment format: a pun-based day-of-week greeting anchors a single wildlife behaviour fact. The image is a video still (credited to @frederikeotten) that genuinely illustrates the described behaviour — two giraffes in close physical contact with dust kicked up, consistent with an active necking exchange. No conservation ask or persuasion frame is present; the communicative goal is engagement through curiosity and entertainment. The slightly soft focus and lack of perfect framing place it in competent rather than professional territory, but the action captured is strong editorial content.",DR5IqOsiJb_,competent,medium,none,none,giraffe,"warm ochre/dusty savanna tones, overcast light, dry-season palette",none,False,The caption describes necking behaviour and the image directly captures two male giraffes mid-necking bout in the wild — the behaviour named in the text is visually confirmed
seasonal greeting card,high,celebrate,none,none,text-carrier,repeats,"supporters, general-public","emotional, identity",giraffe,warm-personal,"Composite graphic: a high-quality wildlife photo (two Masai/reticulated giraffes on open grassland, oxpeckers visible on the foreground animal's back) overlaid with watercolour Christmas foliage borders and hand-lettered 'Happy Holidays from the team at GCF' text in brand orange. The image functions primarily as a branded seasonal card; no conservation information is conveyed. The caption mirrors the image exactly — gratitude to supporters, festive wishes, photographer credit — adding no new factual content. The post's sole communicative purpose is relational maintenance with the existing follower base at the end of the year.",DSsoe4NDfql,professional,high,none,none,giraffe; oxpecker,warm amber savanna with festive green and red overlay graphics; GCF brand orange for typography,moderate,False,"Caption makes no specific showable claim (no numbers, place names, before/after); the festive-giraffe image fully serves the greeting function."
aesthetic mood post,high,celebrate,none,none,illustrative,adds-info,"tourists, general-public, supporters","aesthetic, emotional",Masai giraffe,playful,"Classic TGIF ritual post built on a wordplay hook ('Thank Giraffe It's Friday'). Communicative function is lifestyle-brand promotion through aspirational wildlife photography, not conservation advocacy or education. Image is credited to professional photographer @felixrome_ for @governorscampcollection, a Kenyan luxury safari operator; the Masai giraffe subspecies and open savanna context confirm East Africa (likely Masai Mara), not Namibia — relevant if this post is in a Namibian org dataset. Two small birds (likely oxpeckers) are clearly visible in flight and on the giraffe's back but go unmentioned in the caption; this adds modest visual information the caption omits, hence 'adds-info', but is not a missed opportunity since the caption makes no claim about them. The soft 'pause, breathe, enjoy the view' line functions as mood reinforcement, not a behavioural ask, so CTA is coded none.",DSvNTG6DxNi,professional,high,none,none,"Masai giraffe; oxpecker / small unidentified birds (2, in flight and perched on giraffe)",warm golden-amber; rich orange-pink sunset sky dominates entire frame,none,False,"Caption makes no specific showable claim (no number, location, or before/after); the image delivers exactly the golden-hour mood described."
playful wildlife greeting,high,celebrate,none,none,illustrative,adds-info,"general-public, tourists","emotional, aesthetic, identity",giraffe,playful,"Classic TGIF engagement post repurposed as a wildlife pun. The image adds genuine value: the giraffe is submerged to its chest in a river, making 'long legs have their advantages' visually witty and unexpected. Credited to @naturalselectiontravel / Tawana Lodge, indicating repurposed UGC or partner content rather than own photography. No conservation messaging, no CTA — pure audience-warmth and algorithm-friendly Friday content.",DTlR_2oEp9y,professional,medium,none,none,giraffe,"muted, overcast greens and greys — natural, subdued",none,False,The caption makes a wordplay claim about 'long legs' and the image directly delivers a giraffe wading through water — visually reinforcing and extending the joke.
weekly engagement hook,high,celebrate,none,none,illustrative,repeats,"general-public, supporters, tourists","emotional, aesthetic",giraffe,playful,"Pure TGIF social-media convention repurposed via wildlife wordplay ('Thank Giraffe It's Friday'). No conservation information, no persuasion, no ask. Function is audience bonding around a shared end-of-week ritual. Image is a tightly framed, sharply focused profile portrait of a giraffe head — expressive eye dominant, shallow-focus blue sky background. It delivers the aesthetic hook the caption promises ('looking good, feeling free') but adds no factual content. Photo credited to two external accounts, indicating curated or UGC sourcing. Entirely harmless engagement-bait; representative of a genre common across wildlife/safari accounts that prioritises follower warmth over mission communication.",DUtYO6nDaS4,professional,high,none,none,giraffe,"soft pastel blue sky against warm cream-and-brown tones; clean, airy",none,False,"Caption makes no specific showable claim — the pun requires only a giraffe, which the image delivers at high quality."
internal culture showcase,high,celebrate,none,showcase,illustrative,adds-info,"general-public, supporters","emotional, identity",,warm-personal,"Post is entirely internal organisational culture content — a staff wellness/team-building event with no conservation or wildlife angle. The funky-socks framing and Sports Day fundraising link make this a lighthearted workplace morale post that happens to come from a Ministry account. No species, no conservation message, no call to action. The image confirms what the caption states and adds visual warmth through the crowd energy and colourful socks.",DWY0epAiNPH,competent,medium,crowd,"Ministry staff as subjects; posed group photo celebrating team-building activity, many prominently displaying colourful/patterned socks toward the camera",,"vibrant, warm — neon greens, reds, rainbow socks against a terracotta-orange building facade and bright overcast sky",none,False,Caption describes a group sock-showcase event; image delivers exactly that — a crowd of staff on steps displaying colourful socks. No unshown claim.
April Fools joke,high,other,none,other,illustrative,adds-info,"general-public, supporters","emotional, aesthetic",giraffe,playful,"The #AprilFools hashtag is the decisive interpretive key: the entire 'Savannah Sonatas' / 'Ultra-Ear' discovery framing is deliberate satire of wildlife science communication, not misinformation. Speech act is a mock-announcement parodying the 'new research finds…' genre. The image — five giraffes including at least three juveniles/calves, one adult bending toward a calf — adds genuine visual texture by showing the adult-offspring proximity that the joke caption riffs on. No CTA; engagement goal is purely social (shares, comments, brand warmth). Production quality is high: sharp focus, excellent depth of field, credited professional photographer (@felixrome_) on what appears to be a Masai Mara conservancy shoot, not a Namibian location — the account should be verified for geographic scope.",DWmZr1-Ewni,professional,high,none,none,giraffe,"warm golden-amber grass, pale blue sky — open savannah, soft natural light",none,False,The caption makes no genuine showable claim; the nocturnal singing detail is part of the joke and intentionally unillustrated. The image's adult-with-calves grouping sufficiently supports the comedic premise.
TV episode announcement,high,announce,none,none,decorative,unrelated,general-public,emotional|aesthetic,dog,promotional,"This is a broadcast TV episode promo for 'Groen: Namibië' (DStv kykNET), not an organic conservation communication piece. The image appears to be generic show artwork or a frame from an unrelated episode featuring a chameleon and a CGI scorpion — entirely disconnected from the anti-poaching K9 episode being announced. No dogs, no anti-poaching context, no Naankuse branding visible. The post's function is purely a viewing reminder with scheduling details (channel, date, time).",DV1elZ8D0VV,competent,medium,none,not present,chameleon; scorpion (CGI overlay),"vivid green, high-saturation, nature-fantasy feel",none,True,"Caption promotes an anti-poaching K9 unit episode — dogs, handlers, and bush tracking are all visually showable. The image instead shows a chameleon facing a digitally composited scorpion, which has no connection to the episode content (anti-poaching dogs). A still from the actual episode, a K9 dog in the field, or even the show's title card would have reinforced the episode's theme."
TV episode promotion,high,announce,Don't miss the roar. [implied: tune in Sunday 1 March 2026 at 20:30 on DStv kykNet Channel 144],showcase,decorative,contradicts,general-public,emotional|aesthetic,lion,promotional,"This is a broadcast TV programme promo (Groen: Namibië on kykNet) rather than an organic conservation message. The post's job is to drive viewership for Episode 7. The image appears to be generic or recycled show branding — possibly from a different episode focused on reptiles — and has no connection to the lion/Episode 7 subject. The naankuse.com URL links the organisation (N/a'an ku sê, which runs Rudie and Marlice van Dyk's wildlife work) but the post's primary function is media promotion, not conservation education.",DVRbbXIiHaN,competent,medium,none,none visible,chameleon; scorpion (digital composite/CGI),vivid green with golden neon overlay graphics — nature-meets-sci-fi feel,none,True,"The caption is entirely about lions ('a lion among lions', 'kings of the wild', 'iconic predators') but the image shows a chameleon and a digitally composited scorpion — no lion appears anywhere in the frame. This is a direct contradiction that undermines the announcement and squanders an obvious opportunity to show the advertised subject."
TV episode promotion,high,promote,"Don't miss this powerful episode showcasing the incredible story of these majestic lions. Only on DStv – kykNET (Channel 144), Sunday, 22 March, 8:30 PM",anecdote,unrelated,unrelated,general-public,emotional,lion,promotional,"Image appears to be stock or repurposed footage from an unrelated wildlife/nature documentary segment (possibly a different episode or show), overlaid with CGI and molecular-graph graphics. It bears no visual relationship to the lion rehabilitation story described in the caption. This is a significant image-caption mismatch: a viewer seeing only the image would have no idea the post is about lions or Naankuse. The post functions purely as a broadcast schedule announcement with emotional narrative framing in the copy to drive viewership.",DWHgK_VkmUt,competent,medium,none,none,chameleon; scorpion (CGI),"vivid green, high-saturation, digitally enhanced",minimal,True,"The caption narrates a specific, showable story about rescued lions rehabilitated from drought-stricken conflict zones and returned to the wild — a compelling, concrete subject. The image instead shows a chameleon facing a CGI scorpion with graphical overlays, which has no connection to lions, Naankuse Foundation, or the episode being promoted. A photo of lions in the wild, during rehabilitation, or even a show title-card would directly serve the promotion."
TV episode promotion,high,announce,"Don't miss the action! 📺 Sunday, 29 March ⏰ 20:30 📡 kykNET (DStv channel 144)",other,decorative,unrelated,general-public,emotional,cheetah,promotional,"This is a broadcast TV tune-in post for Episode 11 of 'Groen Namibië' on kykNET. The image appears to be generic show branding or a frame from a different episode rather than episode-specific content — the chameleon-plus-CGI-scorpion visual is thematically mismatched with the cheetah-release storyline described in the caption. No humans visible despite the caption naming two named presenters. The scorpion appears to be a CGI composite overlay, not a real filmed animal.",DWZose4CUA7,competent,medium,none,absent,chameleon; scorpion (CGI),vivid green with golden neon overlays — sci-fi / nature-documentary hybrid feel,none,True,"Caption centres on a cheetah release back into the wild — a visually dramatic, specific, showable event. The image shows a chameleon facing a CGI scorpion with sci-fi graphic overlays, which has no visible connection to the episode content (Rapid Response Unit, cheetah, Rudie and Marlice). A still or graphic from the actual cheetah-release footage would directly illustrate the claim and create far stronger incentive to watch."
TV episode promotion,high,announce,"Don't miss the wildest episode yet — Sunday, 5 April, 20:30, kykNET (DStv channel 144)",other,decorative,unrelated,general-public,emotional|aesthetic,brown hyena,playful,"This is a straightforward broadcast-TV tune-in post for the Afrikaans wildlife show 'Groen: Namibië' on kykNET. The playful caption uses humour ('humans questioning their life choices') to tease episode content. The image appears to be generic branded channel artwork (chameleon + CGI scorpion with glowing molecular graphic overlays) unrelated to the hyena storyline described. No conservation message, no donation ask, no scientific information — purely promotional scheduling content.",DWrjZUMCXX9,competent,medium,none,absent,chameleon; scorpion (CGI overlay),vivid green; high-saturation nature palette with golden graphic overlays suggesting a branded TV-show aesthetic,none,True,"The caption centres on a brown hyena and the human-wildlife 'cat and mouse' dynamic, but the image shows a chameleon facing a digitally composited scorpion — neither species is mentioned in the caption. A still or graphic featuring the hyena (or even Rudie/Marlice with wildlife) would directly illustrate the episode being promoted."
TV broadcast promotion,high,announce,"Do not miss this, in southern Africa on DSTV - Sunday 26 April 18:45 CAT. See the trailer here https://youtu.be/FoX0CNB8Us0?si=Y54bQse8-qcdB8Av",none,text-carrier,repeats,general-public,informational,lion,promotional,"This is a screenshot of a DSTV/National Geographic Wild programme listing, shared as-is. The communicative function is purely a broadcast announcement — alerting followers to an upcoming air date and time for 'Desert Lions: Surviving at Skeleton Coast'. No original content was produced; the image is a phone screenshot of a streaming-guide interface. A lion cub or adult is faintly visible in the background of the title card but is overwhelmed by overlaid text. The caption adds the YouTube trailer link as an additional action path.",DXfEn4XjoXB,screenshot-graphic,low,none,none visible; Dr. Philip Stander is named in on-image synopsis text but not shown,lion,dark/desaturated — black interface with muted dusty background still from the documentary,text-dominant,False,The post's sole purpose is airing-time information; the screenshot of the DSTV/NatGeo Wild listing is the appropriate and sufficient vehicle for that information.
programme teaser announcement,high,announce,none,none,symbolic,adds-info,general-public|supporters,aesthetic|identity,African elephant,warm-personal,"The post's primary function is to tease a new EHRA photographic series called 'EleFocus', not to persuade around a conservation issue. The rhetorical opening question ('What happens when you stop chasing the shot…') positions the programme around mindful wildlife photography practice rather than making a conservation argument. The image — a close-up of a desert-adapted elephant dust-bathing against rock — is independently strong: the dust spray, rim light, and visible tusk give it documentary intimacy that transcends mere illustration and reinforces the 'attentive observation' theme of the caption. No CTA is issued; followers are simply told 'more soon', making this a brand/programme launch tease.",DSkb8crjN7Y,professional,high,none,none visible,African elephant,"warm earthy tones — ochre dust, dark basalt rock, rim-lit grey skin; intimate and textural",none,False,"Caption makes no specific showable claim (no number, location, or before/after); the image functions as an atmospheric visual identity statement for the named programme, which it serves well."
wildlife encounter showcase,high,narrate,none,anecdote,illustrative,adds-info,tourists|general-public,emotional|aesthetic,kudu,warm-personal,"Post functions as a light-touch lodge-atmosphere vignette: the manicured lawn, decorative bottle-tree installation, and rock garden in the background signal a tourist lodge setting, making this implicitly promotional for the property while foregrounding the charming wildlife encounter. The kudu is a female or juvenile (no horns). Image adds spatial context (lodge grounds) that the caption does not spell out. No conservation messaging, no data, no advocacy — purely ambient storytelling.",DQyN1z-jWP2,competent,medium,none,not applicable,"kudu (female/juvenile, no horns visible)","lush green, warm earthy tones, overcast natural light",none,False,"The caption makes no specific showable claim beyond 'kudu on the lawn'; the image delivers exactly that, close-up and in context."
lodge atmosphere showcase,high,promote,none,showcase,illustrative,repeats,tourists,aesthetic|emotional,impala,warm-personal,"The post functions primarily as a destination mood piece for Harnas Wildlife Foundation / lodge. The caption anthropomorphises the impala ('unhurried and free') to evoke tranquillity and implicitly market the guest experience rather than convey conservation information. The image is technically strong — golden-hour backlighting, clean subject separation, no on-image text — and confirms the species claim exactly. No informational content, no conservation message, no CTA. Closest genre analogue is a tourism lifestyle post.",DTINIX7jsOm,professional,high,none,n/a,impala,warm golden-hour amber and deep bush shadow — serene and saturated,none,False,Caption makes no specific showable claim beyond what the image delivers; the impala browsing in golden-hour bush light is exactly what is described.
lodge atmosphere promo,high,promote,none,showcase,illustrative,repeats,tourists,aesthetic|emotional,,warm-personal,"The image foregrounds the branded Ongava Game Reserve Land Cruiser door panel (rhino logo clearly legible) with a golden sunset behind it and a ranger's legs perched on top — a polished lifestyle/brand shot. No wildlife species appear in the frame despite the rhino logo on the vehicle. The caption is evocative prose about dusk in the bush ('golden hour', 'tracks', 'sounds') but makes no specific showable claim, so the absence of actual animals is an aesthetic choice rather than a missed opportunity. The post functions as aspirational lodge promotion: it sells the feeling of a game drive at sunset, not any conservation message or information.",DTrtFpEjvQr,professional,high,one-person,"anonymous guide/ranger seated on roof of game-drive vehicle, legs only visible — evokes the safari experience without centring a named individual",,warm golden-hour amber and deep olive/charcoal; moody sunset sky with purple-orange tones,minimal,False,Caption is purely atmospheric; no specific factual claim that demands a different image.
lodge rebrand announcement,high,announce,none,milestone,illustrative,adds-info,tourists,aesthetic|identity,,warm-personal,"A four-panel vertical composite (likely a Reel thumbnail or Story cover) announces the rebranding of Ongava Tented Camp as 'Encounter by Ongava'. Panels show: woodland canopy, a rattan armchair on a timber deck overlooking bush, a lantern-lit path through mopane scrub, and close-up of terminalia leaves with red fruit. No wildlife visible; the visual argument is purely atmosphere — slow, immersive, place-connected luxury. The copy leans into sensory language ('rhythm', 'natural pace') consistent with premium eco-lodge repositioning rather than conservation advocacy.",DU2k5TgCEm4,professional,high,none,no people present,,"muted earthy greens and terracottas, soft overcast light, calm and intimate",none,False,"The caption makes no specific showable claim (no numbers, no before/after); the woodland atmosphere it evokes is represented adequately by the landscape and vegetation imagery."
lodge experience promotion,high,promote,none,showcase,illustrative,adds-info,tourists,aesthetic|emotional|identity,,warm-personal,"Shot from inside a game-drive vehicle looking down at a guide inspecting tracks on a dirt road; sparse thornbush background. No wildlife visible. The image successfully conveys authentic, immersive guiding rather than glossy resort imagery, which aligns with the 'authenticity in details' caption theme, but the caption's breadth (walks, drives, sundowners, connection with nature) is narrower than what one image can carry alone.",DUQMkcKCKzR,competent,medium,one-person,"safari guide, shown in action pointing/tracking from road-level beside a game-drive vehicle — positions staff as expert naturalist",,"warm ochre and dusty beige; dry-season palette, hazy overcast sky; intimate and grounded",none,True,"Caption explicitly invokes walking safaris, game drives, and sundowners as distinct experiential pillars — the image shows only one guide pointing at a track from a vehicle window, which illustrates just one narrow slice. No wildlife, no sundowner scene, no walking-safari moment; the caption's multi-experience claim goes largely unshown."
seasonal tourism promotion,high,invite,come stay at Harnas Guest Farm to meet our wild friends,showcase,illustrative,adds-info,tourists,emotional|aesthetic,cheetah,warm-personal,"Classic Valentine's Day peg post repurposing existing wildlife photography. The two cheetahs photographed from behind reading into the bush work perfectly as a 'companionship' visual hook. No conservation message; the primary function is lodge bookings via an emotional/seasonal angle. No conservation data, statistics, or before/after claims that the image fails to show.",DUuxi5_DvLg,professional,high,none,none,cheetah,"warm golden savanna tones — sandy ochre foreground, pale straw grass, soft overcast sky",none,False,The caption's core claim — two animals side by side as a companionship metaphor — is directly and effectively shown by the two cheetahs resting together on the sand.
sanctuary atmosphere showcase,high,promote,none,showcase,illustrative,repeats,tourists|general-public,aesthetic|emotional,impala; wildebeest,warm-personal,"Classic destination-mood post for Harnas Wildlife Sanctuary. The caption is purely evocative ('open skies', 'gentle rhythm') with no conservation argument, statistic, or ask — function is ambient place-branding to sustain aspirational tourism interest. Image confirms both species and matches the wide-open-veld framing of the caption. The wildebeest in the foreground is actually a black wildebeest (Connochaetes gnou), distinguishable by its dark colouring and forward-curved horns, which is a slightly more specific identification than the caption provides. No CTA, no persuasion frame.",DWGNnrpDtYm,professional,medium,none,n/a,impala; wildebeest,"warm golden-hour savanna — amber grass, pale blue sky, muted greens",none,False,Caption makes no specific quantitative or locational claim that the image fails to show; both species named in the caption are visibly present in the frame.
lodge experience promotion,high,promote,none,showcase,illustrative,repeats,tourists,aesthetic|emotional,,warm-personal,"Post functions as aspirational lodge marketing, inviting tourists to imagine a sundowner experience at Harnas Wildlife Foundation's viewpoint. The image shows the physical infrastructure (elevated deck, rustic table and chairs, bush panorama) competently but at the wrong time of day; the golden-hour and wildlife elements that make the caption evocative are entirely absent from the frame. No explicit CTA is given — the imperative mood ('Stay… enjoy… watch') reads as a soft invitation rather than a direct action request (no link, no booking prompt).",DWN8CmPDmjg,professional,medium,none,absent,,"bright, arid midday — clear blue sky, sandy neutral tones, sparse green bush",none,True,"Caption promises wildlife gathering across the veld at sunset, but the image shows the viewpoint deck in full midday sun with no animals visible and no golden-hour light — the specific experiential claim (sundowner atmosphere, wildlife) goes entirely unshown."
lodge experience promotion,high,promote,"Step into culture, tradition, and the living history of the San community.",showcase,illustrative,adds-info,tourists,emotional|aesthetic|identity,,promotional,"Post functions as aspirational tourism marketing for Harnas lodge's cultural programme. The image is professionally shot and energetically composed, but it is essentially a performance documentation shot rather than a participation shot, creating a modest tension with the caption's emphasis on guest immersion. No wildlife or conservation content; this is purely a cultural-tourism promotion post.",DWTFsBgjvPD,professional,high,group,San community members performing traditional dance in animal-skin garments and beaded headbands; no guests or staff visible,,"warm earthy ochres and sandy tones, vivid blue sky, dappled acacia-green — bright and inviting",none,True,Caption's central claim is guest participation — 'link arms literally' and 'joining in on dance moves' — but the image shows only San performers with no guests visible. A shot of a guest dancing alongside community members would have directly evidenced the interactive promise being sold.
notable-visitor showcase,high,celebrate,none,anecdote,illustrative,adds-info,"supporters, general-public, peers/researchers","emotional, identity",,warm-personal,"A candid, low-production meet-and-greet snapshot taken inside a busy Gobabeb office. No conservation messaging, no wildlife, no CTA. The post functions as a relationship-building and community-celebration moment — name-dropping two recognisable figures in southern African exploration/science to signal institutional prestige and insider access. The cluttered background is uncontrolled and somewhat distracting but consistent with an authentic behind-the-scenes register. No species appear in the frame despite this being a desert-research station.",DUFkxsrAbe6,amateur,low,group,Two named individuals (Kingsley Holgate and Eugene Marais) are the sole subjects; posed informally in a cluttered office/lab workspace — the people ARE the content,,"warm ochre and khaki; natural daylight through blinds; busy, cluttered background drains visual focus",minimal,False,Caption makes no specific showable conservation claim — it is a personal encounter post and the image delivers exactly that: the two named individuals together at the Gobabeb site.
institutional agreement announcement,high,announce,none,milestone,illustrative,adds-info,peers/researchers|policymakers|general-public,informational|identity,,institutional-formal,"This is a diplomatic/institutional milestone post with no conservation or wildlife content. The image adds genuine documentary value by showing the actual signing moment rather than a stock photo. No species or conservation framing is present; the post sits in a water-governance / international-relations register. The GWPO backdrop logo is partially visible, lending institutional legitimacy. No call to action; the sole communicative purpose is to publicly mark and disseminate a governmental achievement.",DUneNtoiFmf,professional,high,group,"Officials (at least four) actively signing a formal agreement document at a ceremonial table; wearing formal attire with boutonnières, suggesting a high-protocol diplomatic event.",,"dark and formal — black table, dark suits, red accents (ties, folder trim, boutonnières) against a light branded backdrop with blue-green diamond logos",none,False,The caption announces a signing ceremony and the image shows exactly that — officials at a table signing documents. The visual directly corroborates the claim.
partnership experience showcase,high,narrate,none,anecdote,illustrative,adds-info,"peers/researchers, supporters, general-public","aesthetic, emotional",,warm-personal,"Post functions as a relationship-building story beat documenting a university partnership (Dartmouth College) visit to Gobabeb Research Station. No wildlife or species content; the image shows a buffet/dinner setup laid out on folding tables in the dunes at dusk, lit by lanterns — confirming the 'desert lanterns' metaphor in the caption. The romantic framing ('the Namib delivered its magic') positions Gobabeb as an experiential destination for researchers, subtly promoting the site without a hard CTA. One barely-visible silhouetted person at far right; otherwise no human subjects. No species in frame or caption.",DQt0XptgQN5,competent,medium,one-person,"incidental background presence, barely visible at right edge — the scene rather than the people is the subject",,deep twilight blues and purples contrasted with warm amber lantern glow and red accent lights; sandy foreground; atmospheric and moody,none,False,"The caption makes no specific showable claims (no counts, no before/after, no species sighting) — the atmosphere of a desert night camp is exactly what the image delivers"
weekend greeting post,high,celebrate,none,none,illustrative,repeats,general-public,emotional|aesthetic,giraffe,warm-personal,"Classic TGIF content-calendar filler post built around a wordplay pun ('Thank Giraffe It's Friday'). Primary function is community warmth and follower retention rather than conservation education or fundraising. The image — a sharp, well-composed portrait of a young giraffe in green grassland, credited to a guest photographer — is aesthetically strong but carries no informational content beyond species presence. No conservation message, data, or call to action is present. Photographer credit doubles as a soft community-engagement gesture.",DTTQcXSDwcQ,professional,high,none,none,giraffe (juvenile/calf),"warm amber-brown against lush green savanna, soft blue-grey sky bokeh — uplifting, gentle",none,False,"Caption makes no specific showable claim (no number, location, or before/after); the giraffe image directly enacts the pun and mood"
volunteer thank-you,high,thank,drop it in the comments,milestone,illustrative,adds-info,supporters,emotional|identity,elephant,warm-personal,"The image shows three people collaboratively building a dry-stone wall with a wheelbarrow of mortar in a desert setting — visually reinforcing the hands-on, physical nature of volunteering at EHRA, though it depicts fieldwork rather than the award or the CEO named in the caption. No wildlife or elephants are visible despite the elephant emoji in the caption. The elephant is mentioned symbolically/as a brand marker, not as a subject of the post. The post's primary function is communal gratitude and community-building (prompting comments), anchored to an award milestone.",DXgjOMjoc5M,competent,medium,group,volunteers performing manual construction labour (dry-stone walling) in an arid Namibian landscape,,"warm earth tones — terracotta stone, ochre sand, pale blue sky; energetic and sun-drenched",none,True,Caption references a named award (Regenerative Tourism) and a named CEO (Rachel Harris); the image shows neither the award nor Rachel Harris — a photo of the CEO holding the award would have directly illustrated the milestone being celebrated.
rescue case narration,high,narrate,none,anecdote,illustrative,adds-info,general-public,emotional,Cape fur seal,warm-personal,"The image clearly shows a small Cape fur seal pup with what appears to be rope or netting entangled around its neck/torso area, surrounded by other seals on a sandy beach. A conservation organisation watermark/logo is visible in the top-left corner. The post functions as a field-rescue anecdote — documenting and sharing a specific intervention case — rather than making a broader persuasive argument. The emotional appeal is implicit (vulnerable pup, visible entanglement) rather than explicit. No call to action is present in the caption provided; impact is conveyed through the visual evidence alone.",DV8HsvgjHW4,competent,medium,none,no humans visible,Cape fur seal,"warm golden-sand tones, natural light, earthy brown",minimal,False,The image directly shows the central claim — a young seal with entanglement material (rope/netting) visibly around its neck/body — corroborating the caption without gap
sponsorship solicitation,high,invite,Visit cheetah.org/get-involved/ways-to-give/sponsor/,explainer/list,illustrative,adds-info,"donors,general-public,supporters","emotional,informational",cheetah,warm-personal,"Two cheetah cubs are curled together in a tight close-up, eyes closed — a deliberately affective image that primes the sponsorship request in the caption's 'Did you know' hook. The post combines light programme information (CRCC context, founding year, care model) with a direct fundraising CTA, making its primary function donor activation rather than pure conservation education. The image adds emotional valence but does not illustrate any of the specific factual claims (e.g. age range from cubs to seniors, individualized care).",DVe15yLj6YW,competent,medium,none,none visible,cheetah,"warm golden-tan, soft natural light",none,False,"Caption makes no specific showable claim (number, place, before/after) that the image ignores; the close-up portrait effectively delivers the emotional appeal underpinning the sponsorship ask"
rescue appeal,high,request,none,problem-solution,illustrative,repeats,"general-public,donors,supporters","emotional,identity",Cape fur seal,urgent,"Likely a Reel thumbnail or opening frame. The colony wide-shot functions as scene-setting context but is decoupled from the caption's specific entanglement narrative. No explicit CTA appears in the caption text supplied; any donation link or volunteer ask would be in the first comment or bio. The org logo (Ocean Conservation Namibia) is the only on-image text. Appeal rests entirely on implied animal vulnerability rather than shown evidence, weakening the persuasive case the caption sets up.",DVn1_0tkheU,competent,low,none,absent,Cape fur seal,"muted grey-brown; flat overcast light, desaturated beach tones",minimal,True,"The caption makes a specific, showable claim: a seal entangled in plastic that cannot free itself without human intervention. The image shows only a generic undifferentiated colony with no plastic visible and no individual in distress. A close-up of the entangled animal — the actual subject of the caption — would have directly evidenced the claim and dramatically amplified the emotional appeal."
rescue outcome showcase,medium,narrate,none,problem-solution,illustrative,adds-info,"general-public, supporters","emotional, identity",Cape fur seal,warm-personal,"Caption is a first-person address from rescuer to the rescued seal, framing the free colony as the prize restored by the rescue — the implied arc is plastic entanglement → rescue → release, but only the endpoint is shown. Image is a field snapshot of a large Cape fur seal colony (likely Cape Cross), taken from a vehicle window. Ocean Conservation Namibia logo in top-left is the only on-image text. Genre confidence is medium because this may be a final frame of a multi-image carousel or video that showed the rescue itself; as a standalone it reads as a feel-good outcome post with no explicit ask.",DW1FxNZDbnS,competent,low,none,no people visible; shot appears taken from inside a vehicle,Cape fur seal,"muted, flat overcast light; warm ochre sand dominates, grey-white sky",minimal,True,"The caption implies a specific rescue from plastic entanglement (confirmed by #sealrescues and #plasticpollution) and addresses the individual animal directly, but the image is a generic wide-shot of a colony — no rescued individual, no plastic removed, no before/after contrast. The specific act of salvation that gives the caption its emotional charge is entirely unvisualised."
individual rescue narrative,high,narrate,Visit cheetah.org/get-involved/ways-to-give/sponsor,anecdote,illustrative,repeats,"donors,supporters,general-public","emotional,identity",cheetah,warm-personal,"Classic 'cheetah of the month' donor-cultivation format: named individual animal + rescue backstory + sponsorship CTA. The image is a tight face shot of a young cheetah resting on a fleece blanket — emotionally engaging but functionally only illustrative; it confirms the animal's existence without adding any of the factual content (location, group size, rehabilitation progress) described at length in the caption. The blurred rectangle in the lower-right corner suggests a logo or watermark was redacted in preprocessing. Post reads as a recurring series (recurring label 'Cheetah of the Month'), indicating a structured donor-engagement programme rather than a one-off announcement.",DW69EwJESBc,competent,medium,none,absent,cheetah cub,"warm amber and grey; intimate, soft",none,True,"The caption describes a specific rescue event involving ten confiscated cubs and collaborative anti-trafficking efforts across Somaliland — showable claims (group of cubs, rescue scene, rehabilitation progress, the naturalistic enclosure Aidan lives in today). The image shows only a close-up of the cub's face resting on a blanket, which is emotionally effective but ignores every concrete, verifiable claim in the caption. A before/after rehabilitation image or a shot of the enclosure would have substantiated the narrative."
crisis narration post,medium,narrate,none,anecdote,illustrative,adds-info,general-public|supporters,emotional,,urgent,"This appears to be a video still (subtitle text 'I know I know I know' is overlaid, suggesting it is a frame from a Reel or Story). The organisation logo is visible top-left. No animal species is identifiable in the frame; the black mesh object could be a transport bag or snare-removal bag. The caption title 'Tragedy Unfolding In Real Time' frames this as live crisis content — a common Instagram Reels hook designed to drive continued viewing — but the still image alone cannot deliver that payoff. Genre confidence is medium because without the full video context the complete communicative function (rescue documentation vs. poaching report vs. advocacy hook) remains ambiguous.",DWgLGvxDPxZ,competent,medium,one-person,"field worker/rescuer — gloved hand handling what appears to be an animal transport or restraint bag, shown anonymously",,"high-contrast red-and-yellow against dark mesh and sandy earth — visceral, field-action feel",minimal,True,"The caption declares a 'tragedy unfolding in real time' but the image shows only a gloved hand resting on what appears to be a black mesh/transport bag — the animal or situation in distress that would make the tragedy legible is not visible, leaving the viewer without the concrete, showable subject the caption promises."
partnership showcase,high,inform,none,showcase,illustrative,adds-info,"supporters,peers/researchers,general-public","emotional,social-normative,identity",elephant,warm-personal,"The foreground subject wears a Namibia ranger patch, grounding the national-government partnership claim visually. The blood vial held up is the clearest visual signal that a medical/research procedure is underway, but without wider context a casual viewer may not read the brownish surface as an elephant. The post functions as an internal-facing celebration of collaborative fieldwork rather than a public-facing persuasion piece; the caption does all the explanatory and normative work while the image provides emotional authenticity.",DVdps8pDG1E,competent,medium,group,"Namibian ranger (foreground, uniformed, smiling directly at camera) and two to three other team members/community members in the background, one holding a blood-sample vial aloft—active participants in the collaring operation",elephant,"warm, sun-drenched earth tones with vivid blue sky; energetic and field-authentic",none,True,"The caption names five distinct partner organisations and mentions local communities, but the image shows only the human team working on the sedated elephant—no collaring equipment, no aerial/AWCT presence, no community members visibly identified. The elephant itself is barely recognisable as such (only its skin texture is visible); a wider frame or a second image showing the collar being fitted would have made the operation concrete rather than abstract."
lodge amenity promotion,high,promote,none,problem-solution,illustrative,adds-info,tourists,informational|economic,,warm-personal,"Post functions as a soft accommodation feature — reassuring potential guests that self-catering rooms are fully kitted out so they need not pack cookware. The 'Save Energy' and 'Save Water' stickers visible on the wall are incidental environmental messaging, not the communicative intent of the post. No wildlife or conservation content; this is purely lodge marketing.",DTNWuvpjhud,competent,medium,none,n/a,,"neutral/warm — beige walls, white shelving, natural-toned concrete counter with botanical-print accents",minimal,False,"The caption claims self-catering rooms are fully equipped; the image directly shows the kitchen counter, appliances, and crockery, confirming that claim visually."
lodge rebrand announcement,high,announce,none,milestone,illustrative,adds-info,tourists,"aesthetic,identity",,promotional,"Post is a brand-transition announcement (Ongava Tented Camp → Encounter by Ongava). The image does useful work by signalling a design upgrade — the carefully styled lounge conveys the elevated aesthetic of the rebranded camp — but it is semantically misaligned with the caption's wildlife-immersion framing. No species are named or shown. No explicit CTA is present; the closing line 'Welcome to Encounter by Ongava' is a greeting formula, not an action prompt. Tone is lyrical-promotional rather than urgent or informational.",DUvBEwdiOJq,professional,high,none,n/a,,"warm amber and honey from woven pendant lights against neutral plaster, raw timber, and white linen — upscale safari-earthy palette",none,True,"The caption centres on unscripted wildlife encounters and bush rhythms as the camp's defining promise, but the image shows only the lodge interior; a wildlife scene or bush landscape would have made the experiential claim visible rather than leaving it to the reader's imagination."
bursary recruitment announcement,high,recruit,Visit www.eif.org.na for information,explainer/list,text-carrier,repeats,youth,informational|economic,,institutional-formal,"The post is a formatted recruitment flyer for the Environmental Investment Fund of Namibia's 2026 bursary programme targeting Namibian youth (18–35) for under- and post-graduate study in environmental/conservation fields. The image carries the full informational payload (eligibility criteria, study fields, deadline 30 Nov 2025, contact details), making the caption almost redundant. A small elephant graphic appears bottom-right as a decorative brand element, not as substantive wildlife content. No species are mentioned in the caption; the elephant in the image is purely ornamental. The mismatch between the caption's 'Now Open' framing and the flyer's 'Due Date: 30 November 2025' deadline is worth noting for coding consistency.",DQlvwlSjZA2,competent,medium,none,n/a,elephant,"earthy olive-green and warm brown; muted, semi-official",text-dominant,False,This is an institutional call-for-applications flyer; no specific showable claim is made in the caption that the image omits — the image itself contains all the substantive detail.
media launch announcement,high,announce,none,milestone,text-carrier,repeats,"general-public,supporters","informational,identity",cheetah,promotional,"This is a video-premiere announcement for CheetahTV (an organisation-run wildlife streaming channel). The caption appears truncated ('The new season of') but the image completes the message. Jeff Corwin is named as a celebrity guest, which is the main hook. The image functions purely as a title card — likely a frame extracted from the opening of the video itself. No wildlife photography or organisational branding is present beyond the brand-coloured typography.",DVeHLEsEZn4,screenshot-graphic,low,none,none visible,,"dark/black with white and amber/gold type — minimal, title-card style",moderate,True,"The post announces a TV premiere featuring celebrity wildlife host Jeff Corwin, yet shows only typographic text on a black background. A still of Jeff Corwin, a cheetah, or a CheetahTV show thumbnail would have illustrated the event and raised visual engagement; the current image adds nothing beyond what the caption already states."
conservation mission report,high,narrate,Be part of the mission. Support conservation that saves lives.,problem-solution,illustrative,adds-info,"donors,supporters,general-public","emotional,informational",African wild dog,warm-personal,"The image is a close-up of at least two sedated African wild dogs muzzled with canvas restraints and lying on what appears to be a vehicle flatbed during transport — authentic field documentation. The caption is structured as a high-emotion fundraising narrative (threat → intervention → expertise → future vision → ask), but the post's primary act is reporting a specific completed operation (27 March translocation), so 'narrate' better captures the speech act than 'request', even though a donor CTA closes the text. The rhetorical rhythm ('It's complex. It's risky. It's necessary. And it works.') is characteristic of impact-fundraising storytelling aimed at converting followers into donors.",DWjZfpulh0r,professional,high,none,no humans visible,African wild dog,"muted earthy tones — khaki, dark wood, red harness accent; sombre and documentary in feel",none,False,"The image shows sedated, muzzled African wild dogs during translocation — directly documenting the 'darted and moved' claim in the caption. It does not show the flight, the reserves, or bloodline data, but those are hard to photograph; the chosen frame gives visceral, behind-the-scenes evidence of the operation."
awareness day commemoration,high,commemorate,none,milestone,illustrative,adds-info,"youth,general-public,supporters","emotional,identity",,warm-personal,"The image independently adds meaningful information beyond the caption: it shows an actual Earth Day tree-planting event attended by a large school cohort, substantiating the 'youth-led change' claim in the caption. Overlaid text ('Earth Day April 22', 'Our power, Our planet', Youth4CAN logo with social icons) brands the post as an awareness-day graphic. No wildlife species are visible or mentioned; the conservation angle is climate/environmental rather than biodiversity. No explicit CTA is present — the post is purely commemorative/identity-affirming.",DXbU3-0DCwx,competent,medium,crowd,"A young woman in foreground kneels to plant a tree sapling in sandy soil while a large group of schoolchildren in uniform watches in the background, together embodying the 'youth-led' theme.",,"warm golden-hour light, sandy earth tones contrasted with the blue school uniforms and green foliage",moderate,False,"Caption makes no specific showable claim (no numbers, locations, or before/after) that the image fails to depict; the tree-planting event shown is a fitting and concrete illustration of the stated commitment."
research milestone update,high,announce,none,milestone,illustrative,repeats,"peers/researchers, supporters, general-public","informational, identity",brown hyena,institutional-formal,"Post functions as a research progress announcement directed primarily at a scientifically-literate or conservation-interested audience. The caption is unusually detailed for Instagram — it cites a peer-reviewed paper (Edwards et al. 2020), names the veterinarian and partner institution, and explains LoRa GPS technology and research objectives. This density of technical language signals a secondary audience of peers and donors rather than casual followers. The image is a high-quality atmospheric night/low-light portrait of a single brown hyena looking directly at camera, consistent with AfriCat's brand aesthetic. It is illustrative in that it shows the focal species, but it does not show the collaring event or a collared animal, which is the substantive news of the post. No call to action is present; the post closes with descriptive hashtags only.",DSpvIk3DMXZ,professional,high,none,absent,brown hyena,"dark amber-brown, dim nocturnal light with cool-grey background blur — atmospheric and moody",none,True,"The caption announces two newly-collared individuals and references LoRa GPS collars as a key intervention, but the image shows an uncolllared brown hyena — neither the collaring procedure, the fitted collar hardware, nor either of the two study animals is visible. A photo of a collared animal or the collaring event would have substantiated the specific claim."
